{"file_name": "U_15_1", "number_of_trucks": 2, "drone_capacity": 2, "number_of_drones": 2, "iteration": 1, "best_fitness": 324.50539051014783, "runtime": 46.7276713848114, "best_solution": [[[[0, [1, 15, 7]], [1, []], [15, []], [7, []], [12, [4, 12]], [4, []], [10, [10]], [2, [2]]], [[0, [11, 3, 9]], [9, []], [11, []], [3, []], [8, [8]], [5, [5, 13]], [6, [6, 14]], [14, []], [13, []]]], [[[8, [8]]], [[12, [4, 12]]], [[5, [5, 13]]], [[10, [10]]], [[6, [6, 14]]], [[2, [2]]]]]}
{"file_name": "U_15_1", "number_of_trucks": 2, "drone_capacity": 2, "number_of_drones": 2, "iteration": 2, "best_fitness": 324.50539051014783, "runtime": 42.67026138305664, "best_solution": [[[[0, [1, 12, 7, 9]], [1, []], [7, []], [9, []], [12, []], [4, [4]], [10, [10]], [2, [2]]], [[0, [3, 15, 11]], [15, []], [11, []], [5, [5]], [3, []], [8, [13, 8]], [13, []], [14, [14, 6]], [6, []]]], [[[5, [5]]], [[8, [13, 8]]], [[4, [4]]], [[10, [10]]], [[14, [14, 6]]], [[2, [2]]]]]}
{"file_name": "U_15_1", "number_of_trucks": 2, "drone_capacity": 2, "number_of_drones": 2, "iteration": 3, "best_fitness": 324.50539051014783, "runtime": 45.41314387321472, "best_solution": [[[[0, [3, 1, 7]], [7, []], [3, []], [1, []], [12, [12]], [4, [4, 10]], [10, []], [2, [2]]], [[0, [15, 11]], [11, []], [9, [9]], [5, [5]], [15, []], [13, [13, 8]], [6, [6, 14]], [8, []], [14, []]]], [[[12, [12]]], [[9, [9]]], [[5, [5]]], [[13, [13, 8]]], [[6, [6, 14]]], [[4, [4, 10]]], [[2, [2]]]]]}
