{"file_name": "U_15_1", "number_of_trucks": 2, "drone_capacity": 2, "number_of_drones": 2, "iteration": 1, "best_fitness": 361.5669658528997, "runtime": 63.81185436248779, "best_solution": [[[[0, [3, 15, 6]], [6, []], [2, [2]], [3, [8]], [8, []], [15, []], [12, [12, 14]], [14, []]], [[0, [5, 7, 1, 9, 10]], [4, [4, 13]], [13, []], [5, []], [7, []], [1, []], [9, []], [10, []], [11, [11]]]], [[[2, [2]]], [[4, [4, 13]]], [[3, [8]]], [[12, [12, 14]]], [[11, [11]]]]]}
{"file_name": "U_15_1", "number_of_trucks": 2, "drone_capacity": 2, "number_of_drones": 2, "iteration": 2, "best_fitness": 361.5669658528997, "runtime": 52.749844551086426, "best_solution": [[[[0, [2, 4, 6, 15, 13]], [2, []], [4, []], [6, []], [13, []], [15, []], [12, [12, 14]], [14, []]], [[0, [1, 3, 5]], [3, []], [10, [10, 9]], [9, []], [8, [8, 7]], [7, []], [1, []], [5, []], [11, [11]]]], [[[10, [10, 9]]], [[8, [8, 7]]], [[12, [12, 14]]], [[11, [11]]]]]}
{"file_name": "U_15_1", "number_of_trucks": 2, "drone_capacity": 2, "number_of_drones": 2, "iteration": 3, "best_fitness": 361.5669658528997, "runtime": 45.08585500717163, "best_solution": [[[[0, [15, 6]], [6, []], [15, []], [2, [2, 9]], [4, [4, 8]], [9, []], [8, []], [11, [11]]], [[0, [1, 3, 5, 13]], [3, []], [10, [10, 7]], [1, []], [7, []], [5, []], [13, []], [12, [12, 14]], [14, []]]], [[[10, [10, 7]]], [[2, [2, 9]]], [[4, [4, 8]]], [[12, [12, 14]]], [[11, [11]]]]]}
