{"file_name": "U_15_1", "number_of_trucks": 2, "drone_capacity": 2, "number_of_drones": 2, "iteration": 1, "best_fitness": 271.0554624693133, "runtime": 46.67437481880188, "best_solution": [[[[0, [2, 5, 12, 13]], [5, []], [12, []], [13, []], [7, [7, 4]], [10, [10]], [2, []], [4, []], [3, [3]]], [[0, [1, 6]], [9, [11, 9]], [1, []], [6, []], [11, []], [15, [15]], [8, [8, 14]], [14, []]]], [[[9, [11, 9]]], [[7, [7, 4]]], [[10, [10]]], [[15, [15]]], [[8, [8, 14]]], [[3, [3]]]]]}
{"file_name": "U_15_1", "number_of_trucks": 2, "drone_capacity": 2, "number_of_drones": 2, "iteration": 2, "best_fitness": 270.3290778116323, "runtime": 54.681740522384644, "best_solution": [[[[0, [12, 11, 6, 1, 5]], [12, []], [11, []], [6, []], [1, []], [15, [15, 10]], [5, []], [10, []], [14, [14]]], [[0, [2]], [2, []], [13, [13, 9]], [9, []], [7, [7, 4]], [8, [8]], [4, []], [3, [3]]]], [[[13, [13, 9]]], [[7, [7, 4]]], [[8, [8]]], [[15, [15, 10]]], [[14, [14]]], [[3, [3]]]]]}
{"file_name": "U_15_1", "number_of_trucks": 2, "drone_capacity": 2, "number_of_drones": 2, "iteration": 3, "best_fitness": 270.3100592298367, "runtime": 68.9091272354126, "best_solution": [[[[0, [6, 1, 9, 13, 2]], [13, []], [1, []], [6, []], [9, []], [2, []], [8, [8]], [3, [3]]], [[0, [12, 5]], [11, [11, 4, 7]], [4, []], [7, []], [12, []], [15, [15, 10]], [5, []], [10, []], [14, [14]]]], [[[11, [4, 7]]], [[11, [11]]], [[8, [8]]], [[15, [15, 10]]], [[14, [14]]], [[3, [3]]]]]}
