{"file_name": "U_15_1", "number_of_trucks": 2, "drone_capacity": 2, "number_of_drones": 2, "iteration": 1, "best_fitness": 292.90242250513086, "runtime": 69.43837642669678, "best_solution": [[[[0, [12]], [11, [11, 5]], [5, []], [2, [2, 15]], [15, []], [12, []], [4, [4, 7]], [7, []], [9, [9, 6]], [6, []]], [[0, []], [10, [10]], [1, [1]], [13, [13, 14]], [14, []], [3, [3, 8]], [8, []]]], [[[11, [11, 5]]], [[10, [10]]], [[2, [2, 15]]], [[1, [1]]], [[4, [4, 7]]], [[13, [13, 14]]], [[9, [9, 6]]], [[3, [3, 8]]]]]}
{"file_name": "U_15_1", "number_of_trucks": 2, "drone_capacity": 2, "number_of_drones": 2, "iteration": 2, "best_fitness": 292.90242250513086, "runtime": 54.54500651359558, "best_solution": [[[[0, [5, 15, 2]], [1, [1]], [15, []], [2, []], [13, [13, 14]], [5, []], [14, []], [3, [3, 8]], [8, []]], [[0, [11, 10, 12]], [11, []], [10, []], [12, []], [4, [4, 7]], [7, []], [9, [9, 6]], [6, []]]], [[[1, [1]]], [[4, [4, 7]]], [[13, [13, 14]]], [[9, [9, 6]]], [[3, [3, 8]]]]]}
{"file_name": "U_15_1", "number_of_trucks": 2, "drone_capacity": 2, "number_of_drones": 2, "iteration": 3, "best_fitness": 292.90242250513086, "runtime": 80.79894590377808, "best_solution": [[[[0, [10]], [10, []], [15, [15]], [1, [1, 2]], [2, []], [13, [13, 14]], [14, []], [3, [3, 8]], [8, []]], [[0, [5, 12]], [11, [11]], [5, []], [12, []], [4, [4, 7]], [7, []], [9, [9, 6]], [6, []]]], [[[11, [11]]], [[15, [15]]], [[1, [1, 2]]], [[4, [4, 7]]], [[13, [13, 14]]], [[9, [9, 6]]], [[3, [3, 8]]]]]}
