{"file_name": "U_15_1", "number_of_trucks": 2, "drone_capacity": 2, "number_of_drones": 2, "iteration": 1, "best_fitness": 325.0146267508784, "runtime": 49.95744585990906, "best_solution": [[[[0, []], [13, [13]], [10, [10]], [6, [6, 1]], [15, [15, 8]], [1, []], [3, [3, 14]], [8, []], [14, []]], [[0, [7, 12, 2, 5]], [12, []], [2, []], [5, []], [9, [9, 11]], [7, []], [11, []], [4, [4]]]], [[[13, [13]]], [[10, [10]]], [[6, [6, 1]]], [[9, [9, 11]]], [[15, [15, 8]]], [[3, [3, 14]]], [[4, [4]]]]]}
{"file_name": "U_15_1", "number_of_trucks": 2, "drone_capacity": 2, "number_of_drones": 2, "iteration": 2, "best_fitness": 325.0146267508784, "runtime": 42.584415435791016, "best_solution": [[[[0, [12]], [12, []], [13, [13]], [8, [10, 1, 8]], [1, []], [10, []], [4, [4]]], [[0, [2, 7]], [2, []], [7, []], [5, [5]], [9, [9, 11]], [14, [14, 15]], [15, []], [11, []], [3, [3, 6]], [6, []]]], [[[5, [5]]], [[9, [9, 11]]], [[13, [13]]], [[8, [8]]], [[8, [10, 1]]], [[14, [14, 15]]], [[3, [3, 6]]], [[4, [4]]]]]}
{"file_name": "U_15_1", "number_of_trucks": 2, "drone_capacity": 2, "number_of_drones": 2, "iteration": 3, "best_fitness": 325.0146267508784, "runtime": 42.21333456039429, "best_solution": [[[[0, [2, 7, 5]], [7, []], [5, []], [2, []], [9, [9]], [8, [8, 14]], [14, []], [3, [3, 15]], [15, []]], [[0, [12]], [12, []], [13, [13]], [10, [10]], [6, [6, 1]], [11, [11]], [1, []], [4, [4]]]], [[[13, [13]]], [[10, [10]]], [[6, [6, 1]]], [[9, [9]]], [[11, [11]]], [[8, [8, 14]]], [[3, [3, 15]]], [[4, [4]]]]]}
