{"file_name": "U_15_1", "number_of_trucks": 2, "drone_capacity": 2, "number_of_drones": 2, "iteration": 1, "best_fitness": 269.4118687455836, "runtime": 61.03951120376587, "best_solution": [[[[0, []], [5, [5, 2]], [2, []], [6, [6]], [9, [9, 4]], [4, []], [15, [15]], [3, [3]]], [[0, [12]], [1, [1, 11]], [11, []], [12, []], [13, [13, 7]], [7, []], [8, [8, 10]], [10, []], [14, [14]]]], [[[5, [5, 2]]], [[1, [1, 11]]], [[6, [6]]], [[13, [13, 7]]], [[9, [9, 4]]], [[15, [15]]], [[8, [8, 10]]], [[14, [14]]], [[3, [3]]]]]}
{"file_name": "U_15_1", "number_of_trucks": 2, "drone_capacity": 2, "number_of_drones": 2, "iteration": 2, "best_fitness": 273.7655152147996, "runtime": 48.774632930755615, "best_solution": [[[[0, [2]], [5, [5, 1]], [1, []], [2, []], [9, [9, 4]], [4, []], [15, [15]], [3, [3]]], [[0, [6, 11, 13]], [11, []], [6, []], [13, []], [7, [7, 12]], [10, [10, 8]], [8, []], [14, [14]], [12, []]]], [[[5, [5, 1]]], [[9, [9, 4]]], [[7, [7, 12]]], [[15, [15]]], [[10, [10, 8]]], [[14, [14]]], [[3, [3]]]]]}
{"file_name": "U_15_1", "number_of_trucks": 2, "drone_capacity": 2, "number_of_drones": 2, "iteration": 3, "best_fitness": 269.4118687455836, "runtime": 76.50778341293335, "best_solution": [[[[0, [1, 11, 12]], [11, []], [1, []], [6, [6]], [12, []], [13, [13, 7]], [7, []], [8, [8, 10]], [10, []], [14, [14]]], [[0, [5, 2]], [5, []], [2, []], [9, [9, 4]], [4, []], [15, [15]], [3, [3]]]], [[[6, [6]]], [[13, [13, 7]]], [[9, [9, 4]]], [[15, [15]]], [[8, [8, 10]]], [[14, [14]]], [[3, [3]]]]]}
