{"file_name": "U_15_1", "number_of_trucks": 2, "drone_capacity": 2, "number_of_drones": 2, "iteration": 1, "best_fitness": 202.34361810944603, "runtime": 64.12053203582764, "best_solution": [[[[0, [14]], [15, [15]], [5, [5, 8]], [12, [12, 13]], [14, []], [13, []], [8, []]], [[0, []], [7, [9, 7]], [10, [2, 10]], [2, []], [3, [3, 6]], [9, []], [4, [4, 1]], [1, []], [6, []], [11, [11]]]], [[[7, [9, 7]]], [[10, [2, 10]]], [[15, [15]]], [[3, [3, 6]]], [[5, [5, 8]]], [[12, [12, 13]]], [[4, [4, 1]]], [[11, [11]]]]]}
{"file_name": "U_15_1", "number_of_trucks": 2, "drone_capacity": 2, "number_of_drones": 2, "iteration": 2, "best_fitness": 199.3629255292197, "runtime": 84.01079535484314, "best_solution": [[[[0, []], [15, [15, 10]], [5, [5, 8]], [10, []], [8, []], [13, [13, 12]], [12, []]], [[0, [7, 6, 9, 14]], [14, []], [7, []], [2, [2, 4]], [9, []], [4, []], [1, [1, 3]], [3, []], [6, []], [11, [11]]]], [[[15, [15, 10]]], [[2, [2, 4]]], [[5, [5, 8]]], [[13, [13, 12]]], [[1, [1, 3]]], [[11, [11]]]]]}
{"file_name": "U_15_1", "number_of_trucks": 2, "drone_capacity": 2, "number_of_drones": 2, "iteration": 3, "best_fitness": 204.44926087267135, "runtime": 57.14795923233032, "best_solution": [[[[0, []], [6, [6, 14]], [15, [15, 10]], [5, [5]], [10, []], [14, []], [13, [13, 12]], [12, []]], [[0, []], [7, [7, 9]], [2, [2]], [9, []], [3, [3, 4]], [4, []], [1, [1, 8]], [8, []], [11, [11]]]], [[[7, [7, 9]]], [[6, [6, 14]]], [[2, [2]]], [[15, [15, 10]]], [[3, [3, 4]]], [[5, [5]]], [[1, [1, 8]]], [[13, [13, 12]]], [[11, [11]]]]]}
