{"file_name": "U_15_1", "number_of_trucks": 2, "drone_capacity": 2, "number_of_drones": 2, "iteration": 1, "best_fitness": 300.04033361736134, "runtime": 54.965275049209595, "best_solution": [[[[0, [3, 12]], [9, [9, 6]], [6, [2, 13]], [3, []], [12, []], [2, [8, 10]], [13, []], [8, []], [10, []]], [[0, [14, 11, 5]], [5, []], [11, []], [14, []], [7, [7]], [1, [1]], [4, [4]], [15, [15]]]], [[[9, [9, 6]]], [[7, [7]]], [[6, [2, 13]]], [[1, [1]]], [[2, [8, 10]]], [[4, [4]]], [[15, [15]]]]]}
{"file_name": "U_15_1", "number_of_trucks": 2, "drone_capacity": 2, "number_of_drones": 2, "iteration": 2, "best_fitness": 296.2964800300448, "runtime": 61.52065443992615, "best_solution": [[[[0, [14, 5]], [5, []], [14, []], [12, [12]], [9, [9]], [2, [2, 13]], [13, []], [8, [8, 10]], [10, []], [15, [15]]], [[0, []], [3, [3, 11]], [11, []], [7, [7, 6]], [6, []], [4, [4, 1]], [1, []]]], [[[12, [12]]], [[3, [3, 11]]], [[9, [9]]], [[7, [7, 6]]], [[2, [2, 13]]], [[8, [8, 10]]], [[4, [4, 1]]], [[15, [15]]]]]}
{"file_name": "U_15_1", "number_of_trucks": 2, "drone_capacity": 2, "number_of_drones": 2, "iteration": 3, "best_fitness": 297.5603336173614, "runtime": 71.40446066856384, "best_solution": [[[[0, [11, 14]], [11, []], [14, []], [7, [7, 9]], [1, [1]], [9, []], [4, [4]]], [[0, [5]], [3, [3]], [12, [12]], [5, [13]], [2, [2, 6]], [13, []], [6, []], [8, [8, 10]], [10, []], [15, [15]]]], [[[3, [3]]], [[12, [12]]], [[5, [13]]], [[7, [7, 9]]], [[2, [2, 6]]], [[8, [8, 10]]], [[1, [1]]], [[4, [4]]], [[15, [15]]]]]}
