{"file_name": "U_15_0", "number_of_trucks": 2, "drone_capacity": 2, "number_of_drones": 2, "iteration": 1, "best_fitness": 168.65648003004486, "runtime": 84.01768016815186, "best_solution": [[[[0, [2, 13]], [2, []], [13, []], [10, [10, 6]], [7, [7, 11]], [11, []], [6, []], [15, [15, 5]], [5, []]], [[0, [14, 8]], [8, []], [3, [3]], [12, [12, 9]], [4, [4, 1]], [9, []], [14, []], [1, []]]], [[[3, [3]]], [[10, [10, 6]]], [[12, [12, 9]]], [[7, [7, 11]]], [[4, [4, 1]]], [[15, [15, 5]]]]]}
{"file_name": "U_15_0", "number_of_trucks": 2, "drone_capacity": 2, "number_of_drones": 2, "iteration": 2, "best_fitness": 172.45648003004487, "runtime": 61.25340557098389, "best_solution": [[[[0, [2, 13, 8]], [2, []], [13, []], [8, []], [12, [12, 10]], [11, [11, 15]], [7, [7, 5]], [10, []], [15, []], [5, []]], [[0, [3, 14]], [3, []], [6, [9, 6]], [4, [4, 1]], [9, []], [1, []], [14, []]]], [[[12, [12, 10]]], [[6, [9, 6]]], [[11, [11, 15]]], [[4, [4, 1]]], [[7, [7, 5]]]]]}
{"file_name": "U_15_0", "number_of_trucks": 2, "drone_capacity": 2, "number_of_drones": 2, "iteration": 3, "best_fitness": 169.64000000000001, "runtime": 47.86766743659973, "best_solution": [[[[0, [14]], [14, []], [9, [9, 6]], [1, [1, 4]], [4, [15]], [6, []], [15, []]], [[0, [13, 2, 8]], [13, []], [2, [3, 10]], [3, []], [12, [12, 5]], [8, []], [7, [7, 11]], [11, []], [10, []], [5, []]]], [[[2, [3, 10]]], [[9, [9, 6]]], [[12, [12, 5]]], [[1, [1, 4]]], [[7, [7, 11]]], [[4, [15]]]]]}
