{"file_name": "U_15_0", "number_of_trucks": 2, "drone_capacity": 2, "number_of_drones": 2, "iteration": 1, "best_fitness": 189.92772656799536, "runtime": 55.64481806755066, "best_solution": [[[[0, [14, 3, 2]], [2, []], [3, [12, 9]], [12, []], [9, []], [14, []], [1, [1, 4]], [4, []]], [[0, []], [13, [8, 13]], [8, []], [5, [5, 6]], [15, [15, 10]], [10, []], [7, [7, 11]], [11, []], [6, []]]], [[[13, [8, 13]]], [[3, [12, 9]]], [[5, [5, 6]]], [[15, [15, 10]]], [[7, [7, 11]]], [[1, [1, 4]]]]]}
{"file_name": "U_15_0", "number_of_trucks": 2, "drone_capacity": 2, "number_of_drones": 2, "iteration": 2, "best_fitness": 182.65507703891632, "runtime": 50.664265394210815, "best_solution": [[[[0, [13, 2, 8]], [2, []], [13, []], [12, [12, 10]], [8, []], [7, [7, 11]], [11, []], [10, []], [15, [15, 5]], [5, []]], [[0, [3, 14]], [3, []], [6, [6, 9]], [1, [1, 4]], [14, []], [9, []], [4, []]]], [[[12, [12, 10]]], [[6, [6, 9]]], [[1, [1, 4]]], [[7, [7, 11]]], [[15, [15, 5]]]]]}
{"file_name": "U_15_0", "number_of_trucks": 2, "drone_capacity": 2, "number_of_drones": 2, "iteration": 3, "best_fitness": 179.77507703891632, "runtime": 80.27367663383484, "best_solution": [[[[0, [14, 3]], [3, []], [5, [5, 9]], [1, [1, 4]], [14, []], [9, []], [4, []]], [[0, [2, 13, 8]], [2, []], [13, []], [8, []], [12, [12, 10]], [10, []], [7, [7, 11]], [11, []], [15, [15, 6]], [6, []]]], [[[12, [12, 10]]], [[5, [5, 9]]], [[7, [7, 11]]], [[1, [1, 4]]], [[15, [15, 6]]]]]}
