{"file_name": "U_15_0", "number_of_trucks": 2, "drone_capacity": 2, "number_of_drones": 2, "iteration": 1, "best_fitness": 259.11624282183755, "runtime": 62.91082048416138, "best_solution": [[[[0, []], [5, [5, 12]], [13, [13, 15]], [15, []], [12, []], [4, [4, 10, 2]], [10, []], [2, []]], [[0, [6, 9, 1, 14, 8, 3, 7, 11]], [8, []], [3, []], [14, []], [7, []], [9, []], [1, []], [6, []], [11, []]]], [[[5, [5, 12]]], [[13, [13, 15]]], [[4, [2]]], [[4, [4, 10]]]]]}
{"file_name": "U_15_0", "number_of_trucks": 2, "drone_capacity": 2, "number_of_drones": 2, "iteration": 2, "best_fitness": 256.25758656318567, "runtime": 58.65830445289612, "best_solution": [[[[0, [12]], [5, [5, 13]], [13, []], [12, []], [4, [4, 7]], [7, []], [9, [9, 1]], [1, []]], [[0, []], [11, [11]], [15, [15, 3]], [2, [2, 10]], [10, []], [14, [14, 8]], [8, []], [3, []], [6, [6]]]], [[[5, [5, 13]]], [[11, [11]]], [[15, [15, 3]]], [[2, [2, 10]]], [[4, [4, 7]]], [[14, [14, 8]]], [[9, [9, 1]]], [[6, [6]]]]]}
{"file_name": "U_15_0", "number_of_trucks": 2, "drone_capacity": 2, "number_of_drones": 2, "iteration": 3, "best_fitness": 259.23999999999995, "runtime": 68.6007981300354, "best_solution": [[[[0, [11]], [11, [12, 5]], [5, []], [10, [10, 9]], [4, [4, 7]], [12, []], [9, []], [7, []]], [[0, [1, 6, 8, 3, 14, 15, 2, 13]], [8, []], [3, []], [14, []], [13, []], [2, []], [15, []], [1, []], [6, []]]], [[[11, [12, 5]]], [[10, [10, 9]]], [[4, [4, 7]]]]]}
