{"file_name": "U_15_1", "number_of_trucks": 2, "drone_capacity": 2, "number_of_drones": 2, "iteration": 1, "best_fitness": 319.96000000000004, "runtime": 49.185407400131226, "best_solution": [[[[0, [13, 15, 12, 5, 9]], [13, []], [15, []], [12, []], [5, []], [7, [7, 4]], [9, []], [4, []]], [[0, [6]], [6, []], [10, [10]], [14, [14]], [2, [3, 2, 1]], [3, []], [11, [11, 8]], [8, []], [1, []]]], [[[10, [10]]], [[14, [14]]], [[2, [2, 1]]], [[2, [3]]], [[11, [11, 8]]], [[7, [7, 4]]]]]}
{"file_name": "U_15_1", "number_of_trucks": 2, "drone_capacity": 2, "number_of_drones": 2, "iteration": 2, "best_fitness": 326.90874972467867, "runtime": 65.89611792564392, "best_solution": [[[[0, []], [6, [6]], [10, [10, 13]], [9, [9, 5]], [5, []], [14, [14, 15]], [4, [4, 12]], [13, []], [12, []], [15, []]], [[0, []], [2, [2, 3]], [3, []], [11, [11, 8]], [8, []], [7, [7, 1]], [1, []]]], [[[6, [6]]], [[10, [10, 13]]], [[9, [9, 5]]], [[2, [2, 3]]], [[14, [14, 15]]], [[4, [4, 12]]], [[11, [11, 8]]], [[7, [7, 1]]]]]}
{"file_name": "U_15_1", "number_of_trucks": 2, "drone_capacity": 2, "number_of_drones": 2, "iteration": 3, "best_fitness": 315.0946595032988, "runtime": 46.76860046386719, "best_solution": [[[[0, []], [10, [10]], [2, [2, 1]], [3, [3, 8]], [11, [11, 7]], [8, []], [7, []], [1, []]], [[0, [14, 6, 13, 9, 5, 12, 15]], [6, []], [14, []], [13, []], [9, []], [5, []], [12, []], [15, []], [4, [4]]]], [[[10, [10]]], [[2, [2, 1]]], [[3, [3, 8]]], [[11, [11, 7]]], [[4, [4]]]]]}
