{"file_name": "U_15_1", "number_of_trucks": 2, "drone_capacity": 2, "number_of_drones": 2, "iteration": 1, "best_fitness": 296.8149178054394, "runtime": 43.78575348854065, "best_solution": [[[[0, [2, 12, 5]], [12, []], [5, []], [2, [9, 7]], [7, []], [9, []], [15, [15]], [14, [14, 8]], [8, []], [3, [3]]], [[0, []], [10, [10, 13]], [13, []], [6, [6]], [11, [11, 1]], [1, []], [4, [4]]]], [[[2, [9, 7]]], [[10, [10, 13]]], [[6, [6]]], [[11, [11, 1]]], [[15, [15]]], [[14, [14, 8]]], [[3, [3]]], [[4, [4]]]]]}
{"file_name": "U_15_1", "number_of_trucks": 2, "drone_capacity": 2, "number_of_drones": 2, "iteration": 2, "best_fitness": 296.8149178054394, "runtime": 54.16700530052185, "best_solution": [[[[0, []], [5, [5, 13]], [13, []], [8, [8, 6]], [14, [14, 15]], [15, []], [6, []], [3, [3, 11]], [11, []]], [[0, [2, 12, 7]], [12, []], [7, []], [9, [9]], [2, [1, 10]], [1, []], [10, []], [4, [4]]]], [[[5, [5, 13]]], [[9, [9]]], [[8, [8, 6]]], [[2, [1, 10]]], [[14, [14, 15]]], [[4, [4]]], [[3, [3, 11]]]]]}
{"file_name": "U_15_1", "number_of_trucks": 2, "drone_capacity": 2, "number_of_drones": 2, "iteration": 3, "best_fitness": 296.8149178054394, "runtime": 40.610188722610474, "best_solution": [[[[0, [2, 7]], [2, []], [7, []], [5, [5]], [10, [10]], [6, [6, 1]], [1, []], [4, [4]]], [[0, [12]], [12, []], [13, [13]], [9, [9, 11]], [14, [14, 8]], [8, []], [15, [15]], [11, []], [3, [3]]]], [[[5, [5]]], [[13, [13]]], [[10, [10]]], [[6, [6, 1]]], [[9, [9, 11]]], [[14, [14, 8]]], [[15, [15]]], [[3, [3]]], [[4, [4]]]]]}
