{"file_name": "U_15_1", "number_of_trucks": 2, "drone_capacity": 2, "number_of_drones": 2, "iteration": 1, "best_fitness": 213.67656079635, "runtime": 73.24589037895203, "best_solution": [[[[0, [11]], [11, []], [12, [12, 4]], [13, [13, 10, 3]], [4, []], [10, []], [3, []], [1, [1]]], [[0, [6]], [6, []], [8, [9, 8, 7]], [9, []], [7, []], [14, [14, 5]], [5, []], [2, [2]], [15, [15]]]], [[[8, [8, 7]]], [[12, [12, 4]]], [[8, [9]]], [[13, [10, 3]]], [[13, [13]]], [[14, [14, 5]]], [[2, [2]]], [[1, [1]]], [[15, [15]]]]]}
{"file_name": "U_15_1", "number_of_trucks": 2, "drone_capacity": 2, "number_of_drones": 2, "iteration": 2, "best_fitness": 213.67656079635, "runtime": 55.22892451286316, "best_solution": [[[[0, [12, 6, 11]], [11, []], [6, []], [12, []], [13, [13, 10, 4, 3]], [4, []], [10, []], [3, []], [1, [1]]], [[0, []], [7, [7, 8]], [9, [9]], [8, []], [14, [14, 5]], [5, []], [2, [2]], [15, [15]]]], [[[7, [7, 8]]], [[9, [9]]], [[13, [4, 3]]], [[13, [13, 10]]], [[1, [1]]], [[14, [14, 5]]], [[2, [2]]], [[15, [15]]]]]}
{"file_name": "U_15_1", "number_of_trucks": 2, "drone_capacity": 2, "number_of_drones": 2, "iteration": 3, "best_fitness": 218.71656079635, "runtime": 54.29508447647095, "best_solution": [[[[0, [6, 11, 7]], [6, []], [11, [8, 9]], [7, []], [8, []], [14, [14, 5]], [5, []], [9, []], [2, [2]], [15, [15]]], [[0, []], [12, [12, 4]], [13, [13, 3]], [4, []], [10, [10]], [3, []], [1, [1]]]], [[[11, [8, 9]]], [[12, [12, 4]]], [[13, [13, 3]]], [[10, [10]]], [[14, [14, 5]]], [[2, [2]]], [[1, [1]]], [[15, [15]]]]]}
