{"file_name": "U_15_1", "number_of_trucks": 2, "drone_capacity": 2, "number_of_drones": 2, "iteration": 1, "best_fitness": 312.81222594908655, "runtime": 74.36297225952148, "best_solution": [[[[0, [5, 14]], [14, []], [5, []], [6, [6, 9]], [9, []], [1, [1]], [4, [4, 2]], [2, []]], [[0, [11]], [3, [3, 12]], [12, []], [11, []], [13, [13, 7]], [7, []], [8, [8, 10]], [10, []], [15, [15]]]], [[[3, [3, 12]]], [[6, [6, 9]]], [[13, [13, 7]]], [[1, [1]]], [[8, [8, 10]]], [[4, [4, 2]]], [[15, [15]]]]]}
{"file_name": "U_15_1", "number_of_trucks": 2, "drone_capacity": 2, "number_of_drones": 2, "iteration": 2, "best_fitness": 312.81222594908655, "runtime": 48.278887033462524, "best_solution": [[[[0, [11]], [11, []], [9, [9]], [2, [2, 13]], [13, []], [8, [8, 10]], [10, []], [15, [15]]], [[0, [5, 14]], [12, [12, 3]], [5, []], [6, [6]], [3, []], [7, [7]], [14, []], [1, [1, 4]], [4, []]]], [[[12, [12, 3]]], [[6, [6]]], [[9, [9]]], [[7, [7]]], [[2, [2, 13]]], [[8, [8, 10]]], [[1, [1, 4]]], [[15, [15]]]]]}
{"file_name": "U_15_1", "number_of_trucks": 2, "drone_capacity": 2, "number_of_drones": 2, "iteration": 3, "best_fitness": 312.81222594908655, "runtime": 52.1820285320282, "best_solution": [[[[0, [5, 14, 11]], [11, []], [14, []], [5, []], [7, [7, 9]], [1, [1]], [9, []], [4, [4]]], [[0, [13, 12, 6, 2, 3]], [2, []], [13, []], [10, [10, 8]], [8, []], [12, []], [3, []], [6, []], [15, [15]]]], [[[7, [7, 9]]], [[10, [10, 8]]], [[1, [1]]], [[4, [4]]], [[15, [15]]]]]}
