{"file_name": "U_15_1", "number_of_trucks": 2, "drone_capacity": 2, "number_of_drones": 2, "iteration": 1, "best_fitness": 357.2895791651548, "runtime": 56.54033303260803, "best_solution": [[[[0, []], [10, [10, 13]], [13, []], [6, [6, 1]], [1, []], [4, [4, 11]], [11, []]], [[0, [2]], [12, [7, 12]], [2, []], [7, []], [9, [9, 5]], [5, []], [14, [14, 8]], [8, []], [15, [15, 3]], [3, []]]], [[[12, [12]]], [[12, [7]]], [[10, [10, 13]]], [[9, [9, 5]]], [[6, [6, 1]]], [[14, [14, 8]]], [[15, [15, 3]]], [[4, [4, 11]]]]]}
{"file_name": "U_15_1", "number_of_trucks": 2, "drone_capacity": 2, "number_of_drones": 2, "iteration": 2, "best_fitness": 354.2895791651548, "runtime": 46.51480174064636, "best_solution": [[[[0, [2, 7]], [2, []], [7, []], [13, [13, 10]], [10, []], [6, [6, 1]], [1, []], [4, [4]]], [[0, []], [12, [12, 5]], [5, []], [8, [8, 9]], [9, []], [14, [14, 11]], [11, []], [3, [3, 15]], [15, []]]], [[[13, [13, 10]]], [[12, [12, 5]]], [[8, [8, 9]]], [[6, [6, 1]]], [[14, [14, 11]]], [[3, [3, 15]]], [[4, [4]]]]]}
{"file_name": "U_15_1", "number_of_trucks": 2, "drone_capacity": 2, "number_of_drones": 2, "iteration": 3, "best_fitness": 354.2895791651548, "runtime": 53.568238973617554, "best_solution": [[[[0, [5, 13]], [5, [10]], [13, []], [6, [6, 11]], [11, []], [10, []], [4, [4]]], [[0, [12, 7, 2]], [7, []], [2, []], [12, []], [8, [8, 9]], [9, []], [14, [14, 1]], [1, []], [3, [3, 15]], [15, []]]], [[[5, [10]]], [[8, [8, 9]]], [[6, [6, 11]]], [[14, [14, 1]]], [[3, [3, 15]]], [[4, [4]]]]]}
