{"file_name": "U_15_0", "number_of_trucks": 2, "drone_capacity": 2, "number_of_drones": 2, "iteration": 1, "best_fitness": 187.61294148585097, "runtime": 63.92040395736694, "best_solution": [[[[0, [11, 1]], [11, []], [1, []], [4, [4, 10]], [10, []], [3, [3]]], [[0, [6]], [15, [2, 8, 15]], [8, []], [14, [14, 13, 9, 7]], [5, [5, 12]], [9, []], [7, []], [2, []], [6, []], [13, []], [12, []]]], [[[15, [15]]], [[15, [2, 8]]], [[14, [13, 7]]], [[14, [14, 9]]], [[5, [5, 12]]], [[4, [4, 10]]], [[3, [3]]]]]}
{"file_name": "U_15_0", "number_of_trucks": 2, "drone_capacity": 2, "number_of_drones": 2, "iteration": 2, "best_fitness": 193.83667042783205, "runtime": 54.00364565849304, "best_solution": [[[[0, [6, 11]], [6, []], [13, [13, 1]], [4, [4]], [10, [10, 3]], [3, []], [1, []], [11, []]], [[0, [9, 15, 8, 7, 2, 12, 5, 14]], [12, []], [15, []], [8, []], [5, []], [9, []], [7, []], [2, []], [14, []]]], [[[13, [13, 1]]], [[4, [4]]], [[10, [10, 3]]]]]}
{"file_name": "U_15_0", "number_of_trucks": 2, "drone_capacity": 2, "number_of_drones": 2, "iteration": 3, "best_fitness": 187.21157783108484, "runtime": 56.128323554992676, "best_solution": [[[[0, []], [8, [8]], [15, [15, 1]], [1, []], [4, [4, 3]], [10, [10, 11]], [3, []], [11, []]], [[0, [9, 6]], [14, [14, 2, 7, 13]], [5, [5, 12]], [9, []], [2, []], [7, []], [6, []], [13, []], [12, []]]], [[[8, [8]]], [[15, [15, 1]]], [[14, [2, 7]]], [[14, [14, 13]]], [[5, [5, 12]]], [[4, [4, 3]]], [[10, [10, 11]]]]]}
