{"file_name": "U_15_0", "number_of_trucks": 2, "drone_capacity": 2, "number_of_drones": 2, "iteration": 1, "best_fitness": 188.7924539371911, "runtime": 85.01081466674805, "best_solution": [[[[0, [1, 9, 8, 11, 10]], [8, []], [11, [5]], [3, [3, 7]], [1, []], [7, []], [5, []], [9, []], [10, []]], [[0, [13, 14, 6, 2]], [2, [12]], [6, []], [4, [4, 15]], [14, []], [13, []], [15, []], [12, []]]], [[[2, [12]]], [[11, [5]]], [[3, [3, 7]]], [[4, [4, 15]]]]]}
{"file_name": "U_15_0", "number_of_trucks": 2, "drone_capacity": 2, "number_of_drones": 2, "iteration": 2, "best_fitness": 187.1846103652624, "runtime": 103.49861907958984, "best_solution": [[[[0, [10, 8, 9, 1]], [10, []], [9, []], [5, [5, 11]], [1, [3, 7]], [7, []], [8, []], [11, []], [3, []]], [[0, [6, 14, 13]], [2, [2, 12]], [6, []], [4, [4, 15]], [14, []], [13, []], [15, []], [12, []]]], [[[2, [2, 12]]], [[5, [5, 11]]], [[1, [3, 7]]], [[4, [4, 15]]]]]}
{"file_name": "U_15_0", "number_of_trucks": 2, "drone_capacity": 2, "number_of_drones": 2, "iteration": 3, "best_fitness": 188.7924539371911, "runtime": 62.8937246799469, "best_solution": [[[[0, [8, 1, 11, 9]], [8, []], [11, [10, 5]], [3, [3, 7]], [1, []], [7, []], [5, []], [9, []], [10, []]], [[0, [2, 14, 13, 6]], [2, [12]], [6, []], [4, [4, 15]], [14, []], [13, []], [12, []], [15, []]]], [[[2, [12]]], [[11, [10, 5]]], [[3, [3, 7]]], [[4, [4, 15]]]]]}
