{"file_name": "U_15_1", "number_of_trucks": 2, "drone_capacity": 2, "number_of_drones": 2, "iteration": 1, "best_fitness": 296.8573722532582, "runtime": 59.01213264465332, "best_solution": [[[[0, []], [2, [2, 9]], [4, [4, 8]], [9, []], [3, [3]], [13, [13, 11]], [8, []], [11, []], [10, [10, 5]], [5, []]], [[0, []], [6, [6, 15]], [15, []], [12, [12, 7]], [7, []], [14, [14, 1]], [1, []]]], [[[2, [2, 9]]], [[4, [4, 8]]], [[6, [6, 15]]], [[12, [12, 7]]], [[3, [3]]], [[13, [13, 11]]], [[14, [14, 1]]], [[10, [10, 5]]]]]}
{"file_name": "U_15_1", "number_of_trucks": 2, "drone_capacity": 2, "number_of_drones": 2, "iteration": 2, "best_fitness": 296.1788369746117, "runtime": 76.90224194526672, "best_solution": [[[[0, [15, 6, 8]], [15, []], [5, [5]], [6, []], [8, []], [13, [13, 10]], [10, []], [12, [12, 3]], [3, []]], [[0, []], [2, [2]], [4, [4, 9]], [9, []], [11, [11, 7]], [7, []], [14, [14, 1]], [1, []]]], [[[2, [2]]], [[4, [4, 9]]], [[11, [11, 7]]], [[5, [5]]], [[13, [13, 10]]], [[14, [14, 1]]], [[12, [12, 3]]]]]}
{"file_name": "U_15_1", "number_of_trucks": 2, "drone_capacity": 2, "number_of_drones": 2, "iteration": 3, "best_fitness": 296.1788369746117, "runtime": 90.7874596118927, "best_solution": [[[[0, []], [4, [4, 9]], [9, []], [11, [11, 7]], [7, []], [14, [14, 1]], [1, []]], [[0, [2, 8, 6]], [2, []], [8, []], [5, [5, 15]], [15, []], [6, []], [13, [13, 10]], [10, []], [12, [12, 3]], [3, []]]], [[[4, [4, 9]]], [[11, [11, 7]]], [[5, [5, 15]]], [[13, [13, 10]]], [[14, [14, 1]]], [[12, [12, 3]]]]]}
