{"file_name": "U_15_1", "number_of_trucks": 2, "drone_capacity": 2, "number_of_drones": 2, "iteration": 1, "best_fitness": 185.59215571321988, "runtime": 66.69468975067139, "best_solution": [[[[0, [7]], [7, []], [15, [15, 14]], [5, [5, 10]], [10, []], [8, [8]], [13, [13, 12]], [14, []], [12, []]], [[0, [9]], [9, []], [2, [2, 6]], [6, []], [4, [4, 3]], [3, []], [1, [1]], [11, [11]]]], [[[2, [2, 6]]], [[15, [15, 14]]], [[5, [5, 10]]], [[4, [4, 3]]], [[1, [1]]], [[8, [8]]], [[11, [11]]], [[13, [13, 12]]]]]}
{"file_name": "U_15_1", "number_of_trucks": 2, "drone_capacity": 2, "number_of_drones": 2, "iteration": 2, "best_fitness": 186.34445165201845, "runtime": 50.776787757873535, "best_solution": [[[[0, []], [7, [7, 9]], [9, []], [2, [2, 6]], [6, []], [3, [3, 4]], [4, []], [1, [1]], [11, [11]]], [[0, []], [15, [15, 10, 14]], [5, [5, 8]], [8, []], [10, []], [13, [13, 12]], [14, []], [12, []]]], [[[7, [7, 9]]], [[15, [14]]], [[2, [2, 6]]], [[15, [15, 10]]], [[5, [5, 8]]], [[3, [3, 4]]], [[1, [1]]], [[11, [11]]], [[13, [13, 12]]]]]}
{"file_name": "U_15_1", "number_of_trucks": 2, "drone_capacity": 2, "number_of_drones": 2, "iteration": 3, "best_fitness": 183.54550752162737, "runtime": 88.78552412986755, "best_solution": [[[[0, [9]], [9, []], [2, [2, 6]], [6, []], [4, [4, 3]], [3, []], [1, [1]], [11, [11]]], [[0, [7]], [7, []], [15, [15, 14]], [5, [5]], [12, [12, 13]], [14, [8, 10]], [13, []], [8, []], [10, []]]], [[[2, [2, 6]]], [[15, [15, 14]]], [[5, [5]]], [[4, [4, 3]]], [[1, [1]]], [[12, [12, 13]]], [[11, [11]]], [[14, [8, 10]]]]]}
