{"file_name": "U_15_0", "number_of_trucks": 2, "drone_capacity": 2, "number_of_drones": 2, "iteration": 1, "best_fitness": 211.48331934573827, "runtime": 101.10961818695068, "best_solution": [[[[0, []], [11, [11]], [9, [9, 1]], [7, [7, 8, 3]], [1, []], [6, [6, 14]], [8, []], [3, []], [14, []]], [[0, [12]], [5, [13, 5]], [13, []], [2, [2, 10]], [10, []], [4, [4, 15]], [12, []], [15, []]]], [[[11, [11]]], [[5, [13, 5]]], [[9, [9, 1]]], [[2, [2, 10]]], [[7, [8, 3]]], [[7, [7]]], [[6, [6, 14]]], [[4, [4, 15]]]]]}
{"file_name": "U_15_0", "number_of_trucks": 2, "drone_capacity": 2, "number_of_drones": 2, "iteration": 2, "best_fitness": 214.30456383235548, "runtime": 49.337191104888916, "best_solution": [[[[0, [5, 11]], [11, []], [1, [1, 9, 3]], [5, [8, 6]], [14, [14, 7]], [8, []], [3, []], [6, []], [9, []], [7, []]], [[0, [12]], [15, [15, 13]], [13, []], [2, [2, 10]], [10, []], [4, [4]], [12, []]]], [[[1, [3]]], [[15, [15, 13]]], [[1, [1, 9]]], [[2, [2, 10]]], [[5, [8, 6]]], [[14, [14, 7]]], [[4, [4]]]]]}
{"file_name": "U_15_0", "number_of_trucks": 2, "drone_capacity": 2, "number_of_drones": 2, "iteration": 3, "best_fitness": 204.97607482315357, "runtime": 48.11284041404724, "best_solution": [[[[0, []], [11, [11]], [5, [5, 3]], [3, []], [8, [8, 6]], [14, [14, 1]], [6, []], [1, []], [7, [7, 9]], [9, []]], [[0, []], [12, [12]], [15, [15, 13]], [2, [2, 10]], [13, []], [10, []], [4, [4]]]], [[[11, [11]]], [[12, [12]]], [[5, [5, 3]]], [[15, [15, 13]]], [[2, [2, 10]]], [[8, [8, 6]]], [[14, [14, 1]]], [[7, [7, 9]]], [[4, [4]]]]]}
