{"file_name": "U_15_1", "number_of_trucks": 2, "drone_capacity": 2, "number_of_drones": 2, "iteration": 1, "best_fitness": 330.8602013860725, "runtime": 54.94343018531799, "best_solution": [[[[0, [3, 13]], [3, []], [2, [2, 4]], [4, []], [13, []], [14, [14]], [12, [12]]], [[0, [6, 15, 1, 5]], [6, []], [15, []], [7, [7, 10]], [8, [8, 9]], [1, []], [5, []], [9, []], [10, []], [11, [11]]]], [[[2, [2, 4]]], [[7, [7, 10]]], [[8, [8, 9]]], [[14, [14]]], [[12, [12]]], [[11, [11]]]]]}
{"file_name": "U_15_1", "number_of_trucks": 2, "drone_capacity": 2, "number_of_drones": 2, "iteration": 2, "best_fitness": 330.8602013860725, "runtime": 46.96810793876648, "best_solution": [[[[0, [15, 13]], [13, []], [15, [5, 3, 10]], [3, [9]], [8, [8, 7]], [10, []], [9, []], [5, []], [7, []], [11, [11]]], [[0, [1, 6]], [1, []], [2, [2, 4]], [4, []], [6, []], [14, [14]], [12, [12]]]], [[[15, [3, 10]]], [[15, [5]]], [[3, [9]]], [[2, [2, 4]]], [[8, [8, 7]]], [[14, [14]]], [[12, [12]]], [[11, [11]]]]]}
{"file_name": "U_15_1", "number_of_trucks": 2, "drone_capacity": 2, "number_of_drones": 2, "iteration": 3, "best_fitness": 330.8602013860725, "runtime": 51.91023826599121, "best_solution": [[[[0, [5, 1, 6, 9, 13]], [6, []], [13, []], [9, []], [7, [7]], [1, []], [5, []], [14, [14]], [12, [12]]], [[0, [15]], [15, []], [3, [3, 10]], [2, [2]], [4, [4, 8]], [10, []], [8, []], [11, [11]]]], [[[7, [7]]], [[3, [3, 10]]], [[2, [2]]], [[4, [4, 8]]], [[14, [14]]], [[12, [12]]], [[11, [11]]]]]}
