{"file_name": "U_15_1", "number_of_trucks": 2, "drone_capacity": 2, "number_of_drones": 2, "iteration": 1, "best_fitness": 259.0138137387493, "runtime": 47.47751784324646, "best_solution": [[[[0, [11, 5]], [5, []], [11, []], [1, [1, 14]], [14, []], [13, [13]], [3, [3, 8]], [8, []]], [[0, [10]], [10, []], [15, [15, 12]], [2, [2]], [12, []], [4, [4, 7]], [9, [9, 6]], [7, []], [6, []]]], [[[15, [15, 12]]], [[2, [2]]], [[1, [1, 14]]], [[13, [13]]], [[4, [4, 7]]], [[9, [9, 6]]], [[3, [3, 8]]]]]}
{"file_name": "U_15_1", "number_of_trucks": 2, "drone_capacity": 2, "number_of_drones": 2, "iteration": 2, "best_fitness": 259.0138137387493, "runtime": 57.274526596069336, "best_solution": [[[[0, [10]], [10, []], [15, [15]], [2, [2]], [1, [1, 14]], [13, [13]], [14, [3, 8]], [3, []], [8, []]], [[0, [12]], [11, [11, 5]], [5, []], [12, []], [4, [4, 7]], [9, [9, 6]], [7, []], [6, []]]], [[[15, [15]]], [[11, [11, 5]]], [[2, [2]]], [[4, [4, 7]]], [[1, [1, 14]]], [[13, [13]]], [[14, [3, 8]]], [[9, [9, 6]]]]]}
{"file_name": "U_15_1", "number_of_trucks": 2, "drone_capacity": 2, "number_of_drones": 2, "iteration": 3, "best_fitness": 259.0138137387493, "runtime": 47.33265280723572, "best_solution": [[[[0, [10, 12]], [10, []], [15, [15]], [12, []], [4, [4, 7]], [9, [9, 6]], [7, []], [6, []]], [[0, []], [5, [5, 11]], [11, []], [1, [1, 2]], [2, []], [13, [13, 14]], [14, []], [3, [3, 8]], [8, []]]], [[[5, [5, 11]]], [[15, [15]]], [[1, [1, 2]]], [[13, [13, 14]]], [[4, [4, 7]]], [[9, [9, 6]]], [[3, [3, 8]]]]]}
