{"file_name": "U_15_1", "number_of_trucks": 2, "drone_capacity": 2, "number_of_drones": 2, "iteration": 1, "best_fitness": 383.73221758442077, "runtime": 49.79241967201233, "best_solution": [[[[0, [15, 12, 5, 11, 1]], [11, []], [1, []], [5, []], [15, []], [12, []], [13, [13, 14]], [14, []], [6, [6]]], [[0, [7, 3]], [7, [9]], [9, []], [3, []], [8, [8]], [10, [10, 4]], [4, []], [2, [2]]]], [[[7, [9]]], [[8, [8]]], [[10, [10, 4]]], [[13, [13, 14]]], [[2, [2]]], [[6, [6]]]]]}
{"file_name": "U_15_1", "number_of_trucks": 2, "drone_capacity": 2, "number_of_drones": 2, "iteration": 2, "best_fitness": 383.73221758442077, "runtime": 50.721882343292236, "best_solution": [[[[0, [7, 12, 11, 9, 15]], [11, []], [9, []], [7, []], [12, []], [15, []], [10, [10, 4]], [4, []], [6, [6]]], [[0, [3, 1, 5]], [8, [8]], [3, []], [5, []], [1, [13, 14]], [14, []], [13, []], [2, [2]]]], [[[8, [8]]], [[1, [13, 14]]], [[10, [10, 4]]], [[2, [2]]], [[6, [6]]]]]}
{"file_name": "U_15_1", "number_of_trucks": 2, "drone_capacity": 2, "number_of_drones": 2, "iteration": 3, "best_fitness": 383.73221758442077, "runtime": 48.72584056854248, "best_solution": [[[[0, [15, 11, 9, 1]], [11, [12, 7]], [9, []], [1, []], [15, []], [4, [4]], [12, []], [7, []], [2, [2]]], [[0, [5]], [8, [8, 3]], [3, []], [13, [13, 10]], [10, []], [5, []], [14, [14, 6]], [6, []]]], [[[11, [12, 7]]], [[8, [8, 3]]], [[13, [13, 10]]], [[4, [4]]], [[14, [14, 6]]], [[2, [2]]]]]}
