{"file_name": "U_15_1", "number_of_trucks": 2, "drone_capacity": 2, "number_of_drones": 2, "iteration": 1, "best_fitness": 312.19480521160267, "runtime": 50.42887043952942, "best_solution": [[[[0, [10, 3, 1, 5, 9]], [1, []], [5, []], [3, [7, 8]], [10, []], [9, []], [7, []], [11, [11]], [8, []]], [[0, [15, 6, 13]], [13, []], [15, []], [2, [2, 4]], [6, []], [4, []], [14, [14]], [12, [12]]]], [[[3, [7, 8]]], [[2, [2, 4]]], [[14, [14]]], [[11, [11]]], [[12, [12]]]]]}
{"file_name": "U_15_1", "number_of_trucks": 2, "drone_capacity": 2, "number_of_drones": 2, "iteration": 2, "best_fitness": 312.19480521160267, "runtime": 46.20451807975769, "best_solution": [[[[0, [15]], [15, []], [6, [6]], [9, [9]], [2, [2, 4]], [4, []], [14, [14]], [12, [12]]], [[0, [1, 3, 5, 13]], [1, []], [3, []], [5, []], [13, []], [10, [10, 7]], [7, []], [8, [8]], [11, [11]]]], [[[10, [10, 7]]], [[6, [6]]], [[9, [9]]], [[2, [2, 4]]], [[14, [14]]], [[8, [8]]], [[11, [11]]], [[12, [12]]]]]}
{"file_name": "U_15_1", "number_of_trucks": 2, "drone_capacity": 2, "number_of_drones": 2, "iteration": 3, "best_fitness": 312.19480521160267, "runtime": 45.77579665184021, "best_solution": [[[[0, [15]], [15, []], [6, [6, 13]], [13, []], [2, [2, 4]], [4, []], [14, [14]], [12, [12]]], [[0, [1, 3, 5, 10, 9]], [9, []], [1, []], [3, []], [8, [8, 7]], [7, []], [5, []], [10, []], [11, [11]]]], [[[6, [6, 13]]], [[2, [2, 4]]], [[14, [14]]], [[8, [8, 7]]], [[11, [11]]], [[12, [12]]]]]}
