{"file_name": "U_15_1", "number_of_trucks": 2, "drone_capacity": 2, "number_of_drones": 2, "iteration": 1, "best_fitness": 269.59480521160265, "runtime": 60.046347856521606, "best_solution": [[[[0, [5]], [13, [13]], [14, [14, 15]], [15, []], [12, [12]], [5, []], [7, [7, 1]], [1, []], [8, [8, 11]], [11, []]], [[0, []], [6, [6]], [10, [10]], [9, [9]], [3, [3]], [2, [2]], [4, [4]]]], [[[13, [13]]], [[6, [6]]], [[10, [10]]], [[9, [9]]], [[14, [14, 15]]], [[3, [3]]], [[12, [12]]], [[2, [2]]], [[7, [7, 1]]], [[4, [4]]], [[8, [8, 11]]]]]}
{"file_name": "U_15_1", "number_of_trucks": 2, "drone_capacity": 2, "number_of_drones": 2, "iteration": 2, "best_fitness": 259.6535277927398, "runtime": 46.079750537872314, "best_solution": [[[[0, [6]], [6, []], [9, [9, 10]], [10, []], [3, [3, 2]], [2, []], [4, [4]]], [[0, [13]], [13, []], [14, [14]], [15, [15, 12]], [12, []], [5, [5, 1, 8, 11]], [7, [7]], [1, []], [8, []], [11, []]]], [[[9, [9, 10]]], [[14, [14]]], [[15, [15, 12]]], [[3, [3, 2]]], [[5, [5, 1]]], [[5, [8, 11]]], [[7, [7]]], [[4, [4]]]]]}
{"file_name": "U_15_1", "number_of_trucks": 2, "drone_capacity": 2, "number_of_drones": 2, "iteration": 3, "best_fitness": 259.6535277927398, "runtime": 97.65961337089539, "best_solution": [[[[0, []], [6, [6]], [10, [10, 9]], [9, []], [3, [3, 2]], [2, []], [4, [4]]], [[0, []], [13, [13, 5]], [14, [14]], [15, [15, 12]], [12, []], [5, []], [7, [7, 1]], [1, []], [11, [11, 8]], [8, []]]], [[[6, [6]]], [[10, [10, 9]]], [[13, [13, 5]]], [[14, [14]]], [[15, [15, 12]]], [[3, [3, 2]]], [[7, [7, 1]]], [[4, [4]]], [[11, [11, 8]]]]]}
