{"file_name": "U_15_1", "number_of_trucks": 2, "drone_capacity": 2, "number_of_drones": 2, "iteration": 1, "best_fitness": 238.7441292040953, "runtime": 61.085688829422, "best_solution": [[[[0, []], [2, [2]], [8, [8]], [15, [15]], [7, [7, 5]], [14, [14, 1]], [1, []], [5, []]], [[0, []], [9, [9, 6]], [4, [4]], [6, []], [3, [3, 12]], [12, []], [13, [13, 11]], [11, []], [10, [10]]]], [[[2, [2]]], [[8, [8]]], [[9, [9, 6]]], [[4, [4]]], [[15, [15]]], [[3, [3, 12]]], [[7, [7, 5]]], [[14, [14, 1]]], [[13, [13, 11]]], [[10, [10]]]]]}
{"file_name": "U_15_1", "number_of_trucks": 2, "drone_capacity": 2, "number_of_drones": 2, "iteration": 2, "best_fitness": 238.7441292040953, "runtime": 65.46754431724548, "best_solution": [[[[0, []], [2, [2, 8]], [15, [15]], [8, []], [7, [7, 5]], [14, [14, 1]], [1, []], [5, []]], [[0, [9, 4, 6]], [9, []], [4, []], [6, []], [12, [12, 3]], [3, []], [13, [13, 11]], [11, []], [10, [10]]]], [[[2, [2, 8]]], [[15, [15]]], [[12, [12, 3]]], [[7, [7, 5]]], [[13, [13, 11]]], [[14, [14, 1]]], [[10, [10]]]]]}
{"file_name": "U_15_1", "number_of_trucks": 2, "drone_capacity": 2, "number_of_drones": 2, "iteration": 3, "best_fitness": 238.7441292040953, "runtime": 62.70899510383606, "best_solution": [[[[0, [8]], [2, [2, 6]], [6, []], [8, []], [7, [7, 5]], [14, [14, 1]], [1, []], [5, []]], [[0, []], [9, [9]], [4, [4]], [15, [15]], [12, [12, 3]], [3, []], [13, [13, 11]], [11, []], [10, [10]]]], [[[9, [9]]], [[4, [4]]], [[2, [2, 6]]], [[15, [15]]], [[12, [12, 3]]], [[7, [7, 5]]], [[13, [13, 11]]], [[14, [14, 1]]], [[10, [10]]]]]}
