{"file_name": "U_15_1", "number_of_trucks": 2, "drone_capacity": 2, "number_of_drones": 2, "iteration": 1, "best_fitness": 259.17185322812804, "runtime": 67.30013608932495, "best_solution": [[[[0, [8]], [6, [6, 2]], [2, []], [8, []], [7, [7]], [14, [14, 1]], [1, []]], [[0, []], [9, [9]], [4, [4, 15]], [5, [5, 12]], [3, [3, 11]], [12, []], [15, []], [10, [10, 13]], [11, []], [13, []]]], [[[9, [9]]], [[6, [6, 2]]], [[4, [4, 15]]], [[5, [5, 12]]], [[7, [7]]], [[3, [3, 11]]], [[14, [14, 1]]], [[10, [10, 13]]]]]}
{"file_name": "U_15_1", "number_of_trucks": 2, "drone_capacity": 2, "number_of_drones": 2, "iteration": 2, "best_fitness": 259.17185322812804, "runtime": 64.3567316532135, "best_solution": [[[[0, [9, 2]], [2, []], [4, [4]], [9, []], [5, [5, 11]], [3, [3, 12]], [12, []], [10, [10, 13]], [11, []], [13, []]], [[0, []], [8, [8, 6]], [6, []], [15, [15]], [7, [7]], [14, [14, 1]], [1, []]]], [[[4, [4]]], [[8, [8, 6]]], [[15, [15]]], [[5, [5, 11]]], [[7, [7]]], [[3, [3, 12]]], [[14, [14, 1]]], [[10, [10, 13]]]]]}
{"file_name": "U_15_1", "number_of_trucks": 2, "drone_capacity": 2, "number_of_drones": 2, "iteration": 3, "best_fitness": 259.17185322812804, "runtime": 58.05378079414368, "best_solution": [[[[0, [2]], [2, []], [4, [4, 6]], [6, []], [15, [15]], [7, [7, 11]], [11, []], [10, [10, 13]], [13, []]], [[0, []], [9, [9, 8]], [8, []], [12, [12]], [3, [3, 5]], [5, []], [14, [14, 1]], [1, []]]], [[[9, [9, 8]]], [[4, [4, 6]]], [[15, [15]]], [[12, [12]]], [[3, [3, 5]]], [[7, [7, 11]]], [[14, [14, 1]]], [[10, [10, 13]]]]]}
