{"file_name": "U_15_0", "number_of_trucks": 2, "drone_capacity": 2, "number_of_drones": 2, "iteration": 1, "best_fitness": 175.40858045541322, "runtime": 58.75946640968323, "best_solution": [[[[0, [15, 8]], [15, []], [8, [2, 9]], [9, []], [7, [7, 14, 5, 12]], [2, []], [5, []], [14, []], [12, []]], [[0, []], [11, [11]], [6, [13, 6]], [13, []], [4, [4, 10]], [10, []], [3, [3, 1]], [1, []]]], [[[8, [2, 9]]], [[11, [11]]], [[6, [13, 6]]], [[7, [7, 14]]], [[7, [5, 12]]], [[4, [4, 10]]], [[3, [3, 1]]]]]}
{"file_name": "U_15_0", "number_of_trucks": 2, "drone_capacity": 2, "number_of_drones": 2, "iteration": 2, "best_fitness": 177.44858045541324, "runtime": 61.69563269615173, "best_solution": [[[[0, [11, 2]], [11, []], [7, [7, 14, 9, 6]], [2, []], [9, []], [5, [5, 12]], [14, []], [12, []], [6, []]], [[0, []], [8, [8]], [15, [15, 1]], [1, []], [3, [3, 4]], [10, [10, 13]], [4, []], [13, []]]], [[[8, [8]]], [[15, [15, 1]]], [[7, [9, 6]]], [[7, [7, 14]]], [[3, [3, 4]]], [[5, [5, 12]]], [[10, [10, 13]]]]]}
{"file_name": "U_15_0", "number_of_trucks": 2, "drone_capacity": 2, "number_of_drones": 2, "iteration": 3, "best_fitness": 174.7285804554132, "runtime": 92.15117263793945, "best_solution": [[[[0, [15, 11, 1]], [15, []], [11, []], [1, []], [10, [10, 4]], [4, []], [3, [3]]], [[0, []], [8, [8, 6, 2]], [2, []], [7, [7, 14, 9, 13]], [9, []], [5, [12, 5]], [14, []], [12, []], [13, []], [6, []]]], [[[8, [6, 2]]], [[8, [8]]], [[7, [7, 14]]], [[7, [9, 13]]], [[5, [12, 5]]], [[10, [10, 4]]], [[3, [3]]]]]}
