{"file_name": "U_15_1", "number_of_trucks": 2, "drone_capacity": 2, "number_of_drones": 2, "iteration": 1, "best_fitness": 259.1373089593466, "runtime": 59.37638831138611, "best_solution": [[[[0, [11, 5]], [5, []], [11, []], [1, [1, 14]], [8, [8]], [3, [3, 13]], [14, []], [13, []]], [[0, [12]], [10, [10]], [15, [15, 2]], [2, []], [12, []], [4, [4, 9]], [9, []], [7, [7, 6]], [6, []]]], [[[10, [10]]], [[15, [15, 2]]], [[1, [1, 14]]], [[4, [4, 9]]], [[8, [8]]], [[3, [3, 13]]], [[7, [7, 6]]]]]}
{"file_name": "U_15_1", "number_of_trucks": 2, "drone_capacity": 2, "number_of_drones": 2, "iteration": 2, "best_fitness": 258.97414998150197, "runtime": 81.66876912117004, "best_solution": [[[[0, [11, 10, 5]], [11, []], [5, []], [10, []], [4, [4, 7]], [7, []], [9, [9, 6]], [6, []]], [[0, [12]], [12, []], [15, [15]], [1, [1, 2, 14]], [2, []], [13, [13]], [3, [3, 8]], [8, []], [14, []]]], [[[15, [15]]], [[1, [1, 2]]], [[1, [14]]], [[13, [13]]], [[4, [4, 7]]], [[9, [9, 6]]], [[3, [3, 8]]]]]}
{"file_name": "U_15_1", "number_of_trucks": 2, "drone_capacity": 2, "number_of_drones": 2, "iteration": 3, "best_fitness": 258.97414998150197, "runtime": 47.31474542617798, "best_solution": [[[[0, [11]], [11, []], [2, [2, 15]], [15, []], [4, [4, 7]], [7, []], [9, [9, 6]], [6, []]], [[0, [10]], [10, []], [12, [5, 12]], [1, [1, 14]], [5, []], [13, [13]], [3, [3, 8]], [8, []], [14, []]]], [[[12, [5, 12]]], [[2, [2, 15]]], [[1, [1, 14]]], [[13, [13]]], [[4, [4, 7]]], [[9, [9, 6]]], [[3, [3, 8]]]]]}
