{"file_name": "U_15_1", "number_of_trucks": 2, "drone_capacity": 2, "number_of_drones": 2, "iteration": 1, "best_fitness": 270.65665841073144, "runtime": 48.30297303199768, "best_solution": [[[[0, [11]], [11, []], [13, [13, 10, 3, 4]], [10, []], [4, []], [3, []], [1, [1]]], [[0, [7]], [12, [12, 6, 9, 8]], [6, []], [7, []], [14, [14, 5]], [8, []], [9, []], [5, []], [2, [2, 15]], [15, []]]], [[[12, [12, 6]]], [[12, [9, 8]]], [[13, [13, 10]]], [[13, [3, 4]]], [[14, [14, 5]]], [[1, [1]]], [[2, [2, 15]]]]]}
{"file_name": "U_15_1", "number_of_trucks": 2, "drone_capacity": 2, "number_of_drones": 2, "iteration": 2, "best_fitness": 274.7353342071771, "runtime": 51.32810592651367, "best_solution": [[[[0, [11]], [11, []], [4, [4]], [13, [13, 10, 3]], [10, []], [3, []], [1, [1]]], [[0, [6, 12, 7, 8]], [12, [9]], [6, []], [7, []], [9, []], [14, [14, 5]], [8, []], [5, []], [2, [2, 15]], [15, []]]], [[[12, [9]]], [[4, [4]]], [[13, [3]]], [[13, [13, 10]]], [[14, [14, 5]]], [[1, [1]]], [[2, [2, 15]]]]]}
{"file_name": "U_15_1", "number_of_trucks": 2, "drone_capacity": 2, "number_of_drones": 2, "iteration": 3, "best_fitness": 270.65665841073144, "runtime": 56.6280574798584, "best_solution": [[[[0, [12, 6, 7, 8]], [12, [9]], [6, []], [7, []], [5, [5, 14]], [14, []], [8, []], [2, [2, 15]], [9, []], [15, []]], [[0, [11]], [11, []], [13, [13, 10, 3, 4]], [4, []], [10, []], [3, []], [1, [1]]]], [[[12, [9]]], [[13, [10, 3]]], [[13, [13, 4]]], [[5, [5, 14]]], [[1, [1]]], [[2, [2, 15]]]]]}
