{"file_name": "U_15_0", "number_of_trucks": 2, "drone_capacity": 2, "number_of_drones": 2, "iteration": 1, "best_fitness": 226.16007362132763, "runtime": 66.60102200508118, "best_solution": [[[[0, [2, 13, 8]], [2, []], [13, [10, 3, 12]], [8, []], [7, [7, 11]], [11, []], [10, []], [15, [15, 6]], [12, []], [3, []], [6, []]], [[0, [9, 14, 5]], [4, [1, 4]], [9, []], [14, []], [1, []], [5, []]]], [[[13, [10, 3]]], [[13, [12]]], [[4, [1, 4]]], [[7, [7, 11]]], [[15, [15, 6]]]]]}
{"file_name": "U_15_0", "number_of_trucks": 2, "drone_capacity": 2, "number_of_drones": 2, "iteration": 2, "best_fitness": 226.28000000000003, "runtime": 53.64326548576355, "best_solution": [[[[0, [5, 9, 14]], [5, []], [9, []], [14, []], [1, [1, 4]], [4, []]], [[0, [13, 8]], [2, [3, 2]], [13, []], [12, [12, 6]], [6, []], [15, [15, 10]], [10, []], [11, [11, 7]], [7, []], [8, []], [3, []]]], [[[2, [3, 2]]], [[12, [12, 6]]], [[15, [15, 10]]], [[11, [11, 7]]], [[1, [1, 4]]]]]}
{"file_name": "U_15_0", "number_of_trucks": 2, "drone_capacity": 2, "number_of_drones": 2, "iteration": 3, "best_fitness": 227.00533444745957, "runtime": 55.68852758407593, "best_solution": [[[[0, [14]], [3, [3, 8]], [8, []], [5, [5, 1]], [1, []], [14, []], [9, [4, 9]], [4, []]], [[0, [2, 13]], [2, []], [13, [10, 12]], [12, []], [10, []], [11, [11, 7]], [7, []], [15, [15, 6]], [6, []]]], [[[13, [10, 12]]], [[3, [3, 8]]], [[5, [5, 1]]], [[11, [11, 7]]], [[9, [4, 9]]], [[15, [15, 6]]]]]}
