{"file_name": "U_15_1", "number_of_trucks": 2, "drone_capacity": 2, "number_of_drones": 2, "iteration": 1, "best_fitness": 274.31174264961135, "runtime": 68.61575555801392, "best_solution": [[[[0, []], [6, [6]], [10, [10]], [13, [13, 5]], [14, [14, 9]], [15, [15, 12]], [12, []], [5, []], [9, []], [8, [8, 11]], [11, []]], [[0, []], [2, [2]], [3, [3, 1]], [1, []], [7, [7, 4]], [4, []]]], [[[6, [6]]], [[10, [10]]], [[13, [13, 5]]], [[2, [2]]], [[14, [14, 9]]], [[15, [15, 12]]], [[3, [3, 1]]], [[7, [7, 4]]], [[8, [8, 11]]]]]}
{"file_name": "U_15_1", "number_of_trucks": 2, "drone_capacity": 2, "number_of_drones": 2, "iteration": 2, "best_fitness": 275.5821789716073, "runtime": 76.87081456184387, "best_solution": [[[[0, []], [6, [6]], [10, [10]], [9, [9, 5]], [5, []], [3, [3, 2]], [2, []], [4, [4]]], [[0, []], [14, [14, 13]], [13, []], [15, [15, 12]], [12, []], [7, [7, 11]], [1, [1, 8]], [8, []], [11, []]]], [[[6, [6]]], [[10, [10]]], [[9, [9, 5]]], [[14, [14, 13]]], [[15, [15, 12]]], [[3, [3, 2]]], [[7, [7, 11]]], [[1, [1, 8]]], [[4, [4]]]]]}
{"file_name": "U_15_1", "number_of_trucks": 2, "drone_capacity": 2, "number_of_drones": 2, "iteration": 3, "best_fitness": 280.51321833006705, "runtime": 78.24135875701904, "best_solution": [[[[0, []], [10, [10]], [14, [14, 5]], [15, [15, 1]], [5, []], [7, [7, 8]], [1, []], [8, []], [4, [4]]], [[0, []], [6, [6]], [13, [13, 9]], [9, []], [12, [12]], [11, [11, 3]], [3, []], [2, [2]]]], [[[6, [6]]], [[10, [10]]], [[13, [13, 9]]], [[14, [14, 5]]], [[12, [12]]], [[15, [15, 1]]], [[11, [11, 3]]], [[7, [7, 8]]], [[2, [2]]], [[4, [4]]]]]}
