{"file_name": "U_15_1", "number_of_trucks": 2, "drone_capacity": 2, "number_of_drones": 2, "iteration": 1, "best_fitness": 347.5932743562683, "runtime": 44.0467791557312, "best_solution": [[[[0, [5, 11]], [5, [14]], [11, []], [14, []], [13, [13, 7]], [7, []], [1, [1, 4]], [4, []]], [[0, []], [3, [3, 12]], [12, []], [9, [9, 6]], [6, []], [8, [8, 10]], [10, []], [15, [15, 2]], [2, []]]], [[[5, [14]]], [[3, [3, 12]]], [[13, [13, 7]]], [[9, [9, 6]]], [[8, [8, 10]]], [[1, [1, 4]]], [[15, [15, 2]]]]]}
{"file_name": "U_15_1", "number_of_trucks": 2, "drone_capacity": 2, "number_of_drones": 2, "iteration": 2, "best_fitness": 343.327599422125, "runtime": 50.422701835632324, "best_solution": [[[[0, [11]], [11, []], [12, [12, 5, 3]], [5, []], [3, []], [13, [13, 7]], [8, [8, 10]], [7, []], [10, []], [15, [15]]], [[0, [14]], [14, []], [6, [6, 9]], [9, []], [1, [1]], [4, [4, 2]], [2, []]]], [[[12, [5, 3]]], [[12, [12]]], [[6, [6, 9]]], [[13, [13, 7]]], [[8, [8, 10]]], [[1, [1]]], [[4, [4, 2]]], [[15, [15]]]]]}
{"file_name": "U_15_1", "number_of_trucks": 2, "drone_capacity": 2, "number_of_drones": 2, "iteration": 3, "best_fitness": 347.5932743562683, "runtime": 48.07398056983948, "best_solution": [[[[0, [11]], [14, [14]], [3, [3]], [12, [12]], [11, []], [6, [6, 7]], [7, []], [10, [10, 8]], [8, []], [15, [15, 2]], [2, []]], [[0, [5]], [13, [13, 9]], [5, []], [1, [1]], [9, []], [4, [4]]]], [[[14, [14]]], [[3, [3]]], [[12, [12]]], [[13, [13, 9]]], [[6, [6, 7]]], [[1, [1]]], [[10, [10, 8]]], [[15, [15, 2]]], [[4, [4]]]]]}
