{"file_name": "U_15_1", "number_of_trucks": 2, "drone_capacity": 2, "number_of_drones": 2, "iteration": 1, "best_fitness": 252.7938964131222, "runtime": 62.36288928985596, "best_solution": [[[[0, []], [6, [6, 9]], [9, []], [4, [4, 3]], [3, []], [1, [1, 5]], [11, [11, 8]], [8, []], [5, []]], [[0, [7]], [15, [15, 14, 2, 10]], [10, []], [2, []], [7, []], [14, []], [13, [13, 12]], [12, []]]], [[[6, [6, 9]]], [[15, [14, 2]]], [[15, [15, 10]]], [[4, [4, 3]]], [[1, [1, 5]]], [[11, [11, 8]]], [[13, [13, 12]]]]]}
{"file_name": "U_15_1", "number_of_trucks": 2, "drone_capacity": 2, "number_of_drones": 2, "iteration": 2, "best_fitness": 247.59619853626003, "runtime": 52.38048577308655, "best_solution": [[[[0, [7, 14]], [15, [15, 10]], [5, [5, 8]], [10, []], [8, []], [7, []], [14, []], [13, [13, 12]], [12, []]], [[0, [6, 2, 9, 4]], [6, []], [1, [1, 3]], [4, []], [2, []], [9, []], [3, []], [11, [11]]]], [[[15, [15, 10]]], [[5, [5, 8]]], [[1, [1, 3]]], [[13, [13, 12]]], [[11, [11]]]]]}
{"file_name": "U_15_1", "number_of_trucks": 2, "drone_capacity": 2, "number_of_drones": 2, "iteration": 3, "best_fitness": 246.34620810069524, "runtime": 78.08725070953369, "best_solution": [[[[0, [9, 6, 2, 4, 3]], [6, []], [2, []], [9, []], [4, []], [3, []], [1, [1, 11]], [11, []]], [[0, [7, 14]], [15, [15, 10]], [10, []], [8, [8, 5]], [7, [12, 13]], [14, []], [13, []], [12, []], [5, []]]], [[[15, [15, 10]]], [[8, [8, 5]]], [[7, [12, 13]]], [[1, [1, 11]]]]]}
