{"file_name": "U_30_1", "number_of_trucks": 2, "drone_capacity": 10, "number_of_drones": 2, "iteration": 1, "best_fitness": 485.95234971378403, "runtime": 1578.0312752723694, "best_solution": [[[[0, [22]], [22, []], [0, [29]], [29, []], [0, [11, 19, 5]], [14, [14, 7, 18]], [7, []], [18, []], [11, []], [5, []], [19, []], [21, [21, 3, 6]], [3, []], [6, []]], [[0, [28, 4]], [4, []], [24, [24, 20]], [28, []], [25, [25]], [26, [26, 30, 16]], [30, [10, 13, 17, 2]], [16, []], [10, []], [13, []], [17, []], [2, []], [20, []], [9, [9, 15, 27, 8]], [15, []], [23, [23, 1, 12]], [1, []], [12, []], [27, []], [8, []]]], [[[24, [24, 20]]], [[25, [25]]], [[26, [26, 30, 16]]], [[30, [10, 13, 17, 2]]], [[14, [14, 7, 18]]], [[9, [9, 15, 27, 8]]], [[23, [23, 1, 12]]], [[21, [21, 3, 6]]]]]}
{"file_name": "U_30_1", "number_of_trucks": 2, "drone_capacity": 10, "number_of_drones": 2, "iteration": 2, "best_fitness": 505.9048475553077, "runtime": 499.9455044269562, "best_solution": [[[[0, [5]], [5, []], [30, [26, 30]], [26, []], [0, [29]], [14, [14, 2, 7]], [29, []], [7, []], [8, [8, 18, 9]], [18, []], [9, []], [2, []], [15, [15, 21, 6, 3]], [21, []], [3, []], [6, []], [0, []]], [[0, [28]], [22, [22, 4]], [28, []], [4, []], [0, []], [19, [19, 20, 16, 11, 24, 25]], [20, []], [16, []], [11, [27, 17, 13, 10]], [24, []], [25, []], [27, []], [23, [23, 1, 12]], [17, []], [13, []], [1, []], [10, []], [12, []]]], [[[30, [26, 30]]], [[22, [22, 4]]], [[19, [19, 20, 16, 11, 24, 25]]], [[14, [14, 2, 7]]], [[11, [27, 17, 13, 10]]], [[8, [8, 18, 9]]], [[15, [15, 21, 6, 3]]], [[23, [23, 1, 12]]]]]}
{"file_name": "U_30_1", "number_of_trucks": 2, "drone_capacity": 10, "number_of_drones": 2, "iteration": 3, "best_fitness": 497.71767672314496, "runtime": 840.1475191116333, "best_solution": [[[[0, [28]], [28, []], [0, [26, 17, 11, 20, 16, 2, 19, 4, 13, 10]], [26, []], [4, []], [10, []], [13, []], [17, []], [11, []], [9, [9]], [20, []], [16, []], [2, []], [21, [21, 3, 6]], [3, []], [19, []], [6, []]], [[0, []], [22, [22, 24]], [24, []], [29, [29]], [25, [30, 25]], [30, []], [0, [5]], [27, [27, 14, 7, 18]], [14, []], [7, []], [23, [23, 15]], [18, []], [5, []], [15, []], [1, [12, 8, 1]], [12, []], [8, []]]], [[[22, [22, 24]]], [[29, [29]]], [[25, [30, 25]]], [[27, [27, 14, 7, 18]]], [[9, [9]]], [[23, [23, 15]]], [[21, [21, 3, 6]]], [[1, [12, 8, 1]]]]]}
{"file_name": "U_30_1", "number_of_trucks": 2, "drone_capacity": 10, "number_of_drones": 2, "iteration": 4, "best_fitness": 493.82484755530766, "runtime": 649.8980205059052, "best_solution": [[[[0, []], [4, [4]], [0, [26]], [26, []], [0, []], [30, [30, 27, 19]], [27, []], [8, [8, 18, 9, 23]], [23, []], [18, []], [9, []], [21, [21, 3, 6]], [3, []], [19, []], [6, []]], [[0, [22, 5]], [22, []], [28, [28, 24, 11, 29]], [5, []], [11, []], [24, [13, 17, 2, 16, 20, 25]], [29, []], [25, []], [7, [7, 10, 14]], [14, []], [10, []], [13, []], [17, []], [2, []], [16, []], [20, []], [15, [15, 1, 12]], [1, []], [12, []]]], [[[4, [4]]], [[28, [28, 24, 11, 29]]], [[30, [30, 27, 19]]], [[24, [13, 17, 2, 16, 20, 25]]], [[7, [7, 10, 14]]], [[8, [8, 18, 9, 23]]], [[21, [21, 3, 6]]], [[15, [15, 1, 12]]]]]}
{"file_name": "U_30_1", "number_of_trucks": 2, "drone_capacity": 10, "number_of_drones": 2, "iteration": 5, "best_fitness": 500.9048475553077, "runtime": 58.38159656524658, "best_solution": [[[[0, [28, 16, 20, 29, 4, 5]], [29, []], [28, []], [4, []], [5, []], [16, []], [20, []], [19, [19, 25]], [25, [7, 14, 27, 18]], [7, []], [14, []], [27, []], [18, []], [1, [1, 12, 9, 8]], [12, []], [9, []], [8, []]], [[0, [22, 24]], [22, []], [24, []], [11, [11, 26, 30]], [26, []], [30, []], [0, []], [23, [23, 17, 10, 13, 2]], [17, []], [10, []], [13, []], [2, []], [15, [15, 21, 3, 6]], [21, []], [3, []], [6, []]]], [[[11, [11, 26, 30]]], [[19, [19, 25]]], [[25, [7, 14, 27, 18]]], [[23, [23, 17, 10, 13, 2]]], [[15, [15, 21, 3, 6]]], [[1, [1, 12, 9, 8]]]]]}
