{"file_name": "U_30_0", "number_of_trucks": 2, "drone_capacity": 10, "number_of_drones": 2, "iteration": 1, "best_fitness": 292.87192968417014, "runtime": 806.5257890224457, "best_solution": [[[[0, [15, 6, 19, 16]], [15, []], [3, [3]], [6, []], [19, []], [27, [27, 7, 21, 10, 28]], [10, []], [7, []], [21, []], [30, [30, 12, 2, 24]], [12, []], [28, []], [16, []], [2, []], [24, []]], [[0, []], [26, [26, 29, 8, 25, 18, 1, 13]], [8, []], [13, []], [29, []], [25, []], [18, []], [1, [9, 4, 11, 23, 17, 5, 22, 20, 14]], [9, []], [4, []], [11, []], [23, []], [17, []], [5, []], [22, []], [20, []], [14, []]]], [[[3, [3]]], [[26, [26, 29, 8, 25, 18, 1, 13]]], [[27, [27, 7, 21, 10, 28]]], [[1, [9, 4, 11, 23, 17, 5, 22, 20, 14]]], [[30, [30, 12, 2, 24]]]]]}
{"file_name": "U_30_0", "number_of_trucks": 2, "drone_capacity": 10, "number_of_drones": 2, "iteration": 2, "best_fitness": 310.2897143766477, "runtime": 618.6175971031189, "best_solution": [[[[0, [6, 15]], [6, []], [15, []], [3, [3, 23, 1, 18, 16]], [22, [22, 12, 2, 17]], [1, []], [18, []], [12, []], [30, [30, 28, 9, 11, 4, 5, 20, 24]], [28, []], [16, []], [2, []], [9, []], [11, []], [4, []], [23, []], [17, []], [5, []], [20, []], [24, []]], [[0, [19, 25]], [14, [14, 10, 13, 8]], [19, []], [27, [27, 7, 29, 26, 21]], [10, []], [7, []], [21, []], [25, []], [29, []], [13, []], [8, []], [26, []]]], [[[14, [14, 10, 13, 8]]], [[3, [3, 23, 1, 18, 16]]], [[22, [22, 12, 2, 17]]], [[27, [27, 7, 29, 26, 21]]], [[30, [30, 28, 9, 11, 4, 5, 20, 24]]]]]}
{"file_name": "U_30_0", "number_of_trucks": 2, "drone_capacity": 10, "number_of_drones": 2, "iteration": 3, "best_fitness": 293.0319296841701, "runtime": 893.3887729644775, "best_solution": [[[[0, []], [26, [26, 29, 8, 13, 16]], [8, []], [13, []], [29, []], [30, [30, 28, 12, 17, 14]], [28, []], [16, []], [12, []], [11, [11, 24, 4]], [4, []], [17, []], [24, []], [14, []]], [[0, []], [15, [15, 6]], [6, []], [3, [3, 19, 23, 10, 18, 1, 25]], [19, []], [23, []], [27, [27, 7, 21, 5, 22, 20, 2, 9]], [10, []], [7, []], [21, []], [18, []], [1, []], [25, []], [2, []], [9, []], [5, []], [22, []], [20, []]]], [[[26, [26, 29, 8, 13, 16]]], [[15, [15, 6]]], [[3, [3, 19, 23, 10, 18, 1, 25]]], [[27, [27, 7, 21, 5, 22, 20, 2, 9]]], [[30, [30, 28, 12, 17, 14]]], [[11, [11, 24, 4]]]]]}
{"file_name": "U_30_0", "number_of_trucks": 2, "drone_capacity": 10, "number_of_drones": 2, "iteration": 4, "best_fitness": 294.8272604229376, "runtime": 1097.5204877853394, "best_solution": [[[[0, []], [15, [15, 6]], [6, []], [10, [10, 1, 18, 19, 3]], [1, []], [18, []], [21, [21, 7, 9, 11, 4, 23, 17, 27, 14]], [7, []], [9, []], [11, []], [4, []], [23, []], [17, []], [27, []], [19, []], [3, []], [14, []]], [[0, []], [26, [26, 29, 8, 13, 25]], [8, []], [13, []], [29, []], [30, [30, 28, 12, 2, 16, 5, 22, 20, 24]], [28, []], [16, []], [12, []], [25, []], [2, []], [5, []], [22, []], [20, []], [24, []]]], [[[15, [15, 6]]], [[26, [26, 29, 8, 13, 25]]], [[10, [10, 1, 18, 19, 3]]], [[21, [21, 7, 9, 11, 4, 23, 17, 27, 14]]], [[30, [30, 28, 12, 2, 16, 5, 22, 20, 24]]]]]}
{"file_name": "U_30_0", "number_of_trucks": 2, "drone_capacity": 10, "number_of_drones": 2, "iteration": 5, "best_fitness": 302.4665897986596, "runtime": 221.6037986278534, "best_solution": [[[[0, [18, 19]], [18, []], [19, []], [27, [27, 9, 11, 23, 17, 10, 22, 5, 4, 1]], [10, []], [7, [7, 21, 20, 14]], [21, []], [1, []], [9, []], [11, []], [4, []], [23, []], [17, []], [22, []], [5, []], [20, []], [14, []]], [[0, [15, 6]], [15, []], [6, []], [3, [3, 25, 26, 29, 13, 8, 16]], [26, []], [13, []], [8, []], [29, []], [30, [30, 24, 2, 28, 12]], [16, []], [28, []], [12, []], [25, []], [2, []], [24, []]]], [[[3, [3, 25, 26, 29, 13, 8, 16]]], [[27, [27, 9, 11, 23, 17, 10, 22, 5, 4, 1]]], [[7, [7, 21, 20, 14]]], [[30, [30, 24, 2, 28, 12]]]]]}
