{"file_name": "U_30_1", "number_of_trucks": 2, "drone_capacity": 10, "number_of_drones": 2, "iteration": 1, "best_fitness": 377.75192968417025, "runtime": 780.4811859130859, "best_solution": [[[[0, [14, 19, 25, 16]], [14, []], [19, [5, 11]], [11, []], [25, []], [16, []], [30, [30, 28, 2, 29, 13, 8]], [28, []], [2, []], [29, []], [13, []], [8, []], [26, [26, 20, 22]], [20, []], [22, []], [5, []]], [[0, [24, 7, 3]], [24, []], [3, []], [23, [23, 15, 6, 21, 18, 1, 17]], [17, []], [15, []], [6, []], [27, [27, 10, 4]], [10, []], [7, []], [21, []], [18, []], [12, [12, 9]], [1, []], [9, []], [4, []]]], [[[23, [23, 15, 6, 21, 18, 1, 17]]], [[19, [5, 11]]], [[30, [30, 28, 2, 29, 13, 8]]], [[27, [27, 10, 4]]], [[26, [26, 20, 22]]], [[12, [12, 9]]]]]}
{"file_name": "U_30_1", "number_of_trucks": 2, "drone_capacity": 10, "number_of_drones": 2, "iteration": 2, "best_fitness": 376.21115038722064, "runtime": 2276.898707151413, "best_solution": [[[[0, [19, 7]], [7, [3]], [6, [6, 11, 5, 17, 23]], [17, []], [5, []], [23, []], [19, []], [27, [27, 10, 4, 15]], [10, []], [11, []], [4, []], [22, [22, 26]], [3, []], [15, []], [26, []]], [[0, [14, 24, 25, 16, 8]], [14, []], [24, []], [25, []], [16, []], [29, [29, 13, 30, 28, 21, 1, 18]], [13, []], [8, []], [30, []], [28, []], [21, []], [18, []], [1, []], [12, [12, 9, 2, 20]], [2, []], [9, []], [20, []]]], [[[7, [3]]], [[6, [6, 11, 5, 17, 23]]], [[29, [29, 13, 30, 28, 21, 1, 18]]], [[27, [27, 10, 4, 15]]], [[22, [22, 26]]], [[12, [12, 9, 2, 20]]]]]}
{"file_name": "U_30_1", "number_of_trucks": 2, "drone_capacity": 10, "number_of_drones": 2, "iteration": 3, "best_fitness": 394.1472604229375, "runtime": 576.1846945285797, "best_solution": [[[[0, [7, 19, 14, 3]], [3, []], [14, []], [1, [1, 18, 21, 6, 11]], [18, []], [21, []], [7, []], [10, [10, 27, 4, 23, 17, 15]], [27, []], [6, []], [15, []], [19, []], [4, []], [11, []], [23, []], [17, []], [22, [22, 9, 5]], [9, []], [5, []]], [[0, [8, 24, 25]], [24, [16]], [25, [30, 28]], [30, []], [28, []], [8, []], [26, [26, 13, 29, 2]], [13, []], [29, []], [2, []], [16, []], [12, [12, 20]], [20, []]]], [[[1, [1, 18, 21, 6, 11]]], [[24, [16]]], [[25, [30, 28]]], [[10, [10, 27, 4, 23, 17, 15]]], [[26, [26, 13, 29, 2]]], [[22, [22, 9, 5]]], [[12, [12, 20]]]]]}
{"file_name": "U_30_1", "number_of_trucks": 2, "drone_capacity": 10, "number_of_drones": 2, "iteration": 4, "best_fitness": 419.22202972202354, "runtime": 18.052276134490967, "best_solution": [[[[0, [19]], [19, []], [29, [29, 8, 13]], [8, []], [13, []], [27, [27, 6, 15, 3, 5, 17, 22, 20, 26, 14]], [6, []], [15, []], [3, []], [5, []], [17, []], [22, []], [20, []], [26, []], [14, []]], [[0, []], [24, [24]], [7, [7, 25, 16]], [16, []], [11, [11, 23, 1, 18, 21, 30]], [23, []], [1, []], [18, []], [21, []], [30, []], [9, [9, 4, 10, 2, 28, 12]], [4, []], [10, []], [2, []], [28, []], [12, []], [25, []]]], [[[24, [24]]], [[7, [7, 25, 16]]], [[11, [11, 23, 1, 18, 21, 30]]], [[29, [29, 8, 13]]], [[9, [9, 4, 10, 2, 28, 12]]], [[27, [27, 6, 15, 3, 5, 17, 22, 20, 26, 14]]]]]}
{"file_name": "U_30_1", "number_of_trucks": 2, "drone_capacity": 10, "number_of_drones": 2, "iteration": 5, "best_fitness": 443.7422428950854, "runtime": 16.91601276397705, "best_solution": [[[[0, [14, 19, 3]], [14, []], [19, []], [3, []], [8, [8, 30, 28, 21, 1]], [30, []], [28, []], [21, []], [1, []], [18, [18, 10, 6, 27, 4, 9, 12]], [10, []], [6, []], [27, []], [4, []], [9, []], [12, []]], [[0, []], [24, [24]], [25, [25, 7, 16]], [7, [23, 11]], [16, []], [23, []], [11, []], [5, [5, 2, 29, 13, 26, 20, 22, 17, 15]], [2, []], [29, []], [13, []], [26, []], [20, []], [22, []], [17, []], [15, []]]], [[[24, [24]]], [[25, [25, 7, 16]]], [[7, [23, 11]]], [[8, [8, 30, 28, 21, 1]]], [[5, [5, 2, 29, 13, 26, 20, 22, 17, 15]]], [[18, [18, 10, 6, 27, 4, 9, 12]]]]]}
