{"file_name": "U_30_1", "number_of_trucks": 2, "drone_capacity": 10, "number_of_drones": 2, "iteration": 1, "best_fitness": 466.47464905991967, "runtime": 1984.6351480484009, "best_solution": [[[[0, [10, 16, 15, 21, 8, 11, 18]], [10, [29]], [18, []], [16, []], [15, []], [21, []], [8, []], [11, []], [29, []], [7, [7, 22, 30, 28, 14]], [3, [3, 20]], [22, []], [30, []], [28, []], [14, []], [20, []], [23, [23]]], [[0, [24, 9, 13]], [13, [4]], [4, []], [24, []], [9, []], [6, [6, 26, 2, 5]], [26, []], [2, [25, 27]], [25, []], [27, []], [19, [19, 17, 1, 12]], [5, []], [17, []], [1, []], [12, []]]], [[[13, [4]]], [[10, [29]]], [[6, [6, 26, 2, 5]]], [[2, [25, 27]]], [[7, [7, 22, 30, 28, 14]]], [[3, [3, 20]]], [[19, [19, 17, 1, 12]]], [[23, [23]]]]]}
{"file_name": "U_30_1", "number_of_trucks": 2, "drone_capacity": 10, "number_of_drones": 2, "iteration": 2, "best_fitness": 465.15850135177425, "runtime": 1080.9819374084473, "best_solution": [[[[0, []], [13, [13]], [0, [8]], [24, [24, 15]], [15, []], [8, []], [7, [7, 25, 26, 2]], [25, [6, 5]], [26, []], [2, []], [6, []], [17, [17, 19, 1, 12]], [5, []], [19, []], [1, []], [12, []]], [[0, [9]], [9, []], [0, []], [4, [4, 10, 16, 21, 11, 29, 18]], [10, []], [16, []], [21, []], [11, []], [18, []], [27, [27, 14, 28, 22]], [29, []], [14, []], [28, []], [30, [30, 3, 20]], [22, []], [3, []], [20, []], [23, [23]]]], [[[13, [13]]], [[24, [24, 15]]], [[7, [7, 25, 26, 2]]], [[4, [4, 10, 16, 21, 11, 29, 18]]], [[25, [6, 5]]], [[27, [27, 14, 28, 22]]], [[30, [30, 3, 20]]], [[17, [17, 19, 1, 12]]], [[23, [23]]]]]}
{"file_name": "U_30_1", "number_of_trucks": 2, "drone_capacity": 10, "number_of_drones": 2, "iteration": 3, "best_fitness": 481.4975692722356, "runtime": 469.8697512149811, "best_solution": [[[[0, [24, 15, 8, 18]], [24, [16, 21]], [15, []], [8, []], [21, []], [5, [5]], [16, []], [27, [27, 11]], [18, []], [11, []], [19, [19, 17, 1, 12, 6]], [17, []], [6, []], [1, []], [12, []]], [[0, [13, 9]], [13, [4]], [9, []], [4, []], [0, []], [26, [26, 2, 25, 14, 22, 7, 29, 10]], [2, []], [25, []], [14, []], [22, []], [7, []], [29, []], [28, [28, 30, 3, 20]], [30, []], [3, []], [23, [23]], [20, []], [10, []]]], [[[13, [4]]], [[24, [16, 21]]], [[5, [5]]], [[26, [26, 2, 25, 14, 22, 7, 29, 10]]], [[27, [27, 11]]], [[28, [28, 30, 3, 20]]], [[19, [19, 17, 1, 12, 6]]], [[23, [23]]]]]}
{"file_name": "U_30_1", "number_of_trucks": 2, "drone_capacity": 10, "number_of_drones": 2, "iteration": 4, "best_fitness": 489.9441845207289, "runtime": 95.46788001060486, "best_solution": [[[[0, [8]], [4, [4, 10, 11]], [10, []], [11, []], [8, []], [5, [5, 22]], [27, [27, 7, 14, 28]], [7, []], [14, []], [28, []], [30, [30, 3, 1]], [22, []], [3, []], [23, [23]], [1, []]], [[0, [13]], [13, []], [9, [9]], [0, []], [16, [16, 15, 21, 29, 18]], [15, []], [21, []], [18, []], [26, [26, 2, 25, 6, 24]], [2, []], [29, []], [25, []], [20, [20, 19, 17, 12]], [19, []], [17, []], [6, []], [24, []], [12, []]]], [[[9, [9]]], [[4, [4, 10, 11]]], [[5, [5, 22]]], [[16, [16, 15, 21, 29, 18]]], [[26, [26, 2, 25, 6, 24]]], [[27, [27, 7, 14, 28]]], [[30, [30, 3, 1]]], [[20, [20, 19, 17, 12]]], [[23, [23]]]]]}
{"file_name": "U_30_1", "number_of_trucks": 2, "drone_capacity": 10, "number_of_drones": 2, "iteration": 5, "best_fitness": 627.442376147601, "runtime": 14.692947626113892, "best_solution": [[[[0, [18, 24, 21, 16, 11]], [18, []], [24, []], [21, []], [16, []], [11, []], [8, [8, 2, 22, 7, 14, 27, 3]], [2, [20, 19, 17]], [22, []], [7, []], [14, []], [27, []], [3, []], [20, []], [19, []], [17, []]], [[0, [13, 9, 10, 15, 29, 26, 4]], [13, []], [9, []], [10, []], [15, []], [29, []], [26, []], [4, []], [5, [5, 25, 30, 28, 12, 6, 1, 23]], [25, []], [30, []], [28, []], [12, []], [6, []], [1, []], [23, []]]], [[[5, [5, 25, 30, 28, 12, 6, 1, 23]]], [[8, [8, 2, 22, 7, 14, 27, 3]]], [[2, [20, 19, 17]]]]]}
