{"file_name": "U_30_0", "number_of_trucks": 2, "drone_capacity": 10, "number_of_drones": 2, "iteration": 1, "best_fitness": 285.93081016644845, "runtime": 890.3860070705414, "best_solution": [[[[0, [11, 13, 10, 9, 26]], [26, []], [9, []], [18, [18, 23]], [23, []], [11, []], [10, []], [13, []], [1, [1, 24, 12, 4, 28, 7]], [24, []], [12, []], [4, []], [28, []], [7, []], [25, [25, 27, 22]], [22, []], [27, []]], [[0, [17]], [14, [14, 29, 19, 15]], [29, []], [17, []], [16, [16, 20, 2, 5, 21, 3, 6, 30, 8]], [20, []], [2, []], [15, []], [5, []], [21, []], [3, []], [19, []], [6, []], [30, []], [8, []]]], [[[14, [14, 29, 19, 15]]], [[16, [16, 20, 2, 5, 21, 3, 6, 30, 8]]], [[18, [18, 23]]], [[1, [1, 24, 12, 4, 28, 7]]], [[25, [25, 27, 22]]]]]}
{"file_name": "U_30_0", "number_of_trucks": 2, "drone_capacity": 10, "number_of_drones": 2, "iteration": 2, "best_fitness": 272.2625238783851, "runtime": 2447.835077047348, "best_solution": [[[[0, [14, 29]], [14, []], [29, []], [18, [18, 12, 24, 28, 17, 10, 13]], [12, []], [17, []], [10, []], [13, []], [1, [1, 4, 7, 25, 22, 27]], [24, []], [4, []], [28, []], [7, []], [25, []], [22, []], [27, []]], [[0, [26, 15]], [26, []], [9, [23, 11, 16, 9]], [23, []], [11, []], [15, []], [5, [5, 2, 20, 21, 3, 19, 6, 30, 8]], [2, []], [16, []], [20, []], [21, []], [3, []], [19, []], [6, []], [30, []], [8, []]]], [[[9, [23, 11, 16, 9]]], [[18, [18, 12, 24, 28, 17, 10, 13]]], [[5, [5, 2, 20, 21, 3, 19, 6, 30, 8]]], [[1, [1, 4, 7, 25, 22, 27]]]]]}
{"file_name": "U_30_0", "number_of_trucks": 2, "drone_capacity": 10, "number_of_drones": 2, "iteration": 3, "best_fitness": 302.72495959788597, "runtime": 302.40458130836487, "best_solution": [[[[0, [29, 26, 17]], [29, []], [12, [12]], [17, []], [18, [18, 23, 11, 1, 4, 7, 25, 22, 27]], [23, []], [11, []], [1, []], [4, []], [7, []], [25, []], [22, []], [27, []], [26, []]], [[0, []], [14, [14, 28]], [28, []], [24, [24, 13, 10, 15, 16]], [13, []], [10, []], [15, []], [16, []], [21, [21, 20, 5, 2, 9, 3, 19, 6, 30, 8]], [20, []], [5, []], [2, []], [9, []], [3, []], [19, []], [6, []], [30, []], [8, []]]], [[[12, [12]]], [[14, [14, 28]]], [[24, [24, 13, 10, 15, 16]]], [[18, [18, 23, 11, 1, 4, 7, 25, 22, 27]]], [[21, [21, 20, 5, 2, 9, 3, 19, 6, 30, 8]]]]]}
{"file_name": "U_30_0", "number_of_trucks": 2, "drone_capacity": 10, "number_of_drones": 2, "iteration": 4, "best_fitness": 322.72794807405177, "runtime": 18.97656226158142, "best_solution": [[[[0, [14]], [14, []], [29, [29]], [12, [12, 23, 18, 5, 6, 30, 27, 8]], [23, []], [18, []], [5, []], [6, []], [30, []], [27, []], [8, []]], [[0, []], [26, [15, 26, 9]], [9, []], [19, [19, 3, 21, 16, 11]], [3, []], [21, []], [16, []], [20, [20, 2]], [2, []], [15, []], [11, []], [10, [10, 17, 13, 1, 24, 4, 28, 7, 25, 22]], [17, []], [13, []], [1, []], [24, []], [4, []], [28, []], [7, []], [25, []], [22, []]]], [[[26, [15, 26, 9]]], [[29, [29]]], [[19, [19, 3, 21, 16, 11]]], [[20, [20, 2]]], [[12, [12, 23, 18, 5, 6, 30, 27, 8]]], [[10, [10, 17, 13, 1, 24, 4, 28, 7, 25, 22]]]]]}
{"file_name": "U_30_0", "number_of_trucks": 2, "drone_capacity": 10, "number_of_drones": 2, "iteration": 5, "best_fitness": 316.4596326503072, "runtime": 15.342336654663086, "best_solution": [[[[0, [26, 9]], [26, []], [9, [12]], [12, []], [17, [17, 16, 2, 1, 4, 28, 7, 25, 22, 27]], [16, []], [2, []], [1, []], [4, []], [28, []], [7, []], [25, []], [22, []], [27, []]], [[0, [14, 29]], [14, []], [29, []], [24, [24, 13, 10, 23, 18]], [13, []], [10, []], [23, []], [18, []], [11, [11, 5, 15, 20, 21, 3, 19, 6, 30, 8]], [5, []], [15, []], [20, []], [21, []], [3, []], [19, []], [6, []], [30, []], [8, []]]], [[[9, [12]]], [[24, [24, 13, 10, 23, 18]]], [[17, [17, 16, 2, 1, 4, 28, 7, 25, 22, 27]]], [[11, [11, 5, 15, 20, 21, 3, 19, 6, 30, 8]]]]]}
