{"file_name": "U_30_0", "number_of_trucks": 2, "drone_capacity": 10, "number_of_drones": 2, "iteration": 1, "best_fitness": 297.1368349048959, "runtime": 599.8039367198944, "best_solution": [[[[0, [26, 12]], [9, [9, 8, 28, 29, 15, 11]], [8, []], [28, []], [29, []], [10, [10, 1]], [15, []], [2, [2, 16, 3, 25, 5, 17]], [16, []], [11, []], [3, []], [25, []], [5, []], [1, []], [26, []], [12, []], [17, []]], [[0, []], [4, [4]], [30, [30, 13, 20, 6, 22, 14, 23]], [13, []], [20, []], [6, []], [22, []], [14, []], [23, []], [27, [27, 19, 21, 18]], [19, []], [21, []], [18, []], [24, [24, 7]], [7, []]]], [[[9, [9, 8, 28, 29, 15, 11]]], [[4, [4]]], [[30, [30, 13, 20, 6, 22, 14, 23]]], [[10, [10, 1]]], [[2, [2, 16, 3, 25, 5, 17]]], [[27, [27, 19, 21, 18]]], [[24, [24, 7]]]]]}
{"file_name": "U_30_0", "number_of_trucks": 2, "drone_capacity": 10, "number_of_drones": 2, "iteration": 2, "best_fitness": 310.07943332778086, "runtime": 700.7475304603577, "best_solution": [[[[0, [4]], [4, []], [8, [16, 8, 29, 15, 26, 11]], [29, []], [15, []], [16, []], [26, []], [11, []], [3, [3, 5, 1, 25, 18, 24, 17, 7, 13]], [25, []], [5, []], [1, []], [18, []], [24, []], [17, []], [7, []], [13, []]], [[0, [12, 23]], [30, [28, 14, 30, 9]], [9, []], [28, []], [10, [10]], [2, [2, 27, 19, 22, 6, 20, 21]], [12, []], [23, []], [27, []], [14, []], [19, []], [22, []], [6, []], [20, []], [21, []]]], [[[8, [16, 8, 29, 15, 26, 11]]], [[30, [28, 14, 30, 9]]], [[10, [10]]], [[2, [2, 27, 19, 22, 6, 20, 21]]], [[3, [3, 5, 1, 25, 18, 24, 17, 7, 13]]]]]}
{"file_name": "U_30_0", "number_of_trucks": 2, "drone_capacity": 10, "number_of_drones": 2, "iteration": 3, "best_fitness": 303.32006191935625, "runtime": 1500.7288522720337, "best_solution": [[[[0, []], [13, [13, 30, 20, 6, 22]], [30, []], [20, []], [6, []], [22, []], [19, [19, 21, 17, 5, 1, 12, 26, 10, 28, 7]], [21, []], [17, []], [5, []], [1, []], [12, []], [26, []], [10, []], [28, []], [7, []]], [[0, [23, 14, 8, 9, 29, 15, 4]], [8, []], [9, []], [4, []], [29, []], [15, []], [2, [2, 3, 18, 24, 11, 25, 27, 16]], [16, []], [11, []], [3, []], [25, []], [23, []], [27, []], [14, []], [18, []], [24, []]]], [[[13, [13, 30, 20, 6, 22]]], [[2, [2, 3, 18, 24, 11, 25, 27, 16]]], [[19, [19, 21, 17, 5, 1, 12, 26, 10, 28, 7]]]]]}
{"file_name": "U_30_0", "number_of_trucks": 2, "drone_capacity": 10, "number_of_drones": 2, "iteration": 4, "best_fitness": 306.5960255231194, "runtime": 830.2250134944916, "best_solution": [[[[0, [6, 14, 23]], [9, [9, 30, 13, 20, 22, 21]], [30, []], [13, []], [20, []], [6, []], [22, []], [14, []], [27, [27, 25, 5, 3, 18]], [23, []], [3, []], [25, []], [5, []], [18, []], [21, []]], [[0, [12]], [4, [11, 4, 26]], [12, []], [26, []], [1, [1, 16, 15, 29, 8, 28]], [11, []], [16, []], [2, [2, 17, 10, 19, 24]], [15, []], [29, []], [10, []], [8, []], [28, []], [17, []], [24, []], [19, []], [7, [7]]]], [[[4, [11, 4, 26]]], [[9, [9, 30, 13, 20, 22, 21]]], [[1, [1, 16, 15, 29, 8, 28]]], [[2, [2, 17, 10, 19, 24]]], [[27, [27, 25, 5, 3, 18]]], [[7, [7]]]]]}
{"file_name": "U_30_0", "number_of_trucks": 2, "drone_capacity": 10, "number_of_drones": 2, "iteration": 5, "best_fitness": 349.91368924038795, "runtime": 16.73915982246399, "best_solution": [[[[0, [4, 28]], [4, []], [28, []], [8, [8, 29, 15, 16, 12, 18, 19]], [29, []], [15, []], [16, []], [12, []], [18, []], [19, []], [22, [22, 6, 20, 24, 17, 21, 30, 13, 7, 9]], [6, []], [20, []], [24, []], [17, []], [21, []], [30, []], [13, []], [7, []], [9, []]], [[0, [14]], [14, []], [11, [11, 3, 26, 1, 5, 27, 23, 25, 2, 10]], [3, []], [26, []], [1, []], [5, []], [27, []], [23, []], [25, []], [2, []], [10, []]]], [[[8, [8, 29, 15, 16, 12, 18, 19]]], [[22, [22, 6, 20, 24, 17, 21, 30, 13, 7, 9]]], [[11, [11, 3, 26, 1, 5, 27, 23, 25, 2, 10]]]]]}
