{"file_name": "U_30_1", "number_of_trucks": 2, "drone_capacity": 10, "number_of_drones": 2, "iteration": 1, "best_fitness": 447.60433046490516, "runtime": 1589.771121263504, "best_solution": [[[[0, [25, 7, 16, 8, 20, 17]], [25, []], [7, []], [16, []], [8, []], [20, []], [17, []], [11, [2, 5, 23, 9, 11, 30]], [30, []], [2, []], [5, [26, 28, 14, 21, 27, 13]], [23, []], [9, []], [26, []], [28, []], [14, []], [21, []], [27, []], [13, []]], [[0, [6, 1, 10, 12, 15, 29, 24]], [24, []], [6, []], [1, []], [10, []], [12, []], [18, [18, 3, 4]], [15, []], [3, []], [29, []], [22, [22, 19]], [4, []], [19, []]]], [[[11, [2, 5, 23, 9, 11, 30]]], [[5, [26, 28, 14, 21, 27, 13]]], [[18, [18, 3, 4]]], [[22, [22, 19]]]]]}
{"file_name": "U_30_1", "number_of_trucks": 2, "drone_capacity": 10, "number_of_drones": 2, "iteration": 2, "best_fitness": 446.89160479705816, "runtime": 2029.6034195423126, "best_solution": [[[[0, [6, 2, 17]], [6, []], [17, []], [2, []], [24, [24, 13, 1]], [13, []], [1, []], [14, [14, 16, 28, 26, 9, 29]], [16, []], [28, []], [26, []], [9, []], [29, []], [22, [22, 19]], [19, []]], [[0, []], [7, [7, 20, 25]], [25, []], [5, [5, 15, 8, 10, 12]], [15, []], [8, []], [12, []], [10, []], [20, []], [18, [18, 21, 27]], [21, []], [27, []], [3, [3, 4, 23, 30, 11]], [4, []], [23, []], [30, []], [11, []]]], [[[7, [7, 20, 25]]], [[5, [5, 15, 8, 10, 12]]], [[24, [24, 13, 1]]], [[18, [18, 21, 27]]], [[14, [14, 16, 28, 26, 9, 29]]], [[3, [3, 4, 23, 30, 11]]], [[22, [22, 19]]]]]}
{"file_name": "U_30_1", "number_of_trucks": 2, "drone_capacity": 10, "number_of_drones": 2, "iteration": 3, "best_fitness": 616.9316047970581, "runtime": 16.52008366584778, "best_solution": [[[[0, [25, 6, 20, 16, 1, 12]], [25, []], [6, []], [20, []], [16, []], [1, []], [12, []], [29, [29]], [27, [27, 9, 11, 13, 18, 4, 19]], [9, []], [11, []], [13, []], [18, []], [4, []], [19, []]], [[0, [7, 8, 10, 17, 15, 2]], [7, []], [8, []], [10, []], [17, []], [15, []], [2, []], [5, [5]], [24, [24, 23, 30, 26, 28, 14, 21, 3, 22]], [23, []], [30, []], [26, []], [28, []], [14, []], [21, []], [3, []], [22, []]]], [[[5, [5]]], [[29, [29]]], [[24, [24, 23, 30, 26, 28, 14, 21, 3, 22]]], [[27, [27, 9, 11, 13, 18, 4, 19]]]]]}
{"file_name": "U_30_1", "number_of_trucks": 2, "drone_capacity": 10, "number_of_drones": 2, "iteration": 4, "best_fitness": 616.9316047970581, "runtime": 16.821488857269287, "best_solution": [[[[0, [25, 6, 20, 16, 1, 12]], [25, []], [6, []], [20, []], [16, []], [1, []], [12, []], [29, [29]], [27, [27, 9, 11, 13, 18, 4, 19]], [9, []], [11, []], [13, []], [18, []], [4, []], [19, []]], [[0, [7, 8, 10, 17, 15, 2]], [7, []], [8, []], [10, []], [17, []], [15, []], [2, []], [5, [5]], [24, [24, 23, 30, 26, 28, 14, 21, 3, 22]], [23, []], [30, []], [26, []], [28, []], [14, []], [21, []], [3, []], [22, []]]], [[[5, [5]]], [[29, [29]]], [[24, [24, 23, 30, 26, 28, 14, 21, 3, 22]]], [[27, [27, 9, 11, 13, 18, 4, 19]]]]]}
{"file_name": "U_30_1", "number_of_trucks": 2, "drone_capacity": 10, "number_of_drones": 2, "iteration": 5, "best_fitness": 614.8116047970582, "runtime": 17.31379246711731, "best_solution": [[[[0, [25, 20, 16, 1, 12]], [25, []], [20, []], [16, []], [1, []], [12, []], [29, [29]], [27, [27, 9, 26, 18, 4, 13, 19]], [9, []], [26, []], [18, []], [4, []], [13, []], [19, []]], [[0, [6, 7, 8, 10, 17, 15]], [6, []], [7, [2, 5]], [8, []], [10, []], [17, []], [15, []], [2, []], [5, []], [24, [24, 23, 30, 28, 14, 21, 3, 22, 11]], [23, []], [30, []], [28, []], [14, []], [21, []], [3, []], [22, []], [11, []]]], [[[29, [29]]], [[7, [2, 5]]], [[24, [24, 23, 30, 28, 14, 21, 3, 22, 11]]], [[27, [27, 9, 26, 18, 4, 13, 19]]]]]}
