{"file_name": "U_30_1", "number_of_trucks": 2, "drone_capacity": 10, "number_of_drones": 2, "iteration": 1, "best_fitness": 495.09115038722064, "runtime": 575.2097957134247, "best_solution": [[[[0, [8, 11, 28, 15]], [15, []], [8, [13]], [13, []], [29, [29, 18, 10, 7, 9]], [7, []], [18, []], [10, []], [21, [21, 2]], [9, []], [11, []], [2, []], [28, []], [12, [12, 30, 16]], [30, []], [16, []]], [[0, []], [20, [20]], [0, [5, 19, 24, 26]], [5, []], [19, []], [24, []], [26, []], [0, []], [22, [22, 3, 6, 25]], [3, []], [6, []], [27, [27]], [25, [1, 4, 23, 14, 17]], [1, []], [4, []], [23, []], [17, []], [14, []]]], [[[20, [20]]], [[8, [13]]], [[29, [29, 18, 10, 7, 9]]], [[21, [21, 2]]], [[22, [22, 3, 6, 25]]], [[27, [27]]], [[25, [1, 4, 23, 14, 17]]], [[12, [12, 30, 16]]]]]}
{"file_name": "U_30_1", "number_of_trucks": 2, "drone_capacity": 10, "number_of_drones": 2, "iteration": 2, "best_fitness": 489.44132190678005, "runtime": 2057.462273836136, "best_solution": [[[[0, [8]], [19, [19]], [0, [15]], [15, []], [0, [11, 5, 24, 25, 29, 13, 28]], [11, []], [5, []], [24, []], [2, [2, 16]], [25, []], [29, []], [13, []], [8, []], [16, []], [28, []], [30, [30, 12]], [12, []]], [[0, [20]], [26, [26]], [6, [6, 18, 10]], [20, []], [3, [3]], [9, [9, 21, 7]], [18, []], [21, []], [7, []], [10, []], [27, [27, 4, 22]], [4, []], [1, [1, 23, 17, 14]], [22, []], [17, []], [23, []], [14, []]]], [[[26, [26]]], [[19, [19]]], [[6, [6, 18, 10]]], [[3, [3]]], [[9, [9, 21, 7]]], [[2, [2, 16]]], [[27, [27, 4, 22]]], [[1, [1, 23, 17, 14]]], [[30, [30, 12]]]]]}
{"file_name": "U_30_1", "number_of_trucks": 2, "drone_capacity": 10, "number_of_drones": 2, "iteration": 3, "best_fitness": 489.44132190678005, "runtime": 309.70968770980835, "best_solution": [[[[0, [11, 28, 19, 5, 20]], [5, []], [20, []], [11, []], [19, []], [15, [15, 18, 9, 3, 29]], [18, []], [29, []], [9, []], [3, []], [22, [22, 4, 2, 16]], [4, []], [2, []], [16, []], [28, []], [30, [30, 12]], [12, []]], [[0, [26, 8, 13, 10, 25, 24, 6]], [24, []], [26, []], [8, []], [13, []], [25, []], [10, []], [6, []], [27, [27, 7, 21]], [7, []], [21, []], [1, [1, 23, 17, 14]], [23, []], [17, []], [14, []]]], [[[15, [15, 18, 9, 3, 29]]], [[22, [22, 4, 2, 16]]], [[27, [27, 7, 21]]], [[1, [1, 23, 17, 14]]], [[30, [30, 12]]]]]}
{"file_name": "U_30_1", "number_of_trucks": 2, "drone_capacity": 10, "number_of_drones": 2, "iteration": 4, "best_fitness": 497.0121574597526, "runtime": 672.6706409454346, "best_solution": [[[[0, [13, 8]], [13, []], [8, []], [0, [11, 18, 21, 25, 9, 10, 7]], [25, []], [9, []], [18, []], [11, []], [10, []], [7, []], [21, []], [30, [14, 30, 12]], [12, []], [14, []]], [[0, []], [20, [20]], [19, [19, 15, 5, 24, 26, 28]], [15, []], [5, []], [24, []], [26, []], [29, [29]], [28, []], [2, [2, 3, 6]], [3, []], [6, []], [27, [27, 22, 4]], [4, []], [22, []], [17, [17, 16, 23, 1]], [23, []], [1, []], [16, []]]], [[[20, [20]]], [[19, [19, 15, 5, 24, 26, 28]]], [[29, [29]]], [[2, [2, 3, 6]]], [[27, [27, 22, 4]]], [[17, [17, 16, 23, 1]]], [[30, [14, 30, 12]]]]]}
{"file_name": "U_30_1", "number_of_trucks": 2, "drone_capacity": 10, "number_of_drones": 2, "iteration": 5, "best_fitness": 629.5254525443314, "runtime": 14.659742832183838, "best_solution": [[[[0, [5, 13, 8, 19, 15]], [5, []], [13, []], [8, []], [19, []], [15, []], [18, [18]], [29, [29, 9, 3, 2, 16, 4, 17, 23, 1]], [9, []], [3, []], [2, []], [16, []], [4, []], [17, []], [23, []], [1, []]], [[0, [20, 26, 28, 11, 24]], [20, []], [26, []], [28, []], [11, []], [24, []], [25, [25, 10]], [10, []], [6, [6, 7, 21, 22, 27, 14]], [7, []], [21, [12, 30]], [22, []], [27, []], [14, []], [12, []], [30, []]]], [[[18, [18]]], [[25, [25, 10]]], [[6, [6, 7, 21, 22, 27, 14]]], [[29, [29, 9, 3, 2, 16, 4, 17, 23, 1]]], [[21, [12, 30]]]]]}
