{"file_name": "U_30_0", "number_of_trucks": 2, "drone_capacity": 10, "number_of_drones": 2, "iteration": 1, "best_fitness": 279.21303911081316, "runtime": 1859.4890823364258, "best_solution": [[[[0, []], [17, [6, 8, 17, 24, 1, 27, 20, 12]], [6, []], [24, []], [13, [13, 21, 7, 10]], [1, []], [20, []], [10, []], [27, []], [21, []], [12, []], [8, []], [14, [14, 18]], [18, []], [7, []]], [[0, [30, 25, 15]], [25, []], [11, [11, 2, 23]], [30, []], [2, []], [23, []], [4, [9, 4, 22, 29, 26, 28, 16, 3, 5]], [22, []], [29, []], [9, []], [26, []], [28, []], [16, []], [15, []], [3, []], [5, []], [19, [19]]]], [[[17, [6, 8, 17, 24, 1, 27, 20, 12]]], [[11, [11, 2, 23]]], [[13, [13, 21, 7, 10]]], [[4, [9, 4, 22, 29, 26, 28, 16, 3, 5]]], [[19, [19]]], [[14, [14, 18]]]]]}
{"file_name": "U_30_0", "number_of_trucks": 2, "drone_capacity": 10, "number_of_drones": 2, "iteration": 2, "best_fitness": 277.49303911081313, "runtime": 1751.4016766548157, "best_solution": [[[[0, [17]], [24, [24, 6, 20, 1, 27, 12, 8]], [6, []], [20, []], [1, []], [13, [13, 10, 21, 7]], [27, []], [10, []], [21, []], [12, []], [8, []], [14, [14, 18, 19]], [18, []], [7, []], [19, []], [17, []]], [[0, [30]], [25, [25]], [30, []], [11, [11, 15, 3, 9, 29, 2, 22, 16]], [2, []], [22, []], [4, [4, 26, 28, 5, 23]], [15, []], [3, []], [16, []], [28, []], [26, []], [9, []], [29, []], [23, []], [5, []]]], [[[25, [25]]], [[24, [24, 6, 20, 1, 27, 12, 8]]], [[11, [11, 15, 3, 9, 29, 2, 22, 16]]], [[13, [13, 10, 21, 7]]], [[4, [4, 26, 28, 5, 23]]], [[14, [14, 18, 19]]]]]}
{"file_name": "U_30_0", "number_of_trucks": 2, "drone_capacity": 10, "number_of_drones": 2, "iteration": 3, "best_fitness": 275.5100049850437, "runtime": 17.061489582061768, "best_solution": [[[[0, [8, 12, 20]], [8, []], [12, []], [20, []], [6, [6, 13, 1, 27, 21, 10, 14, 18, 7, 19]], [13, []], [1, []], [27, []], [21, []], [10, []], [14, []], [18, []], [7, []], [19, []]], [[0, []], [24, [24]], [25, [25, 11, 30, 2, 22, 29]], [11, []], [30, []], [2, []], [22, []], [29, []], [3, [3, 15, 16, 28, 26, 9, 4, 23, 5, 17]], [15, []], [16, []], [28, []], [26, []], [9, []], [4, []], [23, []], [5, []], [17, []]]], [[[24, [24]]], [[25, [25, 11, 30, 2, 22, 29]]], [[6, [6, 13, 1, 27, 21, 10, 14, 18, 7, 19]]], [[3, [3, 15, 16, 28, 26, 9, 4, 23, 5, 17]]]]]}
{"file_name": "U_30_0", "number_of_trucks": 2, "drone_capacity": 10, "number_of_drones": 2, "iteration": 4, "best_fitness": 297.29612288987795, "runtime": 16.387037754058838, "best_solution": [[[[0, [8, 12, 20]], [8, []], [12, []], [20, []], [1, [1, 24, 6, 13, 27, 21, 10, 14, 18, 25]], [24, []], [6, []], [13, []], [27, []], [21, []], [10, []], [14, []], [18, []], [25, []]], [[0, [17, 30]], [17, []], [30, []], [11, [11, 2, 22, 29, 7]], [2, []], [22, []], [29, []], [7, []], [15, [15, 3, 16, 28, 26, 9, 4, 23, 5, 19]], [3, []], [16, []], [28, []], [26, []], [9, []], [4, []], [23, []], [5, []], [19, []]]], [[[11, [11, 2, 22, 29, 7]]], [[1, [1, 24, 6, 13, 27, 21, 10, 14, 18, 25]]], [[15, [15, 3, 16, 28, 26, 9, 4, 23, 5, 19]]]]]}
{"file_name": "U_30_0", "number_of_trucks": 2, "drone_capacity": 10, "number_of_drones": 2, "iteration": 5, "best_fitness": 295.7022206001621, "runtime": 19.084564208984375, "best_solution": [[[[0, []], [30, [30, 2]], [2, []], [11, [11, 29, 3, 16]], [29, []], [3, []], [16, []], [28, [28, 8, 12, 14, 21, 10, 27, 1, 13, 24]], [8, []], [12, []], [14, []], [21, []], [10, []], [27, []], [1, []], [13, []], [24, []]], [[0, []], [17, [25, 17, 6, 20, 22]], [6, []], [20, []], [22, []], [5, [5, 23, 4, 26, 9, 15, 7, 18, 19]], [23, []], [4, []], [26, []], [9, []], [15, []], [7, []], [18, []], [19, []], [25, []]]], [[[17, [25, 17, 6, 20, 22]]], [[30, [30, 2]]], [[11, [11, 29, 3, 16]]], [[28, [28, 8, 12, 14, 21, 10, 27, 1, 13, 24]]], [[5, [5, 23, 4, 26, 9, 15, 7, 18, 19]]]]]}
