{"file_name": "U_30_1", "number_of_trucks": 2, "drone_capacity": 10, "number_of_drones": 2, "iteration": 1, "best_fitness": 489.73569579065384, "runtime": 1516.5577356815338, "best_solution": [[[[0, [20]], [11, [11]], [20, []], [0, [2, 27, 25, 4, 3]], [9, [9, 8, 10]], [8, []], [2, []], [10, []], [4, []], [3, []], [6, [6, 30]], [27, []], [25, []], [30, []], [18, [18, 16, 12, 14]], [16, []], [12, []], [14, []]], [[0, []], [26, [26]], [0, [15, 24]], [15, []], [24, []], [0, [19, 17]], [13, [13, 28, 22, 21]], [17, []], [28, []], [22, []], [7, [7, 23, 1]], [23, []], [21, []], [1, []], [19, []], [29, [29, 5]], [5, []]]], [[[11, [11]]], [[26, [26]]], [[9, [9, 8, 10]]], [[13, [13, 28, 22, 21]]], [[6, [6, 30]]], [[7, [7, 23, 1]]], [[18, [18, 16, 12, 14]]], [[29, [29, 5]]]]]}
{"file_name": "U_30_1", "number_of_trucks": 2, "drone_capacity": 10, "number_of_drones": 2, "iteration": 2, "best_fitness": 489.136645868145, "runtime": 1932.6381876468658, "best_solution": [[[[0, [26]], [26, []], [0, [24, 21, 19, 28, 17]], [17, []], [19, []], [21, []], [28, []], [13, [13, 14, 30, 7]], [14, []], [24, []], [30, []], [1, [1, 23]], [23, []], [7, [29, 5]], [29, []], [5, []]], [[0, [20, 27, 4, 25, 11, 3]], [11, []], [15, [22, 8, 2, 15, 9, 10]], [22, []], [8, []], [3, []], [2, []], [10, []], [20, []], [27, []], [4, []], [25, []], [18, [18, 16, 12, 6]], [16, []], [12, []], [6, []], [9, []]]], [[[13, [13, 14, 30, 7]]], [[15, [22, 8, 2, 15, 9, 10]]], [[1, [1, 23]]], [[18, [18, 16, 12, 6]]], [[7, [29, 5]]]]]}
{"file_name": "U_30_1", "number_of_trucks": 2, "drone_capacity": 10, "number_of_drones": 2, "iteration": 3, "best_fitness": 510.5041317188264, "runtime": 154.17439532279968, "best_solution": [[[[0, [15]], [15, []], [22, [22, 28, 21, 20, 25, 4]], [28, []], [21, []], [20, []], [12, [12, 30]], [30, []], [25, []], [4, []], [16, [16, 18, 1]], [18, []], [1, []], [5, [5]]], [[0, []], [26, [26, 24, 11, 19, 17, 2]], [24, [27, 8, 3, 9]], [11, []], [8, []], [19, []], [17, []], [10, [10, 7, 14, 13]], [3, []], [2, []], [27, []], [23, [23, 29, 6]], [7, []], [29, []], [6, []], [9, []], [14, []], [13, []]]], [[[26, [26, 24, 11, 19, 17, 2]]], [[24, [27, 8, 3, 9]]], [[10, [10, 7, 14, 13]]], [[22, [22, 28, 21, 20, 25, 4]]], [[12, [12, 30]]], [[23, [23, 29, 6]]], [[16, [16, 18, 1]]], [[5, [5]]]]]}
{"file_name": "U_30_1", "number_of_trucks": 2, "drone_capacity": 10, "number_of_drones": 2, "iteration": 4, "best_fitness": 627.7790327724446, "runtime": 13.401109457015991, "best_solution": [[[[0, [2, 19, 26, 25, 24, 27]], [2, []], [19, []], [26, []], [25, []], [24, []], [27, []], [28, [28, 8, 10, 30, 14, 12, 1, 23]], [8, []], [10, [29, 5]], [30, []], [14, []], [12, []], [1, []], [23, []], [29, []], [5, []]], [[0, [4, 20, 11, 17, 15, 21]], [4, []], [20, []], [11, []], [17, []], [15, []], [21, []], [3, [3, 9, 22, 13, 7, 6, 16, 18]], [9, []], [22, []], [13, []], [7, []], [6, []], [16, []], [18, []]]], [[[28, [28, 8, 10, 30, 14, 12, 1, 23]]], [[3, [3, 9, 22, 13, 7, 6, 16, 18]]], [[10, [29, 5]]]]]}
{"file_name": "U_30_1", "number_of_trucks": 2, "drone_capacity": 10, "number_of_drones": 2, "iteration": 5, "best_fitness": 585.5412253592472, "runtime": 16.797066688537598, "best_solution": [[[[0, []], [2, [2, 19]], [19, []], [26, [26, 25, 24, 27, 28, 8]], [25, []], [24, []], [27, []], [28, []], [8, []], [10, [10, 30, 12, 14, 6, 23, 29]], [30, []], [12, [5]], [14, []], [6, []], [23, []], [29, []], [5, []]], [[0, [4, 20]], [4, []], [20, []], [11, [11, 17, 15, 21, 3]], [17, []], [15, []], [21, []], [3, []], [9, [9]], [22, [22, 13, 7, 1, 16, 18]], [13, []], [7, []], [1, []], [16, []], [18, []]]], [[[11, [11, 17, 15, 21, 3]]], [[2, [2, 19]]], [[26, [26, 25, 24, 27, 28, 8]]], [[10, [10, 30, 12, 14, 6, 23, 29]]], [[9, [9]]], [[22, [22, 13, 7, 1, 16, 18]]], [[12, [5]]]]]}
