{"file_name": "U_30_1", "number_of_trucks": 2, "drone_capacity": 10, "number_of_drones": 2, "iteration": 1, "best_fitness": 429.3361838146311, "runtime": 1689.2494382858276, "best_solution": [[[[0, [21, 2]], [21, []], [26, [26, 13, 5, 23, 24, 29]], [2, []], [13, []], [5, []], [23, [4, 19, 15]], [24, []], [29, []], [4, []], [19, []], [15, []], [20, [20, 9, 1, 12]], [9, []], [1, []], [12, []]], [[0, []], [30, [30]], [0, []], [18, [18, 3, 25, 8]], [3, []], [27, [27, 10, 6, 22]], [8, [28, 14]], [10, []], [6, []], [22, []], [25, []], [17, [17]], [28, []], [14, []], [11, [11, 7, 16]], [16, []], [7, []]]], [[[30, [30]]], [[18, [18, 3, 25, 8]]], [[26, [26, 13, 5, 23, 24, 29]]], [[27, [27, 10, 6, 22]]], [[8, [28, 14]]], [[23, [4, 19, 15]]], [[17, [17]]], [[11, [11, 7, 16]]], [[20, [20, 9, 1, 12]]]]]}
{"file_name": "U_30_1", "number_of_trucks": 2, "drone_capacity": 10, "number_of_drones": 2, "iteration": 2, "best_fitness": 434.707064364919, "runtime": 1459.4786381721497, "best_solution": [[[[0, []], [3, [3]], [0, [21]], [21, []], [0, []], [22, [22, 25, 26, 27]], [25, []], [26, []], [1, [1, 15, 12]], [15, []], [12, []], [27, []], [7, [7, 20, 9, 16]], [16, []], [20, []], [9, []]], [[0, []], [30, [30]], [0, [29, 8, 5, 13, 2]], [18, [18, 23, 24]], [23, []], [24, []], [29, []], [8, []], [19, [19, 4, 10, 6, 28, 14]], [4, []], [10, []], [6, []], [28, []], [14, []], [5, []], [13, []], [11, [11, 17]], [17, []], [2, []]]], [[[30, [30]]], [[3, [3]]], [[18, [18, 23, 24]]], [[22, [22, 25, 26, 27]]], [[19, [19, 4, 10, 6, 28, 14]]], [[1, [1, 15, 12]]], [[7, [7, 20, 9, 16]]], [[11, [11, 17]]]]]}
{"file_name": "U_30_1", "number_of_trucks": 2, "drone_capacity": 10, "number_of_drones": 2, "iteration": 3, "best_fitness": 437.91299734809365, "runtime": 467.7585391998291, "best_solution": [[[[0, [3]], [21, [21, 29, 8]], [8, []], [13, [13, 5, 23, 24]], [5, []], [23, []], [24, []], [29, []], [14, [14, 28, 19, 4, 10, 6, 15]], [28, []], [19, []], [4, []], [10, []], [6, []], [20, [20, 9, 1, 12]], [15, []], [9, []], [1, []], [12, []], [3, []]], [[0, [30]], [30, []], [0, []], [18, [18, 27, 26, 25, 2]], [27, []], [26, []], [22, [22]], [25, []], [7, [7]], [2, []], [17, [17, 11, 16]], [11, []], [16, []]]], [[[18, [18, 27, 26, 25, 2]]], [[21, [21, 29, 8]]], [[13, [13, 5, 23, 24]]], [[22, [22]]], [[14, [14, 28, 19, 4, 10, 6, 15]]], [[7, [7]]], [[17, [17, 11, 16]]], [[20, [20, 9, 1, 12]]]]]}
{"file_name": "U_30_1", "number_of_trucks": 2, "drone_capacity": 10, "number_of_drones": 2, "iteration": 4, "best_fitness": 553.4329973480937, "runtime": 14.66439938545227, "best_solution": [[[[0, [5, 23, 18, 24, 29]], [5, []], [23, []], [18, []], [24, []], [29, []], [8, [8, 27]], [27, []], [14, [14, 12, 9, 19, 4, 15, 1, 20]], [12, []], [9, []], [19, []], [4, []], [15, []], [1, []], [20, []]], [[0, [30, 3, 21, 13, 25]], [30, []], [3, []], [21, []], [13, []], [25, []], [2, [2]], [10, [10, 26, 22, 6, 17, 28, 11, 16, 7]], [26, []], [22, []], [6, []], [17, []], [28, []], [11, []], [16, []], [7, []]]], [[[8, [8, 27]]], [[2, [2]]], [[10, [10, 26, 22, 6, 17, 28, 11, 16, 7]]], [[14, [14, 12, 9, 19, 4, 15, 1, 20]]]]]}
{"file_name": "U_30_1", "number_of_trucks": 2, "drone_capacity": 10, "number_of_drones": 2, "iteration": 5, "best_fitness": 558.5262959973935, "runtime": 16.692561864852905, "best_solution": [[[[0, [8, 29, 23, 18, 24]], [8, [27, 10]], [29, []], [23, []], [18, []], [24, []], [27, []], [10, []], [14, [14, 4, 19, 12, 1, 9, 16, 20, 26]], [4, []], [19, []], [12, []], [1, []], [9, []], [16, []], [20, []], [26, []]], [[0, []], [30, [30, 3, 21, 5, 13, 25]], [3, []], [21, []], [5, []], [13, []], [25, []], [22, [22]], [2, [2, 6, 28, 15, 17, 7, 11]], [6, []], [28, []], [15, []], [17, []], [7, []], [11, []]]], [[[30, [30, 3, 21, 5, 13, 25]]], [[22, [22]]], [[8, [27, 10]]], [[2, [2, 6, 28, 15, 17, 7, 11]]], [[14, [14, 4, 19, 12, 1, 9, 16, 20, 26]]]]]}
