{"file_name": "U_30_1", "number_of_trucks": 2, "drone_capacity": 10, "number_of_drones": 2, "iteration": 1, "best_fitness": 363.5242256606772, "runtime": 1326.4518427848816, "best_solution": [[[[0, [4, 12, 19, 7]], [21, [21, 14, 29]], [12, []], [4, []], [19, []], [29, []], [23, [16, 28, 11, 23, 17, 5]], [16, []], [7, []], [17, []], [28, []], [11, []], [14, []], [5, []], [13, [13, 24, 18, 27]], [24, []], [18, []], [27, []]], [[0, [30]], [30, []], [0, []], [3, [3, 1, 9, 26, 10, 2, 22]], [1, []], [9, []], [26, []], [10, []], [6, [6]], [2, []], [22, []], [25, [25, 20, 15, 8]], [20, []], [15, []], [8, []]]], [[[3, [3, 1, 9, 26, 10, 2, 22]]], [[21, [21, 14, 29]]], [[23, [16, 28, 11, 23, 17, 5]]], [[6, [6]]], [[25, [25, 20, 15, 8]]], [[13, [13, 24, 18, 27]]]]]}
{"file_name": "U_30_1", "number_of_trucks": 2, "drone_capacity": 10, "number_of_drones": 2, "iteration": 2, "best_fitness": 372.34151561796966, "runtime": 827.2976634502411, "best_solution": [[[[0, [3, 1, 10, 2, 17, 12, 21, 23]], [12, []], [21, []], [3, []], [1, []], [10, []], [6, [6, 28, 11, 5, 14, 29]], [2, []], [17, []], [28, []], [11, []], [13, [13, 27, 24]], [5, []], [14, []], [23, []], [24, []], [29, []], [27, []]], [[0, []], [30, [30, 26, 9, 19, 7]], [26, [16, 4, 22]], [9, []], [19, []], [7, []], [16, []], [4, []], [18, [18]], [8, [8, 25, 20, 15]], [22, []], [25, []], [20, []], [15, []]]], [[[30, [30, 26, 9, 19, 7]]], [[26, [16, 4, 22]]], [[18, [18]]], [[6, [6, 28, 11, 5, 14, 29]]], [[13, [13, 27, 24]]], [[8, [8, 25, 20, 15]]]]]}
{"file_name": "U_30_1", "number_of_trucks": 2, "drone_capacity": 10, "number_of_drones": 2, "iteration": 3, "best_fitness": 362.9415156179698, "runtime": 1452.8028616905212, "best_solution": [[[[0, []], [26, [26]], [0, [1, 16, 2, 7, 23, 12, 21, 30, 3, 9]], [1, []], [9, []], [16, []], [2, []], [6, [6, 18]], [7, []], [23, []], [24, [24, 8, 27]], [18, []], [8, []], [30, []], [12, []], [27, []], [3, []], [21, []]], [[0, [19, 4]], [10, [14, 10]], [19, []], [4, []], [29, [29, 28, 11, 5, 17, 22]], [17, []], [28, []], [11, []], [14, []], [5, []], [13, [13, 25, 20, 15]], [22, []], [25, []], [20, []], [15, []]]], [[[10, [14, 10]]], [[26, [26]]], [[29, [29, 28, 11, 5, 17, 22]]], [[6, [6, 18]]], [[13, [13, 25, 20, 15]]], [[24, [24, 8, 27]]]]]}
{"file_name": "U_30_1", "number_of_trucks": 2, "drone_capacity": 10, "number_of_drones": 2, "iteration": 4, "best_fitness": 443.26706436491895, "runtime": 15.390111446380615, "best_solution": [[[[0, [19, 9, 7, 17, 4]], [19, []], [9, []], [7, []], [17, []], [4, []], [11, [11]], [23, [23, 18, 5, 13, 14, 24, 29, 8, 3]], [18, []], [5, []], [13, []], [14, []], [24, []], [29, []], [8, []], [3, []]], [[0, [30, 26, 12]], [30, []], [26, [21, 16]], [12, []], [21, []], [16, []], [1, [1, 2, 28, 6, 15, 20, 25, 22, 10, 27]], [2, []], [28, []], [6, []], [15, []], [20, []], [25, []], [22, []], [10, []], [27, []]]], [[[26, [21, 16]]], [[11, [11]]], [[1, [1, 2, 28, 6, 15, 20, 25, 22, 10, 27]]], [[23, [23, 18, 5, 13, 14, 24, 29, 8, 3]]]]]}
{"file_name": "U_30_1", "number_of_trucks": 2, "drone_capacity": 10, "number_of_drones": 2, "iteration": 5, "best_fitness": 446.00629599739364, "runtime": 16.67901062965393, "best_solution": [[[[0, [19, 4, 10, 17]], [12, [12, 7]], [19, []], [4, []], [10, []], [17, []], [7, []], [16, [16, 11, 29]], [11, []], [29, []], [23, [23, 5, 13, 14, 24, 18]], [5, []], [13, []], [14, []], [24, []], [18, []]], [[0, [26, 9, 30, 21, 3]], [26, []], [9, []], [30, []], [21, []], [3, []], [1, [1]], [2, [2, 28, 22, 15, 20, 25, 6, 8, 27]], [28, []], [22, []], [15, []], [20, []], [25, []], [6, []], [8, []], [27, []]]], [[[1, [1]]], [[12, [12, 7]]], [[16, [16, 11, 29]]], [[2, [2, 28, 22, 15, 20, 25, 6, 8, 27]]], [[23, [23, 5, 13, 14, 24, 18]]]]]}
