{"file_name": "U_30_1", "number_of_trucks": 2, "drone_capacity": 10, "number_of_drones": 2, "iteration": 1, "best_fitness": 396.23999999999995, "runtime": 735.6911449432373, "best_solution": [[[[0, [24]], [24, []], [0, [9]], [6, [6]], [9, []], [0, []], [2, [2, 16, 1, 3, 10, 5]], [3, []], [10, []], [16, []], [5, []], [17, [17, 12]], [1, []], [12, []]], [[0, [21, 4, 20, 19]], [4, []], [20, []], [25, [25, 23, 26, 15, 18]], [26, []], [23, []], [18, []], [15, []], [21, []], [8, [8, 27, 30, 11, 7, 14]], [19, []], [11, []], [27, []], [29, [29, 28, 13, 22]], [7, []], [14, []], [22, []], [28, []], [30, []], [13, []]]], [[[25, [25, 23, 26, 15, 18]]], [[6, [6]]], [[2, [2, 16, 1, 3, 10, 5]]], [[8, [8, 27, 30, 11, 7, 14]]], [[29, [29, 28, 13, 22]]], [[17, [17, 12]]]]]}
{"file_name": "U_30_1", "number_of_trucks": 2, "drone_capacity": 10, "number_of_drones": 2, "iteration": 2, "best_fitness": 380.67898500353124, "runtime": 2597.816308736801, "best_solution": [[[[0, [9, 3, 24]], [24, []], [9, []], [6, [6]], [3, []], [2, [2, 30, 1, 25, 10]], [30, []], [25, []], [10, []], [16, [16, 12, 17]], [17, []], [1, []], [12, []]], [[0, [20, 21]], [4, [5, 26, 18, 4, 19, 23]], [26, []], [23, []], [20, []], [11, [11, 15, 7]], [19, []], [15, []], [8, [8, 27, 14]], [5, []], [21, []], [18, []], [27, []], [29, [29, 13, 28, 22]], [7, []], [14, []], [28, []], [22, []], [13, []]]], [[[4, [5, 26, 18, 4, 19, 23]]], [[6, [6]]], [[11, [11, 15, 7]]], [[8, [8, 27, 14]]], [[2, [2, 30, 1, 25, 10]]], [[16, [16, 12, 17]]], [[29, [29, 13, 28, 22]]]]]}
{"file_name": "U_30_1", "number_of_trucks": 2, "drone_capacity": 10, "number_of_drones": 2, "iteration": 3, "best_fitness": 398.54886300997447, "runtime": 306.96681094169617, "best_solution": [[[[0, [23, 26, 9, 24, 20]], [20, []], [23, []], [26, []], [9, []], [24, []], [6, [6, 25, 3]], [25, []], [3, [14, 27, 29, 28, 30, 22, 2]], [14, []], [27, []], [29, []], [28, []], [30, []], [22, []], [2, []]], [[0, [4]], [18, [21, 5, 18]], [21, []], [5, [15, 19]], [15, []], [19, []], [4, []], [10, [10, 7, 11, 8]], [7, []], [11, []], [16, [16, 17, 12, 13, 1]], [8, []], [17, []], [1, []], [12, []], [13, []]]], [[[18, [21, 5, 18]]], [[5, [15, 19]]], [[6, [6, 25, 3]]], [[10, [10, 7, 11, 8]]], [[3, [14, 27, 29, 28, 30, 22, 2]]], [[16, [16, 17, 12, 13, 1]]]]]}
{"file_name": "U_30_1", "number_of_trucks": 2, "drone_capacity": 10, "number_of_drones": 2, "iteration": 4, "best_fitness": 452.04, "runtime": 17.355010271072388, "best_solution": [[[[0, []], [18, [18]], [19, [19, 5, 21, 9]], [5, []], [21, [6, 10, 23, 15]], [9, []], [6, []], [10, []], [23, []], [15, []], [27, [27, 14, 22, 30, 28, 29, 13]], [14, []], [22, []], [30, []], [28, []], [29, []], [13, []]], [[0, [24, 20, 4, 3]], [24, []], [20, []], [4, []], [3, []], [26, [26, 25]], [25, []], [11, [11, 7]], [7, []], [2, [2, 1, 16, 8, 17, 12]], [1, []], [16, []], [8, []], [17, []], [12, []]]], [[[18, [18]]], [[19, [19, 5, 21, 9]]], [[21, [6, 10, 23, 15]]], [[26, [26, 25]]], [[11, [11, 7]]], [[2, [2, 1, 16, 8, 17, 12]]], [[27, [27, 14, 22, 30, 28, 29, 13]]]]]}
{"file_name": "U_30_1", "number_of_trucks": 2, "drone_capacity": 10, "number_of_drones": 2, "iteration": 5, "best_fitness": 433.45756832925605, "runtime": 17.255757093429565, "best_solution": [[[[0, [9]], [9, []], [3, [3, 7, 14]], [7, []], [14, []], [2, [2, 26, 22, 30, 28, 13, 12, 6, 24]], [26, []], [22, []], [30, []], [28, []], [13, []], [12, []], [6, []], [24, []]], [[0, []], [20, [20]], [4, [4, 5, 21, 19, 18]], [5, [23]], [21, []], [19, []], [18, []], [23, []], [10, [10, 25, 27]], [25, []], [27, []], [15, [15, 8, 16, 11, 29, 17, 1]], [8, []], [16, []], [11, []], [29, []], [17, []], [1, []]]], [[[20, [20]]], [[4, [4, 5, 21, 19, 18]]], [[5, [23]]], [[3, [3, 7, 14]]], [[10, [10, 25, 27]]], [[2, [2, 26, 22, 30, 28, 13, 12, 6, 24]]], [[15, [15, 8, 16, 11, 29, 17, 1]]]]]}
