{"file_name": "U_30_0", "number_of_trucks": 2, "drone_capacity": 10, "number_of_drones": 2, "iteration": 1, "best_fitness": 305.13482824295016, "runtime": 3068.8936264514923, "best_solution": [[[[0, [27, 5, 29, 13, 14]], [29, []], [13, []], [14, []], [5, []], [7, [7, 3, 19, 21, 9, 28]], [28, []], [3, []], [19, []], [20, [20, 16, 24, 26]], [16, []], [26, []], [21, []], [27, []], [24, []], [9, []]], [[0, []], [22, [22]], [15, [18, 4, 6, 15, 30]], [18, []], [4, []], [6, []], [30, []], [17, [17, 12, 1, 25, 10, 8, 2, 23, 11]], [12, []], [1, []], [25, []], [10, []], [8, []], [2, []], [23, []], [11, []]]], [[[22, [22]]], [[15, [18, 4, 6, 15, 30]]], [[7, [7, 3, 19, 21, 9, 28]]], [[17, [17, 12, 1, 25, 10, 8, 2, 23, 11]]], [[20, [20, 16, 24, 26]]]]]}
{"file_name": "U_30_0", "number_of_trucks": 2, "drone_capacity": 10, "number_of_drones": 2, "iteration": 2, "best_fitness": 323.7225062489909, "runtime": 543.8952708244324, "best_solution": [[[[0, [27, 14, 5, 13, 29]], [27, []], [21, [21, 4, 6, 30]], [4, []], [6, []], [14, []], [30, []], [5, []], [12, [12, 17, 24, 9, 16, 26, 20]], [17, []], [13, []], [29, []], [24, []], [9, []], [16, []], [26, []], [20, []]], [[0, []], [18, [18, 28, 10]], [28, []], [3, [3, 19, 11, 25, 1, 7, 22, 15]], [19, []], [11, []], [23, [23, 8, 2]], [8, []], [10, []], [25, []], [1, []], [2, []], [7, []], [22, []], [15, []]]], [[[18, [18, 28, 10]]], [[21, [21, 4, 6, 30]]], [[3, [3, 19, 11, 25, 1, 7, 22, 15]]], [[12, [12, 17, 24, 9, 16, 26, 20]]], [[23, [23, 8, 2]]]]]}
{"file_name": "U_30_0", "number_of_trucks": 2, "drone_capacity": 10, "number_of_drones": 2, "iteration": 3, "best_fitness": 318.0783613196715, "runtime": 17.854486227035522, "best_solution": [[[[0, [5, 13, 29]], [5, []], [13, []], [29, []], [1, [1, 10, 25, 12, 17, 30, 14, 6, 24, 9]], [10, []], [25, []], [12, []], [17, []], [30, []], [14, []], [6, []], [24, []], [9, []]], [[0, []], [22, [22]], [4, [4, 27]], [27, [21, 18, 15, 11]], [21, []], [18, []], [15, []], [11, []], [23, [23, 2, 8, 7, 3, 28, 19, 20, 26, 16]], [2, []], [8, []], [7, []], [3, []], [28, []], [19, []], [20, []], [26, []], [16, []]]], [[[22, [22]]], [[4, [4, 27]]], [[27, [21, 18, 15, 11]]], [[23, [23, 2, 8, 7, 3, 28, 19, 20, 26, 16]]], [[1, [1, 10, 25, 12, 17, 30, 14, 6, 24, 9]]]]]}
{"file_name": "U_30_0", "number_of_trucks": 2, "drone_capacity": 10, "number_of_drones": 2, "iteration": 4, "best_fitness": 353.32541795207055, "runtime": 18.156208992004395, "best_solution": [[[[0, [27]], [27, [28, 3]], [28, []], [3, []], [19, [19, 11, 22, 17, 6, 24, 9, 21, 26, 16]], [11, []], [22, []], [17, []], [6, []], [24, []], [9, []], [21, []], [26, []], [16, []]], [[0, [4, 5]], [4, []], [30, [30, 29, 13, 14, 23]], [29, []], [13, []], [14, []], [23, []], [5, []], [12, [12, 1, 25, 10, 2, 8, 7, 20, 15, 18]], [1, []], [25, []], [10, []], [2, []], [8, []], [7, []], [20, []], [15, []], [18, []]]], [[[27, [28, 3]]], [[30, [30, 29, 13, 14, 23]]], [[19, [19, 11, 22, 17, 6, 24, 9, 21, 26, 16]]], [[12, [12, 1, 25, 10, 2, 8, 7, 20, 15, 18]]]]]}
{"file_name": "U_30_0", "number_of_trucks": 2, "drone_capacity": 10, "number_of_drones": 2, "iteration": 5, "best_fitness": 331.33103580448113, "runtime": 17.453510761260986, "best_solution": [[[[0, [13, 27]], [13, []], [27, []], [4, [4, 21, 6, 14, 30, 12, 17, 29, 24, 9]], [21, []], [6, []], [14, []], [30, []], [12, []], [17, []], [29, []], [24, []], [9, []]], [[0, []], [5, [5, 22]], [22, []], [7, [7, 10, 25, 1]], [10, []], [25, []], [1, []], [23, [23, 2, 18, 15]], [2, []], [8, [8, 28, 3, 19, 20, 11, 26, 16]], [28, []], [3, []], [19, []], [20, []], [11, []], [26, []], [16, []], [18, []], [15, []]]], [[[5, [5, 22]]], [[7, [7, 10, 25, 1]]], [[4, [4, 21, 6, 14, 30, 12, 17, 29, 24, 9]]], [[23, [23, 2, 18, 15]]], [[8, [8, 28, 3, 19, 20, 11, 26, 16]]]]]}
