{"file_name": "U_30_1", "number_of_trucks": 2, "drone_capacity": 10, "number_of_drones": 2, "iteration": 1, "best_fitness": 479.07554505680014, "runtime": 537.7931687831879, "best_solution": [[[[0, [4]], [4, []], [0, [2]], [2, []], [0, [6, 9, 12, 10, 8, 21, 3, 15]], [27, [27, 26]], [15, []], [9, []], [26, []], [12, []], [10, []], [6, []], [8, []], [21, []], [3, []], [24, [24, 25, 1]], [25, []], [1, []]], [[0, [13, 14]], [23, [23]], [30, [30, 7, 17, 18]], [18, []], [13, []], [7, []], [17, []], [14, []], [5, [5, 29, 19, 20]], [29, []], [19, []], [28, [28, 16, 11, 22]], [16, []], [20, []], [11, []], [22, []]]], [[[23, [23]]], [[30, [30, 7, 17, 18]]], [[27, [27, 26]]], [[5, [5, 29, 19, 20]]], [[28, [28, 16, 11, 22]]], [[24, [24, 25, 1]]]]]}
{"file_name": "U_30_1", "number_of_trucks": 2, "drone_capacity": 10, "number_of_drones": 2, "iteration": 2, "best_fitness": 473.5955450568002, "runtime": 1731.2823395729065, "best_solution": [[[[0, [14]], [14, []], [4, [4, 12, 6, 13]], [12, [17, 21, 3, 8, 10, 7]], [6, []], [13, []], [17, []], [21, []], [3, []], [8, []], [10, []], [5, [5, 20, 27, 16]], [16, []], [20, []], [7, []], [22, [22, 11, 1]], [11, []], [27, []], [1, []]], [[0, [23, 9, 18, 15, 2, 30]], [23, []], [9, []], [18, []], [15, []], [2, []], [26, [29, 19, 26]], [30, []], [29, []], [19, []], [24, [24, 25, 28]], [25, []], [28, []]]], [[[4, [4, 12, 6, 13]]], [[12, [17, 21, 3, 8, 10, 7]]], [[5, [5, 20, 27, 16]]], [[26, [29, 19, 26]]], [[22, [22, 11, 1]]], [[24, [24, 25, 28]]]]]}
{"file_name": "U_30_1", "number_of_trucks": 2, "drone_capacity": 10, "number_of_drones": 2, "iteration": 3, "best_fitness": 470.4755450568001, "runtime": 928.0280950069427, "best_solution": [[[[0, [13, 12, 9, 10, 18, 7, 14, 2]], [2, []], [7, []], [14, []], [13, []], [12, []], [9, []], [10, []], [18, []], [16, [16, 22, 20, 15]], [22, []], [20, []], [11, [11, 1, 5]], [15, []], [5, []], [1, []]], [[0, [21]], [4, [4]], [23, [30, 6, 3, 8, 23]], [30, []], [26, [26, 17]], [6, []], [3, []], [8, []], [21, []], [17, []], [28, [28, 29, 19, 27]], [29, []], [19, []], [24, [24, 25]], [25, []], [27, []]]], [[[4, [4]]], [[23, [30, 6, 3, 8, 23]]], [[26, [26, 17]]], [[28, [28, 29, 19, 27]]], [[16, [16, 22, 20, 15]]], [[11, [11, 1, 5]]], [[24, [24, 25]]]]]}
{"file_name": "U_30_1", "number_of_trucks": 2, "drone_capacity": 10, "number_of_drones": 2, "iteration": 4, "best_fitness": 470.4755450568001, "runtime": 421.99444365501404, "best_solution": [[[[0, [18, 12, 10, 7, 14, 4]], [7, []], [14, []], [4, []], [18, []], [12, [30, 26]], [10, []], [30, []], [26, []], [28, [28]], [1, [1, 11, 22, 20]], [11, []], [20, []], [22, []]], [[0, [21, 6, 13, 23]], [23, []], [9, [9, 2, 8]], [2, []], [15, [15, 3, 17]], [21, []], [8, []], [3, []], [6, []], [13, []], [17, []], [16, [16, 5, 29, 19, 27]], [5, []], [29, []], [19, []], [24, [24, 25]], [25, []], [27, []]]], [[[9, [9, 2, 8]]], [[15, [15, 3, 17]]], [[16, [16, 5, 29, 19, 27]]], [[12, [30, 26]]], [[28, [28]]], [[1, [1, 11, 22, 20]]], [[24, [24, 25]]]]]}
{"file_name": "U_30_1", "number_of_trucks": 2, "drone_capacity": 10, "number_of_drones": 2, "iteration": 5, "best_fitness": 558.6936456640003, "runtime": 15.96399211883545, "best_solution": [[[[0, [18, 12, 10, 7, 6, 21]], [18, []], [12, []], [10, []], [7, []], [6, []], [21, []], [13, [13, 17]], [17, []], [26, [26, 27, 5, 16, 1, 11, 20, 22]], [27, []], [5, []], [16, []], [1, []], [11, []], [20, []], [22, []]], [[0, [4, 9, 23, 14]], [4, []], [9, []], [23, []], [14, []], [8, [8, 2]], [2, []], [3, [3, 30, 28, 24, 19, 29]], [30, []], [28, [25, 15]], [24, []], [19, []], [29, []], [25, []], [15, []]]], [[[13, [13, 17]]], [[8, [8, 2]]], [[3, [3, 30, 28, 24, 19, 29]]], [[26, [26, 27, 5, 16, 1, 11, 20, 22]]], [[28, [25, 15]]]]]}
