{"file_name": "U_30_0", "number_of_trucks": 2, "drone_capacity": 10, "number_of_drones": 2, "iteration": 1, "best_fitness": 311.8407168147709, "runtime": 2761.525678873062, "best_solution": [[[[0, []], [13, [13, 8]], [8, []], [7, [7, 22, 3, 24]], [22, []], [11, [11, 29, 28, 23, 21, 19, 6, 26, 14, 20]], [29, []], [28, []], [23, []], [21, []], [19, []], [20, []], [3, []], [6, []], [24, []], [14, []], [26, []]], [[0, [2, 4, 25, 30, 18, 9]], [9, []], [15, [15, 12]], [12, []], [2, []], [4, []], [27, [27, 16, 10, 17, 1, 5]], [25, []], [30, []], [16, []], [18, []], [10, []], [1, []], [17, []], [5, []]]], [[[13, [13, 8]]], [[7, [7, 22, 3, 24]]], [[15, [15, 12]]], [[11, [11, 29, 28, 23, 21, 19, 6, 26, 14, 20]]], [[27, [27, 16, 10, 17, 1, 5]]]]]}
{"file_name": "U_30_0", "number_of_trucks": 2, "drone_capacity": 10, "number_of_drones": 2, "iteration": 2, "best_fitness": 312.9532735598814, "runtime": 825.0089981555939, "best_solution": [[[[0, []], [2, [2, 4]], [4, []], [24, [24, 14, 7, 17, 8, 22]], [14, []], [7, []], [23, [23, 28, 21, 29, 11, 26, 19]], [28, []], [17, []], [19, []], [21, []], [29, []], [8, []], [11, []], [22, []], [26, []]], [[0, []], [9, [9, 13]], [13, []], [15, [15, 12, 25, 30, 18, 3]], [12, []], [25, []], [30, []], [18, []], [16, [16, 20, 1, 10, 27, 6, 5]], [20, []], [1, []], [10, []], [27, []], [3, []], [6, []], [5, []]]], [[[2, [2, 4]]], [[9, [9, 13]]], [[24, [24, 14, 7, 17, 8, 22]]], [[15, [15, 12, 25, 30, 18, 3]]], [[23, [23, 28, 21, 29, 11, 26, 19]]], [[16, [16, 20, 1, 10, 27, 6, 5]]]]]}
{"file_name": "U_30_0", "number_of_trucks": 2, "drone_capacity": 10, "number_of_drones": 2, "iteration": 3, "best_fitness": 322.1335357026287, "runtime": 18.07423233985901, "best_solution": [[[[0, [4]], [4, []], [18, [18, 30]], [30, []], [12, [12, 16, 25]], [16, []], [25, []], [10, [10, 1, 19, 27, 3, 6, 14, 24, 15, 26]], [1, []], [19, []], [27, []], [3, []], [6, []], [14, []], [24, []], [15, []], [26, []]], [[0, []], [13, [13]], [9, [9, 22, 7]], [22, []], [7, []], [8, [8, 5, 2, 20, 17, 21, 23, 28, 29, 11]], [5, []], [2, []], [20, []], [17, []], [21, []], [23, []], [28, []], [29, []], [11, []]]], [[[13, [13]]], [[18, [18, 30]]], [[9, [9, 22, 7]]], [[12, [12, 16, 25]]], [[8, [8, 5, 2, 20, 17, 21, 23, 28, 29, 11]]], [[10, [10, 1, 19, 27, 3, 6, 14, 24, 15, 26]]]]]}
{"file_name": "U_30_0", "number_of_trucks": 2, "drone_capacity": 10, "number_of_drones": 2, "iteration": 4, "best_fitness": 355.39291728044196, "runtime": 16.391391038894653, "best_solution": [[[[0, [13, 2]], [13, []], [2, [12, 9, 14]], [12, []], [9, []], [14, []], [15, [15, 16, 27, 10, 1, 19, 21, 23, 28, 22]], [16, []], [27, []], [10, []], [1, []], [19, []], [21, []], [23, []], [28, []], [22, []]], [[0, []], [30, [30, 18, 25, 4, 20]], [18, []], [25, []], [4, []], [20, []], [17, [17, 7, 11, 29, 8, 5, 24, 3, 6, 26]], [7, []], [11, []], [29, []], [8, []], [5, []], [24, []], [3, []], [6, []], [26, []]]], [[[2, [12, 9, 14]]], [[30, [30, 18, 25, 4, 20]]], [[15, [15, 16, 27, 10, 1, 19, 21, 23, 28, 22]]], [[17, [17, 7, 11, 29, 8, 5, 24, 3, 6, 26]]]]]}
{"file_name": "U_30_0", "number_of_trucks": 2, "drone_capacity": 10, "number_of_drones": 2, "iteration": 5, "best_fitness": 335.08000000000004, "runtime": 19.002378940582275, "best_solution": [[[[0, [2]], [2, []], [4, [4, 30, 25]], [30, []], [25, []], [15, [15, 16, 18, 10, 1, 21, 23, 28, 8, 5]], [12, [12]], [16, []], [18, []], [10, []], [1, []], [21, []], [23, []], [28, []], [8, []], [5, []]], [[0, []], [9, [9]], [22, [22, 7, 14, 24]], [7, []], [14, []], [24, []], [13, [13, 11, 29, 17, 19, 20, 27, 3, 6, 26]], [11, []], [29, []], [17, []], [19, []], [20, []], [27, []], [3, []], [6, []], [26, []]]], [[[9, [9]]], [[4, [4, 30, 25]]], [[22, [22, 7, 14, 24]]], [[15, [15, 16, 18, 10, 1, 21, 23, 28, 8, 5]]], [[12, [12]]], [[13, [13, 11, 29, 17, 19, 20, 27, 3, 6, 26]]]]]}
