{"file_name": "U_30_1", "number_of_trucks": 2, "drone_capacity": 10, "number_of_drones": 2, "iteration": 1, "best_fitness": 368.312917280442, "runtime": 466.47988748550415, "best_solution": [[[[0, [1, 7]], [7, []], [1, []], [17, [17, 2, 6, 15]], [2, []], [15, []], [14, [14, 5, 3, 12, 24]], [24, []], [3, []], [12, []], [6, []], [5, []], [13, [13, 22, 11]], [11, []], [22, []]], [[0, []], [26, [26, 9]], [9, []], [27, [27, 20, 25, 18, 16]], [20, []], [25, []], [18, []], [16, []], [30, [30, 4, 10, 23, 21, 19, 8]], [4, []], [10, []], [19, []], [21, []], [23, []], [28, [28, 29]], [8, []], [29, []]]], [[[26, [26, 9]]], [[27, [27, 20, 25, 18, 16]]], [[17, [17, 2, 6, 15]]], [[30, [30, 4, 10, 23, 21, 19, 8]]], [[14, [14, 5, 3, 12, 24]]], [[13, [13, 22, 11]]], [[28, [28, 29]]]]]}
{"file_name": "U_30_1", "number_of_trucks": 2, "drone_capacity": 10, "number_of_drones": 2, "iteration": 2, "best_fitness": 368.6295647067726, "runtime": 799.343828201294, "best_solution": [[[[0, [27, 1]], [26, [26, 18]], [27, []], [1, []], [18, []], [16, [16, 30, 25, 21]], [30, []], [25, []], [12, [12, 23, 5, 2, 17, 8]], [2, []], [17, []], [21, []], [23, []], [28, [28, 29]], [8, []], [29, []], [5, []]], [[0, [20]], [7, [7]], [15, [15, 6, 19]], [6, []], [20, []], [19, []], [10, [10, 4, 3, 24]], [4, []], [3, []], [24, []], [14, [14, 11, 22, 13, 9]], [9, []], [13, []], [11, []], [22, []]]], [[[7, [7]]], [[26, [26, 18]]], [[15, [15, 6, 19]]], [[16, [16, 30, 25, 21]]], [[12, [12, 23, 5, 2, 17, 8]]], [[10, [10, 4, 3, 24]]], [[14, [14, 11, 22, 13, 9]]], [[28, [28, 29]]]]]}
{"file_name": "U_30_1", "number_of_trucks": 2, "drone_capacity": 10, "number_of_drones": 2, "iteration": 3, "best_fitness": 368.97333984766396, "runtime": 1160.7376990318298, "best_solution": [[[[0, []], [7, [7]], [15, [15, 16, 25, 9, 6]], [9, []], [6, []], [16, []], [25, []], [4, [4, 10, 19, 23, 8, 21]], [10, []], [19, []], [21, []], [23, []], [28, [28, 29, 11, 22]], [8, []], [29, []], [11, []], [22, []]], [[0, [1, 27, 18]], [26, [26, 20]], [18, []], [20, []], [1, []], [17, [17, 5, 30]], [5, []], [12, [12, 2, 3, 24, 14, 13]], [30, []], [27, []], [2, []], [3, []], [24, []], [14, []], [13, []]]], [[[7, [7]]], [[26, [26, 20]]], [[15, [15, 16, 25, 9, 6]]], [[17, [17, 5, 30]]], [[4, [4, 10, 19, 23, 8, 21]]], [[12, [12, 2, 3, 24, 14, 13]]], [[28, [28, 29, 11, 22]]]]]}
{"file_name": "U_30_1", "number_of_trucks": 2, "drone_capacity": 10, "number_of_drones": 2, "iteration": 4, "best_fitness": 363.632917280442, "runtime": 1214.8342611789703, "best_solution": [[[[0, []], [7, [7, 27]], [27, []], [6, [6, 15, 9, 25, 16]], [15, []], [9, []], [2, [2, 3, 5, 8, 24]], [3, []], [25, []], [16, []], [12, [12, 29, 14, 11, 13]], [24, []], [14, []], [5, []], [29, []], [8, []], [11, []], [13, []]], [[0, [1, 20, 18, 26]], [26, []], [1, []], [20, []], [17, [17, 21]], [18, []], [30, [30, 4, 23, 19, 10]], [4, []], [10, []], [19, []], [21, []], [23, []], [28, [28, 22]], [22, []]]], [[[7, [7, 27]]], [[6, [6, 15, 9, 25, 16]]], [[17, [17, 21]]], [[2, [2, 3, 5, 8, 24]]], [[30, [30, 4, 23, 19, 10]]], [[12, [12, 29, 14, 11, 13]]], [[28, [28, 22]]]]]}
{"file_name": "U_30_1", "number_of_trucks": 2, "drone_capacity": 10, "number_of_drones": 2, "iteration": 5, "best_fitness": 450.9356566038545, "runtime": 18.71930956840515, "best_solution": [[[[0, []], [18, [18, 1, 6]], [1, []], [6, []], [8, [8, 21, 17, 23, 12, 15, 24, 9, 14, 11]], [21, []], [17, []], [23, []], [12, []], [15, []], [24, []], [9, []], [14, []], [11, []]], [[0, []], [7, [7]], [26, [26, 20, 27, 25, 16, 30]], [20, []], [27, []], [25, []], [16, []], [30, []], [19, [19, 10, 4, 3, 2]], [10, []], [4, [5, 13, 29, 28, 22]], [3, []], [2, []], [5, []], [13, []], [29, []], [28, []], [22, []]]], [[[7, [7]]], [[26, [26, 20, 27, 25, 16, 30]]], [[18, [18, 1, 6]]], [[19, [19, 10, 4, 3, 2]]], [[8, [8, 21, 17, 23, 12, 15, 24, 9, 14, 11]]], [[4, [5, 13, 29, 28, 22]]]]]}
