{"file_name": "U_30_0", "number_of_trucks": 2, "drone_capacity": 10, "number_of_drones": 2, "iteration": 1, "best_fitness": 294.55312764207395, "runtime": 1235.14732503891, "best_solution": [[[[0, [3, 2, 27, 11]], [2, []], [3, []], [24, [24, 14, 15, 9, 4]], [14, []], [27, []], [15, []], [9, []], [4, []], [11, []], [17, [17, 8, 23, 16, 10, 28, 7]], [8, []], [10, []], [7, []], [23, []], [16, []], [28, []]], [[0, [13, 19]], [19, []], [21, [21, 18]], [18, []], [12, [12, 30, 26, 5]], [5, []], [1, [1, 20, 25, 22, 6, 29]], [30, []], [20, []], [25, []], [13, []], [26, []], [22, []], [6, []], [29, []]]], [[[24, [24, 14, 15, 9, 4]]], [[21, [21, 18]]], [[12, [12, 30, 26, 5]]], [[1, [1, 20, 25, 22, 6, 29]]], [[17, [17, 8, 23, 16, 10, 28, 7]]]]]}
{"file_name": "U_30_0", "number_of_trucks": 2, "drone_capacity": 10, "number_of_drones": 2, "iteration": 2, "best_fitness": 299.4518672300021, "runtime": 309.9936170578003, "best_solution": [[[[0, [2, 21, 19]], [2, []], [21, []], [19, []], [28, [28, 14, 7, 9, 15, 18]], [14, []], [23, [23, 17, 8, 27, 4, 10, 11, 5, 1]], [7, []], [9, []], [15, []], [27, []], [4, []], [10, []], [17, []], [11, []], [8, []], [5, []], [1, []], [18, []]], [[0, [13, 3]], [3, []], [24, [24, 26, 16]], [16, []], [6, [6, 22, 12, 20, 30, 29, 25]], [22, []], [12, []], [20, []], [30, []], [25, []], [13, []], [26, []], [29, []]]], [[[24, [24, 26, 16]]], [[28, [28, 14, 7, 9, 15, 18]]], [[23, [23, 17, 8, 27, 4, 10, 11, 5, 1]]], [[6, [6, 22, 12, 20, 30, 29, 25]]]]]}
{"file_name": "U_30_0", "number_of_trucks": 2, "drone_capacity": 10, "number_of_drones": 2, "iteration": 3, "best_fitness": 294.1723452702636, "runtime": 1659.6528701782227, "best_solution": [[[[0, [3]], [2, [2, 13]], [3, []], [26, [26, 5]], [5, []], [1, [1, 20, 25, 29, 30, 12, 6, 22]], [30, []], [20, []], [25, []], [13, []], [12, []], [6, []], [22, []], [29, []]], [[0, [11, 15, 21, 18, 19, 27, 4, 10]], [21, []], [18, []], [19, []], [27, []], [4, []], [10, []], [17, [17, 8, 23, 7, 9, 16, 14, 24, 28]], [11, []], [8, []], [15, []], [9, []], [7, []], [23, []], [16, []], [14, []], [24, []], [28, []]]], [[[2, [2, 13]]], [[26, [26, 5]]], [[1, [1, 20, 25, 29, 30, 12, 6, 22]]], [[17, [17, 8, 23, 7, 9, 16, 14, 24, 28]]]]]}
{"file_name": "U_30_0", "number_of_trucks": 2, "drone_capacity": 10, "number_of_drones": 2, "iteration": 4, "best_fitness": 300.45988565866134, "runtime": 422.3290250301361, "best_solution": [[[[0, [3]], [3, [21, 13, 27, 2]], [21, []], [18, [18, 26, 7, 14, 16]], [26, []], [25, [25, 12, 1, 5, 23]], [13, []], [12, []], [5, []], [1, []], [27, []], [7, []], [23, []], [16, []], [14, []], [2, []]], [[0, [11, 19, 15]], [24, [9, 4, 24]], [19, []], [15, []], [9, []], [4, []], [10, [10, 8, 17, 30, 20, 6, 22, 29, 28]], [8, []], [17, []], [11, []], [30, []], [20, []], [6, []], [22, []], [29, []], [28, []]]], [[[3, [21, 13, 27, 2]]], [[24, [9, 4, 24]]], [[18, [18, 26, 7, 14, 16]]], [[25, [25, 12, 1, 5, 23]]], [[10, [10, 8, 17, 30, 20, 6, 22, 29, 28]]]]]}
{"file_name": "U_30_0", "number_of_trucks": 2, "drone_capacity": 10, "number_of_drones": 2, "iteration": 5, "best_fitness": 325.53025762486874, "runtime": 16.680169105529785, "best_solution": [[[[0, []], [18, [18, 19, 24, 22]], [19, []], [24, []], [22, []], [12, [12, 5, 1, 17, 8, 16, 23, 14, 2, 28]], [5, []], [1, []], [17, []], [8, []], [16, []], [23, []], [14, []], [2, []], [28, []]], [[0, []], [3, [3, 21]], [21, []], [15, [15, 7, 9, 27]], [7, []], [9, []], [27, []], [4, [4, 10, 11, 30, 20, 25, 13, 26, 6, 29]], [10, []], [11, []], [30, []], [20, []], [25, []], [13, []], [26, []], [6, []], [29, []]]], [[[18, [18, 19, 24, 22]]], [[3, [3, 21]]], [[15, [15, 7, 9, 27]]], [[12, [12, 5, 1, 17, 8, 16, 23, 14, 2, 28]]], [[4, [4, 10, 11, 30, 20, 25, 13, 26, 6, 29]]]]]}
