{"file_name": "U_30_1", "number_of_trucks": 2, "drone_capacity": 10, "number_of_drones": 2, "iteration": 1, "best_fitness": 476.9657367139764, "runtime": 1543.7189946174622, "best_solution": [[[[0, []], [30, [30]], [0, [14, 18, 27]], [18, []], [5, [5, 21, 9]], [14, []], [21, []], [8, [8, 17, 20, 6, 22]], [9, []], [17, []], [20, []], [6, []], [22, []], [27, []], [23, [23, 19]], [19, []]], [[0, [13]], [2, [2, 29]], [29, []], [10, [10, 24]], [24, []], [13, []], [7, [7, 28, 16, 15]], [28, []], [15, []], [16, []], [26, [26, 11, 12, 25]], [11, []], [12, []], [25, []], [3, [3, 1, 4]], [1, []], [4, []]]], [[[30, [30]]], [[2, [2, 29]]], [[10, [10, 24]]], [[7, [7, 28, 16, 15]]], [[5, [5, 21, 9]]], [[26, [26, 11, 12, 25]]], [[8, [8, 17, 20, 6, 22]]], [[3, [3, 1, 4]]], [[23, [23, 19]]]]]}
{"file_name": "U_30_1", "number_of_trucks": 2, "drone_capacity": 10, "number_of_drones": 2, "iteration": 2, "best_fitness": 476.9657367139764, "runtime": 289.4718072414398, "best_solution": [[[[0, [14, 13]], [13, []], [14, []], [0, [30]], [30, []], [8, [8, 28, 10, 21]], [28, []], [10, []], [7, [7, 17, 20, 6, 22]], [17, []], [21, []], [20, []], [6, []], [22, []], [23, [23, 19]], [19, []]], [[0, [2, 15]], [2, []], [15, []], [27, [18, 27]], [18, []], [24, [24]], [0, [29, 5]], [9, [9, 16]], [29, []], [16, []], [11, [11, 12, 26, 25]], [12, []], [26, []], [5, []], [25, []], [3, [3, 1, 4]], [1, []], [4, []]]], [[[27, [18, 27]]], [[24, [24]]], [[9, [9, 16]]], [[8, [8, 28, 10, 21]]], [[11, [11, 12, 26, 25]]], [[7, [7, 17, 20, 6, 22]]], [[3, [3, 1, 4]]], [[23, [23, 19]]]]]}
{"file_name": "U_30_1", "number_of_trucks": 2, "drone_capacity": 10, "number_of_drones": 2, "iteration": 3, "best_fitness": 477.8324659476499, "runtime": 1058.634120941162, "best_solution": [[[[0, [30, 27, 14, 18, 21, 5, 24]], [24, []], [5, []], [9, [9, 7]], [18, []], [21, []], [7, []], [30, []], [20, [20, 6, 22]], [6, []], [22, []], [14, []], [27, []], [23, [23, 19]], [19, []]], [[0, [13]], [13, []], [0, [29]], [29, []], [10, [10]], [0, [2, 15]], [8, [8, 28, 17, 16, 11, 26, 12]], [28, []], [17, []], [2, []], [15, []], [16, []], [11, []], [26, []], [12, []], [3, [3, 25, 4, 1]], [25, []], [1, []], [4, []]]], [[[9, [9, 7]]], [[10, [10]]], [[8, [8, 28, 17, 16, 11, 26, 12]]], [[20, [20, 6, 22]]], [[3, [3, 25, 4, 1]]], [[23, [23, 19]]]]]}
{"file_name": "U_30_1", "number_of_trucks": 2, "drone_capacity": 10, "number_of_drones": 2, "iteration": 4, "best_fitness": 479.9657367139764, "runtime": 721.2798097133636, "best_solution": [[[[0, [27, 15, 14, 2]], [2, []], [14, []], [27, []], [21, [21, 5, 18]], [15, []], [5, []], [18, []], [12, [12, 26, 11, 16, 28, 8]], [26, []], [11, []], [16, []], [28, []], [8, []], [3, [3, 1, 25, 4]], [25, []], [1, []], [4, []]], [[0, []], [13, [13]], [0, [30, 9, 10, 29]], [30, []], [9, []], [10, []], [29, []], [0, []], [17, [17, 6, 20, 22, 7, 24]], [24, []], [6, []], [20, []], [22, []], [23, [23, 19]], [19, []], [7, []]]], [[[13, [13]]], [[21, [21, 5, 18]]], [[12, [12, 26, 11, 16, 28, 8]]], [[17, [17, 6, 20, 22, 7, 24]]], [[3, [3, 1, 25, 4]]], [[23, [23, 19]]]]]}
{"file_name": "U_30_1", "number_of_trucks": 2, "drone_capacity": 10, "number_of_drones": 2, "iteration": 5, "best_fitness": 573.256834904896, "runtime": 19.157546281814575, "best_solution": [[[[0, []], [30, [30, 13, 14]], [13, [21, 5]], [14, []], [21, []], [5, []], [29, [29, 16, 26, 12, 17]], [16, []], [26, []], [12, []], [17, []], [20, [20, 22, 6, 4, 23, 19]], [22, []], [6, []], [4, []], [23, []], [19, []]], [[0, [2, 15, 27, 18]], [2, []], [15, []], [27, []], [18, []], [10, [10]], [24, [24]], [9, [9, 7, 28, 8, 11, 25, 3, 1]], [7, []], [28, []], [8, []], [11, []], [25, []], [3, []], [1, []]]], [[[30, [30, 13, 14]]], [[13, [21, 5]]], [[10, [10]]], [[29, [29, 16, 26, 12, 17]]], [[24, [24]]], [[9, [9, 7, 28, 8, 11, 25, 3, 1]]], [[20, [20, 22, 6, 4, 23, 19]]]]]}
