{"file_name": "U_30_1", "number_of_trucks": 2, "drone_capacity": 10, "number_of_drones": 2, "iteration": 1, "best_fitness": 345.69541584964367, "runtime": 1809.548678636551, "best_solution": [[[[0, [18, 14, 24]], [24, []], [25, [25, 13]], [13, []], [18, []], [14, []], [7, [7, 17, 19, 5]], [5, []], [17, []], [19, []], [10, [10, 21, 8, 12]], [21, []], [12, []], [8, []]], [[0, []], [6, [29, 6, 20, 1, 15]], [20, []], [27, [27, 2, 22]], [1, []], [2, []], [22, []], [29, []], [15, []], [3, [3, 9, 26, 28, 16, 11, 23]], [9, []], [26, []], [28, []], [16, []], [4, [4, 30]], [23, []], [30, []], [11, []]]], [[[6, [29, 6, 20, 1, 15]]], [[27, [27, 2, 22]]], [[25, [25, 13]]], [[3, [3, 9, 26, 28, 16, 11, 23]]], [[7, [7, 17, 19, 5]]], [[10, [10, 21, 8, 12]]], [[4, [4, 30]]]]]}
{"file_name": "U_30_1", "number_of_trucks": 2, "drone_capacity": 10, "number_of_drones": 2, "iteration": 2, "best_fitness": 342.7199999999999, "runtime": 1794.7034420967102, "best_solution": [[[[0, [22, 18, 14, 27]], [18, []], [14, []], [27, []], [22, [3, 28, 26, 12]], [3, []], [28, []], [26, []], [8, [8, 10, 21]], [12, []], [21, []], [10, []]], [[0, [2, 15, 20, 1, 6, 24, 25, 29]], [24, []], [20, []], [1, []], [13, [13]], [6, []], [2, []], [30, [30, 11, 23, 17, 19, 7]], [11, []], [23, []], [7, []], [15, []], [16, [16, 4, 9, 5]], [9, []], [29, []], [4, []], [5, []], [19, []], [17, []], [25, []]]], [[[13, [13]]], [[22, [3, 28, 26, 12]]], [[30, [30, 11, 23, 17, 19, 7]]], [[8, [8, 10, 21]]], [[16, [16, 4, 9, 5]]]]]}
{"file_name": "U_30_1", "number_of_trucks": 2, "drone_capacity": 10, "number_of_drones": 2, "iteration": 3, "best_fitness": 425.7992185364046, "runtime": 17.79156517982483, "best_solution": [[[[0, [6, 1, 13]], [6, []], [1, []], [13, []], [3, [3]], [17, [17, 11, 16, 27, 10, 21, 8, 25]], [11, []], [16, []], [27, []], [10, []], [21, []], [8, []], [25, []]], [[0, [24, 20]], [24, []], [20, []], [14, [14, 18, 22, 29]], [18, []], [22, [12, 28]], [29, []], [12, []], [28, []], [26, [26, 2, 30, 5, 23, 4, 9, 15, 7, 19]], [2, []], [30, []], [5, []], [23, []], [4, []], [9, []], [15, []], [7, []], [19, []]]], [[[14, [14, 18, 22, 29]]], [[3, [3]]], [[22, [12, 28]]], [[17, [17, 11, 16, 27, 10, 21, 8, 25]]], [[26, [26, 2, 30, 5, 23, 4, 9, 15, 7, 19]]]]]}
{"file_name": "U_30_1", "number_of_trucks": 2, "drone_capacity": 10, "number_of_drones": 2, "iteration": 4, "best_fitness": 401.01541584964366, "runtime": 17.572355270385742, "best_solution": [[[[0, [25]], [25, []], [24, [24, 6, 13, 1, 15]], [6, []], [13, []], [1, []], [15, []], [3, [3, 29, 23, 30, 11]], [29, []], [23, []], [30, []], [11, []], [2, [2, 22, 9, 16, 26, 8, 17]], [22, []], [9, []], [16, []], [26, []], [8, []], [17, []]], [[0, [14, 20, 27]], [14, []], [20, []], [27, []], [28, [28, 12]], [12, []], [7, [7, 19, 5, 4, 10, 21, 18]], [19, []], [5, []], [4, []], [10, []], [21, []], [18, []]]], [[[24, [24, 6, 13, 1, 15]]], [[3, [3, 29, 23, 30, 11]]], [[28, [28, 12]]], [[7, [7, 19, 5, 4, 10, 21, 18]]], [[2, [2, 22, 9, 16, 26, 8, 17]]]]]}
{"file_name": "U_30_1", "number_of_trucks": 2, "drone_capacity": 10, "number_of_drones": 2, "iteration": 5, "best_fitness": 440.6154158496437, "runtime": 20.77230930328369, "best_solution": [[[[0, []], [20, [20]], [6, [6, 1, 18, 24, 13]], [1, []], [18, [17, 23, 7, 25]], [24, []], [13, []], [17, []], [23, []], [7, []], [19, [19, 11, 30, 2, 22, 4, 5, 16, 15]], [11, []], [30, []], [2, []], [22, []], [4, []], [5, []], [16, []], [15, []], [25, []]], [[0, [29]], [29, []], [14, [14]], [27, [27]], [3, [3, 12, 28, 26, 9, 10, 21, 8]], [12, []], [28, []], [26, []], [9, []], [10, []], [21, []], [8, []]]], [[[20, [20]]], [[6, [6, 1, 18, 24, 13]]], [[14, [14]]], [[27, [27]]], [[18, [17, 23, 7, 25]]], [[19, [19, 11, 30, 2, 22, 4, 5, 16, 15]]], [[3, [3, 12, 28, 26, 9, 10, 21, 8]]]]]}
