{"file_name": "U_30_1", "number_of_trucks": 2, "drone_capacity": 10, "number_of_drones": 2, "iteration": 1, "best_fitness": 393.55767672314494, "runtime": 1581.5180752277374, "best_solution": [[[[0, []], [14, [14, 29, 22]], [29, [26, 30, 8, 18]], [22, []], [26, []], [30, []], [8, []], [18, []], [23, [23, 1, 24, 12, 4, 7, 25, 27]], [1, []], [24, []], [12, []], [4, []], [7, []], [25, []], [27, []]], [[0, [10, 28, 9, 2, 21]], [9, []], [2, []], [28, []], [10, []], [13, [13, 17, 11]], [11, []], [17, []], [5, [5, 15, 16, 19, 20, 3, 6]], [15, []], [16, []], [20, []], [21, []], [3, []], [19, []], [6, []]]], [[[13, [13, 17, 11]]], [[14, [14, 29, 22]]], [[29, [26, 30, 8, 18]]], [[23, [23, 1, 24, 12, 4, 7, 25, 27]]], [[5, [5, 15, 16, 19, 20, 3, 6]]]]]}
{"file_name": "U_30_1", "number_of_trucks": 2, "drone_capacity": 10, "number_of_drones": 2, "iteration": 2, "best_fitness": 400.33297568984074, "runtime": 598.398357629776, "best_solution": [[[[0, [30]], [30, []], [0, []], [8, [8]], [0, [14, 6, 26, 21, 20, 22]], [14, []], [22, []], [23, [23, 15, 16, 19]], [15, []], [16, []], [20, []], [21, []], [19, []], [6, []], [26, []]], [[0, [2]], [29, [29, 10]], [10, []], [28, [28, 9]], [18, [18, 3, 13]], [9, []], [3, []], [2, []], [5, [5, 11, 17, 1, 27]], [11, []], [17, []], [13, []], [1, []], [24, [24, 12, 4, 7, 25]], [12, []], [4, []], [7, []], [25, []], [27, []]]], [[[29, [29, 10]]], [[28, [28, 9]]], [[8, [8]]], [[18, [18, 3, 13]]], [[5, [5, 11, 17, 1, 27]]], [[23, [23, 15, 16, 19]]], [[24, [24, 12, 4, 7, 25]]]]]}
{"file_name": "U_30_1", "number_of_trucks": 2, "drone_capacity": 10, "number_of_drones": 2, "iteration": 3, "best_fitness": 393.2939081310687, "runtime": 1449.5885801315308, "best_solution": [[[[0, [28, 29, 14, 2]], [29, []], [14, []], [8, [8, 13]], [2, []], [5, [5, 23, 1]], [23, []], [1, []], [13, []], [24, [24, 12, 4, 7, 25, 27]], [12, []], [4, []], [28, []], [7, []], [25, []], [27, []]], [[0, [30, 9, 10, 22]], [22, []], [30, []], [9, []], [18, [18, 11, 17]], [17, []], [10, []], [11, []], [15, [15, 16, 20, 21, 3, 19, 6, 26]], [16, []], [20, []], [21, []], [3, []], [19, []], [6, []], [26, []]]], [[[18, [18, 11, 17]]], [[8, [8, 13]]], [[5, [5, 23, 1]]], [[15, [15, 16, 20, 21, 3, 19, 6, 26]]], [[24, [24, 12, 4, 7, 25, 27]]]]]}
{"file_name": "U_30_1", "number_of_trucks": 2, "drone_capacity": 10, "number_of_drones": 2, "iteration": 4, "best_fitness": 470.10597574196936, "runtime": 17.448782682418823, "best_solution": [[[[0, [29, 8]], [29, []], [8, []], [14, [14]], [28, [28, 21, 5, 20, 2, 15, 16, 19, 6]], [21, []], [5, []], [20, []], [2, []], [15, []], [16, []], [19, []], [6, []]], [[0, [9, 30]], [9, []], [30, []], [3, [3, 26, 18, 13]], [26, [11, 10]], [18, []], [13, []], [11, []], [10, []], [17, [17, 23, 1, 12, 24, 4, 7, 22, 25, 27]], [23, []], [1, []], [12, []], [24, []], [4, []], [7, []], [22, []], [25, []], [27, []]]], [[[3, [3, 26, 18, 13]]], [[14, [14]]], [[26, [11, 10]]], [[28, [28, 21, 5, 20, 2, 15, 16, 19, 6]]], [[17, [17, 23, 1, 12, 24, 4, 7, 22, 25, 27]]]]]}
{"file_name": "U_30_1", "number_of_trucks": 2, "drone_capacity": 10, "number_of_drones": 2, "iteration": 5, "best_fitness": 444.21414788160024, "runtime": 16.90128254890442, "best_solution": [[[[0, [28, 6]], [28, [3]], [6, []], [3, []], [26, [26, 20, 5, 11, 15, 16, 9, 19, 30, 8]], [20, []], [5, []], [11, []], [15, []], [16, []], [9, []], [19, []], [30, []], [8, []]], [[0, [10]], [10, []], [29, [29, 14, 22, 18, 2, 21]], [14, []], [22, []], [18, []], [2, []], [21, []], [13, [13, 23, 17, 1, 12, 24, 4, 7, 25, 27]], [23, []], [17, []], [1, []], [12, []], [24, []], [4, []], [7, []], [25, []], [27, []]]], [[[28, [3]]], [[29, [29, 14, 22, 18, 2, 21]]], [[26, [26, 20, 5, 11, 15, 16, 9, 19, 30, 8]]], [[13, [13, 23, 17, 1, 12, 24, 4, 7, 25, 27]]]]]}
