{"file_name": "U_30_1", "number_of_trucks": 2, "drone_capacity": 10, "number_of_drones": 2, "iteration": 1, "best_fitness": 487.02523083604615, "runtime": 1038.2007677555084, "best_solution": [[[[0, [29, 13, 5, 7, 22, 1]], [1, []], [7, []], [8, [8, 14, 6, 23]], [22, []], [29, []], [6, []], [14, []], [30, [30, 10]], [13, []], [5, []], [23, []], [2, [2, 25, 12, 17]], [10, []], [25, []], [12, []], [17, []]], [[0, [19, 9, 16, 21, 27]], [9, []], [16, [3, 4, 15]], [3, []], [19, []], [4, []], [15, []], [11, [11]], [21, []], [27, []], [24, [24, 26, 28, 20, 18]], [26, []], [28, []], [20, []], [18, []]]], [[[8, [8, 14, 6, 23]]], [[16, [3, 4, 15]]], [[30, [30, 10]]], [[11, [11]]], [[2, [2, 25, 12, 17]]], [[24, [24, 26, 28, 20, 18]]]]]}
{"file_name": "U_30_1", "number_of_trucks": 2, "drone_capacity": 10, "number_of_drones": 2, "iteration": 2, "best_fitness": 479.89261067251925, "runtime": 1837.2202315330505, "best_solution": [[[[0, [13, 9, 16, 22]], [9, []], [13, []], [16, []], [22, []], [0, [29, 4, 27, 21, 14, 6, 15]], [15, []], [21, []], [27, []], [29, []], [4, []], [14, []], [6, []], [24, [24, 28, 11]], [11, []], [28, [20, 18]], [20, []], [18, []]], [[0, []], [19, [19, 3, 5, 7, 1]], [3, []], [5, []], [7, []], [1, []], [12, [12, 8, 23]], [23, []], [30, [30, 10, 2]], [2, []], [8, []], [10, []], [25, [25, 17, 26]], [17, []], [26, []]]], [[[19, [19, 3, 5, 7, 1]]], [[12, [12, 8, 23]]], [[30, [30, 10, 2]]], [[25, [25, 17, 26]]], [[24, [24, 28, 11]]], [[28, [20, 18]]]]]}
{"file_name": "U_30_1", "number_of_trucks": 2, "drone_capacity": 10, "number_of_drones": 2, "iteration": 3, "best_fitness": 488.910008193362, "runtime": 754.6840579509735, "best_solution": [[[[0, [13]], [13, []], [16, [16]], [0, [22, 21, 27, 9, 15, 19, 3]], [22, []], [21, []], [27, []], [9, []], [15, []], [19, []], [11, [11]], [25, [25, 20, 18, 28]], [3, []], [28, []], [20, []], [18, []]], [[0, []], [1, [1, 29, 5]], [5, []], [29, []], [4, [4, 7, 14, 12]], [7, []], [8, [8, 10]], [10, []], [12, []], [2, [2, 6, 23]], [23, []], [14, []], [6, []], [17, [17, 30, 24, 26]], [30, []], [24, []], [26, []]]], [[[1, [1, 29, 5]]], [[16, [16]]], [[4, [4, 7, 14, 12]]], [[8, [8, 10]]], [[11, [11]]], [[2, [2, 6, 23]]], [[17, [17, 30, 24, 26]]], [[25, [25, 20, 18, 28]]]]]}
{"file_name": "U_30_1", "number_of_trucks": 2, "drone_capacity": 10, "number_of_drones": 2, "iteration": 4, "best_fitness": 569.1310358044811, "runtime": 17.154229640960693, "best_solution": [[[[0, [19, 3]], [19, []], [3, []], [1, [1]], [7, [7, 4, 15, 9, 27, 6]], [4, []], [15, []], [9, []], [27, []], [6, []], [23, [23, 10, 2, 14, 30]], [10, []], [2, []], [14, []], [30, []], [25, [25, 12, 17]], [12, []], [17, []]], [[0, [13, 22, 5, 29]], [13, []], [22, []], [5, []], [29, []], [16, [16, 21]], [21, []], [8, [8, 11, 26, 24, 20, 28, 18]], [11, []], [26, []], [24, []], [20, []], [28, []], [18, []]]], [[[1, [1]]], [[7, [7, 4, 15, 9, 27, 6]]], [[23, [23, 10, 2, 14, 30]]], [[16, [16, 21]]], [[8, [8, 11, 26, 24, 20, 28, 18]]], [[25, [25, 12, 17]]]]]}
{"file_name": "U_30_1", "number_of_trucks": 2, "drone_capacity": 10, "number_of_drones": 2, "iteration": 5, "best_fitness": 547.6454179520705, "runtime": 19.827377796173096, "best_solution": [[[[0, []], [22, [22, 9]], [9, []], [6, [6, 14, 12, 7, 8, 10]], [14, []], [12, []], [7, []], [8, []], [10, []], [30, [30, 26, 24, 28, 20, 18]], [26, []], [24, []], [28, []], [20, []], [18, []]], [[0, []], [29, [29, 13, 16]], [13, []], [16, [3, 19, 1, 5]], [3, []], [19, []], [1, []], [5, []], [21, [21, 27, 4]], [27, []], [4, []], [15, [15]], [23, [23, 2, 11, 25, 17]], [2, []], [11, []], [25, []], [17, []]]], [[[29, [29, 13, 16]]], [[16, [3, 19, 1, 5]]], [[22, [22, 9]]], [[6, [6, 14, 12, 7, 8, 10]]], [[21, [21, 27, 4]]], [[15, [15]]], [[23, [23, 2, 11, 25, 17]]], [[30, [30, 26, 24, 28, 20, 18]]]]]}
