{"file_name": "U_30_0", "number_of_trucks": 2, "drone_capacity": 10, "number_of_drones": 2, "iteration": 1, "best_fitness": 270.3768466018578, "runtime": 565.0577540397644, "best_solution": [[[[0, [12, 23, 16]], [12, []], [23, []], [16, [7, 28, 11, 13, 5, 29, 18]], [7, []], [28, []], [11, []], [13, []], [5, []], [14, [14, 24]], [29, []], [24, []], [18, []], [27, [27]]], [[0, [21, 3, 26]], [21, []], [3, []], [30, [30, 15, 4, 19, 8]], [19, []], [8, []], [4, []], [10, [20, 10, 6, 2, 17, 25, 22]], [6, []], [2, []], [17, []], [25, []], [22, []], [20, []], [15, []], [26, []], [9, [9, 1]], [1, []]]], [[[30, [30, 15, 4, 19, 8]]], [[16, [7, 28, 11, 13, 5, 29, 18]]], [[10, [20, 10, 6, 2, 17, 25, 22]]], [[9, [9, 1]]], [[14, [14, 24]]], [[27, [27]]]]]}
{"file_name": "U_30_0", "number_of_trucks": 2, "drone_capacity": 10, "number_of_drones": 2, "iteration": 2, "best_fitness": 279.2729154395682, "runtime": 439.39792704582214, "best_solution": [[[[0, [4, 6, 26, 16, 3]], [3, []], [30, [30]], [4, []], [10, [10, 7, 28, 17, 2, 22, 25, 20]], [6, []], [16, []], [7, []], [28, []], [17, []], [2, []], [22, []], [25, []], [20, []], [26, []], [9, [9, 1]], [1, []]], [[0, []], [15, [15, 12]], [12, []], [27, [27, 18, 5, 29, 24, 23, 13, 11]], [18, []], [29, []], [24, []], [23, []], [14, [14, 8, 19, 21]], [5, []], [13, []], [11, []], [8, []], [19, []], [21, []]]], [[[15, [15, 12]]], [[30, [30]]], [[10, [10, 7, 28, 17, 2, 22, 25, 20]]], [[27, [27, 18, 5, 29, 24, 23, 13, 11]]], [[9, [9, 1]]], [[14, [14, 8, 19, 21]]]]]}
{"file_name": "U_30_0", "number_of_trucks": 2, "drone_capacity": 10, "number_of_drones": 2, "iteration": 3, "best_fitness": 281.08, "runtime": 459.126496553421, "best_solution": [[[[0, [4, 12, 3, 16, 21, 6]], [21, []], [3, []], [12, []], [19, [19, 26]], [4, []], [16, []], [10, [10, 7, 2, 28, 17, 22, 25, 20]], [7, []], [6, []], [2, []], [28, []], [17, []], [22, []], [25, []], [20, []], [26, []], [9, [9, 1]], [1, []]], [[0, [30, 18, 29]], [30, []], [18, [24, 23, 11, 8]], [29, []], [24, []], [23, []], [14, [14, 5, 13, 15, 27]], [5, []], [13, []], [11, []], [8, []], [15, []], [27, []]]], [[[19, [19, 26]]], [[18, [24, 23, 11, 8]]], [[10, [10, 7, 2, 28, 17, 22, 25, 20]]], [[14, [14, 5, 13, 15, 27]]], [[9, [9, 1]]]]]}
{"file_name": "U_30_0", "number_of_trucks": 2, "drone_capacity": 10, "number_of_drones": 2, "iteration": 4, "best_fitness": 276.5404621240835, "runtime": 342.3784816265106, "best_solution": [[[[0, [3, 8, 11, 13, 30, 12, 19]], [3, []], [12, []], [19, []], [8, []], [11, []], [13, []], [14, [14, 5, 23, 24, 29, 18, 27]], [5, []], [23, []], [24, []], [29, []], [18, []], [30, []], [27, []]], [[0, [4]], [21, [6, 21, 26, 16]], [6, []], [4, []], [10, [10, 7, 28, 17, 2, 22, 25, 20, 15]], [16, []], [7, []], [28, []], [17, []], [2, []], [22, []], [25, []], [20, []], [26, []], [9, [9, 1]], [15, []], [1, []]]], [[[21, [6, 21, 26, 16]]], [[10, [10, 7, 28, 17, 2, 22, 25, 20, 15]]], [[14, [14, 5, 23, 24, 29, 18, 27]]], [[9, [9, 1]]]]]}
{"file_name": "U_30_0", "number_of_trucks": 2, "drone_capacity": 10, "number_of_drones": 2, "iteration": 5, "best_fitness": 279.36122905795065, "runtime": 865.3172852993011, "best_solution": [[[[0, [21]], [18, [18, 16, 29, 4]], [16, []], [7, [7, 17, 28, 11, 13, 5]], [17, []], [28, []], [11, []], [13, []], [5, []], [14, [14, 10, 23, 24]], [23, []], [24, []], [29, []], [4, []], [10, []], [21, []]], [[0, [3, 12, 8, 6, 25, 30, 19]], [3, []], [12, []], [27, [27, 2, 22, 20, 26, 15]], [30, []], [19, []], [8, []], [6, []], [2, []], [22, []], [25, []], [20, []], [26, []], [9, [9, 1]], [15, []], [1, []]]], [[[18, [18, 16, 29, 4]]], [[27, [27, 2, 22, 20, 26, 15]]], [[7, [7, 17, 28, 11, 13, 5]]], [[9, [9, 1]]], [[14, [14, 10, 23, 24]]]]]}
