{"file_name": "U_30_1", "number_of_trucks": 2, "drone_capacity": 10, "number_of_drones": 2, "iteration": 1, "best_fitness": 463.9805473486183, "runtime": 1437.841982126236, "best_solution": [[[[0, [10, 29]], [10, []], [29, []], [6, [6, 27]], [21, [21]], [27, []], [19, [19, 26, 22, 24, 28]], [26, []], [22, []], [3, [3, 15, 9]], [15, []], [9, []], [24, []], [28, []]], [[0, [17, 7, 2, 14, 16, 13, 18]], [2, []], [14, []], [16, []], [18, []], [1, [1, 30, 11]], [30, []], [17, []], [11, []], [7, []], [23, [23, 4, 8]], [4, []], [8, []], [20, [20, 25, 12]], [25, []], [13, []], [12, []], [5, [5]]]], [[[6, [6, 27]]], [[1, [1, 30, 11]]], [[21, [21]]], [[23, [23, 4, 8]]], [[19, [19, 26, 22, 24, 28]]], [[3, [3, 15, 9]]], [[20, [20, 25, 12]]], [[5, [5]]]]]}
{"file_name": "U_30_1", "number_of_trucks": 2, "drone_capacity": 10, "number_of_drones": 2, "iteration": 2, "best_fitness": 466.2724990156619, "runtime": 1044.179147720337, "best_solution": [[[[0, [7]], [7, []], [18, [18]], [0, [16, 14]], [16, []], [14, []], [0, [17]], [23, [23, 4, 8, 27, 11]], [4, []], [11, []], [17, []], [8, []], [27, []], [9, [9, 15, 3, 19, 24]], [15, []], [19, []], [24, []], [3, []]], [[0, [10]], [29, [29, 13, 2, 30]], [2, []], [10, []], [30, []], [1, [1, 6]], [28, [28, 22, 26, 12, 21]], [21, []], [12, []], [6, []], [22, []], [26, []], [13, []], [25, [25, 20, 5]], [20, []], [5, []]]], [[[29, [29, 13, 2, 30]]], [[18, [18]]], [[1, [1, 6]]], [[28, [28, 22, 26, 12, 21]]], [[23, [23, 4, 8, 27, 11]]], [[25, [25, 20, 5]]], [[9, [9, 15, 3, 19, 24]]]]]}
{"file_name": "U_30_1", "number_of_trucks": 2, "drone_capacity": 10, "number_of_drones": 2, "iteration": 3, "best_fitness": 462.71312764207397, "runtime": 481.2625548839569, "best_solution": [[[[0, [30, 10]], [30, []], [16, [17, 11, 16, 14]], [14, []], [1, [1]], [27, [27, 8]], [8, []], [17, []], [11, []], [10, []], [4, [4, 19, 28, 23]], [19, []], [28, []], [23, []], [9, [9, 15, 3, 24]], [15, []], [24, []], [3, []]], [[0, []], [29, [29, 2, 6, 7, 18, 13]], [6, []], [2, []], [7, []], [21, [21, 26, 22]], [18, []], [25, [25]], [13, []], [26, []], [22, []], [12, [12, 20, 5]], [20, []], [5, []], [0, []]]], [[[16, [17, 11, 16, 14]]], [[29, [29, 2, 6, 7, 18, 13]]], [[1, [1]]], [[27, [27, 8]]], [[21, [21, 26, 22]]], [[4, [4, 19, 28, 23]]], [[25, [25]]], [[12, [12, 20, 5]]], [[9, [9, 15, 3, 24]]]]]}
{"file_name": "U_30_1", "number_of_trucks": 2, "drone_capacity": 10, "number_of_drones": 2, "iteration": 4, "best_fitness": 466.2923452702635, "runtime": 650.4603219032288, "best_solution": [[[[0, [29]], [29, []], [0, [13, 18, 2, 11]], [11, []], [1, [1, 21, 6]], [21, []], [18, []], [2, []], [6, []], [26, [26, 25, 19, 24, 28]], [25, []], [13, []], [20, [20, 5]], [5, []], [19, []], [24, []], [28, []]], [[0, [14, 16, 10, 7, 30]], [14, []], [16, []], [10, []], [7, []], [27, [27, 8, 17]], [17, []], [8, []], [30, []], [12, [12, 22, 4, 23]], [22, []], [4, []], [9, [9, 15, 3]], [15, []], [23, []], [3, []]]], [[[1, [1, 21, 6]]], [[27, [27, 8, 17]]], [[12, [12, 22, 4, 23]]], [[26, [26, 25, 19, 24, 28]]], [[20, [20, 5]]], [[9, [9, 15, 3]]]]]}
{"file_name": "U_30_1", "number_of_trucks": 2, "drone_capacity": 10, "number_of_drones": 2, "iteration": 5, "best_fitness": 539.7283086784806, "runtime": 16.70370364189148, "best_solution": [[[[0, [10, 30, 7]], [10, []], [30, []], [7, [2, 17, 11, 8]], [2, []], [17, []], [11, []], [8, []], [1, [1, 27, 4]], [27, []], [4, []], [22, [22, 12, 25, 20, 5]], [12, []], [25, []], [20, []], [5, []]], [[0, [29, 16, 13, 14, 18]], [29, []], [16, []], [13, []], [14, []], [18, []], [6, [6, 26]], [26, []], [21, [21, 24, 23, 28, 19, 3, 15, 9]], [24, []], [23, []], [28, []], [19, []], [3, []], [15, []], [9, []]]], [[[6, [6, 26]]], [[7, [2, 17, 11, 8]]], [[1, [1, 27, 4]]], [[21, [21, 24, 23, 28, 19, 3, 15, 9]]], [[22, [22, 12, 25, 20, 5]]]]]}
