{"file_name": "U_30_1", "number_of_trucks": 2, "drone_capacity": 10, "number_of_drones": 2, "iteration": 1, "best_fitness": 374.90151627424063, "runtime": 1522.06138753891, "best_solution": [[[[0, []], [23, [23, 2, 8]], [2, []], [8, []], [10, [10, 15, 16, 12, 3, 25]], [15, []], [16, []], [12, []], [25, []], [3, []], [26, [26, 28, 29, 17]], [29, []], [28, []], [17, []]], [[0, [6, 11]], [11, []], [5, [5, 1, 4, 24]], [1, []], [4, []], [9, [9, 7, 19, 22, 20]], [7, []], [21, [21, 18, 14]], [24, []], [18, []], [14, []], [27, [27, 13, 30]], [19, []], [22, []], [6, []], [20, []], [13, []], [30, []]]], [[[23, [23, 2, 8]]], [[5, [5, 1, 4, 24]]], [[9, [9, 7, 19, 22, 20]]], [[10, [10, 15, 16, 12, 3, 25]]], [[21, [21, 18, 14]]], [[27, [27, 13, 30]]], [[26, [26, 28, 29, 17]]]]]}
{"file_name": "U_30_1", "number_of_trucks": 2, "drone_capacity": 10, "number_of_drones": 2, "iteration": 2, "best_fitness": 366.12, "runtime": 1900.2229986190796, "best_solution": [[[[0, [4, 6, 11, 24]], [4, []], [24, []], [22, [22, 20, 7]], [6, []], [20, []], [7, []], [17, [17, 16, 15, 29, 10, 9]], [16, []], [11, []], [26, [26, 28]], [15, []], [29, []], [10, []], [28, []], [9, []]], [[0, [5, 1, 23, 8, 2]], [8, []], [2, []], [5, []], [1, []], [12, [12, 3, 25]], [3, []], [25, []], [23, []], [27, [27, 18, 21, 14, 19, 30]], [14, []], [18, []], [19, []], [21, []], [13, [13]], [30, []]]], [[[12, [12, 3, 25]]], [[22, [22, 20, 7]]], [[17, [17, 16, 15, 29, 10, 9]]], [[27, [27, 18, 21, 14, 19, 30]]], [[26, [26, 28]]], [[13, [13]]]]]}
{"file_name": "U_30_1", "number_of_trucks": 2, "drone_capacity": 10, "number_of_drones": 2, "iteration": 3, "best_fitness": 394.31821719811546, "runtime": 210.82644033432007, "best_solution": [[[[0, [23, 5, 11]], [23, []], [11, []], [5, []], [17, [17, 16, 15, 29, 18, 30]], [18, []], [16, []], [15, [10, 9, 13, 7, 28]], [29, []], [10, []], [28, []], [9, []], [30, []], [13, []], [7, []]], [[0, [4, 1]], [4, [6, 2, 8]], [8, []], [24, [24]], [2, []], [1, []], [19, [19, 12, 22, 20]], [22, []], [6, []], [20, []], [12, []], [26, [26, 25, 14, 21, 3, 27]], [3, []], [25, []], [27, []], [14, []], [21, []]]], [[[17, [17, 16, 15, 29, 18, 30]]], [[4, [6, 2, 8]]], [[24, [24]]], [[19, [19, 12, 22, 20]]], [[26, [26, 25, 14, 21, 3, 27]]], [[15, [10, 9, 13, 7, 28]]]]]}
{"file_name": "U_30_1", "number_of_trucks": 2, "drone_capacity": 10, "number_of_drones": 2, "iteration": 4, "best_fitness": 431.1843694109246, "runtime": 18.433690786361694, "best_solution": [[[[0, [8, 11]], [8, [20]], [11, []], [20, []], [7, [7, 30, 19, 21, 17, 16, 15, 29, 10, 13]], [30, []], [19, []], [21, []], [17, []], [16, []], [15, []], [29, []], [10, []], [13, []]], [[0, [4, 2]], [4, []], [2, []], [24, [24]], [6, [6, 22, 23, 3, 25, 5, 1]], [22, []], [23, []], [3, []], [25, []], [5, []], [1, []], [12, [12, 14, 27, 18, 26, 28, 9]], [14, []], [27, []], [18, []], [26, []], [28, []], [9, []]]], [[[24, [24]]], [[8, [20]]], [[6, [6, 22, 23, 3, 25, 5, 1]]], [[7, [7, 30, 19, 21, 17, 16, 15, 29, 10, 13]]], [[12, [12, 14, 27, 18, 26, 28, 9]]]]]}
{"file_name": "U_30_1", "number_of_trucks": 2, "drone_capacity": 10, "number_of_drones": 2, "iteration": 5, "best_fitness": 413.55618295511874, "runtime": 22.83010458946228, "best_solution": [[[[0, []], [1, [1, 8]], [8, []], [20, [20, 7, 24, 6, 19]], [7, []], [24, []], [6, []], [19, []], [21, [21, 17, 29, 15, 16, 2, 10, 9, 30, 13]], [17, []], [29, []], [15, []], [16, []], [2, []], [10, []], [9, []], [30, []], [13, []]], [[0, []], [23, [23]], [22, [22]], [12, [12, 11, 3, 25, 5, 4]], [11, []], [3, []], [25, []], [5, []], [14, [14, 27, 18, 26, 28]], [27, []], [18, []], [26, []], [28, []], [4, []]]], [[[1, [1, 8]]], [[23, [23]]], [[22, [22]]], [[20, [20, 7, 24, 6, 19]]], [[12, [12, 11, 3, 25, 5, 4]]], [[21, [21, 17, 29, 15, 16, 2, 10, 9, 30, 13]]], [[14, [14, 27, 18, 26, 28]]]]]}
