{"file_name": "U_30_0", "number_of_trucks": 2, "drone_capacity": 10, "number_of_drones": 2, "iteration": 1, "best_fitness": 293.6, "runtime": 1813.7922370433807, "best_solution": [[[[0, [5, 4, 14]], [5, []], [4, []], [11, [11, 7, 17, 13, 21, 3, 8, 6, 20, 22]], [7, []], [14, []], [17, []], [13, []], [21, []], [3, []], [8, []], [6, []], [20, []], [22, []]], [[0, [9, 2, 18, 16, 25, 19]], [16, []], [18, [27, 15, 26, 1, 28, 10]], [28, []], [10, []], [9, []], [26, []], [12, [12, 29, 30, 23, 24]], [25, []], [30, []], [24, []], [19, []], [29, []], [2, []], [1, []], [23, []], [15, []], [27, []]]], [[[18, [27, 15, 26, 1, 28, 10]]], [[11, [11, 7, 17, 13, 21, 3, 8, 6, 20, 22]]], [[12, [12, 29, 30, 23, 24]]]]]}
{"file_name": "U_30_0", "number_of_trucks": 2, "drone_capacity": 10, "number_of_drones": 2, "iteration": 2, "best_fitness": 297.35453467335253, "runtime": 1369.5191593170166, "best_solution": [[[[0, [18]], [16, [16, 4, 9, 19, 28, 5]], [4, []], [18, []], [28, []], [9, []], [5, []], [29, [29, 24, 25, 30, 12, 27]], [19, []], [24, []], [30, []], [25, []], [12, []], [10, [10, 23, 26]], [26, []], [27, []], [23, []]], [[0, [14]], [2, [13, 6, 2]], [7, [7, 21, 3, 8, 17, 22]], [14, []], [17, []], [13, []], [6, []], [21, []], [3, []], [8, []], [20, [20, 11, 15, 1]], [11, []], [22, []], [15, []], [1, []]]], [[[16, [16, 4, 9, 19, 28, 5]]], [[2, [13, 6, 2]]], [[7, [7, 21, 3, 8, 17, 22]]], [[20, [20, 11, 15, 1]]], [[29, [29, 24, 25, 30, 12, 27]]], [[10, [10, 23, 26]]]]]}
{"file_name": "U_30_0", "number_of_trucks": 2, "drone_capacity": 10, "number_of_drones": 2, "iteration": 3, "best_fitness": 307.03246670102953, "runtime": 417.05835461616516, "best_solution": [[[[0, [1, 9, 2, 18, 22]], [1, []], [2, []], [5, [5, 23, 15, 27, 4, 20, 11, 7, 26]], [23, []], [15, []], [27, []], [9, []], [26, []], [18, []], [4, []], [22, []], [20, []], [11, []], [7, []]], [[0, []], [16, [13, 16, 14]], [14, [17, 6, 3, 21]], [13, []], [17, []], [6, []], [3, []], [21, []], [8, [8, 28, 10, 12, 25, 30, 24, 19, 29]], [28, []], [10, []], [12, []], [25, []], [30, []], [24, []], [19, []], [29, []]]], [[[16, [13, 16, 14]]], [[14, [17, 6, 3, 21]]], [[5, [5, 23, 15, 27, 4, 20, 11, 7, 26]]], [[8, [8, 28, 10, 12, 25, 30, 24, 19, 29]]]]]}
{"file_name": "U_30_0", "number_of_trucks": 2, "drone_capacity": 10, "number_of_drones": 2, "iteration": 4, "best_fitness": 314.7438941684225, "runtime": 15.295499324798584, "best_solution": [[[[0, []], [25, [25, 5, 2, 15]], [5, []], [2, []], [15, []], [23, [23, 1, 27, 22, 7, 14, 4, 16, 20, 11]], [1, []], [27, []], [22, []], [7, []], [14, []], [4, []], [16, []], [20, []], [11, []]], [[0, []], [18, [9, 18, 28, 6, 17, 13, 3]], [28, []], [6, []], [17, []], [13, []], [3, []], [21, [21, 8, 10, 12, 30, 24, 19, 29, 26]], [8, []], [10, []], [12, []], [30, []], [24, []], [19, []], [29, []], [26, []], [9, []]]], [[[18, [9, 18, 28, 6, 17, 13, 3]]], [[25, [25, 5, 2, 15]]], [[21, [21, 8, 10, 12, 30, 24, 19, 29, 26]]], [[23, [23, 1, 27, 22, 7, 14, 4, 16, 20, 11]]]]]}
{"file_name": "U_30_0", "number_of_trucks": 2, "drone_capacity": 10, "number_of_drones": 2, "iteration": 5, "best_fitness": 329.29106315620265, "runtime": 14.891767263412476, "best_solution": [[[[0, [28, 18]], [28, [4, 16, 5]], [18, []], [4, []], [16, []], [5, []], [19, [19, 24, 25, 12, 30, 8, 3, 21, 20, 11]], [24, []], [25, []], [12, []], [30, []], [8, []], [3, []], [21, []], [20, []], [11, []]], [[0, [14]], [14, []], [17, [17, 13, 6, 10]], [13, []], [6, []], [10, []], [9, [9, 26, 15, 27, 23, 1, 29, 2, 22, 7]], [26, []], [15, []], [27, []], [23, []], [1, []], [29, []], [2, []], [22, []], [7, []]]], [[[28, [4, 16, 5]]], [[17, [17, 13, 6, 10]]], [[9, [9, 26, 15, 27, 23, 1, 29, 2, 22, 7]]], [[19, [19, 24, 25, 12, 30, 8, 3, 21, 20, 11]]]]]}
