{"file_name": "U_50_0", "number_of_trucks": 2, "drone_capacity": 10, "number_of_drones": 2, "iteration": 1, "best_fitness": 391.59063068888923, "runtime": 3779.968671321869, "best_solution": [[[[0, []], [21, [21, 18, 24, 43, 48, 35, 29]], [18, []], [24, []], [43, []], [2, [2, 6, 13, 30, 26, 46, 39]], [6, []], [13, []], [30, []], [26, []], [48, []], [11, [11, 31, 10, 4, 17, 49, 37]], [35, []], [29, []], [46, []], [37, []], [39, []], [31, []], [10, []], [4, []], [17, []], [49, []]], [[0, [27, 5, 34]], [12, [36, 20, 41, 12, 1, 19, 3, 8]], [20, []], [41, []], [28, [28, 42, 22, 45]], [42, [7, 44, 38, 15, 47, 14, 16]], [22, []], [45, []], [1, []], [19, []], [3, [25, 33, 23, 50, 40, 9, 32]], [47, []], [14, []], [27, []], [5, []], [34, []], [8, []], [36, []], [25, []], [23, []], [50, []], [40, []], [9, []], [32, []], [16, []], [7, []], [44, []], [33, []], [38, []], [15, []]]], [[[21, [21, 18, 24, 43, 48, 35, 29]]], [[12, [36, 20, 41, 12, 1, 19, 3, 8]]], [[28, [28, 42, 22, 45]]], [[42, [7, 44, 38, 15, 47, 14, 16]]], [[2, [2, 6, 13, 30, 26, 46, 39]]], [[3, [25, 33, 23, 50, 40, 9, 32]]], [[11, [11, 31, 10, 4, 17, 49, 37]]]]]}
{"file_name": "U_50_0", "number_of_trucks": 2, "drone_capacity": 10, "number_of_drones": 2, "iteration": 2, "best_fitness": 498.80000000000007, "runtime": 101.67600631713867, "best_solution": [[[[0, [43, 3, 48, 35, 50, 23, 36, 8, 26, 1, 45, 22, 16, 7]], [43, [32, 9, 25, 40, 11, 5, 14, 47, 30, 44]], [3, []], [48, []], [35, []], [50, []], [23, []], [36, []], [8, []], [26, []], [1, []], [45, []], [22, []], [16, []], [7, []], [32, []], [9, []], [25, []], [40, []], [11, []], [5, []], [14, []], [47, []], [30, []], [44, []]], [[0, [28, 19, 27, 34, 29, 46, 37, 39, 31, 10, 4, 21, 18, 24, 17, 49, 12, 15, 42, 38, 33, 6, 13, 41, 2, 20]], [28, []], [19, []], [27, []], [34, []], [29, []], [46, []], [37, []], [39, []], [31, []], [10, []], [4, []], [21, []], [18, []], [24, []], [17, []], [49, []], [12, []], [15, []], [42, []], [38, []], [33, []], [6, []], [13, []], [41, []], [2, []], [20, []]]], [[[43, [32, 9, 25, 40, 11, 5, 14, 47, 30, 44]]]]]}
{"file_name": "U_50_0", "number_of_trucks": 2, "drone_capacity": 10, "number_of_drones": 2, "iteration": 3, "best_fitness": 494.72, "runtime": 102.65588021278381, "best_solution": [[[[0, [28, 20, 18, 24, 46, 37, 39, 31, 7, 16, 22, 3, 47, 27, 14, 5, 11, 34, 26, 45, 1, 30, 13, 6, 33, 38, 15, 12]], [28, []], [20, []], [18, []], [24, []], [46, []], [37, []], [39, []], [31, []], [7, []], [16, []], [22, []], [3, []], [47, []], [27, []], [14, []], [5, []], [11, []], [34, []], [26, []], [45, []], [1, []], [30, []], [13, []], [6, []], [33, []], [38, []], [15, []], [12, []]], [[0, [43, 23, 50, 29, 35, 48, 8, 19, 41, 2, 49, 17, 21]], [43, [4, 10, 32, 9, 40, 25, 36, 44, 42]], [23, []], [50, []], [29, []], [35, []], [48, []], [8, []], [19, []], [41, []], [2, []], [49, []], [17, []], [21, []], [4, []], [10, []], [32, []], [9, []], [40, []], [25, []], [36, []], [44, []], [42, []]]], [[[43, [4, 10, 32, 9, 40, 25, 36, 44, 42]]]]]}
