{"file_name": "U_50_0", "number_of_trucks": 2, "drone_capacity": 10, "number_of_drones": 2, "iteration": 1, "best_fitness": 393.4257683711658, "runtime": 3709.941433429718, "best_solution": [[[[0, []], [47, [47, 35, 2, 29, 38, 20, 8]], [8, []], [35, [4, 43, 50, 16, 10, 31]], [2, []], [29, []], [4, []], [43, []], [50, [46, 21, 25, 1, 36, 18, 14, 39, 12, 42]], [38, []], [20, []], [16, []], [10, []], [31, []], [46, []], [21, []], [25, []], [1, []], [36, []], [18, []], [14, []], [39, []], [12, []], [42, []]], [[0, [48, 45]], [27, [27, 11, 33]], [11, []], [33, []], [48, []], [49, [49, 44, 32, 30, 37, 6, 41, 9, 15]], [30, []], [37, []], [6, []], [41, []], [32, []], [45, []], [40, [40, 22, 28, 5, 3, 17, 19, 34, 24, 7]], [22, []], [23, [23, 26, 13]], [44, []], [13, []], [28, []], [5, []], [9, []], [15, []], [3, []], [17, []], [19, []], [34, []], [26, []], [24, []], [7, []]]], [[[27, [27, 11, 33]]], [[47, [47, 35, 2, 29, 38, 20, 8]]], [[35, [4, 43, 50, 16, 10, 31]]], [[49, [49, 44, 32, 30, 37, 6, 41, 9, 15]]], [[50, [46, 21, 25, 1, 36, 18, 14, 39, 12, 42]]], [[40, [40, 22, 28, 5, 3, 17, 19, 34, 24, 7]]], [[23, [23, 26, 13]]]]]}
{"file_name": "U_50_0", "number_of_trucks": 2, "drone_capacity": 10, "number_of_drones": 2, "iteration": 2, "best_fitness": 398.4361386530155, "runtime": 122.00982666015625, "best_solution": [[[[0, [2, 35, 43, 15]], [2, []], [35, []], [43, []], [15, []], [9, [9, 38, 20, 16, 44, 32]], [38, []], [20, []], [16, []], [44, []], [32, []], [46, [46, 10, 28, 13, 1, 36, 42, 27, 8]], [10, []], [28, []], [13, []], [31, [31, 40, 22, 45, 23]], [40, []], [22, []], [45, []], [23, []], [1, []], [36, []], [42, []], [27, []], [8, []]], [[0, [47, 12, 11, 18, 25, 48]], [47, []], [12, []], [11, []], [18, []], [25, []], [48, []], [21, [21, 41, 6, 5, 49, 37, 14, 39, 33, 30]], [41, []], [6, []], [5, []], [49, []], [37, []], [14, []], [39, []], [33, []], [30, []], [4, [4, 29, 50, 3, 17, 19, 34, 26, 24, 7]], [29, []], [50, []], [3, []], [17, []], [19, []], [34, []], [26, []], [24, []], [7, []]]], [[[9, [9, 38, 20, 16, 44, 32]]], [[21, [21, 41, 6, 5, 49, 37, 14, 39, 33, 30]]], [[46, [46, 10, 28, 13, 1, 36, 42, 27, 8]]], [[4, [4, 29, 50, 3, 17, 19, 34, 26, 24, 7]]], [[31, [31, 40, 22, 45, 23]]]]]}
{"file_name": "U_50_0", "number_of_trucks": 2, "drone_capacity": 10, "number_of_drones": 2, "iteration": 3, "best_fitness": 462.8414635005704, "runtime": 117.71853280067444, "best_solution": [[[[0, [12, 11, 37, 33, 47, 27, 42, 8]], [12, [24, 35, 34, 4, 29, 19, 17, 50, 3]], [11, []], [37, []], [33, []], [47, []], [27, []], [42, []], [8, []], [24, []], [35, []], [34, []], [4, []], [29, []], [19, []], [17, []], [50, []], [3, []], [15, [15, 9, 38, 20, 16, 10, 13, 46, 41, 49]], [9, []], [38, []], [20, []], [16, []], [10, []], [13, []], [46, []], [41, []], [49, []]], [[0, [2, 43, 30]], [2, []], [43, []], [30, []], [6, [6, 48, 25, 36, 1, 18, 14, 39, 21, 31]], [48, []], [25, []], [36, []], [1, []], [18, []], [14, []], [39, []], [21, []], [31, []], [45, [45, 23, 44, 32, 22, 40, 28, 5, 26, 7]], [23, []], [44, []], [32, []], [22, []], [40, []], [28, []], [5, []], [26, []], [7, []]]], [[[12, [24, 35, 34, 4, 29, 19, 17, 50, 3]]], [[15, [15, 9, 38, 20, 16, 10, 13, 46, 41, 49]]], [[6, [6, 48, 25, 36, 1, 18, 14, 39, 21, 31]]], [[45, [45, 23, 44, 32, 22, 40, 28, 5, 26, 7]]]]]}
