{"file_name": "U_50_1", "number_of_trucks": 2, "drone_capacity": 10, "number_of_drones": 2, "iteration": 1, "best_fitness": 639.405452275848, "runtime": 3663.7464594841003, "best_solution": [[[[0, [45]], [45, []], [0, [6, 31, 17]], [17, []], [6, []], [31, []], [41, [41]], [0, [1]], [26, [26]], [1, []], [9, [9, 4]], [4, []], [0, [39, 22, 47, 42, 15, 25, 48, 34, 27, 10, 23, 49]], [23, []], [48, []], [34, []], [39, []], [22, []], [27, []], [10, []], [25, []], [15, []], [47, []], [42, []], [49, []]], [[0, [35, 7, 14, 11, 5, 30]], [5, []], [30, []], [35, []], [7, []], [14, []], [11, []], [0, [33, 20, 50, 13, 24, 21, 46, 12, 18, 3]], [44, [44]], [18, []], [21, []], [33, []], [20, []], [46, []], [50, []], [24, []], [19, [19, 32, 40, 29, 37]], [36, [36]], [32, []], [29, []], [13, []], [40, [28, 43, 38, 2, 16, 8]], [37, []], [28, []], [12, []], [43, []], [3, []], [38, []], [2, []], [16, []], [8, []]]], [[[41, [41]]], [[44, [44]]], [[26, [26]]], [[19, [19, 32, 40, 29, 37]]], [[9, [9, 4]]], [[36, [36]]], [[40, [28, 43, 38, 2, 16, 8]]]]]}
{"file_name": "U_50_1", "number_of_trucks": 2, "drone_capacity": 10, "number_of_drones": 2, "iteration": 2, "best_fitness": 708.6897356797417, "runtime": 131.0399990081787, "best_solution": [[[[0, [35, 6]], [35, []], [6, []], [50, [50]], [13, [13, 26, 3, 15]], [26, []], [3, []], [15, []], [24, [24, 44, 22, 47, 9, 39, 19]], [44, []], [22, []], [47, []], [9, []], [39, []], [19, []], [48, [48, 34, 27, 10, 8, 23, 36, 49, 42, 4]], [34, []], [27, []], [10, []], [8, []], [23, []], [36, []], [49, []], [42, []], [4, []]], [[0, [1, 30, 17, 20, 45, 11]], [1, []], [30, []], [17, []], [20, []], [45, []], [11, []], [14, [14, 5]], [5, []], [7, [7, 31, 33, 46, 12, 41, 18, 21]], [31, []], [33, []], [46, []], [12, []], [41, []], [18, []], [21, []], [29, [29, 32, 40]], [32, []], [40, []], [37, [37, 16, 38, 25, 43, 28, 2]], [16, []], [38, []], [25, []], [43, []], [28, []], [2, []]]], [[[14, [14, 5]]], [[50, [50]]], [[13, [13, 26, 3, 15]]], [[7, [7, 31, 33, 46, 12, 41, 18, 21]]], [[29, [29, 32, 40]]], [[24, [24, 44, 22, 47, 9, 39, 19]]], [[48, [48, 34, 27, 10, 8, 23, 36, 49, 42, 4]]], [[37, [37, 16, 38, 25, 43, 28, 2]]]]]}
{"file_name": "U_50_1", "number_of_trucks": 2, "drone_capacity": 10, "number_of_drones": 2, "iteration": 3, "best_fitness": 726.7886850612782, "runtime": 119.91743302345276, "best_solution": [[[[0, [14, 12, 3]], [14, []], [12, []], [3, []], [44, [44, 18, 30, 37, 25, 16]], [18, []], [30, []], [37, []], [25, []], [16, []], [38, [38, 43, 15, 27, 10, 22, 49, 42, 9, 4]], [43, []], [15, []], [27, []], [10, []], [22, []], [49, []], [42, []], [9, []], [4, []]], [[0, [11, 35, 20, 6]], [11, []], [35, []], [20, []], [6, [13, 33, 17, 50, 26, 5, 45]], [13, []], [33, []], [17, []], [50, []], [26, []], [5, []], [45, []], [24, [24, 41, 1, 7, 46, 34, 31, 39, 47, 40]], [41, []], [1, []], [7, []], [46, []], [34, []], [31, []], [39, []], [47, []], [40, []], [48, [48, 21, 29, 32, 36, 19, 23, 28, 2, 8]], [21, []], [29, []], [32, []], [36, []], [19, []], [23, []], [28, []], [2, []], [8, []]]], [[[6, [13, 33, 17, 50, 26, 5, 45]]], [[24, [24, 41, 1, 7, 46, 34, 31, 39, 47, 40]]], [[44, [44, 18, 30, 37, 25, 16]]], [[38, [38, 43, 15, 27, 10, 22, 49, 42, 9, 4]]], [[48, [48, 21, 29, 32, 36, 19, 23, 28, 2, 8]]]]]}
