{"file_name": "U_50_1", "number_of_trucks": 2, "drone_capacity": 10, "number_of_drones": 2, "iteration": 1, "best_fitness": 612.006699320769, "runtime": 4054.907439470291, "best_solution": [[[[0, [29, 39]], [39, []], [12, [12, 36]], [36, []], [29, []], [2, [2, 38, 26, 17, 18, 45, 47]], [18, []], [38, []], [45, []], [26, []], [44, [44, 5, 50, 3, 40]], [47, []], [17, []], [50, []], [3, []], [16, [16, 9, 4]], [9, []], [4, []], [21, [21, 24, 35, 11, 22, 14, 37]], [11, []], [14, []], [24, []], [37, []], [5, []], [40, []], [22, []], [35, []]], [[0, []], [15, [15]], [28, [28, 27]], [27, []], [1, [1, 13, 32, 42]], [42, []], [32, []], [13, [7, 25, 31]], [7, []], [25, []], [23, [23, 20, 46, 34, 49]], [20, []], [46, []], [34, []], [49, []], [31, []], [19, [19, 30, 41, 48, 43]], [43, []], [30, []], [41, []], [6, [6, 33, 8, 10]], [10, []], [48, []], [33, []], [8, []]]], [[[15, [15]]], [[28, [28, 27]]], [[12, [12, 36]]], [[1, [1, 13, 32, 42]]], [[13, [7, 25, 31]]], [[2, [2, 38, 26, 17, 18, 45, 47]]], [[44, [44, 5, 50, 3, 40]]], [[23, [23, 20, 46, 34, 49]]], [[19, [19, 30, 41, 48, 43]]], [[16, [16, 9, 4]]], [[6, [6, 33, 8, 10]]], [[21, [21, 24, 35, 11, 22, 14, 37]]]]]}
{"file_name": "U_50_1", "number_of_trucks": 2, "drone_capacity": 10, "number_of_drones": 2, "iteration": 2, "best_fitness": 687.8149692202202, "runtime": 135.76486229896545, "best_solution": [[[[0, [15, 49, 25, 31]], [15, []], [49, []], [25, []], [31, []], [13, [13, 39]], [39, []], [36, [36]], [42, [42, 32, 17, 7, 23, 38, 48]], [32, []], [17, []], [7, []], [23, []], [38, []], [48, []], [5, [5, 46, 3, 50, 24, 22, 10, 33, 8, 35]], [46, []], [3, []], [50, []], [24, []], [22, []], [10, []], [33, []], [8, []], [35, []]], [[0, [18]], [18, []], [47, [47]], [28, [28, 1, 12, 45, 29, 2]], [1, []], [12, []], [45, []], [29, []], [2, []], [44, [44, 26, 40, 34, 43, 9, 16]], [26, [4]], [40, []], [34, []], [43, []], [9, []], [16, []], [4, []], [21, [21, 20, 27, 41, 6, 14, 30, 19, 37, 11]], [20, []], [27, []], [41, []], [6, []], [14, []], [30, []], [19, []], [37, []], [11, []]]], [[[47, [47]]], [[28, [28, 1, 12, 45, 29, 2]]], [[13, [13, 39]]], [[44, [44, 26, 40, 34, 43, 9, 16]]], [[36, [36]]], [[42, [42, 32, 17, 7, 23, 38, 48]]], [[26, [4]]], [[21, [21, 20, 27, 41, 6, 14, 30, 19, 37, 11]]], [[5, [5, 46, 3, 50, 24, 22, 10, 33, 8, 35]]]]]}
{"file_name": "U_50_1", "number_of_trucks": 2, "drone_capacity": 10, "number_of_drones": 2, "iteration": 3, "best_fitness": 666.9511049464321, "runtime": 136.3141496181488, "best_solution": [[[[0, []], [29, [29]], [25, [25, 47, 17, 7]], [47, [23]], [17, []], [7, []], [23, []], [32, [32, 12, 44, 26, 5, 2, 48, 38, 34, 46]], [12, []], [44, []], [26, []], [5, []], [2, []], [48, []], [38, []], [34, []], [46, []], [24, [24, 41, 6, 14, 37, 11, 21, 42, 1, 35]], [41, []], [6, []], [14, []], [37, []], [11, []], [21, []], [42, []], [1, []], [35, []]], [[0, []], [31, [31, 49, 13, 18, 28]], [49, []], [13, []], [18, []], [28, []], [15, [15, 27]], [27, []], [40, [40, 39, 45, 36, 9, 3, 50]], [39, []], [45, []], [36, []], [9, []], [3, []], [50, []], [16, [16, 4, 20, 19, 43, 30, 22, 10, 33, 8]], [4, []], [20, []], [19, []], [43, []], [30, []], [22, []], [10, []], [33, []], [8, []]]], [[[31, [31, 49, 13, 18, 28]]], [[29, [29]]], [[25, [25, 47, 17, 7]]], [[15, [15, 27]]], [[47, [23]]], [[32, [32, 12, 44, 26, 5, 2, 48, 38, 34, 46]]], [[40, [40, 39, 45, 36, 9, 3, 50]]], [[16, [16, 4, 20, 19, 43, 30, 22, 10, 33, 8]]], [[24, [24, 41, 6, 14, 37, 11, 21, 42, 1, 35]]]]]}
