{"file_name": "U_50_1", "number_of_trucks": 2, "drone_capacity": 10, "number_of_drones": 2, "iteration": 1, "best_fitness": 514.7352912420276, "runtime": 3934.8773097991943, "best_solution": [[[[0, [5]], [5, []], [1, [8, 1]], [41, [41, 34, 22, 20, 31, 11, 24]], [34, []], [22, []], [20, []], [31, []], [11, []], [24, [14, 46, 26, 38]], [8, []], [14, []], [50, [50, 2, 23, 12, 9]], [2, []], [38, []], [46, []], [26, []], [33, [37, 42, 21, 33, 43, 4]], [4, []], [21, []], [12, []], [9, []], [43, []], [42, []], [37, []], [32, [32, 6]], [23, []], [6, []]], [[0, [30, 28, 7, 44, 3, 15, 18, 49]], [29, [29, 16]], [49, []], [15, []], [3, []], [16, []], [30, []], [28, []], [7, []], [44, []], [47, [39, 35, 47, 13, 17, 45]], [13, []], [17, []], [39, []], [35, []], [25, [25, 27, 40, 48, 10, 19, 36]], [18, []], [27, []], [40, []], [48, []], [45, []], [10, []], [19, []], [36, []]]], [[[1, [8, 1]]], [[41, [41, 34, 22, 20, 31, 11, 24]]], [[29, [29, 16]]], [[24, [14, 46, 26, 38]]], [[50, [50, 2, 23, 12, 9]]], [[47, [39, 35, 47, 13, 17, 45]]], [[33, [37, 42, 21, 33, 43, 4]]], [[25, [25, 27, 40, 48, 10, 19, 36]]], [[32, [32, 6]]]]]}
{"file_name": "U_50_1", "number_of_trucks": 2, "drone_capacity": 10, "number_of_drones": 2, "iteration": 2, "best_fitness": 591.7198623847783, "runtime": 123.85960507392883, "best_solution": [[[[0, [1, 24, 31, 11, 20]], [1, []], [24, []], [31, []], [11, []], [20, []], [7, [7, 44, 15, 18, 8, 14, 4, 17]], [44, [45]], [15, []], [18, []], [8, []], [14, []], [4, []], [17, []], [45, []], [46, [46, 50, 2, 25, 33, 27, 43, 42, 37, 6]], [50, []], [2, []], [25, []], [33, []], [27, []], [43, []], [42, []], [37, []], [6, []]], [[0, []], [5, [5, 49, 29, 3, 28, 26]], [49, []], [29, []], [3, []], [28, []], [26, []], [41, [41, 34, 22, 38, 16, 30, 39, 35, 13, 47]], [34, []], [22, []], [38, []], [16, []], [30, []], [39, []], [35, []], [13, []], [47, []], [23, [23, 9, 12, 32, 21, 40, 48, 10, 19, 36]], [9, []], [12, []], [32, []], [21, []], [40, []], [48, []], [10, []], [19, []], [36, []]]], [[[7, [7, 44, 15, 18, 8, 14, 4, 17]]], [[5, [5, 49, 29, 3, 28, 26]]], [[44, [45]]], [[41, [41, 34, 22, 38, 16, 30, 39, 35, 13, 47]]], [[23, [23, 9, 12, 32, 21, 40, 48, 10, 19, 36]]], [[46, [46, 50, 2, 25, 33, 27, 43, 42, 37, 6]]]]]}
{"file_name": "U_50_1", "number_of_trucks": 2, "drone_capacity": 10, "number_of_drones": 2, "iteration": 3, "best_fitness": 536.2023841604007, "runtime": 137.86968111991882, "best_solution": [[[[0, []], [31, [31, 11, 22, 38, 26, 8]], [11, []], [22, []], [38, []], [26, []], [8, []], [9, [9, 4]], [4, []], [50, [50, 14, 18, 2, 25, 48, 40, 21]], [14, []], [18, []], [2, []], [25, []], [48, []], [40, []], [21, []], [27, [27, 12, 32, 34, 43, 42, 37, 23, 36, 6]], [12, []], [32, []], [34, []], [43, []], [42, []], [37, []], [23, []], [36, []], [6, []]], [[0, []], [29, [29]], [30, [30]], [7, [7, 15, 28, 44, 49]], [15, []], [28, []], [44, []], [20, [20, 41, 24, 5, 16, 39, 35]], [41, []], [24, []], [5, []], [16, []], [39, []], [35, []], [49, []], [13, [13, 47, 17, 3, 45, 46, 33, 1, 10, 19]], [47, []], [17, []], [3, []], [45, []], [46, []], [33, []], [1, []], [10, []], [19, []]]], [[[29, [29]]], [[30, [30]]], [[31, [31, 11, 22, 38, 26, 8]]], [[7, [7, 15, 28, 44, 49]]], [[9, [9, 4]]], [[20, [20, 41, 24, 5, 16, 39, 35]]], [[50, [50, 14, 18, 2, 25, 48, 40, 21]]], [[27, [27, 12, 32, 34, 43, 42, 37, 23, 36, 6]]], [[13, [13, 47, 17, 3, 45, 46, 33, 1, 10, 19]]]]]}
