{"file_name": "U_50_1", "number_of_trucks": 2, "drone_capacity": 10, "number_of_drones": 2, "iteration": 1, "best_fitness": 482.88124993311936, "runtime": 3723.708742618561, "best_solution": [[[[0, [14, 25]], [44, [44, 48, 22]], [22, []], [25, []], [8, [35, 29, 31, 26, 1, 8, 3, 32]], [26, []], [1, []], [3, []], [14, []], [47, [47, 27, 46, 23]], [27, []], [48, []], [35, []], [29, []], [46, [39, 37, 16, 45, 34, 36]], [39, []], [31, []], [37, []], [23, []], [16, []], [45, []], [5, [5, 11, 40, 50, 9, 15, 7]], [11, []], [34, []], [36, []], [40, []], [50, []], [9, []], [32, []], [7, []], [15, []]], [[0, [43, 13, 30, 33, 12, 38, 2]], [12, []], [2, []], [38, []], [33, []], [30, []], [43, []], [13, []], [28, [28, 41, 19, 6, 42, 4]], [20, [20, 24, 18, 10, 21, 17, 49]], [41, []], [19, []], [6, []], [42, []], [24, []], [18, []], [10, []], [4, []], [21, []], [17, []], [49, []]]], [[[44, [44, 48, 22]]], [[8, [35, 29, 31, 26, 1, 8, 3, 32]]], [[28, [28, 41, 19, 6, 42, 4]]], [[47, [47, 27, 46, 23]]], [[46, [39, 37, 16, 45, 34, 36]]], [[20, [20, 24, 18, 10, 21, 17, 49]]], [[5, [5, 11, 40, 50, 9, 15, 7]]]]]}
{"file_name": "U_50_1", "number_of_trucks": 2, "drone_capacity": 10, "number_of_drones": 2, "iteration": 2, "best_fitness": 536.3693864941862, "runtime": 122.34835624694824, "best_solution": [[[[0, [25, 48, 35, 29, 31]], [25, []], [48, []], [35, []], [29, []], [31, []], [39, [39, 37, 46]], [37, []], [46, []], [32, [32, 30, 12, 17, 21, 10, 36]], [30, []], [12, []], [17, []], [21, []], [10, []], [36, []], [11, [11, 5, 47, 19, 41, 2, 28, 20, 38, 42]], [5, []], [47, []], [19, []], [41, []], [2, []], [28, []], [20, []], [38, []], [42, []]], [[0, [3, 43, 1, 26]], [3, [16]], [43, []], [1, []], [26, []], [16, []], [22, [22, 33, 49, 23, 8, 34, 27, 14, 45, 13]], [33, []], [49, []], [23, []], [8, []], [34, []], [27, []], [14, []], [45, []], [13, []], [6, [6, 44, 4, 18, 24, 7, 9, 50, 40, 15]], [44, []], [4, []], [18, []], [24, []], [7, []], [9, []], [50, []], [40, []], [15, []]]], [[[3, [16]]], [[39, [39, 37, 46]]], [[22, [22, 33, 49, 23, 8, 34, 27, 14, 45, 13]]], [[32, [32, 30, 12, 17, 21, 10, 36]]], [[11, [11, 5, 47, 19, 41, 2, 28, 20, 38, 42]]], [[6, [6, 44, 4, 18, 24, 7, 9, 50, 40, 15]]]]]}
{"file_name": "U_50_1", "number_of_trucks": 2, "drone_capacity": 10, "number_of_drones": 2, "iteration": 3, "best_fitness": 546.8482072778006, "runtime": 120.07340168952942, "best_solution": [[[[0, [32, 43, 3, 14]], [32, []], [43, []], [3, []], [14, []], [35, [35, 37, 31, 39, 46, 36]], [37, []], [31, []], [39, [10, 7]], [46, []], [36, []], [10, []], [7, []], [47, [47, 27, 11, 5, 30, 4, 21, 18, 24, 15]], [27, []], [11, []], [5, []], [30, []], [4, []], [21, []], [18, []], [24, []], [15, []]], [[0, [25, 29, 48, 26, 22, 1, 8, 44]], [25, []], [29, []], [48, []], [26, []], [22, []], [1, []], [8, []], [44, []], [33, [33, 49]], [49, []], [17, [17, 12, 38, 13, 34, 45, 19, 6]], [12, []], [38, []], [13, []], [34, []], [45, []], [19, []], [6, []], [28, [28, 2, 41, 20, 42, 16, 23, 40, 50, 9]], [2, []], [41, []], [20, []], [42, []], [16, []], [23, []], [40, []], [50, []], [9, []]]], [[[35, [35, 37, 31, 39, 46, 36]]], [[33, [33, 49]]], [[39, [10, 7]]], [[17, [17, 12, 38, 13, 34, 45, 19, 6]]], [[28, [28, 2, 41, 20, 42, 16, 23, 40, 50, 9]]], [[47, [47, 27, 11, 5, 30, 4, 21, 18, 24, 15]]]]]}
