{"file_name": "U_50_1", "number_of_trucks": 2, "drone_capacity": 10, "number_of_drones": 2, "iteration": 1, "best_fitness": 598.4652850530117, "runtime": 3852.2874414920807, "best_solution": [[[[0, [34, 42, 33]], [11, [11, 8, 50, 38, 23, 19]], [34, []], [33, []], [8, []], [50, []], [14, [14, 41]], [38, []], [23, []], [19, []], [36, [36, 22, 21, 10]], [22, []], [10, []], [15, [15, 28, 44, 47, 5, 12, 24, 31]], [28, []], [44, []], [47, []], [5, []], [4, [4, 40, 43, 37]], [40, []], [21, []], [12, []], [24, []], [42, []], [41, []], [43, []], [37, []], [31, []]], [[0, []], [29, [29, 7, 13, 1, 45]], [7, []], [45, []], [13, []], [1, []], [0, [49, 17, 30, 35, 39, 25, 26]], [6, [6, 20, 9, 32, 48, 46]], [20, []], [9, []], [32, []], [27, [27]], [48, []], [46, []], [30, []], [35, []], [39, []], [49, []], [17, []], [3, [3, 16, 2, 18]], [16, []], [18, []], [2, []], [25, []], [26, []]]], [[[29, [29, 7, 13, 1, 45]]], [[11, [11, 8, 50, 38, 23, 19]]], [[14, [14, 41]]], [[6, [6, 20, 9, 32, 48, 46]]], [[27, [27]]], [[36, [36, 22, 21, 10]]], [[15, [15, 28, 44, 47, 5, 12, 24, 31]]], [[4, [4, 40, 43, 37]]], [[3, [3, 16, 2, 18]]]]]}
{"file_name": "U_50_1", "number_of_trucks": 2, "drone_capacity": 10, "number_of_drones": 2, "iteration": 2, "best_fitness": 656.432004364867, "runtime": 130.20761895179749, "best_solution": [[[[0, []], [29, [1, 29, 13, 45, 17, 30]], [13, []], [45, []], [17, []], [30, []], [41, [41]], [9, [9, 21, 46]], [21, []], [46, []], [14, [14, 49, 35, 10]], [49, []], [35, []], [10, []], [1, []], [25, [25, 18, 33, 2, 5, 16, 15, 28, 3, 44]], [18, []], [33, []], [2, []], [5, []], [16, []], [15, []], [28, []], [3, []], [44, []]], [[0, [8]], [8, []], [26, [26, 39, 50, 34, 42, 11, 23]], [39, [19]], [50, []], [34, []], [42, []], [11, []], [23, []], [19, []], [48, [48, 32, 38, 47, 7, 22, 6]], [32, []], [38, []], [47, []], [7, []], [22, []], [6, []], [36, [36, 31, 24, 12, 27, 4, 40, 20, 43, 37]], [31, []], [24, []], [12, []], [27, []], [4, []], [40, []], [20, []], [43, []], [37, []]]], [[[26, [26, 39, 50, 34, 42, 11, 23]]], [[29, [1, 29, 13, 45, 17, 30]]], [[39, [19]]], [[41, [41]]], [[9, [9, 21, 46]]], [[14, [14, 49, 35, 10]]], [[48, [48, 32, 38, 47, 7, 22, 6]]], [[36, [36, 31, 24, 12, 27, 4, 40, 20, 43, 37]]], [[25, [25, 18, 33, 2, 5, 16, 15, 28, 3, 44]]]]]}
{"file_name": "U_50_1", "number_of_trucks": 2, "drone_capacity": 10, "number_of_drones": 2, "iteration": 3, "best_fitness": 649.6152912420278, "runtime": 146.16486930847168, "best_solution": [[[[0, [13]], [13, []], [1, [1, 29]], [29, [49, 39, 7, 21, 9, 41, 8, 14, 17]], [49, []], [39, []], [7, []], [21, []], [9, []], [41, []], [8, []], [14, []], [17, []], [47, [47, 10, 18, 2, 35, 16, 15, 3, 36]], [10, []], [18, []], [2, []], [35, []], [16, []], [15, []], [3, []], [36, []]], [[0, []], [34, [34, 50]], [50, []], [42, [42, 32]], [32, []], [25, [25, 30]], [30, []], [45, [45, 38, 46, 33, 26, 23, 22]], [38, []], [46, []], [33, []], [26, []], [23, []], [22, []], [6, [6, 31, 11, 19, 27, 12]], [31, []], [11, []], [19, []], [27, []], [12, []], [24, [24, 44, 28, 48, 5, 4, 40, 20, 43, 37]], [44, []], [28, []], [48, []], [5, []], [4, []], [40, []], [20, []], [43, []], [37, []]]], [[[34, [34, 50]]], [[42, [42, 32]]], [[1, [1, 29]]], [[29, [49, 39, 7, 21, 9, 41, 8, 14, 17]]], [[25, [25, 30]]], [[45, [45, 38, 46, 33, 26, 23, 22]]], [[6, [6, 31, 11, 19, 27, 12]]], [[47, [47, 10, 18, 2, 35, 16, 15, 3, 36]]], [[24, [24, 44, 28, 48, 5, 4, 40, 20, 43, 37]]]]]}
