{"file_name": "U_50_0", "number_of_trucks": 2, "drone_capacity": 10, "number_of_drones": 2, "iteration": 1, "best_fitness": 388.28863792633535, "runtime": 4010.356075525284, "best_solution": [[[[0, [21, 47, 19, 15, 37, 32]], [21, []], [37, []], [3, [3, 40, 49, 22, 2, 29, 12, 1, 35]], [15, []], [23, [23, 4, 9, 27, 36, 8, 16, 13]], [4, []], [47, []], [40, []], [9, []], [49, []], [22, []], [2, []], [29, []], [12, []], [1, []], [35, []], [11, [11]], [13, []], [32, []], [16, []], [27, []], [19, []], [36, []], [8, []]], [[0, []], [34, [34, 5, 20, 46, 7, 33]], [46, []], [7, []], [25, [25, 24, 26, 42, 48, 18, 44, 28, 31]], [31, []], [48, []], [14, [14, 43]], [5, []], [20, []], [24, []], [26, []], [28, []], [45, [45, 17, 6, 10, 41, 38, 30, 39]], [42, []], [33, []], [18, []], [30, []], [44, []], [39, []], [6, []], [10, []], [41, []], [17, []], [38, []], [50, [50]], [43, []]]], [[[34, [34, 5, 20, 46, 7, 33]]], [[3, [3, 40, 49, 22, 2, 29, 12, 1, 35]]], [[25, [25, 24, 26, 42, 48, 18, 44, 28, 31]]], [[14, [14, 43]]], [[23, [23, 4, 9, 27, 36, 8, 16, 13]]], [[45, [30, 39]]], [[45, [45, 17, 6, 10, 41, 38]]], [[50, [50]]], [[11, [11]]]]]}
{"file_name": "U_50_0", "number_of_trucks": 2, "drone_capacity": 10, "number_of_drones": 2, "iteration": 2, "best_fitness": 513.4, "runtime": 100.03942775726318, "best_solution": [[[[0, [33, 7, 29, 12, 1, 35, 22, 46, 18, 30, 44, 14, 48, 39, 16, 17, 38, 27, 19, 24, 28, 45, 26, 25, 34, 23, 4, 3]], [33, []], [7, []], [29, []], [12, []], [1, []], [35, []], [22, []], [46, []], [18, []], [30, []], [44, []], [14, []], [48, []], [39, []], [16, []], [17, []], [38, []], [27, []], [19, []], [24, []], [28, []], [45, []], [26, []], [25, []], [34, []], [23, []], [4, []], [3, []]], [[0, [21, 37, 5, 20, 31, 15, 47, 40, 2, 49, 9, 42, 32, 13, 11, 6, 41, 10, 50, 36, 43, 8]], [21, []], [37, []], [5, []], [20, []], [31, []], [15, []], [47, []], [40, []], [2, []], [49, []], [9, []], [42, []], [32, []], [13, []], [11, []], [6, []], [41, []], [10, []], [50, []], [36, []], [43, []], [8, []]]], []]}
{"file_name": "U_50_0", "number_of_trucks": 2, "drone_capacity": 10, "number_of_drones": 2, "iteration": 3, "best_fitness": 400.2048134512058, "runtime": 115.96821999549866, "best_solution": [[[[0, [21, 26, 46, 7, 12]], [21, []], [26, []], [46, []], [7, []], [12, []], [35, [35, 1, 29, 22, 2, 32, 18, 30, 44, 39]], [1, []], [29, []], [22, []], [2, []], [32, []], [18, []], [30, []], [44, []], [39, []], [16, [16, 6, 11, 13, 9, 42, 45, 28, 37, 3]], [6, []], [11, []], [13, []], [9, []], [42, []], [45, []], [28, []], [37, []], [3, []]], [[0, [20, 5, 34]], [20, [31, 47]], [5, []], [34, []], [31, []], [47, []], [40, [40, 49, 33, 15, 4, 23, 25, 14, 48, 24]], [49, []], [33, []], [15, []], [4, []], [23, []], [25, []], [14, []], [48, []], [24, []], [27, [27, 17, 41, 10, 38, 19, 50, 36, 43, 8]], [17, []], [41, []], [10, []], [38, []], [19, []], [50, []], [36, []], [43, []], [8, []]]], [[[20, [31, 47]]], [[40, [40, 49, 33, 15, 4, 23, 25, 14, 48, 24]]], [[35, [35, 1, 29, 22, 2, 32, 18, 30, 44, 39]]], [[27, [27, 17, 41, 10, 38, 19, 50, 36, 43, 8]]], [[16, [16, 6, 11, 13, 9, 42, 45, 28, 37, 3]]]]]}
