{"file_name": "U_50_1", "number_of_trucks": 2, "drone_capacity": 10, "number_of_drones": 2, "iteration": 1, "best_fitness": 526.6751578855942, "runtime": 3670.4085085392, "best_solution": [[[[0, [35, 44, 23, 20, 46]], [29, [29, 30]], [30, []], [23, []], [20, []], [35, []], [1, [1, 37]], [46, []], [6, [6, 26, 33, 8, 49, 48, 41, 19]], [26, []], [22, [25, 50, 24, 42, 22, 32, 18, 34]], [41, []], [44, []], [32, []], [37, []], [18, []], [19, []], [24, []], [25, []], [34, []], [50, []], [42, []], [48, []], [33, []], [8, []], [49, []]], [[0, [3, 11, 15]], [3, []], [2, [2, 31]], [31, []], [15, []], [45, [45, 13, 39]], [11, []], [13, [14, 38]], [38, []], [39, []], [14, []], [9, [9, 47, 36, 17, 10, 5, 4, 7]], [5, []], [47, []], [28, [28, 43, 16, 27, 40]], [4, []], [7, []], [27, []], [43, []], [16, []], [36, []], [17, []], [40, []], [10, []], [21, [21, 12]], [12, []]]], [[[2, [2, 31]]], [[29, [29, 30]]], [[45, [45, 13, 39]]], [[13, [14, 38]]], [[1, [1, 37]]], [[6, [6, 26, 33, 8, 49, 48, 41, 19]]], [[9, [9, 47, 36, 17, 10, 5, 4, 7]]], [[22, [25, 50, 24, 42, 22, 32, 18, 34]]], [[28, [28, 43, 16, 27, 40]]], [[21, [21, 12]]]]]}
{"file_name": "U_50_1", "number_of_trucks": 2, "drone_capacity": 10, "number_of_drones": 2, "iteration": 2, "best_fitness": 553.5208863663652, "runtime": 139.57276272773743, "best_solution": [[[[0, []], [23, [23, 20]], [20, []], [40, [40, 30, 14, 38, 46, 11]], [30, []], [14, []], [38, []], [46, []], [11, []], [48, [48, 5, 33, 50, 18, 32]], [5, []], [33, []], [50, []], [18, []], [32, []], [24, [24, 19, 34, 42, 8, 6, 10, 26, 21, 12]], [19, []], [34, []], [42, []], [8, []], [6, []], [10, []], [26, []], [21, []], [12, []]], [[0, []], [3, [3]], [2, [2, 15, 45, 37, 44, 25, 29, 35]], [15, []], [45, []], [37, []], [44, []], [25, []], [29, []], [35, []], [41, [41, 1, 31, 4, 7, 28, 22, 47, 9, 49]], [1, []], [31, []], [4, []], [7, []], [28, []], [22, []], [17, [17, 36, 39, 27, 16, 43, 13]], [36, []], [39, []], [27, []], [16, []], [43, []], [13, []], [47, []], [9, []], [49, []]]], [[[23, [23, 20]]], [[3, [3]]], [[40, [40, 30, 14, 38, 46, 11]]], [[2, [2, 15, 45, 37, 44, 25, 29, 35]]], [[41, [41, 1, 31, 4, 7, 28, 22, 47, 9, 49]]], [[48, [48, 5, 33, 50, 18, 32]]], [[17, [17, 36, 39, 27, 16, 43, 13]]], [[24, [24, 19, 34, 42, 8, 6, 10, 26, 21, 12]]]]]}
{"file_name": "U_50_1", "number_of_trucks": 2, "drone_capacity": 10, "number_of_drones": 2, "iteration": 3, "best_fitness": 630.0493195717881, "runtime": 123.83644556999207, "best_solution": [[[[0, [25, 45]], [25, []], [45, []], [46, [46, 13, 40, 38, 14, 2, 3, 8, 33, 48]], [13, []], [40, []], [38, []], [14, []], [2, []], [3, []], [8, []], [33, []], [48, []], [50, [50, 42, 34, 24, 18, 32, 35, 28, 47, 12]], [42, []], [34, []], [24, []], [18, []], [32, []], [35, []], [28, []], [47, []], [12, []]], [[0, []], [11, [11, 29, 44, 37, 15, 23, 39, 27]], [29, []], [44, []], [37, []], [15, []], [23, []], [39, []], [27, []], [20, [20, 17, 1, 31, 22, 30, 26, 10, 6, 21]], [17, []], [1, []], [31, []], [22, []], [30, []], [26, []], [10, []], [6, []], [21, []], [36, [36, 43, 16, 7, 4, 41, 19, 5, 9, 49]], [43, []], [16, []], [7, []], [4, []], [41, []], [19, []], [5, []], [9, []], [49, []]]], [[[11, [11, 29, 44, 37, 15, 23, 39, 27]]], [[46, [46, 13, 40, 38, 14, 2, 3, 8, 33, 48]]], [[20, [20, 17, 1, 31, 22, 30, 26, 10, 6, 21]]], [[50, [50, 42, 34, 24, 18, 32, 35, 28, 47, 12]]], [[36, [36, 43, 16, 7, 4, 41, 19, 5, 9, 49]]]]]}
