{"file_name": "U_50_0", "number_of_trucks": 2, "drone_capacity": 10, "number_of_drones": 2, "iteration": 1, "best_fitness": 385.5264463543959, "runtime": 3879.6288046836853, "best_solution": [[[[0, [18, 35, 32]], [18, []], [35, []], [23, [23, 26, 14, 15, 11]], [26, []], [14, []], [15, []], [34, [34, 49, 27, 17, 47, 25, 41, 45]], [11, []], [17, []], [49, []], [40, [40, 38, 20, 44, 9, 29, 8, 39, 21]], [38, []], [27, []], [39, []], [21, []], [47, []], [20, []], [32, []], [45, []], [8, []], [44, []], [9, []], [25, []], [41, []], [29, []]], [[0, [24]], [24, []], [19, [19, 37, 5, 3, 12, 16, 48, 33]], [37, []], [5, []], [3, []], [2, [2, 30, 42, 10, 50, 22, 43, 6, 7]], [30, []], [12, []], [16, []], [36, [36, 46, 13, 4, 31, 28, 1]], [48, []], [33, []], [46, []], [42, []], [10, []], [50, []], [13, []], [31, []], [4, []], [7, []], [22, []], [43, []], [28, []], [1, []], [6, []]]], [[[19, [19, 37, 5, 3, 12, 16, 48, 33]]], [[23, [23, 26, 14, 15, 11]]], [[34, [34, 49, 27, 17, 47, 25, 41, 45]]], [[2, [2, 30, 42, 10, 50, 22, 43, 6, 7]]], [[40, [40, 38, 20, 44, 9, 29, 8, 39, 21]]], [[36, [36, 46, 13, 4, 31, 28, 1]]]]]}
{"file_name": "U_50_0", "number_of_trucks": 2, "drone_capacity": 10, "number_of_drones": 2, "iteration": 2, "best_fitness": 532.36, "runtime": 101.73131108283997, "best_solution": [[[[0, [3, 16, 12, 48, 33, 37, 19, 32, 45, 31, 4, 7, 22, 9, 44, 8, 24, 20, 47, 39, 21, 30, 2]], [3, []], [16, []], [12, []], [48, []], [33, []], [37, []], [19, []], [32, []], [45, []], [31, []], [4, []], [7, []], [22, []], [9, []], [44, []], [8, []], [24, []], [20, []], [47, []], [39, []], [21, []], [30, []], [2, []]], [[0, [5, 35, 11, 18, 26, 23, 14, 34, 15, 41, 6, 25, 29, 17, 1, 43, 28, 46, 42, 10, 13, 50, 36, 27, 38, 40, 49]], [5, []], [35, []], [11, []], [18, []], [26, []], [23, []], [14, []], [34, []], [15, []], [41, []], [6, []], [25, []], [29, []], [17, []], [1, []], [43, []], [28, []], [46, []], [42, []], [10, []], [13, []], [50, []], [36, []], [27, []], [38, []], [40, []], [49, []]]], []]}
{"file_name": "U_50_0", "number_of_trucks": 2, "drone_capacity": 10, "number_of_drones": 2, "iteration": 3, "best_fitness": 412.82017517234675, "runtime": 134.06836247444153, "best_solution": [[[[0, []], [35, [35, 11, 34, 15, 14, 26]], [11, []], [34, []], [15, []], [14, []], [26, []], [46, [46, 42, 19, 32, 45, 8, 24, 20]], [42, []], [19, []], [32, []], [45, []], [8, []], [24, []], [20, []], [47, [47, 39, 21, 13, 50, 10, 36, 12, 2, 49]], [39, []], [21, []], [13, []], [50, []], [10, []], [36, []], [12, []], [2, []], [49, []]], [[0, []], [18, [18, 3]], [3, []], [33, [33, 48, 16, 30]], [48, []], [16, []], [30, []], [5, [5, 23, 25, 41, 9, 44, 31, 4, 7, 22]], [23, []], [25, []], [41, []], [9, []], [44, []], [31, []], [4, []], [7, []], [22, []], [43, [43, 28, 37, 27, 38, 40, 1, 6, 29, 17]], [28, []], [37, []], [27, []], [38, []], [40, []], [1, []], [6, []], [29, []], [17, []]]], [[[35, [35, 11, 34, 15, 14, 26]]], [[18, [18, 3]]], [[33, [33, 48, 16, 30]]], [[5, [5, 23, 25, 41, 9, 44, 31, 4, 7, 22]]], [[46, [46, 42, 19, 32, 45, 8, 24, 20]]], [[43, [43, 28, 37, 27, 38, 40, 1, 6, 29, 17]]], [[47, [47, 39, 21, 13, 50, 10, 36, 12, 2, 49]]]]]}
