{"file_name": "U_50_1", "number_of_trucks": 2, "drone_capacity": 10, "number_of_drones": 2, "iteration": 1, "best_fitness": 494.9688411067498, "runtime": 3946.8477742671967, "best_solution": [[[[0, [1, 8, 12, 42, 18, 25]], [49, [49, 37, 33, 27, 7, 11]], [37, []], [18, []], [25, []], [11, []], [33, []], [27, []], [42, []], [7, [29, 47, 36, 17, 15, 38, 50]], [17, []], [15, []], [38, []], [50, []], [29, []], [47, []], [12, []], [1, []], [36, []], [8, []]], [[0, [6, 45, 21, 26]], [24, [24, 3]], [26, []], [3, [9, 5]], [9, []], [5, []], [6, [32, 44, 23]], [45, []], [32, []], [44, []], [23, []], [21, []], [14, [48, 10, 28, 16, 20, 41, 14, 39, 4, 31]], [39, []], [48, []], [10, []], [28, []], [16, []], [20, []], [41, [40, 46, 13, 30, 43, 34, 35, 2, 22, 19]], [31, []], [40, []], [22, []], [46, []], [13, []], [30, []], [43, []], [4, []], [19, []], [34, []], [35, []], [2, []]]], [[[24, [24, 3]]], [[3, [9, 5]]], [[6, [32, 44, 23]]], [[49, [49, 37, 33, 27, 7, 11]]], [[14, [48, 10, 28, 16, 20, 41, 14, 39, 4, 31]]], [[7, [29, 47, 36, 17, 15, 38, 50]]], [[41, [40, 46, 13, 30, 43, 34, 35, 2, 22, 19]]]]]}
{"file_name": "U_50_1", "number_of_trucks": 2, "drone_capacity": 10, "number_of_drones": 2, "iteration": 2, "best_fitness": 551.0301024072855, "runtime": 119.4193434715271, "best_solution": [[[[0, [48, 37, 49, 26, 17, 29, 6]], [48, []], [37, []], [49, []], [26, []], [17, []], [29, []], [24, [24, 16, 20, 19, 2, 35]], [6, []], [16, []], [20, []], [19, []], [2, []], [35, []], [34, [34, 50, 3, 15, 9, 38, 43, 4, 30, 7]], [50, []], [3, []], [15, []], [9, []], [38, []], [43, []], [4, []], [30, []], [7, []]], [[0, [11, 45, 32, 21]], [11, [12, 25, 5]], [45, []], [32, []], [21, []], [12, []], [25, []], [5, []], [28, [28, 31, 44, 23, 18, 14, 39, 33, 1, 36]], [31, []], [44, []], [23, []], [18, []], [14, []], [39, []], [33, []], [1, []], [36, []], [42, [42, 27, 8, 47, 41, 10, 46, 22, 40, 13]], [27, []], [8, []], [47, []], [41, []], [10, []], [46, []], [22, []], [40, []], [13, []]]], [[[11, [12, 25, 5]]], [[28, [28, 31, 44, 23, 18, 14, 39, 33, 1, 36]]], [[24, [24, 16, 20, 19, 2, 35]]], [[42, [42, 27, 8, 47, 41, 10, 46, 22, 40, 13]]], [[34, [34, 50, 3, 15, 9, 38, 43, 4, 30, 7]]]]]}
{"file_name": "U_50_1", "number_of_trucks": 2, "drone_capacity": 10, "number_of_drones": 2, "iteration": 3, "best_fitness": 541.1228320801777, "runtime": 130.6296079158783, "best_solution": [[[[0, [26, 17]], [11, [11, 12, 9]], [12, []], [26, []], [17, []], [9, []], [8, [8, 7, 27, 42, 1, 23, 31, 22]], [7, []], [27, []], [42, []], [1, []], [23, []], [31, []], [22, []], [45, [45, 36, 47, 24, 35, 34, 50, 43, 30, 13]], [36, []], [47, []], [24, []], [35, []], [34, []], [50, []], [43, []], [30, []], [13, []]], [[0, []], [21, [21, 6, 5]], [6, []], [5, []], [25, [25, 48, 37, 49]], [48, []], [37, []], [49, []], [3, [3, 29, 4, 33, 18, 39, 14, 32, 44, 10]], [29, []], [4, []], [33, []], [18, []], [39, []], [14, []], [32, []], [44, []], [10, []], [41, [41, 20, 16, 28, 46, 40, 38, 15, 19, 2]], [20, []], [16, []], [28, []], [46, []], [40, []], [38, []], [15, []], [19, []], [2, []]]], [[[11, [11, 12, 9]]], [[21, [21, 6, 5]]], [[25, [25, 48, 37, 49]]], [[3, [3, 29, 4, 33, 18, 39, 14, 32, 44, 10]]], [[8, [8, 7, 27, 42, 1, 23, 31, 22]]], [[41, [41, 20, 16, 28, 46, 40, 38, 15, 19, 2]]], [[45, [45, 36, 47, 24, 35, 34, 50, 43, 30, 13]]]]]}
