{"file_name": "U_50_1", "number_of_trucks": 2, "drone_capacity": 10, "number_of_drones": 2, "iteration": 1, "best_fitness": 640.2459441307967, "runtime": 3771.8888206481934, "best_solution": [[[[0, [19, 44, 13, 5, 1]], [13, []], [5, []], [1, []], [19, [9, 34, 29, 6]], [44, []], [9, []], [34, []], [29, []], [6, [21, 43]], [43, []], [28, [28, 50]], [50, []], [21, []], [39, [39, 47, 31, 25, 41, 15, 14]], [47, []], [31, []], [25, [11]], [41, []], [15, []], [14, []], [11, []]], [[0, [2, 36]], [2, []], [36, []], [18, [18, 27, 20, 24, 33, 38, 40]], [38, []], [27, [7]], [20, []], [24, []], [45, [45, 8, 32, 4]], [8, []], [32, []], [4, []], [7, []], [12, [12, 3, 30, 16, 42, 46]], [3, []], [30, []], [16, []], [48, [48, 10, 37, 22, 35, 23, 17, 49]], [33, []], [10, []], [42, []], [46, []], [37, []], [22, []], [26, [26]], [23, []], [35, []], [17, []], [40, []], [49, []]]], [[[19, [9, 34, 29, 6]]], [[18, [18, 27, 20, 24, 33, 38, 40]]], [[27, [7]]], [[45, [45, 8, 32, 4]]], [[12, [12, 3, 30, 16, 42, 46]]], [[6, [21, 43]]], [[28, [28, 50]]], [[39, [39, 47, 31, 25, 41, 15, 14]]], [[48, [48, 10, 37, 22, 35, 23, 17, 49]]], [[26, [26]]], [[25, [11]]]]]}
{"file_name": "U_50_1", "number_of_trucks": 2, "drone_capacity": 10, "number_of_drones": 2, "iteration": 2, "best_fitness": 693.3801979382001, "runtime": 152.76020622253418, "best_solution": [[[[0, [36, 13]], [36, []], [13, []], [2, [2, 33, 20, 44]], [33, []], [20, []], [44, []], [34, [34, 29, 6, 40, 30]], [29, []], [6, []], [40, []], [30, []], [21, [21]], [46, [46, 42, 9, 31, 50]], [42, []], [9, []], [31, []], [50, []], [12, [12, 22, 28, 26, 23, 17, 35, 25, 14, 11]], [22, []], [28, []], [26, []], [23, []], [17, []], [35, []], [25, []], [14, []], [11, []]], [[0, []], [1, [1, 27, 4]], [27, [24, 47]], [4, []], [24, []], [47, []], [7, [7, 19, 5]], [19, []], [5, []], [18, [18, 38, 32, 45, 15, 8]], [38, []], [32, []], [45, []], [15, []], [8, []], [41, [41, 43]], [43, []], [16, [16, 37, 49, 3, 48, 10, 39]], [37, []], [49, []], [3, []], [48, []], [10, []], [39, []]]], [[[1, [1, 27, 4]]], [[27, [24, 47]]], [[2, [2, 33, 20, 44]]], [[34, [34, 29, 6, 40, 30]]], [[7, [7, 19, 5]]], [[18, [18, 38, 32, 45, 15, 8]]], [[21, [21]]], [[46, [46, 42, 9, 31, 50]]], [[41, [41, 43]]], [[12, [12, 22, 28, 26, 23, 17, 35, 25, 14, 11]]], [[16, [16, 37, 49, 3, 48, 10, 39]]]]]}
{"file_name": "U_50_1", "number_of_trucks": 2, "drone_capacity": 10, "number_of_drones": 2, "iteration": 3, "best_fitness": 719.8291877273809, "runtime": 122.57717728614807, "best_solution": [[[[0, [36, 2, 13, 33]], [36, []], [2, []], [13, []], [33, []], [20, [20]], [34, [34, 44, 29, 6, 32, 21, 46, 42]], [44, []], [29, [9]], [6, []], [32, []], [21, []], [46, []], [42, []], [9, []], [31, [31, 37, 48, 3, 12, 16, 50, 10, 39, 49]], [37, []], [48, []], [3, []], [12, []], [16, []], [50, []], [10, []], [39, []], [49, []]], [[0, [1, 27, 4, 24, 47, 7]], [1, []], [27, []], [4, []], [24, []], [47, []], [7, []], [19, [19]], [5, [5, 18, 30, 38, 40, 45, 15, 8, 41]], [18, []], [30, []], [38, []], [40, []], [45, []], [15, []], [8, []], [41, []], [43, [43, 28, 35, 17, 23, 25, 14, 26, 22, 11]], [28, []], [35, []], [17, []], [23, []], [25, []], [14, []], [26, []], [22, []], [11, []]]], [[[20, [20]]], [[34, [34, 44, 29, 6, 32, 21, 46, 42]]], [[19, [19]]], [[29, [9]]], [[5, [5, 18, 30, 38, 40, 45, 15, 8, 41]]], [[43, [43, 28, 35, 17, 23, 25, 14, 26, 22, 11]]], [[31, [31, 37, 48, 3, 12, 16, 50, 10, 39, 49]]]]]}
