{"file_name": "U_50_1", "number_of_trucks": 2, "drone_capacity": 10, "number_of_drones": 2, "iteration": 1, "best_fitness": 602.1736271433655, "runtime": 3902.5316631793976, "best_solution": [[[[0, [17, 44, 23, 22, 40]], [17, []], [44, []], [23, [18]], [40, []], [22, []], [18, []], [29, [29]], [0, []], [28, [28, 37, 3, 42, 33, 4, 47, 26]], [37, []], [3, []], [42, []], [33, []], [15, [15, 31]], [4, []], [47, []], [2, [2, 24, 5, 20, 34]], [26, []], [24, []], [5, []], [20, []], [34, []], [31, []]], [[0, [1, 19]], [16, [49, 16]], [19, []], [32, [32, 13, 46, 10, 41, 6, 30, 14, 25]], [13, []], [49, []], [46, []], [10, []], [41, []], [6, []], [7, [7, 8, 11, 36, 50, 12]], [30, []], [14, []], [25, []], [8, []], [36, []], [43, [43, 38, 27, 39, 21]], [50, []], [38, []], [27, []], [39, []], [11, []], [12, []], [1, []], [35, [35, 9, 45, 48]], [9, []], [45, []], [48, []], [21, []]]], [[[16, [49, 16]]], [[23, [18]]], [[32, [46]]], [[32, [32, 13, 10, 41, 6, 30, 14, 25]]], [[29, [29]]], [[28, [28, 37, 3, 42, 33, 4, 47, 26]]], [[7, [7, 8, 11, 36, 50, 12]]], [[43, [43, 38, 27, 39, 21]]], [[15, [15, 31]]], [[2, [2, 24, 5, 20, 34]]], [[35, [35, 9, 45, 48]]]]]}
{"file_name": "U_50_1", "number_of_trucks": 2, "drone_capacity": 10, "number_of_drones": 2, "iteration": 2, "best_fitness": 702.6886820280079, "runtime": 179.6731309890747, "best_solution": [[[[0, []], [40, [40, 23, 1, 49, 14, 30]], [23, []], [1, []], [49, []], [14, []], [30, []], [13, [13, 18, 46]], [18, []], [46, []], [6, [6, 7, 28, 3, 8, 4]], [7, []], [28, []], [3, []], [8, []], [4, []], [42, [42, 33, 50, 36, 43, 31, 15, 2, 35, 9]], [33, []], [50, []], [36, []], [43, []], [31, []], [15, []], [2, []], [35, []], [9, []]], [[0, [22, 44, 17, 16, 19]], [22, [32, 25]], [44, []], [17, []], [16, []], [19, []], [32, []], [25, []], [41, [41, 10, 29, 12, 11, 37, 47, 26]], [10, []], [29, []], [12, []], [11, []], [37, []], [47, []], [26, []], [27, [27, 38, 39, 21, 34, 48, 24, 5, 20, 45]], [38, []], [39, []], [21, []], [34, []], [48, []], [24, []], [5, []], [20, []], [45, []]]], [[[40, [40, 23, 1, 49, 14, 30]]], [[13, [13, 18, 46]]], [[22, [32, 25]]], [[6, [6, 7, 28, 3, 8, 4]]], [[41, [41, 10, 29, 12, 11, 37, 47, 26]]], [[42, [42, 33, 50, 36, 43, 31, 15, 2, 35, 9]]], [[27, [27, 38, 39, 21, 34, 48, 24, 5, 20, 45]]]]]}
{"file_name": "U_50_1", "number_of_trucks": 2, "drone_capacity": 10, "number_of_drones": 2, "iteration": 3, "best_fitness": 715.920180641556, "runtime": 167.8016390800476, "best_solution": [[[[0, [49, 14, 1, 40]], [49, []], [14, []], [1, []], [40, []], [23, [23, 30]], [30, []], [13, [13]], [18, [18, 46, 50, 36, 28, 4, 42]], [46, []], [50, []], [36, []], [28, []], [4, []], [42, []], [43, [43, 21, 31, 15, 2, 29, 12, 35, 11, 45]], [21, []], [31, []], [15, []], [2, []], [29, []], [12, []], [35, []], [11, []], [45, []]], [[0, [22, 44, 17, 16, 19]], [22, [32, 25]], [44, []], [17, []], [16, []], [19, []], [32, []], [25, []], [41, [41, 10, 6, 7, 3, 8, 37, 47, 26]], [10, []], [6, []], [7, []], [3, []], [8, []], [37, []], [47, []], [26, []], [33, [33, 38, 27, 39, 34, 9, 20, 5, 48, 24]], [38, []], [27, []], [39, []], [34, []], [9, []], [20, []], [5, []], [48, []], [24, []]]], [[[23, [23, 30]]], [[22, [32, 25]]], [[13, [13]]], [[18, [18, 46, 50, 36, 28, 4, 42]]], [[41, [41, 10, 6, 7, 3, 8, 37, 47, 26]]], [[43, [43, 21, 31, 15, 2, 29, 12, 35, 11, 45]]], [[33, [33, 38, 27, 39, 34, 9, 20, 5, 48, 24]]]]]}
