{"file_name": "U_50_1", "number_of_trucks": 2, "drone_capacity": 10, "number_of_drones": 2, "iteration": 1, "best_fitness": 570.8241446402968, "runtime": 3627.3562183380127, "best_solution": [[[[0, []], [3, [3, 5, 9, 50, 19, 36, 27, 35]], [5, []], [9, []], [50, []], [19, []], [47, [47, 6, 17, 31, 32]], [6, []], [36, []], [17, []], [27, []], [35, []], [31, []], [24, [24, 7, 44, 43, 16, 23, 20, 46]], [44, []], [32, []], [15, [15, 28, 41, 14]], [16, []], [43, []], [23, []], [20, []], [7, []], [28, []], [1, [1, 45, 29, 13, 12]], [45, []], [41, []], [29, []], [46, []], [13, []], [14, []], [12, []]], [[0, []], [21, [18, 21, 30, 2, 25, 42, 48]], [30, []], [2, []], [25, []], [42, [33, 22, 38, 40, 10, 26, 39, 4]], [48, []], [33, []], [22, []], [38, []], [40, []], [10, []], [26, []], [39, []], [4, []], [37, [37, 34, 49]], [18, []], [34, []], [11, [11, 8]], [8, []], [49, []]]], [[[21, [18, 21, 30, 2, 25, 42, 48]]], [[3, [3, 5, 9, 50, 19, 36, 27, 35]]], [[47, [47, 6, 17, 31, 32]]], [[24, [24, 7, 44, 43, 16, 23, 20, 46]]], [[42, [33, 22, 38, 40, 10, 26, 39, 4]]], [[15, [15, 28, 41, 14]]], [[1, [1, 45, 29, 13, 12]]], [[37, [37, 34, 49]]], [[11, [11, 8]]]]]}
{"file_name": "U_50_1", "number_of_trucks": 2, "drone_capacity": 10, "number_of_drones": 2, "iteration": 2, "best_fitness": 668.3008206138016, "runtime": 132.34987807273865, "best_solution": [[[[0, [9, 50]], [9, []], [50, []], [47, [47, 36]], [36, []], [25, [25, 31, 2]], [31, []], [2, []], [5, [5, 3, 33, 42, 48, 6, 17, 27, 22, 46]], [3, []], [33, []], [42, []], [48, []], [6, []], [17, []], [27, []], [22, []], [46, []], [20, [20, 16, 43]], [16, []], [43, []], [14, [14, 49, 12, 29, 45, 13]], [49, [11]], [12, []], [29, []], [45, []], [13, []], [11, []]], [[0, [30, 21, 18]], [30, []], [21, []], [18, []], [19, [19, 7, 35, 32, 23]], [7, []], [35, []], [32, []], [23, []], [38, [38, 10, 40, 26, 39, 4]], [10, []], [40, []], [26, []], [39, []], [4, []], [24, [24, 28, 44]], [28, []], [44, []], [41, [41, 15, 1, 37, 34, 8]], [15, []], [1, []], [37, []], [34, []], [8, []]]], [[[47, [47, 36]]], [[25, [25, 31, 2]]], [[19, [19, 7, 35, 32, 23]]], [[5, [5, 3, 33, 42, 48, 6, 17, 27, 22, 46]]], [[38, [38, 10, 40, 26, 39, 4]]], [[24, [24, 28, 44]]], [[20, [20, 16, 43]]], [[14, [14, 49, 12, 29, 45, 13]]], [[41, [41, 15, 1, 37, 34, 8]]], [[49, [11]]]]]}
{"file_name": "U_50_1", "number_of_trucks": 2, "drone_capacity": 10, "number_of_drones": 2, "iteration": 3, "best_fitness": 664.7924280245176, "runtime": 137.26918125152588, "best_solution": [[[[0, [9]], [9, []], [19, [19, 25]], [25, []], [50, [50, 42, 48, 3, 47, 5]], [42, []], [48, []], [3, []], [47, []], [5, []], [6, [6]], [33, [33, 2, 46, 20, 16, 17, 22, 43]], [2, []], [46, []], [20, []], [16, []], [17, []], [22, []], [43, []], [14, [14, 12]], [12, []], [49, [49, 34, 45, 29, 13, 11]], [34, []], [45, []], [29, []], [13, []], [11, []]], [[0, [36, 30]], [36, [21, 27]], [30, []], [21, []], [27, []], [31, [31, 18, 32, 35, 7, 23, 38, 10, 40, 26]], [18, []], [32, []], [35, []], [7, []], [23, []], [38, []], [10, []], [40, []], [26, []], [39, [39, 4, 24, 28, 44]], [4, []], [24, []], [28, []], [44, []], [41, [41, 1, 37, 15, 8]], [1, []], [37, []], [15, []], [8, []]]], [[[19, [19, 25]]], [[36, [21, 27]]], [[50, [50, 42, 48, 3, 47, 5]]], [[6, [6]]], [[31, [31, 18, 32, 35, 7, 23, 38, 10, 40, 26]]], [[33, [33, 2, 46, 20, 16, 17, 22, 43]]], [[14, [14, 12]]], [[39, [39, 4, 24, 28, 44]]], [[41, [41, 1, 37, 15, 8]]], [[49, [49, 34, 45, 29, 13, 11]]]]]}
