{"file_name": "U_50_1", "number_of_trucks": 2, "drone_capacity": 10, "number_of_drones": 2, "iteration": 1, "best_fitness": 582.427135163828, "runtime": 3854.4213926792145, "best_solution": [[[[0, []], [22, [22]], [25, [25, 34, 11, 2, 41]], [3, [3]], [34, []], [11, []], [2, []], [15, [15, 42, 46, 23, 9, 38, 33]], [42, []], [41, [44, 30, 8, 36, 29, 39]], [38, []], [33, []], [44, []], [30, []], [8, []], [36, []], [29, []], [39, []], [46, []], [37, [37, 10, 17]], [23, []], [9, []], [10, []], [17, []]], [[0, []], [28, [50, 32, 28, 19, 20, 12, 18]], [19, []], [20, [24, 6, 48, 35, 40, 31, 7]], [12, []], [18, []], [24, []], [6, []], [48, []], [35, []], [40, []], [31, []], [50, []], [32, []], [7, []], [21, [21, 4, 13, 47, 1, 27, 14]], [4, []], [13, []], [47, []], [27, []], [14, []], [5, [5, 26, 45, 43, 16, 49]], [26, []], [1, []], [45, []], [43, []], [16, []], [49, []]]], [[[22, [22]]], [[25, [25, 34, 11, 2, 41]]], [[28, [50, 32, 28, 19, 20, 12, 18]]], [[20, [24, 6, 48, 35, 40, 31, 7]]], [[3, [3]]], [[15, [15, 42, 46, 23, 9, 38, 33]]], [[41, [44, 30, 8, 36, 29, 39]]], [[21, [21, 4, 13, 47, 1, 27, 14]]], [[5, [5, 26, 45, 43, 16, 49]]], [[37, [37, 10, 17]]]]]}
{"file_name": "U_50_1", "number_of_trucks": 2, "drone_capacity": 10, "number_of_drones": 2, "iteration": 2, "best_fitness": 747.5310987373693, "runtime": 114.338387966156, "best_solution": [[[[0, [40, 22, 19, 34, 50, 41, 12, 25, 7, 18, 24]], [40, []], [22, []], [19, []], [34, [38]], [50, []], [41, []], [12, []], [25, []], [7, []], [18, []], [24, []], [38, []], [13, [13, 21, 49, 39, 4, 45, 1, 37, 23, 15]], [21, []], [49, []], [39, []], [4, []], [45, []], [1, []], [37, []], [23, []], [15, []]], [[0, [28, 20, 33, 32, 14, 11, 48, 2]], [28, []], [20, []], [33, []], [32, []], [14, []], [11, []], [48, []], [2, []], [3, [3, 27, 6, 35, 36, 31, 9, 46, 29, 8]], [27, []], [6, []], [35, []], [36, []], [31, []], [9, []], [46, []], [29, []], [8, []], [30, [30, 42, 44, 17, 10, 16, 47, 5, 26, 43]], [42, []], [44, []], [17, []], [10, []], [16, []], [47, []], [5, []], [26, []], [43, []]]], [[[34, [38]]], [[3, [3, 27, 6, 35, 36, 31, 9, 46, 29, 8]]], [[30, [30, 42, 44, 17, 10, 16, 47, 5, 26, 43]]], [[13, [13, 21, 49, 39, 4, 45, 1, 37, 23, 15]]]]]}
{"file_name": "U_50_1", "number_of_trucks": 2, "drone_capacity": 10, "number_of_drones": 2, "iteration": 3, "best_fitness": 698.0978059870914, "runtime": 125.736567735672, "best_solution": [[[[0, [40]], [40, []], [34, [34, 2, 6, 12, 41]], [2, []], [6, []], [12, []], [41, []], [28, [28, 22, 50, 11, 9, 29, 36, 35]], [22, [46, 18]], [50, []], [11, []], [9, []], [29, []], [36, []], [35, []], [46, []], [18, []], [21, [21, 31, 39, 8, 5, 47, 3, 45, 26, 43]], [31, []], [39, []], [8, []], [5, []], [47, []], [3, []], [45, []], [26, []], [43, []]], [[0, [25, 48, 27, 32]], [25, []], [48, []], [27, []], [32, []], [19, [19]], [14, [14, 24, 7, 38, 13, 30, 33, 42, 49]], [24, []], [7, []], [38, []], [13, []], [30, []], [33, []], [42, []], [49, []], [44, [44, 20, 17, 4, 10, 1, 16, 23, 37, 15]], [20, []], [17, []], [4, []], [10, []], [1, []], [16, []], [23, []], [37, []], [15, []]]], [[[19, [19]]], [[34, [34, 2, 6, 12, 41]]], [[28, [28, 22, 50, 11, 9, 29, 36, 35]]], [[22, [46, 18]]], [[14, [14, 24, 7, 38, 13, 30, 33, 42, 49]]], [[21, [21, 31, 39, 8, 5, 47, 3, 45, 26, 43]]], [[44, [44, 20, 17, 4, 10, 1, 16, 23, 37, 15]]]]]}
