{"file_name": "U_50_0", "number_of_trucks": 2, "drone_capacity": 10, "number_of_drones": 2, "iteration": 1, "best_fitness": 383.12138465171495, "runtime": 3731.5805537700653, "best_solution": [[[[0, [42, 7, 49, 26]], [7, []], [49, []], [26, []], [42, []], [11, [11, 14, 39, 16, 38, 28, 12, 4]], [14, []], [39, []], [16, []], [38, []], [28, []], [6, [6, 43, 3, 15, 25, 10, 27, 22, 47]], [12, []], [43, []], [3, []], [15, []], [25, []], [10, []], [27, []], [22, []], [47, []], [4, []]], [[0, []], [2, [2]], [40, [40, 37, 31, 18]], [37, []], [33, [33, 17, 21, 36, 19, 48, 41, 45]], [17, []], [31, []], [21, []], [36, []], [32, [32, 20, 46, 34, 30, 50, 8, 35, 24, 29, 13, 9, 23, 5, 44, 1]], [45, []], [29, []], [13, []], [48, []], [18, []], [20, []], [46, []], [34, []], [30, []], [50, []], [8, []], [5, []], [9, []], [35, []], [23, []], [44, []], [41, []], [19, []], [24, []], [1, []]]], [[[2, [2]]], [[40, [40, 37, 31, 18]]], [[33, [33, 17, 21, 36, 19, 48, 41, 45]]], [[11, [11, 14, 39, 16, 38, 28, 12, 4]]], [[32, [32, 20, 46, 34, 30, 50, 24, 9]]], [[32, [8, 35, 29, 13, 23, 5, 44, 1]]], [[6, [6, 43, 3, 15, 25, 10, 27, 22, 47]]]]]}
{"file_name": "U_50_0", "number_of_trucks": 2, "drone_capacity": 10, "number_of_drones": 2, "iteration": 2, "best_fitness": 398.36927387030624, "runtime": 126.66157531738281, "best_solution": [[[[0, [42]], [42, []], [26, [26]], [49, [49, 4, 24, 2, 16, 20, 28, 6, 38]], [4, []], [24, []], [2, []], [16, []], [20, []], [28, []], [6, []], [38, []], [12, [12, 43, 3, 15, 25, 10, 27, 22, 11, 14]], [43, []], [3, []], [15, []], [25, []], [10, []], [27, []], [22, []], [11, []], [14, []]], [[0, [39]], [39, []], [34, [34, 46, 17, 18, 31, 21]], [46, []], [17, []], [18, [32, 45]], [31, []], [21, []], [32, []], [45, []], [33, [33, 40, 37, 29, 13, 48, 50, 30, 8, 47]], [40, []], [37, []], [29, []], [13, []], [48, []], [50, []], [30, []], [8, []], [47, []], [5, [5, 9, 35, 36, 44, 41, 23, 19, 7, 1]], [9, []], [35, []], [36, []], [44, []], [41, []], [23, []], [19, []], [7, []], [1, []]]], [[[34, [34, 46, 17, 18, 31, 21]]], [[26, [26]]], [[18, [32, 45]]], [[49, [49, 4, 24, 2, 16, 20, 28, 6, 38]]], [[33, [33, 40, 37, 29, 13, 48, 50, 30, 8, 47]]], [[5, [5, 9, 35, 36, 44, 41, 23, 19, 7, 1]]], [[12, [12, 43, 3, 15, 25, 10, 27, 22, 11, 14]]]]]}
{"file_name": "U_50_0", "number_of_trucks": 2, "drone_capacity": 10, "number_of_drones": 2, "iteration": 3, "best_fitness": 387.76973567974176, "runtime": 126.58954882621765, "best_solution": [[[[0, [26]], [26, []], [7, [7, 46, 34, 24]], [46, []], [34, []], [24, []], [11, [11, 14, 42, 49, 9, 16, 38, 6, 12, 43]], [14, []], [42, []], [49, []], [9, []], [16, []], [38, []], [6, []], [12, []], [43, []], [3, [3, 15, 25, 10, 27, 22, 39, 47, 5, 4]], [15, []], [25, []], [10, []], [27, []], [22, []], [39, []], [47, []], [5, []], [4, []]], [[0, []], [19, [19, 2, 40, 18]], [2, [33]], [40, []], [33, []], [18, []], [31, [31, 21, 36, 32, 45, 29, 13, 37, 28, 20]], [21, []], [36, []], [32, []], [45, []], [29, []], [13, []], [37, []], [28, []], [20, []], [17, [17, 48, 50, 30, 8, 35, 23, 44, 41, 1]], [48, []], [50, []], [30, []], [8, []], [35, []], [23, []], [44, []], [41, []], [1, []]]], [[[7, [7, 46, 34, 24]]], [[19, [19, 2, 40, 18]]], [[2, [33]]], [[11, [11, 14, 42, 49, 9, 16, 38, 6, 12, 43]]], [[31, [31, 21, 36, 32, 45, 29, 13, 37, 28, 20]]], [[17, [17, 48, 50, 30, 8, 35, 23, 44, 41, 1]]], [[3, [3, 15, 25, 10, 27, 22, 39, 47, 5, 4]]]]]}
