{"file_name": "U_50_0", "number_of_trucks": 2, "drone_capacity": 10, "number_of_drones": 2, "iteration": 1, "best_fitness": 402.40421652042613, "runtime": 4037.052694797516, "best_solution": [[[[0, [44, 35]], [19, [19, 40, 36, 43, 39, 37]], [47, [47, 17, 16, 20, 48]], [40, []], [17, []], [36, []], [43, []], [16, []], [27, [27, 31, 32, 18, 24, 25, 50, 42, 33]], [39, []], [20, []], [35, []], [31, []], [44, []], [32, []], [37, []], [18, []], [24, []], [25, []], [34, [34, 3, 5]], [50, []], [42, []], [48, []], [33, []], [5, []], [3, []]], [[0, [14, 13, 9, 2, 30, 7]], [14, [22, 46, 29, 45, 15]], [13, []], [30, []], [2, []], [8, [8, 11, 28, 21]], [9, []], [22, []], [46, []], [11, [41, 1, 4, 23, 38, 26, 10, 6, 12, 49]], [29, []], [45, []], [41, []], [1, []], [15, []], [4, []], [7, []], [28, []], [23, []], [38, []], [26, []], [10, []], [6, []], [21, []], [12, []], [49, []]]], [[[19, [19, 40, 36, 43, 39, 37]]], [[14, [22, 46, 29, 45, 15]]], [[47, [47, 17, 16, 20, 48]]], [[8, [8, 11, 28, 21]]], [[27, [27, 31, 32, 18, 24, 25, 50, 42, 33]]], [[11, [41, 1, 4, 23, 38, 26, 10, 6, 12, 49]]], [[34, [34, 3, 5]]]]]}
{"file_name": "U_50_0", "number_of_trucks": 2, "drone_capacity": 10, "number_of_drones": 2, "iteration": 2, "best_fitness": 531.64, "runtime": 97.94294261932373, "best_solution": [[[[0, [40, 45, 35, 15, 7, 28, 36, 17, 27, 16, 43, 39, 20, 23, 4, 1, 31, 25, 34, 50, 42, 48, 33, 5, 3, 12]], [40, []], [45, []], [35, []], [15, []], [7, []], [28, []], [36, []], [17, []], [27, []], [16, []], [43, []], [39, []], [20, []], [23, []], [4, []], [1, []], [31, []], [25, []], [34, []], [50, []], [42, []], [48, []], [33, []], [5, []], [3, []], [12, []]], [[0, [2, 9, 19, 13, 46, 47, 22, 21, 14, 30, 26, 6, 10, 38, 11, 29, 24, 18, 37, 32, 44, 41, 8, 49]], [2, []], [9, []], [19, []], [13, []], [46, []], [47, []], [22, []], [21, []], [14, []], [30, []], [26, []], [6, []], [10, []], [38, []], [11, []], [29, []], [24, []], [18, []], [37, []], [32, []], [44, []], [41, []], [8, []], [49, []]]], []]}
{"file_name": "U_50_0", "number_of_trucks": 2, "drone_capacity": 10, "number_of_drones": 2, "iteration": 3, "best_fitness": 438.1408206138017, "runtime": 121.80485606193542, "best_solution": [[[[0, [29, 45, 9]], [29, []], [45, []], [9, []], [33, [33]], [5, [5, 15, 7, 16, 27, 43, 20, 39, 23]], [15, []], [7, []], [16, []], [27, []], [43, []], [20, []], [39, []], [23, []], [41, [41, 1, 31, 35, 4, 11, 38, 10, 21, 12]], [1, []], [31, []], [35, []], [4, []], [11, []], [38, []], [10, []], [21, []], [12, []]], [[0, [14]], [14, []], [30, [30, 40, 13]], [40, []], [13, [22, 46, 47]], [22, []], [46, []], [47, []], [28, [28, 17, 36, 26, 6, 8, 2, 19, 24, 25]], [17, []], [36, []], [26, []], [6, []], [8, []], [2, []], [19, []], [24, []], [25, []], [44, [44, 18, 37, 32, 34, 50, 42, 48, 3, 49]], [18, []], [37, []], [32, []], [34, []], [50, []], [42, []], [48, []], [3, []], [49, []]]], [[[30, [30, 40, 13]]], [[33, [33]]], [[13, [22, 46, 47]]], [[5, [5, 15, 7, 16, 27, 43, 20, 39, 23]]], [[28, [28, 17, 36, 26, 6, 8, 2, 19, 24, 25]]], [[41, [41, 1, 31, 35, 4, 11, 38, 10, 21, 12]]], [[44, [44, 18, 37, 32, 34, 50, 42, 48, 3, 49]]]]]}
