{"file_name": "U_50_1", "number_of_trucks": 2, "drone_capacity": 10, "number_of_drones": 2, "iteration": 1, "best_fitness": 494.73517993436366, "runtime": 3898.651836872101, "best_solution": [[[[0, [48, 30, 34, 40, 11]], [3, [3, 46, 43, 19]], [11, []], [43, []], [19, []], [30, []], [46, []], [34, []], [40, []], [48, []], [18, [18, 10, 38, 13, 2, 29]], [10, []], [38, []], [13, []], [2, []], [33, [33, 15, 14, 24, 9, 17, 50, 37, 31, 49]], [29, []], [37, []], [31, []], [49, []], [15, []], [14, []], [24, []], [17, []], [50, []], [9, []]], [[0, []], [47, [47]], [26, [26, 44, 21, 4]], [44, []], [12, [12, 27, 6, 41, 5, 35]], [4, []], [21, []], [8, [8, 7, 28, 25]], [25, []], [7, []], [27, []], [6, []], [41, []], [23, [1, 45, 36, 22, 20, 23, 39, 32, 16]], [16, []], [20, []], [28, []], [39, []], [45, []], [36, []], [22, []], [5, []], [42, [42]], [32, []], [1, []], [35, []]]], [[[3, [3, 46, 43, 19]]], [[47, [47]]], [[26, [26, 44, 21, 4]]], [[12, [12, 27, 6, 41, 5, 35]]], [[8, [8, 7, 28, 25]]], [[18, [18, 10, 38, 13, 2, 29]]], [[33, [33, 15, 14, 24, 9, 17, 50, 37, 31, 49]]], [[23, [1, 45, 36, 22, 20, 23, 39, 32, 16]]], [[42, [42]]]]]}
{"file_name": "U_50_1", "number_of_trucks": 2, "drone_capacity": 10, "number_of_drones": 2, "iteration": 2, "best_fitness": 545.6951799343636, "runtime": 116.16963577270508, "best_solution": [[[[0, [21, 11, 43, 40]], [21, []], [11, []], [43, []], [40, []], [46, [46, 34, 19, 38, 48, 18, 10, 26, 12, 47]], [34, []], [19, []], [38, []], [48, []], [18, []], [10, []], [26, []], [12, []], [47, []], [16, [16, 8, 39, 45, 33, 22, 36, 17, 50, 9]], [8, []], [39, []], [45, []], [33, []], [22, []], [36, []], [17, []], [50, []], [9, []]], [[0, [44, 4, 6]], [44, []], [4, []], [6, [27, 41, 7]], [27, []], [41, []], [7, []], [3, [3, 25, 28, 30, 31, 49, 14, 37, 5, 29]], [25, []], [28, []], [30, []], [31, []], [49, []], [14, []], [37, []], [5, []], [29, []], [2, [2, 13, 15, 24, 23, 20, 1, 42, 32, 35]], [13, []], [15, []], [24, []], [23, []], [20, []], [1, []], [42, []], [32, []], [35, []]]], [[[6, [27, 41, 7]]], [[46, [46, 34, 19, 38, 48, 18, 10, 26, 12, 47]]], [[3, [3, 25, 28, 30, 31, 49, 14, 37, 5, 29]]], [[16, [16, 8, 39, 45, 33, 22, 36, 17, 50, 9]]], [[2, [2, 13, 15, 24, 23, 20, 1, 42, 32, 35]]]]]}
{"file_name": "U_50_1", "number_of_trucks": 2, "drone_capacity": 10, "number_of_drones": 2, "iteration": 3, "best_fitness": 542.0866993207691, "runtime": 123.29625082015991, "best_solution": [[[[0, [44, 47, 26]], [44, []], [47, []], [26, []], [18, [18, 48, 38, 10]], [48, []], [38, []], [10, []], [29, [29, 5, 2, 13, 39, 14]], [5, []], [2, []], [13, []], [39, []], [14, []], [24, [24, 28, 20, 23, 17, 50, 16, 9, 1, 12]], [28, []], [20, []], [23, []], [17, []], [50, []], [16, []], [9, []], [1, []], [12, []]], [[0, []], [21, [21, 43, 19]], [43, [46, 40, 34, 41]], [19, []], [46, []], [40, []], [34, []], [41, []], [6, [6, 27, 7, 3, 25, 35, 8, 11, 37, 31]], [27, []], [7, []], [3, []], [25, []], [35, []], [8, []], [11, []], [37, []], [31, []], [30, [30, 49, 15, 33, 45, 36, 22, 4, 42, 32]], [49, []], [15, []], [33, []], [45, []], [36, []], [22, []], [4, []], [42, []], [32, []]]], [[[21, [21, 43, 19]]], [[43, [46, 40, 34, 41]]], [[18, [18, 48, 38, 10]]], [[6, [6, 27, 7, 3, 25, 35, 8, 11, 37, 31]]], [[29, [29, 5, 2, 13, 39, 14]]], [[24, [24, 28, 20, 23, 17, 50, 16, 9, 1, 12]]], [[30, [30, 49, 15, 33, 45, 36, 22, 4, 42, 32]]]]]}
