{"file_name": "U_50_1", "number_of_trucks": 2, "drone_capacity": 10, "number_of_drones": 2, "iteration": 1, "best_fitness": 598.6764292032511, "runtime": 4181.217762470245, "best_solution": [[[[0, [21, 6, 5, 40, 25]], [21, []], [5, []], [40, []], [24, [24, 49]], [6, []], [49, []], [25, []], [7, [7, 50, 47, 16, 27, 32, 3]], [50, []], [16, []], [32, []], [27, []], [3, []], [47, []], [31, [31, 14, 42, 9, 41, 23, 1, 38]], [41, []], [9, []], [14, []], [42, []], [37, [37, 15, 19, 44, 4]], [15, []], [23, []], [1, []], [4, []], [38, []], [19, []], [44, []]], [[0, [43]], [43, []], [45, [45, 13, 34, 48, 33, 10]], [13, []], [10, []], [48, []], [34, []], [30, [30, 2, 18]], [2, []], [46, [46, 17, 35, 28, 39, 20, 22, 8]], [17, []], [18, []], [33, []], [22, []], [36, [36, 29, 12]], [39, []], [12, []], [29, []], [28, []], [35, []], [26, [26, 11]], [20, []], [11, []], [8, []]]], [[[24, [24, 49]]], [[45, [45, 13, 34, 48, 33, 10]]], [[7, [7, 50, 47, 16, 27, 32, 3]]], [[30, [30, 2, 18]]], [[46, [46, 17, 35, 28, 39, 20, 22, 8]]], [[31, [31, 14, 42, 9, 41, 23, 1, 38]]], [[37, [37, 15, 19, 44, 4]]], [[36, [36, 29, 12]]], [[26, [26, 11]]]]]}
{"file_name": "U_50_1", "number_of_trucks": 2, "drone_capacity": 10, "number_of_drones": 2, "iteration": 2, "best_fitness": 721.4586008710902, "runtime": 137.96802687644958, "best_solution": [[[[0, []], [6, [6]], [34, [34, 10]], [10, [43, 40, 25, 49]], [43, []], [40, []], [25, []], [49, []], [7, [7, 50, 32, 3, 2, 46, 17]], [50, []], [32, []], [3, []], [2, []], [46, []], [17, []], [41, [41, 31, 14, 36, 39, 29, 12, 20, 19, 44]], [31, []], [14, []], [36, []], [39, []], [29, []], [12, []], [20, []], [19, []], [44, []]], [[0, [21]], [21, []], [33, [33]], [48, [48, 45, 13, 47]], [45, []], [13, []], [47, []], [30, [30, 16, 27, 1, 38, 8, 28, 35, 24, 9]], [16, []], [27, []], [1, []], [38, []], [8, []], [28, []], [35, []], [24, []], [9, []], [5, [5, 23, 42, 15, 37, 22, 4, 11, 26, 18]], [23, []], [42, []], [15, []], [37, []], [22, []], [4, []], [11, []], [26, []], [18, []]]], [[[33, [33]]], [[6, [6]]], [[34, [34, 10]]], [[10, [43, 40, 25, 49]]], [[48, [48, 45, 13, 47]]], [[7, [7, 50, 32, 3, 2, 46, 17]]], [[30, [30, 16, 27, 1, 38, 8, 28, 35, 24, 9]]], [[41, [41, 31, 14, 36, 39, 29, 12, 20, 19, 44]]], [[5, [5, 23, 42, 15, 37, 22, 4, 11, 26, 18]]]]]}
{"file_name": "U_50_1", "number_of_trucks": 2, "drone_capacity": 10, "number_of_drones": 2, "iteration": 3, "best_fitness": 713.02092946588, "runtime": 130.06686234474182, "best_solution": [[[[0, [34, 5]], [34, []], [5, []], [49, [49, 25]], [25, [40, 32]], [40, []], [32, []], [18, [18, 10, 35, 46, 17, 41, 9, 31, 7]], [10, []], [35, []], [46, []], [17, []], [41, []], [9, []], [31, []], [7, []], [50, [50, 42, 22, 23, 8, 29, 12, 19, 33, 44]], [42, []], [22, []], [23, []], [8, []], [29, []], [12, []], [19, []], [33, []], [44, []]], [[0, []], [6, [24, 6, 48, 43, 21, 45]], [48, []], [43, []], [21, []], [45, []], [13, [13]], [47, [47, 30, 2, 28, 20, 3, 16, 27, 1]], [30, []], [2, []], [28, []], [20, []], [3, []], [16, []], [27, []], [1, []], [38, [38, 36, 14, 39, 15, 37, 4, 11, 26]], [36, []], [14, []], [39, []], [15, []], [37, []], [4, []], [11, []], [26, []], [24, []]]], [[[49, [49, 25]]], [[6, [24, 6, 48, 43, 21, 45]]], [[13, [13]]], [[25, [40, 32]]], [[47, [47, 30, 2, 28, 20, 3, 16, 27, 1]]], [[18, [18, 10, 35, 46, 17, 41, 9, 31, 7]]], [[38, [38, 36, 14, 39, 15, 37, 4, 11, 26]]], [[50, [50, 42, 22, 23, 8, 29, 12, 19, 33, 44]]]]]}
