{"file_name": "U_50_1", "number_of_trucks": 2, "drone_capacity": 10, "number_of_drones": 2, "iteration": 1, "best_fitness": 496.1045122678599, "runtime": 4138.907812833786, "best_solution": [[[[0, [49]], [15, [15, 39, 33, 2, 4]], [2, []], [39, []], [44, [44, 11, 41, 31, 28, 47, 40, 35, 5, 17, 20]], [11, []], [4, []], [20, []], [33, []], [31, []], [9, [9, 50, 37, 30]], [28, []], [47, []], [40, []], [35, []], [5, []], [50, []], [41, []], [17, []], [49, []], [37, []], [30, []], [36, [36, 32, 29, 27, 6]], [32, []], [29, []], [27, []], [6, []]], [[0, [43, 14]], [45, [18, 13, 34, 22, 45, 25]], [43, []], [18, []], [13, []], [25, []], [34, []], [22, []], [21, [21, 16, 7, 12, 23, 38]], [38, []], [12, []], [7, []], [23, []], [16, []], [14, []], [8, [8, 26, 42, 48, 3, 19, 1]], [26, []], [42, []], [48, []], [3, []], [19, []], [1, []], [10, [10, 46, 24]], [46, []], [24, []]]], [[[15, [15, 39, 33, 2, 4]]], [[45, [18, 13, 34, 22, 45, 25]]], [[44, [44, 11, 41, 17, 20]]], [[44, [31, 28, 47, 40, 35, 5]]], [[21, [21, 16, 7, 12, 23, 38]]], [[9, [9, 50, 37, 30]]], [[8, [8, 26, 42, 48, 3, 19, 1]]], [[36, [36, 32, 29, 27, 6]]], [[10, [10, 46, 24]]]]]}
{"file_name": "U_50_1", "number_of_trucks": 2, "drone_capacity": 10, "number_of_drones": 2, "iteration": 2, "best_fitness": 508.3999999999999, "runtime": 131.37251830101013, "best_solution": [[[[0, []], [22, [22, 49]], [49, []], [4, [4, 40, 47, 28, 43, 35, 5]], [40, []], [47, []], [28, []], [43, []], [35, []], [5, []], [41, [41, 37, 30, 31, 17, 50]], [37, []], [30, []], [31, []], [17, []], [50, []], [8, [8, 42, 14, 16, 23, 26, 48, 10, 46, 24]], [42, []], [14, []], [16, []], [23, []], [26, []], [48, []], [10, []], [46, []], [24, []]], [[0, [13, 18]], [13, []], [18, []], [44, [44]], [21, [21, 25]], [25, []], [38, [38, 1, 15, 11, 45, 12, 39, 2, 34, 7]], [1, []], [15, []], [11, []], [45, []], [12, []], [39, []], [2, []], [34, []], [7, []], [3, [3, 9, 20, 33, 36, 32, 29, 27, 19, 6]], [9, []], [20, []], [33, []], [36, []], [32, []], [29, []], [27, []], [19, []], [6, []]]], [[[44, [44]]], [[22, [22, 49]]], [[4, [4, 40, 47, 28, 43, 35, 5]]], [[21, [21, 25]]], [[38, [38, 1, 15, 11, 45, 12, 39, 2, 34, 7]]], [[41, [41, 37, 30, 31, 17, 50]]], [[3, [3, 9, 20, 33, 36, 32, 29, 27, 19, 6]]], [[8, [8, 42, 14, 16, 23, 26, 48, 10, 46, 24]]]]]}
{"file_name": "U_50_1", "number_of_trucks": 2, "drone_capacity": 10, "number_of_drones": 2, "iteration": 3, "best_fitness": 540.0154230354631, "runtime": 139.53496861457825, "best_solution": [[[[0, [45]], [45, []], [38, [38, 44, 39, 12, 11, 7]], [44, []], [39, []], [12, []], [11, []], [7, []], [34, [34, 9, 41, 50]], [9, []], [41, []], [50, []], [20, [20, 33, 36, 32, 31, 29, 27, 10, 46, 6]], [33, []], [36, []], [32, []], [31, []], [29, []], [27, []], [10, []], [46, []], [6, []]], [[0, []], [25, [25]], [15, [15, 2]], [2, []], [43, [43]], [40, [40, 23, 4, 35, 5, 14, 47, 28, 18, 13]], [23, []], [4, []], [35, []], [5, []], [14, []], [47, []], [28, []], [18, []], [13, []], [22, [22, 49, 17, 37, 30]], [49, []], [17, []], [37, []], [30, []], [21, [21, 8, 3, 16, 42, 26, 48, 19, 1, 24]], [8, []], [3, []], [16, []], [42, []], [26, []], [48, []], [19, []], [1, []], [24, []]]], [[[25, [25]]], [[15, [15, 2]]], [[43, [43]]], [[40, [40, 23, 4, 35, 5, 14, 47, 28, 18, 13]]], [[38, [38, 44, 39, 12, 11, 7]]], [[22, [22, 49, 17, 37, 30]]], [[34, [34, 9, 41, 50]]], [[21, [21, 8, 3, 16, 42, 26, 48, 19, 1, 24]]], [[20, [20, 33, 36, 32, 31, 29, 27, 10, 46, 6]]]]]}
