{"file_name": "U_50_1", "number_of_trucks": 2, "drone_capacity": 10, "number_of_drones": 2, "iteration": 1, "best_fitness": 606.9085506637513, "runtime": 3976.594157934189, "best_solution": [[[[0, [8]], [8, []], [0, []], [47, [47, 37, 48, 44, 22, 39, 33, 2, 50]], [37, []], [21, [21, 40, 32]], [48, []], [40, []], [32, []], [44, []], [22, []], [39, []], [33, []], [2, []], [4, [4, 34, 29, 17, 27, 42, 18, 11]], [34, []], [29, []], [50, []], [17, []], [19, [19, 24, 26, 14]], [24, []], [26, []], [14, []], [18, []], [11, []], [27, []], [42, []]], [[0, []], [35, [35, 5, 20, 16, 15]], [5, []], [20, []], [16, []], [15, [3, 9, 38, 41]], [3, []], [9, []], [38, []], [43, [43, 49, 30, 45, 1]], [49, []], [30, []], [12, [25, 23, 12, 36]], [36, []], [1, []], [25, []], [23, []], [45, []], [13, [13, 28, 10, 31, 7, 46, 6]], [28, []], [10, []], [31, []], [46, []], [41, []], [6, []], [7, []]]], [[[47, [47, 37, 48, 44, 22, 39, 33, 2, 50]]], [[35, [35, 5, 20, 16, 15]]], [[21, [21, 40, 32]]], [[15, [3, 9, 38, 41]]], [[43, [43, 49, 30, 45, 1]]], [[12, [25, 23, 12, 36]]], [[4, [4, 34, 29, 17, 27, 42, 18, 11]]], [[13, [13, 28, 10, 31, 7, 46, 6]]], [[19, [19, 24, 26, 14]]]]]}
{"file_name": "U_50_1", "number_of_trucks": 2, "drone_capacity": 10, "number_of_drones": 2, "iteration": 2, "best_fitness": 750.1737967520426, "runtime": 137.6798551082611, "best_solution": [[[[0, []], [37, [37]], [33, [33, 44, 22, 38, 16, 5, 20]], [44, [2, 35]], [22, []], [38, []], [16, []], [5, []], [20, []], [2, []], [35, []], [32, [32, 21, 30, 49, 12, 1, 34, 42, 27]], [21, []], [30, []], [49, []], [12, []], [1, []], [34, []], [42, []], [27, []], [13, [13, 10, 28, 4, 29, 17, 19, 26, 24, 7]], [10, []], [28, []], [4, []], [29, []], [17, []], [19, []], [26, []], [24, []], [7, []]], [[0, [15]], [15, []], [39, [39]], [48, [48]], [8, [8, 41, 50, 3, 47, 9, 40, 36]], [41, []], [50, []], [3, []], [47, []], [9, []], [40, []], [36, []], [43, [43, 11, 23, 14, 18, 25, 45, 31, 46, 6]], [11, []], [23, []], [14, []], [18, []], [25, []], [45, []], [31, []], [46, []], [6, []]]], [[[37, [37]]], [[33, [33, 44, 22, 38, 16, 5, 20]]], [[39, [39]]], [[44, [2, 35]]], [[48, [48]]], [[8, [8, 41, 50, 3, 47, 9, 40, 36]]], [[32, [32, 21, 30, 49, 12, 1, 34, 42, 27]]], [[43, [43, 11, 23, 14, 18, 25, 45, 31, 46, 6]]], [[13, [13, 10, 28, 4, 29, 17, 19, 26, 24, 7]]]]]}
{"file_name": "U_50_1", "number_of_trucks": 2, "drone_capacity": 10, "number_of_drones": 2, "iteration": 3, "best_fitness": 700.7560403051577, "runtime": 162.13922142982483, "best_solution": [[[[0, [15, 39, 38]], [15, []], [39, []], [38, []], [16, [16]], [2, [2]], [5, [5, 20, 32, 1, 12, 4]], [20, []], [32, []], [1, []], [12, []], [4, []], [43, [43, 28, 23, 25, 6, 10, 13, 31, 21, 27]], [28, []], [23, []], [25, []], [6, []], [10, []], [13, []], [31, []], [21, []], [27, []]], [[0, []], [37, [37]], [44, [44]], [22, [22]], [33, [33, 48]], [48, []], [41, [41]], [50, [50, 3, 47, 8, 35, 9]], [3, []], [47, []], [8, []], [35, []], [9, []], [40, [40, 42, 36, 11, 30, 45, 46]], [42, [19, 17, 34, 24, 7]], [36, []], [11, []], [30, []], [45, []], [46, []], [18, [18, 14, 49, 26, 29]], [14, []], [49, []], [26, []], [29, []], [19, []], [17, []], [34, []], [24, []], [7, []]]], [[[37, [37]]], [[44, [44]]], [[22, [22]]], [[33, [33, 48]]], [[41, [41]]], [[50, [50, 3, 47, 8, 35, 9]]], [[16, [16]]], [[2, [2]]], [[5, [5, 20, 32, 1, 12, 4]]], [[40, [40, 42, 36, 11, 30, 45, 46]]], [[43, [43, 28, 23, 25, 6, 10, 13, 31, 21, 27]]], [[42, [19, 17, 34, 24, 7]]], [[18, [18, 14, 49, 26, 29]]]]]}
