{"file_name": "U_50_0", "number_of_trucks": 2, "drone_capacity": 10, "number_of_drones": 2, "iteration": 1, "best_fitness": 396.679113109979, "runtime": 3717.4052033424377, "best_solution": [[[[0, [16]], [16, []], [21, [21]], [8, [44, 8]], [44, [1, 12, 35, 26, 15, 30, 43]], [1, []], [12, [13, 18, 2, 19, 37, 9, 4, 36]], [35, []], [32, [32, 42, 22, 38, 48, 29, 31]], [42, []], [26, []], [4, []], [36, []], [22, []], [29, []], [13, []], [38, []], [18, []], [48, []], [2, []], [19, []], [15, []], [30, []], [31, []], [43, []], [37, []], [9, []]], [[0, [49]], [49, []], [23, [23, 20, 28, 39, 25, 45, 10]], [25, []], [20, []], [28, []], [11, [11, 40]], [39, []], [45, []], [10, []], [33, [33, 46, 14, 24, 5, 34, 7, 6, 41, 27, 17, 50, 3, 47]], [40, []], [5, []], [34, []], [46, []], [14, []], [24, []], [7, []], [6, []], [41, []], [27, []], [17, []], [50, []], [3, []], [47, []]]], [[[21, [21]]], [[8, [44, 8]]], [[44, [1, 12, 35, 26, 15, 30, 43]]], [[23, [23, 20, 28, 39, 25, 45, 10]]], [[12, [13, 18, 2, 19, 37, 9, 4, 36]]], [[32, [32, 42, 22, 38, 48, 29, 31]]], [[11, [11, 40]]], [[33, [33, 46, 14, 24]]], [[33, [5, 34, 7, 6, 41, 27, 17, 50, 3, 47]]]]]}
{"file_name": "U_50_0", "number_of_trucks": 2, "drone_capacity": 10, "number_of_drones": 2, "iteration": 2, "best_fitness": 500.3999999999999, "runtime": 103.94897317886353, "best_solution": [[[[0, [45, 39, 36, 15, 49, 30, 43, 19, 13, 10, 18, 48, 38, 33, 2, 31, 46, 14, 7, 3]], [45, []], [39, []], [36, []], [15, []], [49, []], [30, []], [43, []], [19, []], [13, []], [10, []], [18, []], [48, []], [38, []], [33, []], [2, []], [31, []], [46, []], [14, []], [7, []], [3, []]], [[0, [16, 21, 44, 26, 8, 1, 12, 35, 4, 23, 25, 17, 50, 27, 6, 41, 24, 34, 37, 40, 29, 22, 5, 28, 20, 11, 32, 42, 47, 9]], [16, []], [21, []], [44, []], [26, []], [8, []], [1, []], [12, []], [35, []], [4, []], [23, []], [25, []], [17, []], [50, []], [27, []], [6, []], [41, []], [24, []], [34, []], [37, []], [40, []], [29, []], [22, []], [5, []], [28, []], [20, []], [11, []], [32, []], [42, []], [47, []], [9, []]]], []]}
{"file_name": "U_50_0", "number_of_trucks": 2, "drone_capacity": 10, "number_of_drones": 2, "iteration": 3, "best_fitness": 490.8800000000001, "runtime": 103.93512988090515, "best_solution": [[[[0, [16, 49, 30, 15, 25, 23, 20, 34, 5, 29, 36, 22, 40, 46, 14, 24, 7, 6, 41, 27, 50, 3, 47, 9, 12, 35]], [16, []], [49, []], [30, []], [15, []], [25, []], [23, []], [20, []], [34, []], [5, []], [29, []], [36, []], [22, []], [40, []], [46, []], [14, []], [24, []], [7, []], [6, []], [41, []], [27, []], [50, []], [3, []], [47, []], [9, []], [12, []], [35, []]], [[0, [17, 8, 44, 1, 26, 21, 4, 11, 28, 37, 43, 31, 19, 13, 2, 33, 38, 18, 48, 10, 45, 39, 42, 32]], [17, []], [8, []], [44, []], [1, []], [26, []], [21, []], [4, []], [11, []], [28, []], [37, []], [43, []], [31, []], [19, []], [13, []], [2, []], [33, []], [38, []], [18, []], [48, []], [10, []], [45, []], [39, []], [42, []], [32, []]]], []]}
