{"file_name": "U_50_1", "number_of_trucks": 2, "drone_capacity": 10, "number_of_drones": 2, "iteration": 1, "best_fitness": 503.0010631777893, "runtime": 3828.6601922512054, "best_solution": [[[[0, [48, 44, 22]], [44, []], [33, [33, 27, 28]], [2, [2]], [22, []], [9, [9, 19, 50, 5, 36, 26, 17, 38, 34, 24]], [28, []], [26, []], [27, []], [17, []], [38, []], [19, []], [50, []], [48, []], [25, [25, 41, 10, 20, 14, 39, 43, 6, 21]], [5, []], [36, []], [43, []], [41, []], [10, []], [6, []], [39, []], [24, []], [20, []], [14, []], [34, []], [21, []]], [[0, [30, 18, 46]], [37, [31, 8, 16, 37, 7]], [8, []], [16, []], [7, []], [30, []], [18, []], [46, []], [13, [13, 32, 45, 29, 49, 40, 47]], [32, []], [45, []], [4, [4, 42, 11, 35, 1, 12, 23, 15, 3]], [42, []], [11, []], [35, []], [1, []], [12, []], [29, []], [49, []], [40, []], [47, []], [31, []], [23, []], [15, []], [3, []]]], [[[37, [31, 8, 16, 37, 7]]], [[33, [33, 27, 28]]], [[2, [2]]], [[9, [9, 19, 50, 5, 36, 26, 17, 38, 34, 24]]], [[13, [13, 32, 45, 29, 49, 40, 47]]], [[4, [4, 42, 11, 35, 1, 12, 23, 15, 3]]], [[25, [25, 41, 10, 20, 14, 39, 43, 6, 21]]]]]}
{"file_name": "U_50_1", "number_of_trucks": 2, "drone_capacity": 10, "number_of_drones": 2, "iteration": 2, "best_fitness": 547.5601806415559, "runtime": 127.06908750534058, "best_solution": [[[[0, [44, 7, 22]], [44, []], [7, []], [22, []], [35, [35]], [8, [8, 26, 5, 34, 36, 50, 17, 38, 27]], [26, []], [5, []], [34, []], [36, []], [50, []], [17, []], [38, []], [27, []], [19, [19, 39, 6, 24, 16, 10, 41, 11, 12, 42]], [39, []], [6, []], [24, []], [16, []], [10, []], [41, []], [11, []], [12, []], [42, []]], [[0, [37]], [37, []], [4, [4, 30, 46]], [30, []], [46, []], [18, [18, 48, 40]], [48, []], [40, []], [33, [33, 45, 49, 47, 9, 32, 2, 1, 29, 13]], [45, []], [49, []], [47, []], [9, []], [32, []], [2, []], [1, []], [29, []], [13, []], [28, [28, 31, 25, 14, 23, 15, 21, 3, 20, 43]], [31, []], [25, []], [14, []], [23, []], [15, []], [21, []], [3, []], [20, []], [43, []]]], [[[4, [4, 30, 46]]], [[35, [35]]], [[18, [18, 48, 40]]], [[8, [8, 26, 5, 34, 36, 50, 17, 38, 27]]], [[33, [33, 45, 49, 47, 9, 32, 2, 1, 29, 13]]], [[28, [28, 31, 25, 14, 23, 15, 21, 3, 20, 43]]], [[19, [19, 39, 6, 24, 16, 10, 41, 11, 12, 42]]]]]}
{"file_name": "U_50_1", "number_of_trucks": 2, "drone_capacity": 10, "number_of_drones": 2, "iteration": 3, "best_fitness": 528.9599999999999, "runtime": 120.71013832092285, "best_solution": [[[[0, [4, 35]], [4, [37]], [35, []], [37, []], [8, [8, 32, 45, 19, 27, 50, 36, 5, 24, 16]], [32, []], [45, []], [19, []], [27, []], [50, []], [36, []], [5, []], [24, []], [16, []], [26, [26, 48, 34, 20, 39, 6, 10, 41, 43, 21]], [48, []], [34, []], [20, []], [39, []], [6, []], [10, []], [41, []], [43, []], [21, []]], [[0, [38, 17]], [38, []], [17, []], [33, [33, 28, 40, 30, 18]], [28, []], [40, []], [30, []], [18, []], [44, [44, 7, 46, 2, 29, 1, 22, 49, 9, 47]], [7, []], [46, []], [2, []], [29, []], [1, []], [22, []], [49, []], [9, []], [47, []], [15, [15, 23, 31, 42, 13, 12, 11, 25, 14, 3]], [23, []], [31, []], [42, []], [13, []], [12, []], [11, []], [25, []], [14, []], [3, []]]], [[[4, [37]]], [[33, [33, 28, 40, 30, 18]]], [[8, [8, 32, 45, 19, 27, 50, 36, 5, 24, 16]]], [[44, [44, 7, 46, 2, 29, 1, 22, 49, 9, 47]]], [[15, [15, 23, 31, 42, 13, 12, 11, 25, 14, 3]]], [[26, [26, 48, 34, 20, 39, 6, 10, 41, 43, 21]]]]]}
