{"file_name": "U_50_1", "number_of_trucks": 2, "drone_capacity": 10, "number_of_drones": 2, "iteration": 1, "best_fitness": 467.37912400126464, "runtime": 3639.273963689804, "best_solution": [[[[0, [14, 15, 12, 39, 5, 24]], [14, [8, 30, 48, 31, 9, 1, 7]], [15, []], [12, []], [39, []], [5, []], [24, []], [9, []], [8, []], [30, []], [48, []], [31, []], [17, [10, 22, 26, 17, 43, 3, 25, 27]], [43, []], [3, []], [25, []], [27, []], [10, []], [22, []], [1, []], [7, []], [26, []]], [[0, []], [41, [41]], [36, [36, 45, 29, 16, 2, 6, 46]], [45, []], [29, []], [16, []], [38, [38]], [2, []], [6, []], [28, [28, 37, 40, 33, 11, 4]], [37, []], [40, []], [33, []], [13, [13, 32, 21, 34, 42, 35, 47, 23]], [21, []], [32, []], [44, [44, 50, 20, 18, 19, 49]], [23, []], [19, []], [35, []], [50, []], [34, []], [46, []], [20, []], [18, []], [47, []], [11, []], [42, []], [49, []], [4, []]]], [[[41, [41]]], [[36, [36, 45, 29, 16, 2, 6, 46]]], [[38, [38]]], [[14, [8, 30, 48, 31, 9, 1, 7]]], [[28, [28, 37, 40, 33, 11, 4]]], [[13, [13, 32, 21, 34, 42, 35, 47, 23]]], [[17, [10, 22, 26, 17, 43, 3, 25, 27]]], [[44, [44, 50, 20, 18, 19, 49]]]]]}
{"file_name": "U_50_1", "number_of_trucks": 2, "drone_capacity": 10, "number_of_drones": 2, "iteration": 2, "best_fitness": 519.988685061278, "runtime": 107.98245429992676, "best_solution": [[[[0, [6, 46, 39, 12, 38]], [6, []], [46, [8, 30, 17, 2, 37, 40, 28, 33]], [39, []], [12, []], [38, []], [8, []], [30, []], [17, []], [2, []], [37, []], [40, []], [28, []], [33, []], [29, [29, 13, 21, 34, 20, 18, 50, 9, 49, 26]], [13, []], [21, []], [34, []], [20, []], [18, []], [50, []], [9, []], [49, []], [26, []]], [[0, [14, 41, 45, 31, 48, 16, 7]], [14, []], [41, []], [45, []], [31, []], [48, []], [16, []], [7, []], [24, [24, 36, 4, 42, 11, 10, 27, 43, 3, 25]], [36, []], [4, []], [42, []], [11, []], [10, []], [27, []], [43, []], [3, []], [25, []], [15, [15, 22, 47, 5, 35, 23, 32, 44, 19, 1]], [22, []], [47, []], [5, []], [35, []], [23, []], [32, []], [44, []], [19, []], [1, []]]], [[[46, [8, 30, 17, 2, 37, 40, 28, 33]]], [[24, [24, 36, 4, 42, 11, 10, 27, 43, 3, 25]]], [[29, [29, 13, 21, 34, 20, 18, 50, 9, 49, 26]]], [[15, [15, 22, 47, 5, 35, 23, 32, 44, 19, 1]]]]]}
{"file_name": "U_50_1", "number_of_trucks": 2, "drone_capacity": 10, "number_of_drones": 2, "iteration": 3, "best_fitness": 496.2617799979221, "runtime": 129.36034274101257, "best_solution": [[[[0, [41]], [41, []], [16, [16, 24, 31, 33]], [24, []], [31, []], [33, []], [36, [36, 29, 45, 37, 28, 40, 13, 32]], [29, []], [45, []], [37, []], [28, []], [40, []], [13, []], [32, []], [21, [21, 17, 48, 20, 34, 30, 50, 47, 49, 4]], [17, []], [48, []], [20, []], [34, []], [30, []], [50, []], [47, []], [49, []], [4, []]], [[0, []], [15, [15]], [6, [6, 2, 46]], [2, []], [46, []], [12, [12, 39, 8, 7, 1]], [39, []], [8, []], [9, [9, 5, 42, 14, 11, 27, 10, 22, 25, 3]], [5, []], [42, []], [14, []], [11, []], [27, []], [10, []], [22, []], [25, []], [3, []], [43, [43, 38, 18, 35, 23, 44, 19, 26]], [38, []], [18, []], [35, []], [23, []], [44, []], [19, []], [26, []], [7, []], [1, []]]], [[[15, [15]]], [[6, [6, 2, 46]]], [[16, [16, 24, 31, 33]]], [[12, [12, 39, 8, 7, 1]]], [[36, [36, 29, 45, 37, 28, 40, 13, 32]]], [[9, [9, 5, 42, 14, 11, 27, 10, 22, 25, 3]]], [[43, [43, 38, 18, 35, 23, 44, 19, 26]]], [[21, [21, 17, 48, 20, 34, 30, 50, 47, 49, 4]]]]]}
