{"file_name": "U_50_0", "number_of_trucks": 2, "drone_capacity": 10, "number_of_drones": 2, "iteration": 1, "best_fitness": 395.345379005252, "runtime": 3665.572459936142, "best_solution": [[[[0, []], [23, [9, 23, 2]], [9, []], [44, [44, 47, 7, 50, 37, 31, 11, 41, 33]], [47, []], [7, []], [37, [43, 42, 14, 12, 32, 40]], [31, []], [11, []], [43, []], [42, []], [41, []], [34, [34, 8, 24, 20, 21, 4, 27, 18, 36]], [21, []], [27, []], [40, []], [4, []], [33, []], [18, []], [2, []], [50, []], [14, []], [8, []], [24, []], [12, []], [32, []], [20, []], [36, []]], [[0, [19, 29, 1]], [19, []], [29, []], [6, [6, 49, 13, 17, 28, 3, 15, 45, 10, 26, 25, 16, 35, 39, 5, 38]], [1, []], [48, [48, 46, 30, 22]], [5, []], [38, []], [46, []], [26, []], [25, []], [16, []], [35, []], [39, []], [30, []], [49, []], [13, []], [17, []], [28, []], [3, []], [15, []], [45, []], [10, []], [22, []]]], [[[23, [9, 23, 2]]], [[44, [44, 47, 7, 50, 37, 31, 11, 41, 33]]], [[6, [49, 13, 17, 28, 3, 15, 45, 10]]], [[6, [6, 26, 25, 16, 35, 39, 5, 38]]], [[37, [43, 42, 14, 12, 32, 40]]], [[48, [48, 46, 30, 22]]], [[34, [34, 8, 24, 20, 21, 4, 27, 18, 36]]]]]}
{"file_name": "U_50_0", "number_of_trucks": 2, "drone_capacity": 10, "number_of_drones": 2, "iteration": 2, "best_fitness": 425.3420793518135, "runtime": 126.07835102081299, "best_solution": [[[[0, [9, 41]], [9, []], [41, []], [11, [11, 37, 31]], [37, []], [31, []], [12, [12, 22, 42, 43, 34, 24, 8, 14]], [22, []], [42, []], [43, []], [34, []], [24, []], [8, []], [14, []], [5, [5, 1, 48, 4, 40, 27, 21, 32, 20, 36]], [1, []], [48, []], [4, []], [40, []], [27, []], [21, []], [32, []], [20, []], [36, []]], [[0, [19]], [19, []], [23, [23, 10, 15, 28, 13, 47]], [10, []], [15, []], [28, []], [13, []], [47, []], [49, [49, 3, 45, 38, 46, 18, 2, 50, 33, 26]], [3, []], [45, []], [38, []], [46, []], [18, []], [2, []], [50, []], [33, []], [26, []], [25, [25, 16, 30, 35, 39, 17, 44, 7, 29, 6]], [16, []], [30, []], [35, []], [39, []], [17, []], [44, []], [7, []], [29, []], [6, []]]], [[[23, [23, 10, 15, 28, 13, 47]]], [[11, [11, 37, 31]]], [[49, [49, 3, 45, 38, 46, 18, 2, 50, 33, 26]]], [[12, [12, 22, 42, 43, 34, 24, 8, 14]]], [[5, [5, 1, 48, 4, 40, 27, 21, 32, 20, 36]]], [[25, [25, 16, 30, 35, 39, 17, 44, 7, 29, 6]]]]]}
{"file_name": "U_50_0", "number_of_trucks": 2, "drone_capacity": 10, "number_of_drones": 2, "iteration": 3, "best_fitness": 492.0, "runtime": 107.36401748657227, "best_solution": [[[[0, [23, 28, 7, 41, 42, 11, 43, 12, 18, 33, 2, 50, 14]], [23, []], [28, [8]], [7, []], [41, []], [42, []], [11, []], [43, []], [12, []], [18, []], [33, []], [2, []], [50, []], [14, []], [8, []], [24, [24, 27, 4, 40, 21, 32, 9, 34, 20, 6]], [27, []], [4, []], [40, []], [21, []], [32, []], [9, []], [34, []], [20, []], [6, []]], [[0, [19, 29, 31, 37, 5, 1, 45, 15, 3, 44, 47, 13, 17, 49, 30, 39, 35, 16, 25, 26, 46, 38, 10, 48, 22, 36]], [19, []], [29, []], [31, []], [37, []], [5, []], [1, []], [45, []], [15, []], [3, []], [44, []], [47, []], [13, []], [17, []], [49, []], [30, []], [39, []], [35, []], [16, []], [25, []], [26, []], [46, []], [38, []], [10, []], [48, []], [22, []], [36, []]]], [[[28, [8]]], [[24, [24, 27, 4, 40, 21, 32, 9, 34, 20, 6]]]]]}
