{"file_name": "U_50_1", "number_of_trucks": 2, "drone_capacity": 10, "number_of_drones": 2, "iteration": 1, "best_fitness": 510.8134084747453, "runtime": 4063.594089746475, "best_solution": [[[[0, []], [22, [22, 23, 1, 13, 36, 2, 41]], [1, []], [23, []], [13, []], [36, []], [37, [37, 14, 10, 6]], [14, []], [10, []], [46, [46, 3, 32, 25]], [2, []], [17, [17, 24, 48, 30, 34, 49, 44, 16]], [24, []], [6, []], [48, []], [41, []], [30, []], [34, []], [16, []], [3, []], [32, []], [49, []], [44, []], [25, []]], [[0, [27, 5, 31]], [27, []], [5, []], [31, []], [26, [26, 35, 8, 11, 28, 33]], [35, []], [28, []], [8, [45, 38, 4]], [11, []], [45, []], [38, []], [4, []], [33, []], [0, [18, 19, 21, 20, 29, 40, 39, 7, 43, 42, 15, 9, 47, 12, 50]], [18, []], [19, []], [21, []], [20, []], [29, []], [12, []], [50, []], [47, []], [40, []], [9, []], [39, []], [7, []], [43, []], [42, []], [15, []]]], [[[26, [26, 35, 8, 11, 28, 33]]], [[22, [22, 23, 1, 13, 36, 2, 41]]], [[8, [45, 38, 4]]], [[37, [37, 14, 10, 6]]], [[46, [46, 3, 32, 25]]], [[17, [17, 24, 48, 30, 34, 49, 44, 16]]]]]}
{"file_name": "U_50_1", "number_of_trucks": 2, "drone_capacity": 10, "number_of_drones": 2, "iteration": 2, "best_fitness": 566.3432627331455, "runtime": 136.14530491828918, "best_solution": [[[[0, [5]], [5, []], [27, [27]], [31, [31, 33, 38, 1]], [33, [23, 8, 20, 11]], [38, []], [1, []], [23, []], [8, []], [20, []], [11, []], [45, [45, 22, 14, 3, 32, 16, 40, 47, 7, 50]], [22, []], [14, []], [3, []], [32, []], [16, []], [40, []], [47, []], [7, []], [50, []], [24, [24, 41, 30, 34, 48, 9, 39, 42, 37, 13]], [41, []], [30, []], [34, []], [48, []], [9, []], [39, []], [42, []], [37, []], [13, []]], [[0, [28]], [28, []], [18, [18]], [21, [21]], [26, [26, 35, 6, 10, 4, 19, 29]], [35, []], [6, []], [10, []], [4, []], [19, []], [29, []], [2, [2, 46, 17, 12, 43, 15, 36, 44, 49, 25]], [46, []], [17, []], [12, []], [43, []], [15, []], [36, []], [44, []], [49, []], [25, []]]], [[[27, [27]]], [[31, [31, 33, 38, 1]]], [[18, [18]]], [[21, [21]]], [[33, [23, 8, 20, 11]]], [[45, [45, 22, 14, 3, 32, 16, 40, 47, 7, 50]]], [[26, [26, 35, 6, 10, 4, 19, 29]]], [[24, [24, 41, 30, 34, 48, 9, 39, 42, 37, 13]]], [[2, [2, 46, 17, 12, 43, 15, 36, 44, 49, 25]]]]]}
{"file_name": "U_50_1", "number_of_trucks": 2, "drone_capacity": 10, "number_of_drones": 2, "iteration": 3, "best_fitness": 534.4, "runtime": 120.9022741317749, "best_solution": [[[[0, [22, 13, 27, 5]], [22, []], [13, []], [27, []], [5, []], [3, [3, 32, 31, 14, 40, 7, 50, 10, 28, 26]], [32, []], [31, []], [14, []], [40, []], [7, []], [50, []], [10, []], [28, []], [26, []], [46, [46, 2, 17, 24, 12, 6, 16, 44, 49, 25]], [2, []], [17, []], [24, []], [12, []], [6, []], [16, []], [44, []], [49, []], [25, []]], [[0, [1, 18, 36]], [1, []], [18, []], [36, []], [29, [29, 23, 33]], [23, []], [33, []], [38, [38, 45, 8, 11, 20, 35, 21]], [45, []], [8, []], [11, []], [20, []], [35, [19, 4, 37]], [21, []], [19, []], [4, []], [37, []], [47, [47, 34, 30, 41, 48, 9, 39, 42, 43, 15]], [34, []], [30, []], [41, []], [48, []], [9, []], [39, []], [42, []], [43, []], [15, []]]], [[[29, [29, 23, 33]]], [[38, [38, 45, 8, 11, 20, 35, 21]]], [[3, [3, 32, 31, 14, 40, 7, 50, 10, 28, 26]]], [[35, [19, 4, 37]]], [[47, [47, 34, 30, 41, 48, 9, 39, 42, 43, 15]]], [[46, [46, 2, 17, 24, 12, 6, 16, 44, 49, 25]]]]]}
