{"file_name": "U_50_0", "number_of_trucks": 2, "drone_capacity": 10, "number_of_drones": 2, "iteration": 1, "best_fitness": 401.9069698904224, "runtime": 3862.5292732715607, "best_solution": [[[[0, [22, 33]], [22, []], [33, []], [24, [24, 12, 50, 37, 32, 7, 16, 29]], [12, []], [50, []], [7, []], [37, []], [15, [15, 36, 27, 10, 2, 46, 26, 35, 17]], [36, []], [32, []], [27, []], [16, []], [40, [40, 28, 45, 38, 1, 13, 48]], [48, []], [10, []], [17, []], [2, []], [46, []], [26, []], [35, []], [28, []], [29, []], [45, []], [38, []], [1, []], [13, []]], [[0, [8, 19, 41, 6]], [19, []], [18, [18, 4, 20, 25]], [4, []], [8, [34, 21, 11]], [21, []], [20, []], [11, []], [23, [23, 42, 43, 47, 49, 30, 14]], [42, []], [43, []], [6, []], [9, [9, 39, 5, 3, 44, 31]], [34, []], [30, []], [41, []], [31, []], [39, []], [14, []], [47, []], [5, []], [3, []], [44, []], [49, []], [25, []]]], [[[18, [18, 4, 20, 25]]], [[24, [24, 12, 50, 37, 32, 7, 16, 29]]], [[8, [34, 21, 11]]], [[15, [15, 36, 27, 10, 2, 46, 26, 35, 17]]], [[23, [23, 42, 43, 47, 49, 30, 14]]], [[9, [9, 39, 5, 3, 44, 31]]], [[40, [40, 28, 45, 38, 1, 13, 48]]]]]}
{"file_name": "U_50_0", "number_of_trucks": 2, "drone_capacity": 10, "number_of_drones": 2, "iteration": 2, "best_fitness": 544.92, "runtime": 98.19144010543823, "best_solution": [[[[0, [8, 4, 19, 22, 33, 18, 36, 7, 14, 27, 44, 25, 49, 32, 3, 5, 47, 31, 40, 48, 9, 39, 50, 42, 43, 15, 37, 23, 45, 38, 1, 13]], [8, []], [4, []], [19, []], [22, []], [33, []], [18, []], [36, []], [7, []], [14, []], [27, []], [44, []], [25, []], [49, []], [32, []], [3, []], [5, []], [47, []], [31, []], [40, []], [48, []], [9, []], [39, []], [50, []], [42, []], [43, []], [15, []], [37, []], [23, []], [45, []], [38, []], [1, []], [13, []]], [[0, [6, 29, 12, 24, 11, 20, 21, 35, 26, 46, 2, 28, 10, 17, 41, 30, 34, 16]], [6, []], [29, []], [12, []], [24, []], [11, []], [20, []], [21, []], [35, []], [26, []], [46, []], [2, []], [28, []], [10, []], [17, []], [41, []], [30, []], [34, []], [16, []]]], []]}
{"file_name": "U_50_0", "number_of_trucks": 2, "drone_capacity": 10, "number_of_drones": 2, "iteration": 3, "best_fitness": 513.5600000000001, "runtime": 96.98225092887878, "best_solution": [[[[0, [16, 7, 50, 12, 24, 6, 41, 30, 34, 27, 49, 44, 3, 5, 47, 31, 40, 48, 9, 39, 14, 43, 42, 37, 15, 23, 13]], [16, []], [7, []], [50, []], [12, []], [24, []], [6, []], [41, []], [30, []], [34, []], [27, []], [49, []], [44, []], [3, []], [5, []], [47, []], [31, []], [40, []], [48, []], [9, []], [39, []], [14, []], [43, []], [42, []], [37, []], [15, []], [23, []], [13, []]], [[0, [19, 4, 25, 32, 36, 33, 1, 22, 38, 21, 20, 28, 35, 26, 46, 2, 17, 10, 29, 8, 11, 45, 18]], [19, []], [4, []], [25, []], [32, []], [36, []], [33, []], [1, []], [22, []], [38, []], [21, []], [20, []], [28, []], [35, []], [26, []], [46, []], [2, []], [17, []], [10, []], [29, []], [8, []], [11, []], [45, []], [18, []]]], []]}
