{"file_name": "U_40_0", "number_of_trucks": 2, "drone_capacity": 10, "number_of_drones": 2, "iteration": 1, "best_fitness": 366.0457107352651, "runtime": 2746.867389202118, "best_solution": [[[[0, [34]], [34, []], [18, [18, 2, 10, 33]], [2, []], [37, [37, 4]], [4, []], [40, [40, 15, 14, 16, 32, 13, 38, 25, 5]], [15, []], [10, []], [31, [31, 17, 27, 29]], [14, []], [17, []], [33, []], [27, []], [5, []], [25, []], [16, []], [32, []], [13, []], [38, []], [29, []]], [[0, [21, 19, 3, 35, 6, 22, 12, 23, 9, 7, 36]], [3, []], [36, []], [1, [1, 28, 26, 30, 39]], [35, []], [6, []], [22, []], [21, []], [12, []], [28, []], [26, []], [30, []], [19, []], [8, [8, 20, 11, 24]], [23, []], [9, []], [20, []], [11, []], [7, []], [24, []], [39, []]]], [[[18, [18, 2, 10, 33]]], [[37, [37, 4]]], [[1, [1, 28, 26, 30, 39]]], [[40, [40, 15, 14, 16, 32, 13, 38, 25, 5]]], [[31, [31, 17, 27, 29]]], [[8, [8, 20, 11, 24]]]]]}
{"file_name": "U_40_0", "number_of_trucks": 2, "drone_capacity": 10, "number_of_drones": 2, "iteration": 2, "best_fitness": 383.120881515941, "runtime": 1001.7120513916016, "best_solution": [[[[0, [21, 32, 5, 27, 33, 28, 37, 4, 3, 13, 35, 17, 14, 1]], [37, []], [4, []], [3, []], [38, [38]], [13, []], [35, []], [21, []], [28, []], [32, []], [16, [16, 25]], [25, []], [5, []], [27, []], [33, []], [17, []], [14, []], [1, []]], [[0, [2, 34, 36]], [36, []], [2, []], [34, []], [15, [15, 24, 11, 7, 18, 12, 9, 23, 19, 10]], [31, [31, 29, 20, 30, 26, 22, 6, 40, 39, 8]], [10, []], [29, []], [24, []], [7, []], [11, []], [18, []], [20, []], [12, []], [9, []], [8, []], [23, []], [19, []], [30, []], [26, []], [22, []], [6, []], [40, []], [39, []]]], [[[15, [15, 24, 11, 7, 18, 12, 9, 23, 19, 10]]], [[31, [31, 29, 20, 30, 26, 22, 6, 40, 39, 8]]], [[38, [38]]], [[16, [16, 25]]]]]}
{"file_name": "U_40_0", "number_of_trucks": 2, "drone_capacity": 10, "number_of_drones": 2, "iteration": 3, "best_fitness": 392.2191071175589, "runtime": 60.46713948249817, "best_solution": [[[[0, [36]], [36, []], [3, [3]], [2, [2, 7, 18, 21, 35, 6, 22]], [7, []], [18, []], [21, []], [35, []], [6, []], [22, []], [26, [26, 8]], [8, []], [12, [12, 20, 11, 13, 38, 4, 37, 24, 39, 40]], [20, []], [11, []], [13, []], [38, []], [4, []], [37, []], [24, []], [39, []], [40, []]], [[0, [34]], [34, []], [33, [33, 32]], [32, []], [9, [9, 28, 30, 19, 23, 25]], [28, []], [30, []], [19, []], [23, []], [25, []], [5, [5, 16, 27, 17, 1, 14, 31, 10, 15, 29]], [16, []], [27, []], [17, []], [1, []], [14, []], [31, []], [10, []], [15, []], [29, []]]], [[[3, [3]]], [[2, [2, 7, 18, 21, 35, 6, 22]]], [[33, [33, 32]]], [[9, [9, 28, 30, 19, 23, 25]]], [[26, [26, 8]]], [[5, [5, 16, 27, 17, 1, 14, 31, 10, 15, 29]]], [[12, [12, 20, 11, 13, 38, 4, 37, 24, 39, 40]]]]]}
