{"file_name": "U_40_1", "number_of_trucks": 2, "drone_capacity": 10, "number_of_drones": 2, "iteration": 1, "best_fitness": 556.0092291941934, "runtime": 2416.57128238678, "best_solution": [[[[0, [40, 12]], [5, [5, 13, 10, 19, 35, 34]], [21, [21, 14]], [13, []], [10, []], [19, []], [35, []], [34, []], [37, [37, 17]], [12, []], [8, [8, 4, 28]], [4, []], [40, []], [17, []], [28, []], [14, []], [24, [24, 3, 23, 38]], [3, []], [23, []], [38, []]], [[0, [33, 39]], [6, [18, 2, 6]], [39, []], [18, []], [33, []], [32, [32, 7, 30, 16, 36, 22]], [7, []], [30, []], [36, []], [15, [15, 27, 20, 26, 31]], [22, []], [16, []], [27, []], [20, []], [2, []], [26, []], [1, [1, 25, 29, 9, 11]], [25, []], [29, []], [9, []], [31, []], [11, []]]], [[[5, [5, 13, 10, 19, 35, 34]]], [[6, [18, 2, 6]]], [[21, [21, 14]]], [[32, [32, 7, 30, 16, 36, 22]]], [[37, [37, 17]]], [[15, [15, 27, 20, 26, 31]]], [[8, [8, 4, 28]]], [[1, [1, 25, 29, 9, 11]]], [[24, [24, 3, 23, 38]]]]]}
{"file_name": "U_40_1", "number_of_trucks": 2, "drone_capacity": 10, "number_of_drones": 2, "iteration": 2, "best_fitness": 566.0816821079811, "runtime": 1265.2197952270508, "best_solution": [[[[0, [10, 5]], [10, []], [5, []], [39, [13, 12, 39, 40, 35, 34]], [40, []], [35, []], [34, []], [13, []], [37, [37, 8]], [8, []], [12, []], [0, [21, 31, 19, 32, 2]], [17, [17, 29, 20, 1]], [19, []], [1, []], [32, []], [2, []], [25, [25, 9, 11]], [29, []], [20, []], [9, []], [21, []], [31, []], [11, []]], [[0, [33, 16, 6]], [33, []], [16, []], [6, [26, 7, 30, 36, 22, 14, 18]], [26, []], [7, []], [30, []], [36, []], [22, []], [27, [27]], [14, []], [18, []], [0, []], [28, [28, 4, 24, 15]], [4, []], [24, []], [15, []], [3, [3, 23, 38]], [23, []], [38, []]]], [[[39, [13, 12, 39, 40, 35, 34]]], [[6, [26, 7, 30, 36, 22, 14, 18]]], [[27, [27]]], [[37, [37, 8]]], [[28, [28, 4, 24, 15]]], [[17, [17, 29, 20, 1]]], [[25, [25, 9, 11]]], [[3, [3, 23, 38]]]]]}
{"file_name": "U_40_1", "number_of_trucks": 2, "drone_capacity": 10, "number_of_drones": 2, "iteration": 3, "best_fitness": 724.3549296744817, "runtime": 49.20533084869385, "best_solution": [[[[0, [35, 5, 39, 18, 34, 12, 19, 26, 36]], [35, []], [5, []], [39, []], [18, []], [34, []], [12, []], [19, []], [26, []], [36, []], [22, [22, 37, 17, 20, 4, 29, 9, 3, 38, 23]], [37, []], [17, []], [20, []], [4, []], [29, []], [9, []], [3, []], [38, []], [23, []]], [[0, [33, 16, 40, 10, 6, 2, 7, 30, 13]], [33, []], [16, [31, 21]], [40, []], [10, []], [6, []], [2, []], [7, []], [30, []], [13, []], [31, []], [21, []], [32, [32, 14, 27, 15, 8, 28, 1, 24, 25, 11]], [14, []], [27, []], [15, []], [8, []], [28, []], [1, []], [24, []], [25, []], [11, []]]], [[[16, [31, 21]]], [[32, [32, 14, 27, 15, 8, 28, 1, 24, 25, 11]]], [[22, [22, 37, 17, 20, 4, 29, 9, 3, 38, 23]]]]]}
