{"file_name": "U_40_1", "number_of_trucks": 2, "drone_capacity": 10, "number_of_drones": 2, "iteration": 1, "best_fitness": 455.83491695880144, "runtime": 3022.8235244750977, "best_solution": [[[[0, [39, 14, 21, 6, 3, 7, 9, 26, 34, 19, 20]], [9, []], [26, []], [6, []], [3, []], [14, []], [34, []], [7, []], [39, []], [29, [29, 1, 4, 27, 28]], [21, []], [20, []], [35, [35, 8, 15, 33]], [28, []], [8, []], [1, []], [4, []], [15, []], [33, []], [27, []], [19, []]], [[0, [25, 2]], [25, []], [2, []], [32, [32, 22, 40, 37, 17, 10]], [22, []], [18, [18]], [12, [12, 36, 13]], [10, []], [40, []], [5, [5, 30, 38, 11]], [30, []], [11, []], [38, []], [37, []], [16, [16, 23, 31, 24]], [23, []], [36, []], [13, []], [17, []], [24, []], [31, []]]], [[[32, [32, 22, 40, 37, 17, 10]]], [[18, [18]]], [[12, [12, 36, 13]]], [[5, [5, 30, 38, 11]]], [[29, [29, 1, 4, 27, 28]]], [[35, [35, 8, 15, 33]]], [[16, [16, 23, 31, 24]]]]]}
{"file_name": "U_40_1", "number_of_trucks": 2, "drone_capacity": 10, "number_of_drones": 2, "iteration": 2, "best_fitness": 473.2223377012567, "runtime": 654.4414687156677, "best_solution": [[[[0, [19, 39, 26, 6]], [19, []], [6, []], [26, []], [39, []], [3, [9, 3, 25, 14]], [25, []], [14, []], [27, [27, 12, 24]], [12, []], [24, []], [29, [29, 15, 28, 30, 11, 16, 17, 31]], [9, []], [15, []], [28, []], [30, []], [11, []], [23, [23]], [16, []], [17, []], [31, []]], [[0, [2, 10]], [10, []], [21, [32, 7, 22, 36, 21, 20]], [7, []], [22, [38, 34, 13, 37]], [32, []], [34, []], [13, []], [2, []], [36, []], [37, []], [38, []], [40, [40, 4, 1, 35, 5, 8, 18]], [4, []], [1, []], [8, []], [35, []], [5, []], [20, []], [33, [33]], [18, []]]], [[[3, [9, 3, 25, 14]]], [[21, [32, 7, 22, 36, 21, 20]]], [[22, [38, 34, 13, 37]]], [[27, [27, 12, 24]]], [[29, [29, 15, 28, 30, 11, 16, 17, 31]]], [[40, [40, 4, 1, 35, 5, 8, 18]]], [[33, [33]]], [[23, [23]]]]]}
{"file_name": "U_40_1", "number_of_trucks": 2, "drone_capacity": 10, "number_of_drones": 2, "iteration": 3, "best_fitness": 494.447189122047, "runtime": 57.618351459503174, "best_solution": [[[[0, [20, 21, 25, 36, 37]], [20, []], [21, []], [25, []], [36, []], [37, []], [40, [40, 10]], [10, []], [4, [4, 29, 28, 5, 16, 23, 11, 30]], [29, []], [28, []], [5, []], [16, []], [23, []], [11, []], [30, []]], [[0, []], [6, [6, 26, 39, 3]], [26, []], [39, [7, 19, 9]], [3, []], [7, []], [9, []], [24, [24, 22, 32, 34, 14, 17, 13, 2, 38]], [22, []], [32, []], [34, []], [14, []], [17, []], [13, []], [2, []], [38, []], [1, [1, 35, 8, 15, 33, 27, 18, 12, 31]], [35, []], [8, []], [15, []], [33, []], [27, []], [18, []], [12, []], [31, []], [19, []]]], [[[6, [6, 26, 39, 3]]], [[39, [7, 19, 9]]], [[40, [40, 10]]], [[24, [24, 22, 32, 34, 14, 17, 13, 2, 38]]], [[1, [1, 35, 8, 15, 33, 27, 18, 12, 31]]], [[4, [4, 29, 28, 5, 16, 23, 11, 30]]]]]}
