{"file_name": "U_40_0", "number_of_trucks": 2, "drone_capacity": 10, "number_of_drones": 2, "iteration": 1, "best_fitness": 330.3288894138719, "runtime": 2507.676253557205, "best_solution": [[[[0, []], [4, [4]], [39, [39, 7, 8, 10, 38, 9]], [7, []], [8, []], [10, []], [38, []], [28, [28, 16, 5, 3, 36, 11, 1, 21, 31]], [16, []], [5, []], [3, []], [36, []], [11, []], [1, []], [21, []], [31, []], [9, []]], [[0, [40, 22, 26]], [40, []], [22, []], [26, [13, 23]], [13, []], [23, []], [29, [29, 34, 20, 6, 18, 32, 17, 33, 12]], [34, []], [20, []], [6, []], [18, []], [32, []], [17, []], [33, []], [12, []], [19, [19, 2, 27, 30, 15, 25, 35, 14, 37, 24]], [2, []], [27, []], [30, []], [15, []], [25, []], [35, []], [14, []], [37, []], [24, []]]], [[[4, [4]]], [[26, [13, 23]]], [[29, [29, 34, 20, 6, 18, 32, 17, 33, 12]]], [[39, [39, 7, 8, 10, 38, 9]]], [[19, [19, 2, 27, 30, 15, 25, 35, 14, 37, 24]]], [[28, [28, 16, 5, 3, 36, 11, 1, 21, 31]]]]]}
{"file_name": "U_40_0", "number_of_trucks": 2, "drone_capacity": 10, "number_of_drones": 2, "iteration": 2, "best_fitness": 322.2230592927393, "runtime": 1317.0463409423828, "best_solution": [[[[0, [40]], [40, [13, 26]], [13, []], [26, []], [23, [29, 23, 39, 7, 4, 34]], [4, []], [29, []], [34, []], [16, [16, 25, 6, 15, 37, 9, 24]], [39, []], [7, []], [6, []], [2, [2, 27, 30, 35, 14]], [27, []], [30, []], [15, []], [25, []], [35, []], [14, []], [37, []], [9, []], [24, []]], [[0, [22, 28]], [22, []], [28, []], [18, [18, 17, 10, 8, 5, 32, 19, 33, 12]], [17, []], [32, []], [33, []], [19, []], [12, []], [10, []], [38, [38, 3, 36, 11, 1, 21, 20, 31]], [8, []], [20, []], [5, []], [3, []], [36, []], [11, []], [1, []], [21, []], [31, []]]], [[[40, [13, 26]]], [[18, [18, 17, 10, 8, 5, 32, 19, 33, 12]]], [[23, [29, 23, 39, 7, 4, 34]]], [[16, [16, 25, 6, 15, 37, 9, 24]]], [[38, [38, 3, 36, 11, 1, 21, 20, 31]]], [[2, [2, 27, 30, 35, 14]]]]]}
{"file_name": "U_40_0", "number_of_trucks": 2, "drone_capacity": 10, "number_of_drones": 2, "iteration": 3, "best_fitness": 334.4450599999006, "runtime": 63.23224186897278, "best_solution": [[[[0, []], [23, [23]], [39, [39, 7, 16, 3]], [7, []], [16, []], [3, []], [36, [36, 18, 27, 34, 29, 4, 11, 1, 21, 31]], [18, []], [27, []], [34, []], [29, []], [4, []], [11, []], [1, []], [21, []], [31, []]], [[0, [40]], [40, []], [26, [26]], [13, [13, 22]], [22, []], [24, [24, 9]], [9, []], [5, [5, 20, 6, 8, 28, 38, 10, 12, 19]], [20, []], [6, []], [8, []], [28, []], [38, []], [10, []], [12, []], [19, []], [33, [33, 17, 32, 2, 30, 15, 25, 35, 14, 37]], [17, []], [32, []], [2, []], [30, []], [15, []], [25, []], [35, []], [14, []], [37, []]]], [[[26, [26]]], [[13, [13, 22]]], [[24, [24, 9]]], [[23, [23]]], [[5, [5, 20, 6, 8, 28, 38, 10, 12, 19]]], [[39, [39, 7, 16, 3]]], [[36, [36, 18, 27, 34, 29, 4, 11, 1, 21, 31]]], [[33, [33, 17, 32, 2, 30, 15, 25, 35, 14, 37]]]]]}
