{"file_name": "U_40_1", "number_of_trucks": 2, "drone_capacity": 10, "number_of_drones": 2, "iteration": 1, "best_fitness": 525.3114209708843, "runtime": 3689.1427981853485, "best_solution": [[[[0, [22]], [8, [8]], [22, []], [0, [4, 33, 13, 11, 18, 6, 34]], [6, []], [34, []], [13, []], [11, []], [23, [23, 17, 36, 19]], [17, []], [36, []], [19, []], [15, [15, 12, 26]], [33, []], [26, []], [4, []], [12, []], [18, []], [38, [38, 32, 10]], [32, []], [10, []], [0, []]], [[0, [27]], [37, [28, 37, 30, 39]], [30, []], [39, []], [1, [14, 1, 31]], [27, []], [31, []], [29, [29]], [14, []], [24, [24, 2, 5, 35, 9, 16]], [5, []], [16, []], [28, []], [2, []], [35, []], [7, [7, 20, 25, 21, 40, 3]], [21, []], [9, []], [40, []], [3, []], [20, []], [25, []]]], [[[37, [28, 37, 30, 39]]], [[8, [8]]], [[1, [14, 1, 31]]], [[29, [29]]], [[24, [24, 2, 5, 35, 9, 16]]], [[23, [23, 17, 36, 19]]], [[15, [15, 12, 26]]], [[7, [7, 20, 25, 21, 40, 3]]], [[38, [38, 32, 10]]]]]}
{"file_name": "U_40_1", "number_of_trucks": 2, "drone_capacity": 10, "number_of_drones": 2, "iteration": 2, "best_fitness": 601.090781085168, "runtime": 51.59970235824585, "best_solution": [[[[0, [6, 2, 22, 37, 33, 28, 4, 14]], [6, [34]], [2, []], [22, []], [37, []], [33, []], [28, []], [4, []], [14, []], [34, []], [11, [11, 23, 5]], [23, []], [5, []], [18, [18, 16, 26, 15, 12, 38, 32]], [16, []], [26, []], [15, []], [12, []], [38, []], [32, []]], [[0, [39, 8, 30, 31]], [39, []], [8, []], [30, []], [31, []], [1, [1, 9, 27, 13, 29, 36, 35]], [9, []], [27, []], [13, []], [29, []], [36, []], [35, []], [19, [19, 17, 20, 21, 3, 40, 7, 10, 24, 25]], [17, []], [20, []], [21, []], [3, []], [40, []], [7, []], [10, []], [24, []], [25, []]]], [[[6, [34]]], [[11, [11, 23, 5]]], [[1, [1, 9, 27, 13, 29, 36, 35]]], [[19, [19, 17, 20, 21, 3, 40, 7, 10, 24, 25]]], [[18, [18, 16, 26, 15, 12, 38, 32]]]]]}
{"file_name": "U_40_1", "number_of_trucks": 2, "drone_capacity": 10, "number_of_drones": 2, "iteration": 3, "best_fitness": 551.9056429735688, "runtime": 63.66130876541138, "best_solution": [[[[0, [2]], [4, [4]], [2, []], [39, [39, 18]], [18, []], [13, [13, 31, 14, 29, 35, 19, 36]], [31, []], [14, []], [29, []], [35, []], [19, []], [36, []], [17, [17, 3, 20, 7]], [3, []], [20, []], [7, []], [12, [12, 38, 32, 10]], [38, []], [32, []], [10, []]], [[0, []], [27, [27, 22]], [22, []], [1, [1, 34, 30, 9, 8]], [34, []], [30, []], [9, []], [8, []], [37, [37, 6, 5, 33]], [6, []], [5, []], [33, []], [28, [28, 26, 15, 16, 21, 40, 24, 23, 11, 25]], [26, []], [15, []], [16, []], [21, []], [40, []], [24, []], [23, []], [11, []], [25, []]]], [[[27, [27, 22]]], [[1, [1, 34, 30, 9, 8]]], [[4, [4]]], [[39, [39, 18]]], [[13, [13, 31, 14, 29, 35, 19, 36]]], [[37, [37, 6, 5, 33]]], [[17, [17, 3, 20, 7]]], [[28, [28, 26, 15, 16, 21, 40, 24, 23, 11, 25]]], [[12, [12, 38, 32, 10]]]]]}
