{"file_name": "U_40_1", "number_of_trucks": 2, "drone_capacity": 10, "number_of_drones": 2, "iteration": 1, "best_fitness": 563.587959765673, "runtime": 3313.5230367183685, "best_solution": [[[[0, [20, 3, 17, 9, 5, 1]], [5, []], [3, [22, 38, 28, 13]], [17, []], [1, []], [38, []], [13, []], [9, []], [20, []], [28, []], [22, []], [40, [40, 6]], [6, []], [26, [23, 26, 11, 35, 8, 21, 18, 12]], [8, []], [23, []], [12, []], [21, []], [18, []], [11, []], [35, []]], [[0, [19]], [16, [16, 25, 30]], [25, []], [30, []], [19, []], [0, [32]], [4, [4, 34, 2, 29, 15, 31]], [32, []], [34, []], [2, []], [37, [37, 10, 14, 33, 39]], [29, []], [39, []], [15, []], [31, []], [10, []], [14, []], [33, []], [27, [27, 7, 24, 36]], [36, []], [7, []], [24, []]]], [[[3, [22, 38, 28, 13]]], [[16, [16, 25, 30]]], [[4, [4, 34, 2, 29, 15, 31]]], [[40, [40, 6]]], [[37, [37, 10, 14, 33, 39]]], [[26, [23, 26, 11, 35, 8, 21, 18, 12]]], [[27, [27, 7, 24, 36]]]]]}
{"file_name": "U_40_1", "number_of_trucks": 2, "drone_capacity": 10, "number_of_drones": 2, "iteration": 2, "best_fitness": 565.8813972765406, "runtime": 384.4703562259674, "best_solution": [[[[0, [17, 28, 32]], [32, []], [28, []], [17, [20, 22, 13, 30, 5]], [5, []], [30, []], [20, []], [22, []], [13, []], [31, [31, 10, 6, 39]], [10, []], [39, []], [40, [40, 35, 14, 33]], [6, []], [35, []], [27, [27, 36]], [33, []], [14, []], [36, []]], [[0, [19, 16, 3]], [19, []], [16, []], [3, []], [25, [25, 9, 1, 4]], [9, []], [34, [34, 2, 38, 37, 29, 15]], [2, []], [1, []], [4, []], [29, []], [15, []], [38, []], [37, []], [7, [7, 11, 21, 18, 8]], [11, []], [21, [26, 23, 12, 24]], [26, []], [23, []], [8, []], [12, []], [18, []], [24, []]]], [[[25, [25, 9, 1, 4]]], [[17, [20, 22, 13, 30, 5]]], [[34, [34, 2, 38, 37, 29, 15]]], [[31, [31, 10, 6, 39]]], [[7, [7, 11, 21, 18, 8]]], [[40, [40, 35, 14, 33]]], [[21, [26, 23, 12, 24]]], [[27, [27, 36]]]]]}
{"file_name": "U_40_1", "number_of_trucks": 2, "drone_capacity": 10, "number_of_drones": 2, "iteration": 3, "best_fitness": 667.4591020250649, "runtime": 55.119943141937256, "best_solution": [[[[0, []], [28, [28]], [19, [19, 17, 5, 30, 20, 22, 13, 38]], [17, []], [5, []], [30, []], [20, []], [22, []], [13, []], [38, []], [29, [29, 15, 10, 39, 40, 18, 35, 21, 27, 36]], [15, []], [10, []], [39, []], [40, []], [18, []], [35, []], [21, []], [27, []], [36, []]], [[0, []], [32, [32, 16, 3, 25]], [16, [9]], [3, []], [25, []], [9, []], [1, [1, 4, 34, 31, 2, 37]], [4, []], [34, []], [31, []], [2, []], [37, []], [6, [6, 14, 33, 11, 8, 23, 26, 12, 7, 24]], [14, []], [33, []], [11, []], [8, []], [23, []], [26, []], [12, []], [7, []], [24, []]]], [[[32, [32, 16, 3, 25]]], [[28, [28]]], [[16, [9]]], [[19, [19, 17, 5, 30, 20, 22, 13, 38]]], [[1, [1, 4, 34, 31, 2, 37]]], [[29, [29, 15, 10, 39, 40, 18, 35, 21, 27, 36]]], [[6, [6, 14, 33, 11, 8, 23, 26, 12, 7, 24]]]]]}
