{"file_name": "U_40_0", "number_of_trucks": 2, "drone_capacity": 10, "number_of_drones": 2, "iteration": 1, "best_fitness": 345.4770898666783, "runtime": 3644.919330596924, "best_solution": [[[[0, [16, 2, 40, 18, 8]], [16, []], [2, []], [40, []], [18, []], [5, [5, 34, 35, 25, 11, 3, 1, 39, 24]], [34, []], [35, []], [8, []], [24, []], [25, [33, 26, 30, 9, 29, 22, 17]], [11, []], [33, []], [3, []], [1, []], [22, []], [9, []], [29, []], [17, []], [30, []], [39, []], [26, []]], [[0, []], [14, [28, 14]], [28, []], [23, [19, 23, 32]], [13, [13, 4, 37, 31, 27, 15]], [27, []], [15, []], [32, []], [20, [21, 6, 20, 38, 7, 12, 10, 36]], [6, []], [4, []], [37, []], [31, []], [19, []], [38, []], [7, []], [10, []], [21, []], [36, []], [12, []]]], [[[14, [28, 14]]], [[23, [19, 23, 32]]], [[13, [13, 4, 37, 31, 27, 15]]], [[5, [5, 34, 35, 25, 11, 3, 1, 39, 24]]], [[20, [21, 6, 20, 38, 7, 12, 10, 36]]], [[25, [33, 26, 30, 9, 29, 22, 17]]]]]}
{"file_name": "U_40_0", "number_of_trucks": 2, "drone_capacity": 10, "number_of_drones": 2, "iteration": 2, "best_fitness": 357.6728459411393, "runtime": 60.98357057571411, "best_solution": [[[[0, []], [28, [28]], [27, [27, 8, 19, 37, 35, 34, 5]], [8, []], [19, []], [37, []], [35, []], [34, []], [5, []], [21, [21, 36, 12, 32, 6, 20, 7, 10, 26, 13]], [36, []], [12, []], [32, []], [6, []], [20, []], [7, []], [10, []], [26, []], [13, []]], [[0, []], [2, [16, 18, 2, 40, 14]], [40, []], [16, []], [18, []], [15, [15, 4, 38]], [4, []], [38, []], [31, [31, 24, 25, 11, 3]], [24, []], [25, []], [11, []], [3, []], [1, [1, 22, 9, 33, 29, 17, 39, 30, 23]], [22, []], [9, []], [33, []], [29, []], [17, []], [39, []], [30, []], [23, []], [14, []]]], [[[28, [28]]], [[2, [16, 18, 2, 40, 14]]], [[15, [15, 4, 38]]], [[27, [27, 8, 19, 37, 35, 34, 5]]], [[31, [31, 24, 25, 11, 3]]], [[1, [1, 22, 9, 33, 29, 17, 39, 30, 23]]], [[21, [21, 36, 12, 32, 6, 20, 7, 10, 26, 13]]]]]}
{"file_name": "U_40_0", "number_of_trucks": 2, "drone_capacity": 10, "number_of_drones": 2, "iteration": 3, "best_fitness": 373.26536189753244, "runtime": 53.89518666267395, "best_solution": [[[[0, []], [14, [14, 31]], [31, []], [19, [19, 8, 27, 39, 23, 30, 28, 17, 29]], [8, []], [27, []], [39, []], [23, []], [30, []], [28, []], [17, []], [29, []], [9, [9, 22, 1, 3, 33, 11, 25, 24, 37, 35]], [22, []], [1, []], [3, []], [33, []], [11, []], [25, []], [24, []], [37, []], [35, []]], [[0, []], [16, [16]], [4, [4, 15, 5, 36, 18, 2, 12, 40]], [15, []], [5, []], [36, []], [18, []], [2, []], [12, []], [40, []], [32, [32, 6, 20, 38, 7, 34, 10, 21, 26, 13]], [6, []], [20, []], [38, []], [7, []], [34, []], [10, []], [21, []], [26, []], [13, []]]], [[[16, [16]]], [[14, [14, 31]]], [[19, [19, 8, 27, 39, 23, 30, 28, 17, 29]]], [[4, [4, 15, 5, 36, 18, 2, 12, 40]]], [[32, [32, 6, 20, 38, 7, 34, 10, 21, 26, 13]]], [[9, [9, 22, 1, 3, 33, 11, 25, 24, 37, 35]]]]]}
