{"file_name": "U_40_1", "number_of_trucks": 2, "drone_capacity": 10, "number_of_drones": 2, "iteration": 1, "best_fitness": 561.66, "runtime": 2819.5384771823883, "best_solution": [[[[0, []], [16, [16]], [0, [14, 17]], [17, []], [14, []], [0, [3, 28]], [28, []], [3, []], [0, [36, 24]], [5, [5, 18, 2]], [2, []], [36, []], [18, []], [13, [13, 26, 37, 39, 38, 34, 7]], [26, []], [24, []], [39, []], [38, []], [37, []], [34, []], [7, []]], [[0, [33]], [33, [1, 29, 15, 9, 4]], [29, []], [12, [12]], [9, []], [4, [6, 27, 10, 32, 11, 35]], [27, []], [10, []], [32, []], [1, []], [25, [25, 40, 19, 20, 8, 22]], [11, []], [35, []], [15, []], [40, []], [19, []], [20, []], [6, []], [23, [23, 30, 21, 31]], [30, []], [8, []], [21, []], [31, []], [22, []]]], [[[16, [16]]], [[33, [1, 29, 15, 9, 4]]], [[12, [12]]], [[4, [6, 27, 10, 32, 11, 35]]], [[25, [25, 40, 19, 20, 8, 22]]], [[5, [5, 18, 2]]], [[13, [13, 26, 37, 39, 38, 34, 7]]], [[23, [23, 30, 21, 31]]]]]}
{"file_name": "U_40_1", "number_of_trucks": 2, "drone_capacity": 10, "number_of_drones": 2, "iteration": 2, "best_fitness": 544.98, "runtime": 789.366091966629, "best_solution": [[[[0, []], [29, [14, 29, 32, 10, 16]], [32, []], [10, []], [14, []], [16, []], [0, [36, 28]], [12, [12, 37, 11, 35]], [37, []], [11, []], [35, []], [25, [25, 40, 5, 2, 19]], [40, []], [5, []], [2, []], [36, []], [19, []], [23, [23, 30, 31]], [30, []], [28, []], [31, []]], [[0, [9, 24]], [24, []], [9, [1, 4, 33, 15]], [1, []], [15, []], [33, []], [4, []], [3, [3, 27, 22, 17, 20, 6]], [17, []], [20, []], [6, []], [21, [21, 8, 18, 7, 13, 26]], [27, []], [22, []], [8, []], [7, []], [18, []], [13, []], [34, [34, 38, 39]], [26, []], [38, []], [39, []]]], [[[29, [14, 29, 32, 10, 16]]], [[9, [1, 4, 33, 15]]], [[3, [3, 27, 22, 17, 20, 6]]], [[12, [12, 37, 11, 35]]], [[25, [25, 40, 5, 2, 19]]], [[21, [21, 8, 18, 7, 13, 26]]], [[34, [34, 38, 39]]], [[23, [23, 30, 31]]]]]}
{"file_name": "U_40_1", "number_of_trucks": 2, "drone_capacity": 10, "number_of_drones": 2, "iteration": 3, "best_fitness": 671.228074661881, "runtime": 59.21491885185242, "best_solution": [[[[0, []], [32, [32, 1]], [1, []], [9, [9]], [16, [16, 10, 14, 6, 35, 37, 28]], [10, []], [14, []], [6, []], [35, []], [37, []], [28, []], [20, [20, 2, 8, 19, 5, 7, 38, 34, 26, 39]], [2, []], [8, []], [19, []], [5, []], [7, []], [38, []], [34, []], [26, []], [39, []]], [[0, [33]], [33, []], [4, [4]], [24, [24, 15]], [15, []], [29, [29, 17, 36, 12, 3, 22]], [17, []], [36, []], [12, []], [3, []], [22, []], [27, [27, 13, 11, 25, 40]], [13, [18, 21, 30, 23, 31]], [11, []], [25, []], [40, []], [18, []], [21, []], [30, []], [23, []], [31, []]]], [[[32, [32, 1]]], [[9, [9]]], [[4, [4]]], [[24, [24, 15]]], [[29, [29, 17, 36, 12, 3, 22]]], [[16, [16, 10, 14, 6, 35, 37, 28]]], [[27, [27, 13, 11, 25, 40]]], [[20, [20, 2, 8, 19, 5, 7, 38, 34, 26, 39]]], [[13, [18, 21, 30, 23, 31]]]]]}
