{"file_name": "U_40_0", "number_of_trucks": 2, "drone_capacity": 10, "number_of_drones": 2, "iteration": 1, "best_fitness": 333.45417575246, "runtime": 3333.656107187271, "best_solution": [[[[0, [13, 38, 12, 33, 31]], [13, []], [31, []], [5, [5, 27, 18, 16, 14, 28, 15, 32, 24]], [27, []], [38, []], [18, []], [12, []], [4, [4, 26, 29, 25, 40, 39]], [16, []], [14, []], [28, []], [15, []], [33, []], [26, []], [29, []], [32, []], [40, []], [39, []], [24, []], [25, []]], [[0, []], [21, [9, 20, 21]], [20, []], [9, []], [30, [30, 10, 6, 19, 22, 37]], [10, []], [6, []], [22, []], [37, []], [34, [34, 7, 2, 35, 36, 17, 23, 8]], [7, []], [19, []], [2, []], [35, []], [36, []], [17, []], [3, [3, 11, 1]], [8, []], [23, []], [11, []], [1, []]]], [[[21, [9, 20, 21]]], [[30, [30, 10, 6, 19, 22, 37]]], [[5, [5, 27, 18, 16, 14, 28, 15, 32, 24]]], [[4, [4, 26, 29, 25, 40, 39]]], [[34, [34, 7, 2, 35, 36, 17, 23, 8]]], [[3, [3, 11, 1]]]]]}
{"file_name": "U_40_0", "number_of_trucks": 2, "drone_capacity": 10, "number_of_drones": 2, "iteration": 2, "best_fitness": 364.6, "runtime": 313.9857895374298, "best_solution": [[[[0, [20, 21, 30]], [20, []], [21, []], [30, []], [24, [24, 23, 8, 3, 9, 6, 32, 38, 18]], [23, []], [8, []], [3, []], [9, []], [6, []], [32, []], [38, []], [18, []], [12, [12, 4, 16, 7, 34, 40, 39, 11, 1, 25]], [4, []], [16, []], [7, []], [34, []], [40, []], [39, []], [11, []], [1, []], [25, []]], [[0, [31, 13]], [10, [19, 10, 14]], [13, []], [14, []], [35, [35, 2, 22, 37]], [2, []], [19, []], [36, [36, 17, 28, 15, 33, 26, 29, 27, 5]], [17, []], [22, []], [37, []], [31, []], [28, []], [15, []], [33, []], [26, []], [29, []], [27, []], [5, []]]], [[[24, [24, 23, 8, 3, 9, 6, 32, 38, 18]]], [[10, [19, 10, 14]]], [[35, [35, 2, 22, 37]]], [[36, [36, 17, 28, 15, 33, 26, 29, 27, 5]]], [[12, [12, 4, 16, 7, 34, 40, 39, 11, 1, 25]]]]]}
{"file_name": "U_40_0", "number_of_trucks": 2, "drone_capacity": 10, "number_of_drones": 2, "iteration": 3, "best_fitness": 385.96135578266177, "runtime": 60.109044790267944, "best_solution": [[[[0, []], [30, [30]], [32, [32, 24, 27, 31, 16, 14, 7, 34, 37]], [24, []], [27, []], [31, []], [16, []], [14, []], [7, []], [34, []], [37, []], [22, [22, 17, 39, 40, 3, 8, 23, 11, 1, 25]], [17, []], [39, []], [40, []], [3, []], [8, []], [23, []], [11, []], [1, []], [25, []]], [[0, [13]], [13, []], [12, [12]], [38, [38, 10, 6, 9, 21, 20, 5]], [10, []], [6, []], [9, []], [21, []], [20, []], [36, [36, 35]], [35, []], [2, [2, 19, 28, 15, 33, 26, 29, 4, 18]], [19, []], [28, []], [15, []], [33, []], [26, []], [29, []], [4, []], [18, []], [5, []]]], [[[12, [12]]], [[30, [30]]], [[38, [38, 10, 6, 9, 21, 20, 5]]], [[32, [32, 24, 27, 31, 16, 14, 7, 34, 37]]], [[36, [36, 35]]], [[2, [2, 19, 28, 15, 33, 26, 29, 4, 18]]], [[22, [22, 17, 39, 40, 3, 8, 23, 11, 1, 25]]]]]}
