{"file_name": "U_40_1", "number_of_trucks": 2, "drone_capacity": 10, "number_of_drones": 2, "iteration": 1, "best_fitness": 431.4256429735687, "runtime": 2780.7275388240814, "best_solution": [[[[0, []], [7, [9, 7]], [3, [3, 30]], [9, [6, 34, 32, 22]], [30, []], [6, []], [34, []], [32, []], [22, []], [17, [17, 20, 36, 2, 19, 21, 35, 15]], [21, []], [20, []], [36, []], [19, []], [2, []], [35, []], [15, []], [28, [28, 14, 27, 11, 31, 13]], [14, []], [31, []], [13, []], [27, []], [11, []]], [[0, [5, 25, 8]], [5, []], [8, []], [25, []], [1, [1]], [0, [10]], [10, []], [38, [38, 26, 33, 29, 16]], [26, []], [33, []], [29, []], [16, []], [4, [4, 12, 37, 40, 23, 24, 39, 18]], [12, []], [18, []], [37, []], [40, []], [39, []], [23, []], [24, []]]], [[[7, [9, 7]]], [[3, [3, 30]]], [[9, [6, 34, 32, 22]]], [[1, [1]]], [[38, [38, 26, 33, 29, 16]]], [[17, [17, 20, 36, 2, 19, 21, 35, 15]]], [[4, [4, 12, 37, 40, 23, 24, 39, 18]]], [[28, [28, 14, 27, 11, 31, 13]]]]]}
{"file_name": "U_40_1", "number_of_trucks": 2, "drone_capacity": 10, "number_of_drones": 2, "iteration": 2, "best_fitness": 438.62564297356874, "runtime": 893.2209119796753, "best_solution": [[[[0, [22, 3, 9]], [8, [8, 6, 32]], [3, []], [9, []], [6, []], [32, []], [22, []], [17, [17, 20, 21, 36]], [36, []], [28, [28, 40, 11, 31]], [31, []], [12, [12, 4, 14, 37, 39, 23]], [4, []], [14, []], [37, []], [20, []], [21, []], [40, []], [39, []], [23, []], [11, []]], [[0, [34, 16, 1, 5, 25, 10]], [1, [30, 38, 29, 26, 33, 15]], [5, []], [25, []], [30, []], [34, []], [13, [13, 27, 18, 2, 19, 35, 7, 24]], [16, []], [27, []], [18, []], [38, []], [29, []], [26, []], [33, []], [15, []], [2, []], [19, []], [35, []], [7, []], [24, []], [10, []]]], [[[8, [8, 6, 32]]], [[1, [30, 38, 29, 26, 33, 15]]], [[17, [17, 20, 21, 36]]], [[13, [13, 27, 18, 2, 19, 35, 7, 24]]], [[28, [28, 40, 11, 31]]], [[12, [12, 4, 14, 37, 39, 23]]]]]}
{"file_name": "U_40_1", "number_of_trucks": 2, "drone_capacity": 10, "number_of_drones": 2, "iteration": 3, "best_fitness": 500.28000000000003, "runtime": 54.75894904136658, "best_solution": [[[[0, [7, 10, 1, 22, 20, 21, 17]], [7, []], [10, []], [1, []], [22, []], [20, []], [21, []], [17, []], [24, [24, 11, 32, 13, 27, 18, 12, 31, 4, 14]], [11, []], [32, []], [13, []], [27, []], [18, []], [12, []], [31, []], [4, []], [14, []]], [[0, []], [5, [5]], [25, [25, 8, 34]], [8, []], [34, []], [30, [30, 3, 9, 38, 26, 33, 19]], [3, [2, 35]], [9, []], [38, []], [26, []], [33, []], [19, []], [2, []], [35, []], [36, [36, 15, 29, 28, 16, 37, 6, 40, 39, 23]], [15, []], [29, []], [28, []], [16, []], [37, []], [6, []], [40, []], [39, []], [23, []]]], [[[5, [5]]], [[25, [25, 8, 34]]], [[30, [30, 3, 9, 38, 26, 33, 19]]], [[3, [2, 35]]], [[24, [24, 11, 32, 13, 27, 18, 12, 31, 4, 14]]], [[36, [36, 15, 29, 28, 16, 37, 6, 40, 39, 23]]]]]}
