{"file_name": "U_40_1", "number_of_trucks": 2, "drone_capacity": 10, "number_of_drones": 2, "iteration": 1, "best_fitness": 424.30480043651653, "runtime": 2926.940721511841, "best_solution": [[[[0, [31]], [31, []], [28, [28]], [0, [5, 34]], [20, [20, 36, 38, 37, 35, 15]], [36, []], [34, []], [38, []], [37, []], [26, [26, 11, 25, 40, 9, 7, 8, 17, 14]], [11, []], [25, []], [35, []], [15, []], [40, []], [9, []], [5, []], [7, []], [14, []], [8, []], [17, []]], [[0, [39, 24, 33, 13, 18, 30, 23, 1, 32]], [39, [27, 3, 12]], [12, []], [24, []], [33, []], [13, []], [18, []], [2, [2, 6, 19, 10, 21]], [19, []], [30, []], [23, []], [1, []], [6, []], [32, []], [10, []], [21, []], [27, []], [22, [22, 16, 29, 4]], [3, []], [16, []], [29, []], [4, []]]], [[[39, [27, 3, 12]]], [[28, [28]]], [[20, [20, 36, 38, 37, 35, 15]]], [[2, [2, 6, 19, 10, 21]]], [[26, [26, 11, 25, 40, 9, 7, 8, 17, 14]]], [[22, [22, 16, 29, 4]]]]]}
{"file_name": "U_40_1", "number_of_trucks": 2, "drone_capacity": 10, "number_of_drones": 2, "iteration": 2, "best_fitness": 409.92, "runtime": 689.8918240070343, "best_solution": [[[[0, [28, 31]], [31, []], [28, []], [12, [12, 15, 38, 34]], [38, []], [37, [37, 35, 20, 30]], [34, []], [35, []], [15, []], [19, [19, 2, 7, 9, 40, 25]], [20, []], [30, []], [2, []], [9, []], [40, []], [25, []], [11, [11, 26, 4]], [26, []], [7, []], [4, []]], [[0, [18]], [39, [39]], [24, [24, 33, 13, 5, 23, 1, 32]], [33, []], [13, []], [18, []], [5, []], [23, []], [1, []], [6, [6, 10, 36, 14, 27, 3, 21]], [32, []], [21, []], [10, []], [36, []], [14, []], [27, []], [22, [22, 16, 8, 29, 17]], [3, []], [16, []], [8, []], [29, []], [17, []]]], [[[12, [12, 15, 38, 34]]], [[39, [39]]], [[24, [24, 33, 13, 5, 23, 1, 32]]], [[37, [37, 35, 20, 30]]], [[6, [6, 10, 36, 14, 27, 3, 21]]], [[19, [19, 2, 7, 9, 40, 25]]], [[11, [11, 26, 4]]], [[22, [22, 16, 8, 29, 17]]]]]}
{"file_name": "U_40_1", "number_of_trucks": 2, "drone_capacity": 10, "number_of_drones": 2, "iteration": 3, "best_fitness": 446.6609613133719, "runtime": 56.54733991622925, "best_solution": [[[[0, []], [39, [24, 39, 33, 13]], [33, []], [13, []], [18, [18, 38]], [38, []], [24, []], [12, [12, 37, 34, 2, 19, 20]], [37, []], [34, []], [2, []], [19, []], [20, []], [23, [23, 1, 6, 10, 32, 21, 22, 3, 16, 17]], [1, []], [6, []], [10, []], [32, []], [21, []], [22, []], [3, []], [16, []], [17, []]], [[0, []], [15, [15, 35, 30, 5]], [35, []], [30, [36, 28, 31, 27]], [5, []], [36, []], [28, []], [31, []], [27, []], [8, [8, 14, 7, 9, 40, 25, 11, 26, 29, 4]], [14, []], [7, []], [9, []], [40, []], [25, []], [11, []], [26, []], [29, []], [4, []]]], [[[15, [15, 35, 30, 5]]], [[39, [24, 39, 33, 13]]], [[18, [18, 38]]], [[30, [36, 28, 31, 27]]], [[12, [12, 37, 34, 2, 19, 20]]], [[8, [8, 14, 7, 9, 40, 25, 11, 26, 29, 4]]], [[23, [23, 1, 6, 10, 32, 21, 22, 3, 16, 17]]]]]}
