{"file_name": "U_40_1", "number_of_trucks": 2, "drone_capacity": 10, "number_of_drones": 2, "iteration": 1, "best_fitness": 521.7631555730364, "runtime": 1977.5128631591797, "best_solution": [[[[0, [30]], [30, []], [25, [25, 2]], [2, []], [35, [35, 14, 22, 40]], [14, []], [22, []], [40, []], [31, [31, 37]], [37, []], [27, [27, 29, 4, 39]], [34, [34, 24]], [29, []], [4, []], [1, [1, 16, 3, 11, 23]], [39, []], [16, []], [3, []], [11, []], [23, []], [24, []]], [[0, []], [9, [9, 19, 36]], [36, []], [19, []], [7, [7, 15]], [15, [10, 13, 26, 32, 12]], [32, []], [12, []], [10, []], [13, []], [26, []], [33, [33, 17, 18, 20, 6, 38]], [17, []], [18, []], [20, []], [6, []], [38, []], [8, [8, 28, 5, 21]], [28, []], [5, []], [21, []]]], [[[9, [9, 19, 36]]], [[7, [7, 15]]], [[25, [25, 2]]], [[35, [35, 14, 22, 40]]], [[15, [10, 13, 26, 32, 12]]], [[31, [31, 37]]], [[27, [27, 29, 4, 39]]], [[34, [34, 24]]], [[33, [33, 17, 18, 20, 6, 38]]], [[1, [1, 16, 3, 11, 23]]], [[8, [8, 28, 5, 21]]]]]}
{"file_name": "U_40_1", "number_of_trucks": 2, "drone_capacity": 10, "number_of_drones": 2, "iteration": 2, "best_fitness": 535.4031555730364, "runtime": 1721.0451006889343, "best_solution": [[[[0, [40, 35, 14]], [40, []], [35, []], [14, [37, 4, 36, 30, 2, 32]], [37, []], [4, []], [36, []], [30, []], [2, []], [32, []], [34, [34, 18, 6, 20, 27]], [27, []], [18, []], [6, []], [20, []], [5, [5, 16, 39, 1, 11, 23]], [16, []], [39, []], [1, []], [11, []], [23, []]], [[0, [7, 26, 31, 9, 22, 13, 15, 25, 12, 19]], [7, []], [26, []], [31, []], [9, []], [22, []], [13, []], [15, []], [25, []], [29, [29]], [12, []], [19, []], [33, [10, 38, 28, 8, 3, 21, 33, 17, 24]], [17, []], [10, []], [38, []], [28, []], [8, []], [3, []], [21, []], [24, []]]], [[[14, [37, 4, 36, 30, 2, 32]]], [[29, [29]]], [[34, [34, 18, 6, 20, 27]]], [[33, [10, 38, 28, 8, 3, 21, 33, 17, 24]]], [[5, [5, 16, 39, 1, 11, 23]]]]]}
{"file_name": "U_40_1", "number_of_trucks": 2, "drone_capacity": 10, "number_of_drones": 2, "iteration": 3, "best_fitness": 597.8172636898636, "runtime": 64.4252827167511, "best_solution": [[[[0, []], [7, [7, 12]], [12, [39]], [39, []], [10, [10, 34, 27, 29, 1, 16, 3, 11, 23, 24]], [34, []], [27, []], [29, []], [1, []], [16, []], [3, []], [11, []], [23, []], [24, []]], [[0, [9]], [9, []], [36, [36]], [30, [30]], [40, [40, 26, 15, 19, 25, 35, 14]], [26, []], [15, []], [19, []], [25, []], [35, []], [14, []], [13, [13, 31, 22, 37, 4, 2, 6]], [31, []], [22, []], [37, []], [4, []], [2, []], [6, []], [38, [38, 32, 17, 18, 33, 20, 28, 8, 5, 21]], [32, []], [17, []], [18, []], [33, []], [20, []], [28, []], [8, []], [5, []], [21, []]]], [[[36, [36]]], [[30, [30]]], [[7, [7, 12]]], [[40, [40, 26, 15, 19, 25, 35, 14]]], [[12, [39]]], [[13, [13, 31, 22, 37, 4, 2, 6]]], [[10, [10, 34, 27, 29, 1, 16, 3, 11, 23, 24]]], [[38, [38, 32, 17, 18, 33, 20, 28, 8, 5, 21]]]]]}
