{"file_name": "U_40_1", "number_of_trucks": 2, "drone_capacity": 10, "number_of_drones": 2, "iteration": 1, "best_fitness": 434.00667910936016, "runtime": 2298.214206457138, "best_solution": [[[[0, [21, 7, 4, 6, 19, 37, 24, 25, 3, 1, 22]], [21, []], [7, []], [4, []], [6, []], [32, [32, 20, 38, 31]], [20, []], [38, []], [19, []], [31, []], [37, []], [24, []], [25, []], [11, [11, 23, 33, 29, 39, 30]], [33, []], [3, []], [1, []], [22, []], [29, []], [39, []], [30, []], [23, []]], [[0, []], [16, [16, 35, 12]], [35, []], [14, [14, 2, 27]], [2, []], [13, [40, 10, 34, 8, 13, 36, 26, 5]], [36, []], [12, []], [40, []], [18, [18, 15, 9, 17, 28]], [15, []], [10, []], [5, []], [26, []], [34, []], [8, []], [27, []], [9, []], [17, []], [28, []], [0, []]]], [[[32, [32, 20, 38, 31]]], [[16, [16, 35, 12]]], [[14, [14, 2, 27]]], [[13, [40, 10, 34, 8, 13, 36, 26, 5]]], [[18, [18, 15, 9, 17, 28]]], [[11, [11, 23, 33, 29, 39, 30]]]]]}
{"file_name": "U_40_1", "number_of_trucks": 2, "drone_capacity": 10, "number_of_drones": 2, "iteration": 2, "best_fitness": 430.9813184659164, "runtime": 1347.5413031578064, "best_solution": [[[[0, []], [7, [7, 40, 21, 22, 1, 3, 25]], [40, []], [21, []], [26, [26, 17, 29, 9, 28, 19, 37, 24]], [28, []], [17, []], [29, []], [9, []], [22, []], [1, []], [3, []], [25, []], [11, [11, 33, 31, 38, 13, 10]], [33, []], [24, []], [37, []], [31, []], [19, []], [38, []], [10, []], [13, []]], [[0, []], [12, [35, 12]], [35, []], [14, [14, 2, 16]], [2, [6, 4, 34]], [16, []], [6, []], [20, [20, 5, 36, 8, 27, 39, 30]], [4, []], [5, []], [36, []], [18, [18, 23, 32, 15]], [32, []], [15, []], [34, []], [8, []], [27, []], [39, []], [30, []], [23, []]]], [[[7, [7, 40, 21, 22, 1, 3, 25]]], [[12, [35, 12]]], [[14, [14, 2, 16]]], [[2, [6, 4, 34]]], [[26, [26, 17, 29, 9, 28, 19, 37, 24]]], [[20, [20, 5, 36, 8, 27, 39, 30]]], [[18, [18, 23, 32, 15]]], [[11, [11, 33, 31, 38, 13, 10]]]]]}
{"file_name": "U_40_1", "number_of_trucks": 2, "drone_capacity": 10, "number_of_drones": 2, "iteration": 3, "best_fitness": 480.07393469056103, "runtime": 57.71236443519592, "best_solution": [[[[0, [35, 1]], [35, []], [1, []], [3, [3]], [29, [29, 22, 9]], [22, []], [9, []], [30, [30, 28, 17, 39, 10, 13]], [28, []], [17, []], [39, []], [10, []], [13, []], [36, [36, 5, 7, 15, 32, 20, 6, 18, 2, 40]], [5, []], [7, []], [15, []], [32, []], [20, []], [6, []], [18, []], [2, []], [40, []]], [[0, [12, 16]], [12, []], [16, []], [21, [21]], [24, [24, 25, 37, 34, 8, 14]], [25, []], [37, []], [34, []], [8, []], [27, [27, 26, 19, 4, 38, 31, 33, 11, 23]], [26, []], [19, []], [4, []], [38, []], [31, []], [33, []], [11, []], [23, []], [14, []]]], [[[21, [21]]], [[3, [3]]], [[29, [29, 22, 9]]], [[24, [24, 25, 37, 34, 8, 14]]], [[30, [30, 28, 17, 39, 10, 13]]], [[27, [27, 26, 19, 4, 38, 31, 33, 11, 23]]], [[36, [36, 5, 7, 15, 32, 20, 6, 18, 2, 40]]]]]}
