{"file_name": "U_40_1", "number_of_trucks": 2, "drone_capacity": 10, "number_of_drones": 2, "iteration": 1, "best_fitness": 464.34932760540164, "runtime": 3659.6125473976135, "best_solution": [[[[0, [2]], [2, [35, 22, 3, 32]], [35, []], [22, []], [3, []], [32, []], [33, [33, 27, 9]], [27, []], [9, []], [8, [8, 29, 16, 26, 1]], [29, []], [16, []], [4, [4, 30, 38, 36, 15, 20, 14]], [26, []], [30, []], [38, []], [37, [37, 25, 23, 17]], [25, []], [36, []], [23, []], [15, []], [20, []], [14, []], [17, []], [1, []], [0, []]], [[0, [7]], [7, []], [6, [6, 24, 13]], [13, []], [24, []], [12, [12, 28, 19, 31, 11, 34, 21]], [11, []], [28, []], [34, []], [10, [10, 18, 39, 40, 5]], [21, []], [31, []], [19, []], [18, []], [39, []], [40, []], [5, []]]], [[[2, [35, 22, 3, 32]]], [[33, [33, 27, 9]]], [[6, [6, 24, 13]]], [[12, [12, 28, 19, 31, 11, 34, 21]]], [[8, [8, 29, 16, 26, 1]]], [[4, [4, 30, 38, 36, 15, 20, 14]]], [[10, [10, 18, 39, 40, 5]]], [[37, [37, 25, 23, 17]]]]]}
{"file_name": "U_40_1", "number_of_trucks": 2, "drone_capacity": 10, "number_of_drones": 2, "iteration": 2, "best_fitness": 511.577189205215, "runtime": 54.67482328414917, "best_solution": [[[[0, [7, 35, 2]], [7, []], [35, [24, 3, 22, 9]], [2, []], [24, []], [3, []], [22, []], [9, []], [33, [33, 8, 27, 28, 11, 16, 4, 36]], [8, []], [27, []], [28, []], [11, []], [16, []], [4, []], [36, []], [10, [10, 15, 14, 20, 18, 39, 40, 5, 17, 1]], [15, []], [14, []], [20, []], [18, []], [39, []], [40, []], [5, []], [17, []], [1, []]], [[0, []], [6, [6, 13, 21, 31, 19]], [13, []], [21, []], [31, []], [19, []], [34, [34, 26, 32, 29, 12, 38, 37, 30, 25, 23]], [26, []], [32, []], [29, []], [12, []], [38, []], [37, []], [30, []], [25, []], [23, []]]], [[[6, [6, 13, 21, 31, 19]]], [[35, [24, 3, 22, 9]]], [[33, [33, 8, 27, 28, 11, 16, 4, 36]]], [[34, [34, 26, 32, 29, 12, 38, 37, 30, 25, 23]]], [[10, [10, 15, 14, 20, 18, 39, 40, 5, 17, 1]]]]]}
{"file_name": "U_40_1", "number_of_trucks": 2, "drone_capacity": 10, "number_of_drones": 2, "iteration": 3, "best_fitness": 527.6518288809822, "runtime": 59.188276052474976, "best_solution": [[[[0, []], [24, [24]], [7, [7, 16, 35]], [16, []], [29, [29, 22, 33, 1, 9, 27, 11, 28, 32, 26]], [22, []], [33, []], [1, []], [9, []], [27, []], [11, []], [28, []], [32, []], [26, []], [4, [4, 30, 38, 37, 20, 18, 39, 40, 17]], [30, []], [38, []], [37, []], [20, []], [18, []], [39, []], [40, []], [17, []], [35, []]], [[0, []], [2, [2]], [3, [3, 6, 13]], [6, []], [13, [21, 19, 31, 8]], [21, []], [19, []], [31, []], [34, [34, 5, 14, 15, 10, 36, 23, 25, 12]], [5, []], [14, []], [15, []], [10, []], [36, []], [23, []], [25, []], [12, []], [8, []]]], [[[24, [24]]], [[2, [2]]], [[3, [3, 6, 13]]], [[7, [7, 16, 35]]], [[29, [29, 22, 33, 1, 9, 27, 11, 28, 32, 26]]], [[13, [21, 19, 31, 8]]], [[4, [4, 30, 38, 37, 20, 18, 39, 40, 17]]], [[34, [34, 5, 14, 15, 10, 36, 23, 25, 12]]]]]}
