{"file_name": "U_40_0", "number_of_trucks": 2, "drone_capacity": 10, "number_of_drones": 2, "iteration": 1, "best_fitness": 368.46456188389004, "runtime": 3565.804838180542, "best_solution": [[[[0, [6, 10, 8, 17, 33, 14]], [8, []], [14, []], [17, []], [33, []], [27, [27, 3, 23, 34, 25, 4, 2]], [3, []], [4, []], [25, []], [23, []], [36, [36, 21, 19, 7, 31, 20, 9, 15]], [6, []], [21, []], [10, []], [31, []], [19, []], [7, []], [34, []], [15, []], [20, []], [2, []], [9, []]], [[0, [12, 11, 28, 30, 38, 18, 39, 37, 40]], [11, [5, 32, 29, 13]], [28, []], [32, []], [12, []], [22, [26, 24, 22, 16, 1, 35]], [29, []], [16, []], [37, []], [30, []], [13, []], [38, []], [26, []], [24, []], [18, []], [39, []], [40, []], [5, []], [35, []], [1, []]]], [[[27, [27, 3, 23, 34, 25, 4, 2]]], [[11, [5, 32, 29, 13]]], [[22, [22, 16]]], [[22, [26, 24, 1, 35]]], [[36, [36, 21, 19, 7, 31, 20, 9, 15]]]]]}
{"file_name": "U_40_0", "number_of_trucks": 2, "drone_capacity": 10, "number_of_drones": 2, "iteration": 2, "best_fitness": 472.4, "runtime": 46.024423599243164, "best_solution": [[[[0, [17, 39, 40, 18, 34, 23, 25, 36, 6, 10, 21, 31, 19, 7, 15, 14, 20, 5]], [17, []], [39, []], [40, []], [18, []], [34, []], [23, []], [25, []], [36, []], [6, []], [10, []], [21, []], [31, []], [19, []], [7, []], [15, []], [14, []], [20, []], [5, []]], [[0, [38, 37, 32, 11, 28, 16, 30, 13, 26, 4, 24, 29, 3, 22, 12, 8, 2, 33, 35, 1, 9, 27]], [38, []], [37, []], [32, []], [11, []], [28, []], [16, []], [30, []], [13, []], [26, []], [4, []], [24, []], [29, []], [3, []], [22, []], [12, []], [8, []], [2, []], [33, []], [35, []], [1, []], [9, []], [27, []]]], []]}
{"file_name": "U_40_0", "number_of_trucks": 2, "drone_capacity": 10, "number_of_drones": 2, "iteration": 3, "best_fitness": 382.3394580217249, "runtime": 60.21815466880798, "best_solution": [[[[0, []], [38, [38, 37]], [37, []], [30, [30, 32, 29, 16, 11, 28, 9, 33]], [32, []], [29, []], [16, []], [11, []], [28, []], [9, []], [33, []], [5, [5, 18, 7, 4, 26, 24, 3, 12, 22, 27]], [18, []], [7, []], [4, []], [26, []], [24, []], [3, []], [12, []], [22, []], [27, []]], [[0, []], [8, [8, 17]], [17, []], [39, [39, 40, 2, 14]], [40, []], [2, []], [14, []], [23, [23, 25, 13, 36]], [25, []], [13, []], [36, []], [6, [6, 21, 10, 31, 19, 34, 15, 20, 35, 1]], [21, []], [10, []], [31, []], [19, []], [34, []], [15, []], [20, []], [35, []], [1, []]]], [[[8, [8, 17]]], [[39, [39, 40, 2, 14]]], [[38, [38, 37]]], [[30, [30, 32, 29, 16, 11, 28, 9, 33]]], [[23, [23, 25, 13, 36]]], [[5, [5, 18, 7, 4, 26, 24, 3, 12, 22, 27]]], [[6, [6, 21, 10, 31, 19, 34, 15, 20, 35, 1]]]]]}
