{"file_name": "U_40_1", "number_of_trucks": 2, "drone_capacity": 10, "number_of_drones": 2, "iteration": 1, "best_fitness": 545.0484798115436, "runtime": 2797.6267075538635, "best_solution": [[[[0, [26, 29, 21]], [8, [27, 35, 25, 8, 10]], [10, []], [29, []], [27, []], [26, []], [1, [1, 6, 28, 12]], [35, []], [4, [4, 14, 15, 30, 32, 38]], [14, []], [32, []], [25, []], [38, []], [6, []], [37, [37, 34]], [21, []], [28, []], [12, []], [15, []], [36, [36, 18]], [30, []], [18, []], [34, []]], [[0, [23, 3, 31, 24]], [16, [2, 39, 19, 20, 16, 22, 40, 17, 33]], [39, []], [19, []], [20, []], [23, []], [3, []], [31, []], [24, []], [2, []], [22, []], [40, []], [17, []], [33, []], [11, [11, 13, 7, 9]], [13, []], [7, []], [9, []], [5, [5]]]], [[[16, [2, 39, 19, 20, 16, 22, 40, 17, 33]]], [[8, [27, 35, 25, 8, 10]]], [[1, [1, 6, 28, 12]]], [[4, [4, 14, 15, 30, 32, 38]]], [[37, [37, 34]]], [[11, [11, 13, 7, 9]]], [[36, [36, 18]]], [[5, [5]]]]]}
{"file_name": "U_40_1", "number_of_trucks": 2, "drone_capacity": 10, "number_of_drones": 2, "iteration": 2, "best_fitness": 545.5674034393368, "runtime": 863.2000558376312, "best_solution": [[[[0, [16, 10]], [10, []], [16, []], [20, [20, 23, 6, 25, 31, 35, 3, 19]], [23, []], [6, []], [25, []], [17, [17, 21]], [21, []], [31, []], [35, []], [32, [32, 4, 14]], [4, []], [14, []], [3, []], [19, []], [34, [34, 7, 9]], [7, []], [9, []], [5, [5]]], [[0, [8]], [8, []], [29, [29]], [26, [26]], [24, [24, 1, 27]], [1, []], [27, []], [40, [40, 28, 12, 22]], [22, []], [28, []], [12, [2, 33, 15, 30, 39, 38]], [33, []], [15, []], [30, []], [39, []], [37, [37, 11, 13]], [38, []], [2, []], [11, []], [13, []], [36, [36, 18]], [18, []]]], [[[29, [29]]], [[26, [26]]], [[24, [24, 1, 27]]], [[40, [40, 28, 12, 22]]], [[20, [20, 23, 6, 25, 31, 35, 3, 19]]], [[12, [2, 33, 15, 30, 39, 38]]], [[17, [17, 21]]], [[32, [32, 4, 14]]], [[37, [37, 11, 13]]], [[34, [34, 7, 9]]], [[36, [36, 18]]], [[5, [5]]]]]}
{"file_name": "U_40_1", "number_of_trucks": 2, "drone_capacity": 10, "number_of_drones": 2, "iteration": 3, "best_fitness": 706.0401781217155, "runtime": 48.63358974456787, "best_solution": [[[[0, [8, 26]], [8, []], [26, []], [10, [10, 21, 25, 1, 23, 6, 14]], [21, []], [25, []], [1, []], [23, []], [6, []], [14, []], [28, [28, 19, 34, 39, 31, 30, 15, 13, 9, 5]], [19, []], [34, []], [39, []], [31, []], [30, []], [15, []], [13, []], [9, []], [5, []]], [[0, [16, 29, 35, 24, 27, 40, 3, 22, 12]], [16, []], [29, [20, 17]], [35, []], [24, []], [27, []], [40, []], [3, []], [22, []], [12, []], [20, []], [17, []], [33, [33, 38, 32, 37, 4, 2, 11, 7, 36, 18]], [38, []], [32, []], [37, []], [4, []], [2, []], [11, []], [7, []], [36, []], [18, []]]], [[[29, [20, 17]]], [[10, [10, 21, 25, 1, 23, 6, 14]]], [[28, [28, 19, 34, 39, 31, 30, 15, 13, 9, 5]]], [[33, [33, 38, 32, 37, 4, 2, 11, 7, 36, 18]]]]]}
