{"file_name": "U_40_1", "number_of_trucks": 2, "drone_capacity": 10, "number_of_drones": 2, "iteration": 1, "best_fitness": 429.86965730328586, "runtime": 3767.0351157188416, "best_solution": [[[[0, [28, 16]], [16, []], [29, [39, 29, 8]], [8, [25, 6, 40, 17]], [28, []], [39, []], [4, [4, 21, 27, 12, 14]], [14, []], [3, [3, 38, 33, 31]], [25, []], [38, []], [6, []], [40, []], [17, []], [21, []], [33, []], [27, []], [12, []], [1, [1, 26, 22, 32, 37, 9]], [9, []], [26, []], [22, []], [37, []], [32, []], [31, []]], [[0, [20, 30, 15, 23]], [23, []], [20, []], [34, [34]], [30, []], [18, [18, 7, 13, 11, 5, 24, 2, 35]], [15, []], [36, [36, 10, 19]], [10, []], [7, []], [13, []], [11, []], [5, []], [24, []], [2, []], [35, []], [19, []]]], [[[29, [39, 29, 8]]], [[8, [25, 6, 40, 17]]], [[4, [4, 21, 27, 12, 14]]], [[3, [3, 38, 33, 31]]], [[34, [34]]], [[18, [18, 7, 13, 11, 5, 24, 2, 35]]], [[36, [36, 10, 19]]], [[1, [1, 26, 22, 32, 37, 9]]]]]}
{"file_name": "U_40_1", "number_of_trucks": 2, "drone_capacity": 10, "number_of_drones": 2, "iteration": 2, "best_fitness": 483.33061380700934, "runtime": 61.953131914138794, "best_solution": [[[[0, [8, 28]], [8, []], [16, [16, 29, 15]], [29, [5, 12]], [28, []], [15, []], [5, []], [12, []], [31, [31, 34, 10, 7, 13, 11, 1, 9, 26, 33]], [34, []], [10, []], [7, []], [13, []], [11, []], [1, []], [9, []], [26, []], [33, []]], [[0, []], [20, [20]], [27, [27, 6, 40, 17]], [6, []], [40, []], [17, []], [35, [35, 23, 38, 37, 25, 3, 4, 39]], [23, []], [38, []], [37, []], [25, []], [3, []], [4, []], [39, []], [32, [32, 14, 22, 21, 2, 24, 36, 30, 18, 19]], [14, []], [22, []], [21, []], [2, []], [24, []], [36, []], [30, []], [18, []], [19, []]]], [[[16, [16, 29, 15]]], [[20, [20]]], [[27, [27, 6, 40, 17]]], [[29, [5, 12]]], [[35, [35, 23, 38, 37, 25, 3, 4, 39]]], [[32, [32, 14, 22, 21, 2, 24, 36, 30, 18, 19]]], [[31, [31, 34, 10, 7, 13, 11, 1, 9, 26, 33]]]]]}
{"file_name": "U_40_1", "number_of_trucks": 2, "drone_capacity": 10, "number_of_drones": 2, "iteration": 3, "best_fitness": 484.3889241161879, "runtime": 59.17712664604187, "best_solution": [[[[0, [24]], [24, []], [23, [23, 6, 17]], [6, []], [17, []], [12, [12, 27, 5, 8, 33, 21, 31, 18]], [27, []], [5, []], [8, []], [33, []], [21, []], [31, []], [18, []], [30, [30, 15, 13, 7, 11, 1, 9, 26, 32, 19]], [15, []], [13, []], [7, []], [11, []], [1, []], [9, []], [26, []], [32, []], [19, []]], [[0, [16, 39]], [16, []], [39, []], [20, [20, 28, 25, 14, 40, 2]], [28, []], [25, []], [14, []], [40, []], [2, []], [29, [29]], [3, [3, 35, 34, 10, 36, 22, 38, 37, 4]], [35, []], [34, []], [10, []], [36, []], [22, []], [38, []], [37, []], [4, []]]], [[[20, [20, 28, 25, 14, 40, 2]]], [[23, [23, 6, 17]]], [[12, [12, 27, 5, 8, 33, 21, 31, 18]]], [[29, [29]]], [[3, [3, 35, 34, 10, 36, 22, 38, 37, 4]]], [[30, [30, 15, 13, 7, 11, 1, 9, 26, 32, 19]]]]]}
