{"file_name": "U_40_1", "number_of_trucks": 2, "drone_capacity": 10, "number_of_drones": 2, "iteration": 1, "best_fitness": 443.8936037515071, "runtime": 2620.6614203453064, "best_solution": [[[[0, [36, 31, 1, 29, 10, 11]], [31, []], [1, []], [36, []], [11, []], [35, [35, 37]], [37, []], [29, []], [19, [19, 6, 12, 33, 17, 32]], [6, []], [10, []], [12, []], [33, []], [17, []], [32, []], [2, [2, 30, 15, 25, 4, 26]], [30, []], [15, []], [25, []], [4, []], [26, []], [24, [24]]], [[0, [34, 27]], [3, [3]], [34, []], [27, []], [18, [18, 23, 14]], [23, []], [14, []], [13, [13, 39, 7, 20, 8]], [39, []], [16, [16, 40, 9, 38, 28, 5, 21, 22]], [7, []], [20, []], [8, []], [38, []], [28, []], [5, []], [21, []], [40, []], [22, []], [9, []]]], [[[3, [3]]], [[18, [18, 23, 14]]], [[35, [35, 37]]], [[13, [13, 39, 7, 20, 8]]], [[19, [19, 6, 12, 33, 17, 32]]], [[16, [16, 40, 9, 38, 28, 5, 21, 22]]], [[2, [2, 30, 15, 25, 4, 26]]], [[24, [24]]]]]}
{"file_name": "U_40_1", "number_of_trucks": 2, "drone_capacity": 10, "number_of_drones": 2, "iteration": 2, "best_fitness": 418.8450599999008, "runtime": 983.1553902626038, "best_solution": [[[[0, []], [11, [11, 10, 33]], [10, []], [31, [31]], [3, [3, 6, 2, 27, 17, 19]], [6, []], [2, []], [27, []], [17, []], [32, [32, 12]], [33, []], [12, []], [19, []], [15, [15, 30, 4, 25, 26, 13, 22, 9, 24, 40]], [30, []], [4, []], [25, []], [26, []], [13, []], [22, []], [9, []], [24, []], [40, []]], [[0, []], [36, [36, 18, 34, 29]], [18, [37, 14, 35, 23]], [34, []], [29, []], [37, []], [14, []], [35, []], [23, []], [5, [5, 20, 8, 38, 28, 7, 16, 39, 1, 21]], [20, []], [8, []], [38, []], [28, []], [7, []], [16, []], [39, []], [1, []], [21, []]]], [[[11, [11, 10, 33]]], [[31, [31]]], [[36, [36, 18, 34, 29]]], [[18, [37, 14, 35, 23]]], [[3, [3, 6, 2, 27, 17, 19]]], [[5, [5, 20, 8, 38, 28, 7, 16, 39, 1, 21]]], [[32, [32, 12]]], [[15, [15, 30, 4, 25, 26, 13, 22, 9, 24, 40]]]]]}
{"file_name": "U_40_1", "number_of_trucks": 2, "drone_capacity": 10, "number_of_drones": 2, "iteration": 3, "best_fitness": 488.36543729981463, "runtime": 62.45234227180481, "best_solution": [[[[0, []], [34, [34]], [33, [33, 27, 29, 35]], [27, []], [29, []], [35, []], [19, [19, 17, 18, 2, 10]], [17, []], [18, []], [2, []], [10, []], [6, [6, 20, 12, 32, 30, 15, 25, 4, 26, 9]], [20, []], [12, []], [32, []], [30, []], [15, []], [25, []], [4, []], [26, []], [9, []]], [[0, []], [36, [36, 11]], [11, []], [1, [1]], [31, [31, 3, 23, 37, 14, 13, 39]], [3, []], [23, []], [37, []], [14, []], [13, []], [39, []], [5, [5, 7, 28, 8, 38, 16, 21, 40, 22, 24]], [7, []], [28, []], [8, []], [38, []], [16, []], [21, []], [40, []], [22, []], [24, []]]], [[[34, [34]]], [[33, [33, 27, 29, 35]]], [[36, [36, 11]]], [[1, [1]]], [[31, [31, 3, 23, 37, 14, 13, 39]]], [[19, [19, 17, 18, 2, 10]]], [[5, [5, 7, 28, 8, 38, 16, 21, 40, 22, 24]]], [[6, [6, 20, 12, 32, 30, 15, 25, 4, 26, 9]]]]]}
