{"file_name": "U_40_1", "number_of_trucks": 2, "drone_capacity": 10, "number_of_drones": 2, "iteration": 1, "best_fitness": 550.0357514902686, "runtime": 3266.972451210022, "best_solution": [[[[0, [21, 38, 31, 36, 15, 40, 22]], [21, []], [38, []], [15, []], [40, []], [29, [29, 26, 33, 6]], [22, []], [26, []], [33, []], [6, []], [31, []], [11, [11]], [36, []], [1, [1, 5, 23, 13]], [5, []], [23, []], [13, [25, 20]], [25, []], [20, []]], [[0, [18, 10]], [28, [14, 28, 30]], [7, [37, 7, 35]], [30, []], [18, []], [37, []], [35, []], [10, []], [14, []], [39, [39, 2, 8, 34, 32]], [2, []], [8, []], [34, []], [24, [24, 12, 27, 17, 19, 9]], [12, []], [27, []], [17, []], [19, []], [9, []], [32, []], [16, [16, 3, 4]], [3, []], [4, []]]], [[[28, [14, 28, 30]]], [[7, [37, 7, 35]]], [[29, [29, 26, 33, 6]]], [[39, [39, 2, 8, 34, 32]]], [[24, [24, 12, 27, 17, 19, 9]]], [[11, [11]]], [[1, [1, 5, 23, 13]]], [[13, [25, 20]]], [[16, [16, 3, 4]]]]]}
{"file_name": "U_40_1", "number_of_trucks": 2, "drone_capacity": 10, "number_of_drones": 2, "iteration": 2, "best_fitness": 567.7424140210165, "runtime": 499.4459054470062, "best_solution": [[[[0, [21]], [18, [18]], [36, [36]], [21, []], [0, [7, 34, 40]], [7, []], [29, [29, 39, 2]], [39, []], [2, []], [34, []], [13, [13, 27, 9]], [40, []], [27, []], [9, []], [25, [25, 20, 3, 4]], [20, []], [3, []], [4, []]], [[0, [31, 30]], [30, []], [31, []], [28, [14, 35, 28, 22, 10]], [22, []], [10, []], [14, []], [32, [32, 37, 38]], [35, []], [37, []], [8, [8, 6, 33, 26]], [38, []], [33, []], [6, []], [24, [24, 19, 17, 15]], [15, []], [19, []], [17, []], [16, [16, 5, 1, 12, 23, 11]], [23, []], [5, []], [1, []], [12, []], [11, []], [26, []]]], [[[28, [14, 35, 28, 22, 10]]], [[18, [18]]], [[36, [36]]], [[32, [32, 37, 38]]], [[29, [29, 39, 2]]], [[8, [8, 6, 33, 26]]], [[13, [13, 27, 9]]], [[24, [24, 19, 17, 15]]], [[16, [16, 5, 1, 12, 23, 11]]], [[25, [25, 20, 3, 4]]]]]}
{"file_name": "U_40_1", "number_of_trucks": 2, "drone_capacity": 10, "number_of_drones": 2, "iteration": 3, "best_fitness": 707.9983736665757, "runtime": 47.87558937072754, "best_solution": [[[[0, []], [7, [7, 30, 28, 21, 15, 32, 29, 26]], [30, []], [28, []], [21, []], [15, []], [32, []], [29, []], [26, []], [39, [39, 8, 13, 24, 12, 11, 23, 3, 4, 16]], [8, []], [13, []], [24, []], [12, []], [11, []], [23, []], [3, []], [4, []], [16, []]], [[0, [18, 22, 10, 14, 31, 35, 37, 38]], [18, [40, 2, 34, 36]], [22, []], [10, []], [14, []], [31, []], [35, []], [37, []], [38, []], [40, []], [2, []], [34, []], [36, []], [6, [6, 33, 27, 19, 9, 17, 5, 1, 25, 20]], [33, []], [27, []], [19, []], [9, []], [17, []], [5, []], [1, []], [25, []], [20, []]]], [[[18, [40, 2, 34, 36]]], [[7, [7, 30, 28, 21, 15, 32, 29, 26]]], [[6, [6, 33, 27, 19, 9, 17, 5, 1, 25, 20]]], [[39, [39, 8, 13, 24, 12, 11, 23, 3, 4, 16]]]]]}
