{"file_name": "U_40_1", "number_of_trucks": 2, "drone_capacity": 10, "number_of_drones": 2, "iteration": 1, "best_fitness": 490.968325486197, "runtime": 2404.848057985306, "best_solution": [[[[0, [33, 7, 31, 15, 3, 24]], [3, []], [33, []], [24, []], [7, []], [26, [26, 21, 18, 12]], [31, []], [6, [6, 4, 10, 2, 38]], [4, []], [38, []], [15, []], [10, []], [21, []], [18, []], [2, []], [12, []], [40, [40, 32, 20]], [32, []], [20, []], [5, [5, 34, 8]], [34, []], [8, []]], [[0, [29, 35]], [14, [14, 30, 16]], [35, []], [30, []], [36, [36, 19]], [16, []], [19, []], [27, [27, 9, 39]], [9, []], [39, []], [23, [23, 17, 28, 22, 1, 25, 11]], [28, []], [17, []], [29, []], [22, []], [1, []], [25, []], [11, []], [37, [37, 13]], [13, []]]], [[[26, [26, 21, 18, 12]]], [[14, [14, 30, 16]]], [[36, [36, 19]]], [[27, [27, 9, 39]]], [[6, [6, 4, 10, 2, 38]]], [[23, [23, 17, 28, 22, 1, 25, 11]]], [[40, [40, 32, 20]]], [[5, [5, 34, 8]]], [[37, [37, 13]]]]]}
{"file_name": "U_40_1", "number_of_trucks": 2, "drone_capacity": 10, "number_of_drones": 2, "iteration": 2, "best_fitness": 505.248325486197, "runtime": 1359.8676390647888, "best_solution": [[[[0, [16, 15, 7, 31, 14]], [14, []], [16, []], [12, [12]], [15, []], [31, []], [7, []], [26, [26]], [2, [32, 6, 4, 38, 10, 21, 36, 18, 2]], [32, []], [6, []], [4, []], [38, []], [10, []], [21, []], [36, []], [40, [40, 20, 8]], [18, []], [20, []], [37, [34, 37]], [34, []], [8, []]], [[0, [24, 33, 3, 29, 30, 17]], [35, [11, 19, 35]], [24, []], [33, []], [3, []], [29, []], [30, []], [17, []], [11, []], [19, []], [25, [27, 25, 1, 22, 9, 39, 28, 23]], [1, []], [22, []], [9, []], [39, []], [28, []], [23, []], [27, []], [5, [5, 13]], [13, []]]], [[[12, [12]]], [[35, [11, 19, 35]]], [[26, [26]]], [[2, [32, 6, 4, 38, 10, 21, 36, 18, 2]]], [[40, [40, 20, 8]]], [[25, [27, 25, 1, 22, 9, 39, 28, 23]]], [[5, [5, 13]]], [[37, [34, 37]]]]]}
{"file_name": "U_40_1", "number_of_trucks": 2, "drone_capacity": 10, "number_of_drones": 2, "iteration": 3, "best_fitness": 551.5505799249082, "runtime": 57.632017374038696, "best_solution": [[[[0, [36, 21, 18, 6, 4]], [36, []], [21, []], [18, []], [6, []], [4, []], [12, [12, 32, 2, 16, 40, 20]], [32, []], [2, [34, 5, 26, 13]], [16, []], [40, []], [20, []], [34, []], [5, []], [26, []], [13, []]], [[0, []], [14, [14]], [29, [29, 17, 30, 35, 7, 31, 3]], [17, []], [30, []], [35, []], [7, []], [31, []], [3, []], [24, [24, 33, 11, 25]], [33, []], [11, []], [25, []], [19, [19, 15, 10, 38, 9, 22, 1]], [15, []], [10, []], [38, []], [9, []], [22, []], [1, []], [28, [28, 23, 39, 27, 8, 37]], [23, []], [39, []], [27, []], [8, []], [37, []]]], [[[14, [14]]], [[29, [29, 17, 30, 35, 7, 31, 3]]], [[24, [24, 33, 11, 25]]], [[12, [12, 32, 2, 16, 40, 20]]], [[19, [19, 15, 10, 38, 9, 22, 1]]], [[28, [28, 23, 39, 27, 8, 37]]], [[2, [34, 5, 26, 13]]]]]}
