{"file_name": "U_40_0", "number_of_trucks": 2, "drone_capacity": 10, "number_of_drones": 2, "iteration": 1, "best_fitness": 365.1670481510013, "runtime": 2992.2240719795227, "best_solution": [[[[0, [35, 27, 15, 1]], [12, [12, 8, 29, 23, 38]], [8, []], [35, []], [11, [11, 25, 19, 24, 16, 30, 36, 22, 33]], [29, []], [25, []], [1, []], [19, []], [23, []], [38, []], [27, []], [24, []], [16, []], [30, []], [36, []], [15, []], [22, []], [33, []]], [[0, [39, 20, 3, 28]], [28, []], [39, []], [18, [18, 17, 40, 4, 10, 21, 14]], [17, []], [40, []], [4, []], [14, []], [10, []], [3, []], [2, [2, 32, 26, 7, 6, 5, 9, 13, 31]], [32, []], [7, []], [26, []], [6, []], [5, []], [9, []], [20, []], [13, []], [31, []], [21, []], [34, [34, 37]], [37, []]]], [[[18, [18, 17, 40, 4, 10, 21, 14]]], [[12, [12, 8, 29, 23, 38]]], [[11, [11, 25, 19, 24, 16, 30, 36, 22, 33]]], [[2, [2, 32, 26, 7, 6, 5, 9, 13, 31]]], [[34, [34, 37]]]]]}
{"file_name": "U_40_0", "number_of_trucks": 2, "drone_capacity": 10, "number_of_drones": 2, "iteration": 2, "best_fitness": 351.2482708801649, "runtime": 782.563074350357, "best_solution": [[[[0, [28]], [28, []], [35, [35, 8, 12]], [8, []], [12, []], [18, [18, 40, 4, 14, 38]], [40, []], [4, []], [14, []], [38, []], [27, [27, 24, 16, 30, 36, 15, 22, 34, 33, 37]], [24, []], [16, []], [30, []], [36, []], [15, []], [22, []], [34, []], [33, []], [37, []]], [[0, [3]], [3, []], [23, [23, 1, 5, 20]], [1, []], [5, []], [20, []], [9, [9, 21, 31, 39, 17, 10]], [21, []], [31, []], [39, []], [17, []], [10, []], [19, [19, 6, 32, 7, 26, 2, 25, 13, 29, 11]], [6, []], [32, []], [7, []], [26, []], [2, []], [25, []], [13, []], [29, []], [11, []]]], [[[35, [35, 8, 12]]], [[23, [23, 1, 5, 20]]], [[9, [9, 21, 31, 39, 17, 10]]], [[18, [18, 40, 4, 14, 38]]], [[27, [27, 24, 16, 30, 36, 15, 22, 34, 33, 37]]], [[19, [19, 6, 32, 7, 26, 2, 25, 13, 29, 11]]]]]}
{"file_name": "U_40_0", "number_of_trucks": 2, "drone_capacity": 10, "number_of_drones": 2, "iteration": 3, "best_fitness": 359.85205557943607, "runtime": 55.53941512107849, "best_solution": [[[[0, []], [35, [35, 8, 12, 28, 18]], [8, []], [12, []], [28, []], [18, [17, 40, 4, 14]], [17, []], [40, []], [4, []], [14, []], [38, [38, 24, 16, 30, 36, 15, 22, 33, 34, 37]], [24, []], [16, []], [30, []], [36, []], [15, []], [22, []], [33, []], [34, []], [37, []]], [[0, [23]], [23, []], [27, [27, 3, 10, 39]], [3, []], [10, []], [39, []], [21, [21, 31, 9, 20, 5, 1]], [31, []], [9, []], [20, []], [5, []], [1, []], [19, [19, 6, 26, 7, 32, 2, 25, 13, 29, 11]], [6, []], [26, []], [7, []], [32, []], [2, []], [25, []], [13, []], [29, []], [11, []]]], [[[35, [35, 8, 12, 28, 18]]], [[27, [27, 3, 10, 39]]], [[18, [17, 40, 4, 14]]], [[21, [21, 31, 9, 20, 5, 1]]], [[38, [38, 24, 16, 30, 36, 15, 22, 33, 34, 37]]], [[19, [19, 6, 26, 7, 32, 2, 25, 13, 29, 11]]]]]}
