{"file_name": "U_40_1", "number_of_trucks": 2, "drone_capacity": 10, "number_of_drones": 2, "iteration": 1, "best_fitness": 454.92571073526517, "runtime": 3471.572924375534, "best_solution": [[[[0, [1, 38, 33, 34, 37, 25, 22, 16]], [15, [15, 10, 31, 36]], [10, []], [31, []], [36, []], [33, []], [14, [14, 26, 32, 3, 29]], [1, []], [38, []], [34, []], [22, []], [26, []], [32, []], [16, []], [25, []], [5, [5, 17, 13, 39, 27]], [27, []], [17, []], [13, []], [3, []], [37, []], [29, []], [39, []]], [[0, [7, 6, 2, 30]], [2, []], [11, [18, 4, 11, 35]], [35, []], [7, []], [4, []], [40, [40, 28]], [6, [12, 20, 21, 19, 8, 23, 9, 24]], [18, []], [12, []], [20, []], [21, []], [28, []], [30, []], [19, []], [8, []], [23, []], [9, []], [24, []]]], [[[15, [15, 10, 31, 36]]], [[11, [18, 4, 11, 35]]], [[14, [14, 26, 32, 3, 29]]], [[40, [40, 28]]], [[6, [12, 20, 21, 19, 8, 23, 9, 24]]], [[5, [5, 17, 13, 39, 27]]]]]}
{"file_name": "U_40_1", "number_of_trucks": 2, "drone_capacity": 10, "number_of_drones": 2, "iteration": 2, "best_fitness": 433.80690485092794, "runtime": 349.24950551986694, "best_solution": [[[[0, [11, 38]], [11, []], [38, []], [34, [34, 22, 30, 8, 35, 6]], [22, []], [30, []], [8, []], [35, []], [6, []], [18, [18, 2, 24, 14, 37, 15, 10, 4]], [2, []], [24, []], [37, []], [10, []], [14, []], [17, [17, 5, 13, 27, 32, 3]], [27, []], [5, []], [32, []], [13, []], [3, []], [4, []], [15, []]], [[0, []], [16, [25, 16, 33]], [25, []], [33, []], [36, [36, 1, 31, 29, 7]], [1, []], [31, []], [29, []], [7, []], [12, [12, 20, 9, 19, 26]], [20, []], [28, [28, 23, 40]], [9, []], [23, []], [19, []], [26, []], [21, [21]], [40, []], [39, [39]]]], [[[16, [25, 16, 33]]], [[34, [34, 22, 30, 8, 35, 6]]], [[36, [36, 1, 31, 29, 7]]], [[18, [18, 2, 24, 14, 37, 15, 10, 4]]], [[12, [12, 20, 9, 19, 26]]], [[28, [28, 23, 40]]], [[17, [17, 5, 13, 27, 32, 3]]], [[21, [21]]], [[39, [39]]]]]}
{"file_name": "U_40_1", "number_of_trucks": 2, "drone_capacity": 10, "number_of_drones": 2, "iteration": 3, "best_fitness": 499.4085311781767, "runtime": 63.59930920600891, "best_solution": [[[[0, [16, 6]], [16, []], [6, []], [38, [38, 25, 3]], [25, []], [33, [33, 27, 14, 32, 17]], [27, []], [14, [5, 13]], [32, []], [17, []], [5, []], [13, []], [3, []]], [[0, [34]], [34, []], [35, [35, 7]], [7, []], [36, [36, 31, 15, 10, 1]], [31, []], [15, []], [10, []], [1, []], [4, [4, 24, 29, 37, 2, 11, 18, 26, 30, 8]], [24, []], [29, []], [37, []], [2, []], [11, []], [18, []], [26, []], [30, []], [8, []], [28, [28, 9, 23, 19, 21, 12, 20, 22, 40, 39]], [9, []], [23, []], [19, []], [21, []], [12, []], [20, []], [22, []], [40, []], [39, []]]], [[[35, [35, 7]]], [[36, [36, 31, 15, 10, 1]]], [[4, [4, 24, 29, 37, 2, 11, 18, 26, 30, 8]]], [[38, [38, 25, 3]]], [[33, [33, 27, 14, 32, 17]]], [[14, [5, 13]]], [[28, [28, 9, 23, 19, 21, 12, 20, 22, 40, 39]]]]]}
