{"file_name": "U_40_1", "number_of_trucks": 2, "drone_capacity": 10, "number_of_drones": 2, "iteration": 1, "best_fitness": 563.8623377012567, "runtime": 3183.328677415848, "best_solution": [[[[0, [4]], [4, []], [0, [32]], [31, [31, 3, 18, 29]], [29, []], [3, []], [18, []], [32, []], [37, [37, 16, 25, 20, 35, 5]], [16, []], [25, []], [5, []], [20, []], [35, []], [40, [40, 38, 30]], [38, []], [30, []]], [[0, [6, 8, 10]], [6, []], [8, []], [10, []], [0, [23, 14, 34, 24, 33, 19, 9, 28, 1, 36, 21]], [9, []], [26, [26, 11, 13, 2]], [1, []], [28, []], [21, []], [11, []], [36, []], [23, []], [13, []], [2, []], [14, []], [17, [17, 22, 12, 7, 39]], [34, []], [24, []], [22, []], [12, []], [27, [27, 15]], [33, []], [15, []], [7, []], [39, []], [19, []]]], [[[26, [26, 11, 13, 2]]], [[31, [31, 3, 18, 29]]], [[37, [37, 16, 25, 20, 35, 5]]], [[17, [17, 22, 12, 7, 39]]], [[40, [40, 38, 30]]], [[27, [27, 15]]]]]}
{"file_name": "U_40_1", "number_of_trucks": 2, "drone_capacity": 10, "number_of_drones": 2, "iteration": 2, "best_fitness": 573.7262122752265, "runtime": 544.7901859283447, "best_solution": [[[[0, []], [36, [36]], [24, [24]], [23, [23, 1]], [1, []], [29, [29, 33, 3, 21, 28, 34]], [33, []], [3, []], [21, []], [28, []], [35, [35, 16, 11, 5, 20]], [11, []], [34, []], [16, []], [5, []], [20, []], [40, [40, 37]], [37, []], [38, [38]]], [[0, [10]], [6, [6]], [10, []], [32, [32, 8]], [8, []], [4, [26, 9, 4]], [9, []], [26, []], [0, []], [19, [19, 18, 14, 2, 13, 31]], [31, []], [18, []], [14, []], [2, []], [13, []], [17, [17, 22, 12, 25]], [22, []], [12, [39, 27, 30, 7, 15]], [27, []], [25, []], [30, []], [7, []], [15, []], [39, []]]], [[[36, [36]]], [[6, [6]]], [[32, [32, 8]]], [[24, [24]]], [[23, [23, 1]]], [[4, [26, 9, 4]]], [[29, [29, 33, 3, 21, 28, 34]]], [[35, [35, 16, 11, 5, 20]]], [[19, [19, 18, 14, 2, 13, 31]]], [[17, [17, 22, 12, 25]]], [[40, [40, 37]]], [[12, [39, 27, 30, 7, 15]]], [[38, [38]]]]]}
{"file_name": "U_40_1", "number_of_trucks": 2, "drone_capacity": 10, "number_of_drones": 2, "iteration": 3, "best_fitness": 697.8477093632207, "runtime": 53.71294283866882, "best_solution": [[[[0, [4, 10, 1, 21, 28, 33, 14, 36, 2, 13, 23]], [4, []], [10, []], [1, []], [21, []], [28, []], [33, []], [14, []], [36, []], [2, []], [13, []], [23, []], [11, [11, 20, 35, 16, 37, 12, 22, 27, 38, 30]], [20, []], [35, []], [16, []], [37, []], [12, []], [22, []], [27, []], [38, []], [30, []]], [[0, [6, 8, 29, 32, 9, 26, 19, 3]], [6, [18]], [8, []], [29, []], [32, []], [9, []], [26, []], [19, []], [3, []], [18, []], [24, [24, 31, 34, 5, 25, 17, 39, 7, 15, 40]], [31, []], [34, []], [5, []], [25, []], [17, []], [39, []], [7, []], [15, []], [40, []]]], [[[6, [18]]], [[24, [24, 31, 34, 5, 25, 17, 39, 7, 15, 40]]], [[11, [11, 20, 35, 16, 37, 12, 22, 27, 38, 30]]]]]}
