{"file_name": "U_20_0", "number_of_trucks": 2, "drone_capacity": 2, "number_of_drones": 2, "iteration": 1, "best_fitness": 251.27999999999997, "runtime": 138.68411469459534, "best_solution": [[[[0, [3, 20, 18, 17, 15, 5, 1]], [18, []], [20, [9, 10]], [9, []], [3, []], [10, []], [5, []], [15, []], [17, []], [8, [8]], [1, []]], [[0, [19, 2, 11, 12, 7, 6, 13, 4]], [19, []], [2, []], [13, []], [4, []], [11, []], [12, []], [16, [16, 14]], [14, []], [7, []], [6, []]]], [[[20, [9, 10]]], [[8, [8]]], [[16, [16, 14]]]]]}
{"file_name": "U_20_0", "number_of_trucks": 2, "drone_capacity": 2, "number_of_drones": 2, "iteration": 2, "best_fitness": 250.87999999999997, "runtime": 172.4928948879242, "best_solution": [[[[0, [9, 7, 17, 20, 3, 10, 5]], [20, []], [5, []], [10, []], [3, []], [9, []], [7, []], [17, []], [8, [8]]], [[0, [2, 19]], [19, [6, 11, 15, 1]], [2, []], [4, [4, 13, 12, 18]], [13, []], [11, []], [12, []], [16, [16, 14]], [14, []], [18, []], [15, []], [1, []], [6, []]]], [[[19, [15, 1]]], [[19, [6, 11]]], [[4, [12, 18]]], [[4, [4, 13]]], [[16, [16, 14]]], [[8, [8]]]]]}
{"file_name": "U_20_0", "number_of_trucks": 2, "drone_capacity": 2, "number_of_drones": 2, "iteration": 3, "best_fitness": 246.97108280670753, "runtime": 163.95464324951172, "best_solution": [[[[0, [19, 2, 3]], [19, []], [2, []], [13, [13, 11, 4, 12]], [4, []], [11, []], [12, []], [16, [16, 14]], [14, []], [3, []], [10, [10]]], [[0, [5, 7, 1, 18, 20, 17, 15, 6]], [6, []], [1, []], [17, []], [15, []], [8, [8, 9]], [7, []], [9, []], [5, []], [20, []], [18, []]]], [[[13, [11, 12]]], [[13, [13, 4]]], [[8, [8, 9]]], [[16, [16, 14]]], [[10, [10]]]]]}
