{"file_name": "U_20_1", "number_of_trucks": 2, "drone_capacity": 2, "number_of_drones": 2, "iteration": 1, "best_fitness": 318.8681223736881, "runtime": 136.46068239212036, "best_solution": [[[[0, [15, 2, 10]], [15, []], [2, []], [10, []], [1, [1]], [16, [16, 8]], [8, []], [20, [20, 6]], [6, []], [17, [17]]], [[0, [18, 14]], [18, []], [14, []], [4, [4]], [7, [7, 13]], [5, [5, 11, 12, 19]], [11, []], [12, []], [13, []], [3, [3, 9]], [19, []], [9, []]]], [[[1, [1]]], [[4, [4]]], [[16, [16, 8]]], [[7, [7, 13]]], [[5, [5, 19]]], [[5, [11, 12]]], [[20, [20, 6]]], [[17, [17]]], [[3, [3, 9]]]]]}
{"file_name": "U_20_1", "number_of_trucks": 2, "drone_capacity": 2, "number_of_drones": 2, "iteration": 2, "best_fitness": 316.98812237368816, "runtime": 126.70866513252258, "best_solution": [[[[0, [18, 15, 14]], [18, []], [14, []], [15, []], [0, []], [1, [1]], [16, [16]], [5, [5, 13]], [13, []], [19, [19, 17]], [3, [3]], [17, []], [7, [7, 6]], [6, []]], [[0, [10]], [2, [2]], [10, []], [0, []], [4, [4, 8]], [8, []], [20, [20, 11]], [11, []], [9, [9, 12]], [12, []]]], [[[1, [1]]], [[2, [2]]], [[4, [4, 8]]], [[16, [16]]], [[5, [5, 13]]], [[19, [19, 17]]], [[20, [20, 11]]], [[3, [3]]], [[9, [9, 12]]], [[7, [7, 6]]]]]}
{"file_name": "U_20_1", "number_of_trucks": 2, "drone_capacity": 2, "number_of_drones": 2, "iteration": 3, "best_fitness": 315.41664271167105, "runtime": 160.35273218154907, "best_solution": [[[[0, [2, 10]], [2, []], [10, []], [0, []], [4, [4]], [8, [8, 7]], [20, [20, 17]], [7, []], [17, []]], [[0, [18, 14, 15]], [18, []], [14, []], [15, []], [1, [1]], [16, [16]], [5, [5, 13]], [13, []], [3, [3, 19]], [19, []], [9, [9, 11]], [11, []], [12, [12, 6]], [6, []]]], [[[1, [1]]], [[4, [4]]], [[16, [16]]], [[8, [8, 7]]], [[5, [5, 13]]], [[20, [20, 17]]], [[3, [3, 19]]], [[9, [9, 11]]], [[12, [12, 6]]]]]}
