{"file_name": "U_20_1", "number_of_trucks": 2, "drone_capacity": 2, "number_of_drones": 2, "iteration": 1, "best_fitness": 357.0281223736881, "runtime": 80.24293851852417, "best_solution": [[[[0, [11, 15, 13, 19, 1, 16]], [11, []], [15, []], [13, []], [19, []], [1, []], [16, []], [2, [2, 5]], [5, []], [10, [10]], [17, [17]], [3, [3, 7]], [7, []]], [[0, [6, 14]], [6, []], [14, []], [9, [9, 18]], [18, []], [0, []], [4, [4, 8]], [8, []], [20, [20, 12]], [12, []]]], [[[9, [9, 18]]], [[2, [2, 5]]], [[10, [10]]], [[4, [4, 8]]], [[17, [17]]], [[20, [20, 12]]], [[3, [3, 7]]]]]}
{"file_name": "U_20_1", "number_of_trucks": 2, "drone_capacity": 2, "number_of_drones": 2, "iteration": 2, "best_fitness": 357.0281223736881, "runtime": 108.35803318023682, "best_solution": [[[[0, [16]], [16, []], [0, [11]], [11, []], [0, [13, 1]], [13, []], [1, []], [0, [15]], [15, []], [0, []], [4, [4, 8]], [8, []], [20, [20, 12]], [12, []]], [[0, [14, 6, 19]], [14, []], [6, []], [18, [18, 9]], [9, []], [19, []], [5, [5, 2]], [2, []], [10, [10]], [17, [17]], [3, [3, 7]], [7, []]]], [[[18, [18, 9]]], [[5, [5, 2]]], [[4, [4, 8]]], [[10, [10]]], [[17, [17]]], [[20, [20, 12]]], [[3, [3, 7]]]]]}
{"file_name": "U_20_1", "number_of_trucks": 2, "drone_capacity": 2, "number_of_drones": 2, "iteration": 3, "best_fitness": 357.0281223736881, "runtime": 79.21882700920105, "best_solution": [[[[0, [16]], [16, []], [0, [1, 11, 14, 15, 13, 19, 6]], [1, []], [11, []], [14, []], [15, []], [13, []], [19, []], [6, []], [4, [4, 8]], [8, []], [20, [20, 12]], [12, []]], [[0, []], [18, [18, 9]], [9, []], [5, [5, 2]], [2, []], [10, [10]], [17, [17]], [3, [3, 7]], [7, []]]], [[[18, [18, 9]]], [[5, [5, 2]]], [[10, [10]]], [[4, [4, 8]]], [[17, [17]]], [[20, [20, 12]]], [[3, [3, 7]]]]]}
