{"file_name": "U_20_1", "number_of_trucks": 2, "drone_capacity": 2, "number_of_drones": 2, "iteration": 1, "best_fitness": 394.04, "runtime": 134.00541043281555, "best_solution": [[[[0, []], [15, [15]], [0, [2, 10]], [16, [16]], [2, []], [10, []], [17, [17, 9]], [3, [3, 13]], [9, []], [13, []], [19, [19, 6]], [6, []]], [[0, []], [18, [18, 14]], [14, []], [4, [4]], [0, [12, 8, 20, 7, 11, 1, 5]], [12, []], [11, []], [1, []], [5, []], [7, []], [8, []], [20, []]]], [[[15, [15]]], [[18, [18, 14]]], [[4, [4]]], [[16, [16]]], [[17, [17, 9]]], [[3, [3, 13]]], [[19, [19, 6]]]]]}
{"file_name": "U_20_1", "number_of_trucks": 2, "drone_capacity": 2, "number_of_drones": 2, "iteration": 2, "best_fitness": 382.5715088591444, "runtime": 125.3634102344513, "best_solution": [[[[0, [10, 2]], [10, []], [4, [4, 7, 1]], [7, []], [2, []], [17, [17, 19]], [19, []], [3, [3, 5]], [1, []], [5, []], [6, [6]]], [[0, []], [15, [15, 14]], [18, [18]], [14, []], [0, [13, 8, 16, 12]], [20, [20, 11]], [8, []], [12, []], [11, []], [9, [9]], [13, []], [16, []]]], [[[15, [15, 14]]], [[18, [18]]], [[4, [4, 7]]], [[4, [1]]], [[17, [17, 19]]], [[20, [20, 11]]], [[3, [3, 5]]], [[9, [9]]], [[6, [6]]]]]}
{"file_name": "U_20_1", "number_of_trucks": 2, "drone_capacity": 2, "number_of_drones": 2, "iteration": 3, "best_fitness": 388.2915088591444, "runtime": 126.57832264900208, "best_solution": [[[[0, []], [10, [10, 2]], [2, []], [1, [1, 16]], [11, [11, 5]], [16, []], [5, []], [17, [17, 3]], [3, []], [9, [9, 12]], [12, []]], [[0, []], [15, [15, 14]], [18, [18]], [14, []], [4, [4, 8]], [8, []], [20, [20, 13]], [6, [6, 19]], [13, []], [19, []], [7, [7]]]], [[[15, [15, 14]]], [[18, [18]]], [[10, [10, 2]]], [[4, [4, 8]]], [[1, [1, 16]]], [[11, [11, 5]]], [[20, [20, 13]]], [[17, [17, 3]]], [[6, [6, 19]]], [[9, [9, 12]]], [[7, [7]]]]]}
