{"file_name": "U_20_1", "number_of_trucks": 2, "drone_capacity": 2, "number_of_drones": 2, "iteration": 1, "best_fitness": 387.26896101478974, "runtime": 93.9502694606781, "best_solution": [[[[0, [8, 7, 15, 1, 6, 11, 12]], [6, []], [1, []], [15, []], [8, []], [7, []], [11, []], [12, []], [14, [14, 18]], [18, []], [2, [2]]], [[0, [13]], [13, []], [19, [19, 3]], [17, [17]], [9, [9, 5]], [20, [20, 10]], [5, []], [3, []], [10, []], [16, [16, 4]], [4, []]]], [[[19, [19, 3]]], [[17, [17]]], [[9, [9, 5]]], [[20, [20, 10]]], [[14, [14, 18]]], [[16, [16, 4]]], [[2, [2]]]]]}
{"file_name": "U_20_1", "number_of_trucks": 2, "drone_capacity": 2, "number_of_drones": 2, "iteration": 2, "best_fitness": 381.93247852603855, "runtime": 145.07960987091064, "best_solution": [[[[0, [7, 8, 6, 1, 15, 19]], [19, []], [17, [17]], [15, []], [6, []], [1, []], [8, []], [7, []], [18, [18, 4]], [4, []], [2, [2]], [0, []]], [[0, [13, 11]], [13, []], [11, []], [12, [12, 3]], [3, []], [9, [9, 5]], [5, []], [20, [20, 10]], [10, []], [16, [16, 14]], [14, []]]], [[[12, [12, 3]]], [[17, [17]]], [[9, [9, 5]]], [[20, [20, 10]]], [[18, [18, 4]]], [[16, [16, 14]]], [[2, [2]]]]]}
{"file_name": "U_20_1", "number_of_trucks": 2, "drone_capacity": 2, "number_of_drones": 2, "iteration": 3, "best_fitness": 388.58896101478973, "runtime": 117.16864204406738, "best_solution": [[[[0, [13]], [19, [19, 6]], [13, []], [17, [17, 5]], [6, []], [18, [18, 10]], [14, [14, 20]], [10, []], [5, []], [20, []]], [[0, []], [7, [7]], [0, [8, 12, 15, 1, 3, 11]], [8, []], [1, []], [15, []], [9, [9]], [3, []], [11, []], [12, []], [16, [16, 4]], [4, []], [2, [2]]]], [[[7, [7]]], [[19, [19, 6]]], [[9, [9]]], [[17, [17, 5]]], [[18, [18, 10]]], [[14, [14, 20]]], [[16, [16, 4]]], [[2, [2]]]]]}
