{"file_name": "U_20_0", "number_of_trucks": 2, "drone_capacity": 2, "number_of_drones": 2, "iteration": 1, "best_fitness": 266.4929800723568, "runtime": 125.31474280357361, "best_solution": [[[[0, [14, 5, 9, 15, 7]], [14, []], [5, [18, 16]], [16, []], [15, []], [7, []], [9, []], [19, [19, 6]], [6, []], [18, []], [1, [1, 11]], [11, []]], [[0, [13, 4]], [3, [8, 20, 3]], [13, []], [4, []], [12, [12, 10]], [8, []], [17, [17, 2]], [20, []], [2, []], [10, []]]], [[[3, [3]]], [[3, [8, 20]]], [[12, [12, 10]]], [[5, [18, 16]]], [[17, [17, 2]]], [[19, [19, 6]]], [[1, [1, 11]]]]]}
{"file_name": "U_20_0", "number_of_trucks": 2, "drone_capacity": 2, "number_of_drones": 2, "iteration": 2, "best_fitness": 263.15999999999997, "runtime": 103.82073736190796, "best_solution": [[[[0, [3, 4, 13, 8, 20]], [3, []], [4, []], [13, []], [12, [12, 10]], [8, []], [17, [17, 1]], [20, []], [10, []], [1, []], [11, [11]]], [[0, [2, 18, 15, 14, 9, 7, 5]], [5, []], [16, [6, 16]], [18, []], [15, []], [7, [19]], [9, []], [2, []], [6, []], [19, []], [14, []]]], [[[12, [12, 10]]], [[16, [6, 16]]], [[7, [19]]], [[17, [17, 1]]], [[11, [11]]]]]}
{"file_name": "U_20_0", "number_of_trucks": 2, "drone_capacity": 2, "number_of_drones": 2, "iteration": 3, "best_fitness": 261.61298007235683, "runtime": 115.68913388252258, "best_solution": [[[[0, [7, 15, 2, 14, 9]], [5, [5, 18]], [14, []], [7, []], [9, []], [19, [19, 6]], [6, []], [2, []], [15, []], [18, []]], [[0, [3, 4, 13]], [3, [8, 20]], [4, []], [13, []], [12, [12, 10]], [8, []], [17, [17, 1]], [20, []], [10, []], [11, [11, 16]], [1, []], [16, []]]], [[[3, [8, 20]]], [[5, [5, 18]]], [[12, [12, 10]]], [[17, [17, 1]]], [[19, [19, 6]]], [[11, [11, 16]]]]]}
