{"file_name": "U_20_0", "number_of_trucks": 2, "drone_capacity": 2, "number_of_drones": 2, "iteration": 1, "best_fitness": 197.99429105522938, "runtime": 94.6126880645752, "best_solution": [[[[0, [15, 18, 7, 19, 2, 17, 13, 4, 6, 1]], [7, []], [15, []], [17, []], [6, []], [1, []], [8, [8]], [18, []], [19, []], [2, []], [13, []], [4, []]], [[0, [11, 12, 20, 5, 3]], [20, []], [9, [9, 10]], [5, []], [3, []], [10, []], [11, []], [12, []], [16, [16, 14]], [14, []]]], [[[9, [9, 10]]], [[16, [16, 14]]], [[8, [8]]]]]}
{"file_name": "U_20_0", "number_of_trucks": 2, "drone_capacity": 2, "number_of_drones": 2, "iteration": 2, "best_fitness": 194.0682219520124, "runtime": 134.252099275589, "best_solution": [[[[0, [3, 19, 2]], [19, []], [2, []], [13, [13, 4]], [4, []], [12, [12, 10, 11]], [11, []], [10, []], [3, []], [14, [14, 16]], [16, []]], [[0, [18, 20, 5, 1, 17, 6, 15]], [5, []], [20, [7, 9]], [9, []], [7, []], [15, []], [17, []], [8, [8]], [1, []], [6, []], [18, []]]], [[[13, [13, 4]]], [[20, [7, 9]]], [[12, [11]]], [[12, [12, 10]]], [[14, [14, 16]]], [[8, [8]]]]]}
{"file_name": "U_20_0", "number_of_trucks": 2, "drone_capacity": 2, "number_of_drones": 2, "iteration": 3, "best_fitness": 212.96, "runtime": 50.95259475708008, "best_solution": [[[[0, [2]], [2, []], [0, [19, 13, 4, 18, 11, 12, 7]], [7, []], [18, []], [19, []], [13, []], [4, []], [11, []], [12, []], [16, [16, 14]], [14, []]], [[0, [3]], [3, []], [0, [17, 6, 9, 1, 15, 20, 5, 10]], [20, []], [10, []], [5, []], [9, []], [17, []], [15, []], [8, [8]], [1, []], [6, []]]], [[[16, [16, 14]]], [[8, [8]]]]]}
