{"file_name": "U_20_1", "number_of_trucks": 2, "drone_capacity": 2, "number_of_drones": 2, "iteration": 1, "best_fitness": 341.1515442142708, "runtime": 120.25986218452454, "best_solution": [[[[0, [12, 15, 6, 20, 16, 14]], [14, []], [20, []], [16, []], [12, []], [15, []], [6, []], [7, [7]], [3, [3, 17]], [17, []]], [[0, [18, 4]], [18, []], [4, [5, 13]], [5, []], [13, []], [0, []], [9, [9, 11]], [11, []], [1, [1, 8]], [8, []], [19, [19, 10]], [10, []], [2, [2]]]], [[[4, [5, 13]]], [[7, [7]]], [[9, [9, 11]]], [[1, [1, 8]]], [[3, [3, 17]]], [[19, [19, 10]]], [[2, [2]]]]]}
{"file_name": "U_20_1", "number_of_trucks": 2, "drone_capacity": 2, "number_of_drones": 2, "iteration": 2, "best_fitness": 342.51160069794474, "runtime": 83.80590057373047, "best_solution": [[[[0, [14, 6, 12]], [12, []], [6, []], [14, []], [0, [16, 11, 5]], [16, []], [11, []], [5, []], [0, []], [2, [2]], [0, []], [19, [19, 1]], [1, []], [8, [8, 10]], [10, []]], [[0, [20]], [20, []], [0, [18, 4, 13]], [18, []], [4, []], [13, []], [0, []], [9, [9, 15]], [15, []], [7, [7]], [17, [17, 3]], [3, []]]], [[[9, [9, 15]]], [[7, [7]]], [[2, [2]]], [[19, [19, 1]]], [[17, [17, 3]]], [[8, [8, 10]]]]]}
{"file_name": "U_20_1", "number_of_trucks": 2, "drone_capacity": 2, "number_of_drones": 2, "iteration": 3, "best_fitness": 339.68350280805697, "runtime": 135.26488065719604, "best_solution": [[[[0, [12]], [12, []], [0, [14]], [14, []], [0, [4, 6, 15, 5]], [5, []], [4, []], [6, []], [9, [9]], [15, []], [7, [7]], [3, [3, 17]], [17, []]], [[0, [13, 18, 11, 20]], [18, [16]], [16, []], [11, []], [20, []], [13, []], [2, [2, 1]], [1, []], [8, [8, 19]], [19, []], [10, [10]]]], [[[18, [16]]], [[9, [9]]], [[2, [2, 1]]], [[7, [7]]], [[3, [3, 17]]], [[8, [8, 19]]], [[10, [10]]]]]}
