{"file_name": "U_20_1", "number_of_trucks": 2, "drone_capacity": 2, "number_of_drones": 2, "iteration": 1, "best_fitness": 336.0971181845193, "runtime": 106.3389823436737, "best_solution": [[[[0, []], [14, [14, 15]], [15, []], [4, [4, 1]], [1, []], [12, [12, 13]], [13, []], [19, [19, 9]], [9, []], [20, [20]]], [[0, [18]], [10, [10, 2]], [2, []], [18, []], [8, [8, 16]], [11, [11, 5]], [16, []], [5, []], [3, [3, 17]], [17, []], [7, [7, 6]], [6, []]]], [[[14, [14, 15]]], [[10, [10, 2]]], [[4, [4, 1]]], [[8, [8, 16]]], [[12, [12, 13]]], [[11, [11, 5]]], [[19, [19, 9]]], [[3, [3, 17]]], [[20, [20]]], [[7, [7, 6]]]]]}
{"file_name": "U_20_1", "number_of_trucks": 2, "drone_capacity": 2, "number_of_drones": 2, "iteration": 2, "best_fitness": 335.33051149058235, "runtime": 150.1938259601593, "best_solution": [[[[0, [18, 14, 15]], [18, []], [14, []], [15, []], [1, [1]], [16, [16, 13]], [5, [5, 11]], [13, []], [19, [19, 12]], [3, [3, 9]], [9, []], [11, []], [12, []]], [[0, []], [10, [10, 2]], [2, []], [4, [4, 8]], [8, []], [20, [20, 6]], [6, []], [17, [17, 7]], [7, []]]], [[[10, [10, 2]]], [[1, [1]]], [[4, [4, 8]]], [[16, [16, 13]]], [[5, [5, 11]]], [[20, [20, 6]]], [[19, [19, 12]]], [[3, [3, 9]]], [[17, [17, 7]]]]]}
{"file_name": "U_20_1", "number_of_trucks": 2, "drone_capacity": 2, "number_of_drones": 2, "iteration": 3, "best_fitness": 334.83182366187856, "runtime": 97.25805950164795, "best_solution": [[[[0, [14, 18, 15]], [14, []], [18, []], [15, []], [8, [8, 12]], [20, [20, 11]], [12, []], [11, []], [9, [9, 6]], [6, []]], [[0, []], [10, [10, 2]], [2, []], [4, [4, 16, 13, 1]], [16, []], [13, []], [5, [5, 19]], [1, []], [19, []], [3, [3, 17]], [17, []], [7, [7]]]], [[[10, [10, 2]]], [[4, [16, 13]]], [[4, [4, 1]]], [[8, [8, 12]]], [[5, [5, 19]]], [[20, [20, 11]]], [[9, [9, 6]]], [[3, [3, 17]]], [[7, [7]]]]]}
