{"file_name": "U_20_0", "number_of_trucks": 2, "drone_capacity": 2, "number_of_drones": 2, "iteration": 1, "best_fitness": 277.9454952748838, "runtime": 124.95841932296753, "best_solution": [[[[0, [15]], [6, [6, 11, 18, 16]], [16, []], [9, [9, 12]], [11, []], [12, []], [15, []], [18, []], [14, [14, 8]], [8, []], [20, [20]]], [[0, [4, 5, 13, 1, 2, 10]], [4, []], [5, []], [19, [19, 3]], [13, []], [1, []], [3, []], [2, []], [17, [17, 7]], [10, []], [7, []], [0, []]]], [[[6, [11, 18]]], [[6, [6, 16]]], [[9, [9, 12]]], [[19, [19, 3]]], [[14, [14, 8]]], [[17, [17, 7]]], [[20, [20]]]]]}
{"file_name": "U_20_0", "number_of_trucks": 2, "drone_capacity": 2, "number_of_drones": 2, "iteration": 2, "best_fitness": 260.47999999999996, "runtime": 117.74568772315979, "best_solution": [[[[0, [5, 4, 7, 1, 15, 11]], [4, []], [7, [18, 12]], [5, []], [1, []], [11, []], [12, []], [15, []], [18, []], [14, [14, 8]], [8, []], [20, [20]]], [[0, [10, 2, 3, 6, 16, 9, 13]], [10, []], [17, [17, 19]], [2, []], [3, []], [19, []], [13, []], [9, []], [16, []], [6, []]]], [[[17, [17, 19]]], [[7, [18, 12]]], [[14, [14, 8]]], [[20, [20]]]]]}
{"file_name": "U_20_0", "number_of_trucks": 2, "drone_capacity": 2, "number_of_drones": 2, "iteration": 3, "best_fitness": 270.74964303105037, "runtime": 124.68048691749573, "best_solution": [[[[0, [4, 7, 13, 2, 1, 5]], [4, []], [2, []], [10, [10, 3]], [17, [17]], [3, []], [19, [19, 9]], [13, []], [9, []], [1, []], [5, []], [7, []]], [[0, [16, 6, 11, 12, 15, 18]], [6, []], [16, []], [15, []], [11, []], [12, []], [18, []], [14, [14, 8]], [8, []], [20, [20]]]], [[[10, [10, 3]]], [[17, [17]]], [[19, [19, 9]]], [[14, [14, 8]]], [[20, [20]]]]]}
