{"file_name": "U_20_0", "number_of_trucks": 2, "drone_capacity": 2, "number_of_drones": 2, "iteration": 1, "best_fitness": 224.5999999999999, "runtime": 121.01972007751465, "best_solution": [[[[0, [4, 3, 17]], [4, []], [3, []], [17, []], [20, [20, 5]], [5, []], [12, [12, 2]], [2, []], [6, [6, 7]], [7, []]], [[0, [16, 11, 15, 19, 14, 13, 9, 18, 10]], [14, []], [13, []], [8, [8, 1]], [1, []], [16, []], [11, []], [19, []], [10, []], [18, []], [9, []], [15, []]]], [[[8, [8, 1]]], [[20, [20, 5]]], [[12, [12, 2]]], [[6, [6, 7]]]]]}
{"file_name": "U_20_0", "number_of_trucks": 2, "drone_capacity": 2, "number_of_drones": 2, "iteration": 2, "best_fitness": 220.9845187575967, "runtime": 127.39039254188538, "best_solution": [[[[0, [9, 10]], [9, [15]], [18, [18, 16, 19, 11]], [10, []], [11, []], [16, []], [1, [1, 8]], [8, []], [19, []], [12, [12, 2]], [2, []], [15, []]], [[0, [13, 17, 3, 4, 14, 7]], [14, []], [13, []], [17, []], [3, []], [5, [5, 20]], [20, []], [4, []], [6, [6]], [7, []]]], [[[9, [15]]], [[18, [16, 19]]], [[18, [18, 11]]], [[5, [5, 20]]], [[1, [1, 8]]], [[6, [6]]], [[12, [12, 2]]]]]}
{"file_name": "U_20_0", "number_of_trucks": 2, "drone_capacity": 2, "number_of_drones": 2, "iteration": 3, "best_fitness": 224.38451875759674, "runtime": 114.33088088035583, "best_solution": [[[[0, [9, 19]], [9, [11, 16]], [18, [18, 10]], [19, []], [11, []], [16, []], [1, [1, 8]], [8, []], [10, []], [12, [12, 2]], [2, []]], [[0, [15, 14, 13, 17, 3, 4]], [15, []], [14, []], [13, []], [5, [5, 20]], [17, []], [20, []], [3, []], [4, []], [6, [6, 7]], [7, []]]], [[[9, [11, 16]]], [[5, [5, 20]]], [[18, [18, 10]]], [[1, [1, 8]]], [[6, [6, 7]]], [[12, [12, 2]]]]]}
