{"file_name": "U_20_1", "number_of_trucks": 2, "drone_capacity": 2, "number_of_drones": 2, "iteration": 1, "best_fitness": 274.5103471494449, "runtime": 97.88533282279968, "best_solution": [[[[0, [10]], [10, []], [0, [15]], [15, []], [0, [6]], [6, []], [1, [1, 16]], [16, []], [17, [17, 7]], [7, []], [5, [5, 19]], [19, []]], [[0, []], [11, [11, 18]], [18, []], [14, [14, 4]], [4, []], [20, [20, 8]], [8, []], [0, [13, 9, 3, 2, 12]], [13, []], [3, []], [2, []], [12, []], [9, []]]], [[[11, [11, 18]]], [[14, [14, 4]]], [[1, [1, 16]]], [[20, [20, 8]]], [[17, [17, 7]]], [[5, [5, 19]]]]]}
{"file_name": "U_20_1", "number_of_trucks": 2, "drone_capacity": 2, "number_of_drones": 2, "iteration": 2, "best_fitness": 268.2703471494449, "runtime": 120.01926374435425, "best_solution": [[[[0, [11]], [11, []], [0, []], [8, [8]], [0, [15]], [15, []], [0, [6]], [13, [13, 20]], [7, [7, 5]], [6, []], [5, []], [19, [19, 9]], [20, []], [9, []]], [[0, [10]], [10, []], [0, [18]], [4, [4]], [16, [16]], [1, [1, 14]], [14, []], [18, []], [17, [17, 12]], [2, [2, 3]], [3, []], [12, []]]], [[[4, [4]]], [[8, [8]]], [[16, [16]]], [[13, [13, 20]]], [[1, [1, 14]]], [[7, [7, 5]]], [[17, [17, 12]]], [[19, [19, 9]]], [[2, [2, 3]]]]]}
{"file_name": "U_20_1", "number_of_trucks": 2, "drone_capacity": 2, "number_of_drones": 2, "iteration": 3, "best_fitness": 265.4504945715146, "runtime": 113.33383822441101, "best_solution": [[[[0, [15, 11, 6, 18, 14]], [13, [13]], [15, []], [11, []], [5, [5, 7]], [6, []], [7, []], [17, [17, 1]], [18, []], [1, []], [14, []]], [[0, [10]], [10, []], [4, [4]], [16, [16, 8]], [20, [20, 9]], [19, [19, 12]], [9, []], [12, []], [2, [2, 3]], [3, []], [8, []]]], [[[13, [13]]], [[4, [4]]], [[16, [16, 8]]], [[20, [20, 9]]], [[5, [5, 7]]], [[19, [19, 12]]], [[17, [17, 1]]], [[2, [2, 3]]]]]}
