{"file_name": "U_20_1", "number_of_trucks": 2, "drone_capacity": 2, "number_of_drones": 2, "iteration": 1, "best_fitness": 337.7488122404847, "runtime": 164.52989768981934, "best_solution": [[[[0, [9, 15, 12]], [12, []], [9, []], [15, []], [7, [7, 6]], [6, []], [2, [2, 20]], [20, []], [3, [3, 14]], [14, []]], [[0, [16, 19]], [4, [4, 17, 8]], [17, []], [16, []], [19, []], [18, [18, 11]], [11, []], [10, [10, 1]], [8, []], [1, []], [5, [5, 13]], [13, []]]], [[[4, [8]]], [[4, [4, 17]]], [[18, [18, 11]]], [[7, [7, 6]]], [[10, [10, 1]]], [[2, [2, 20]]], [[3, [3, 14]]], [[5, [5, 13]]]]]}
{"file_name": "U_20_1", "number_of_trucks": 2, "drone_capacity": 2, "number_of_drones": 2, "iteration": 2, "best_fitness": 347.2262911545116, "runtime": 112.45955443382263, "best_solution": [[[[0, [9, 19, 16, 4, 17]], [15, [15]], [9, []], [18, [18, 11]], [19, []], [16, []], [11, []], [1, [1, 20]], [20, []], [4, []], [3, [3, 5]], [17, []], [5, []]], [[0, []], [8, [8, 12]], [7, [7, 6]], [6, []], [2, [2, 14]], [12, []], [14, []], [10, [10, 13]], [13, []]]], [[[15, [15]]], [[8, [8, 12]]], [[18, [18, 11]]], [[7, [7, 6]]], [[1, [1, 20]]], [[2, [2, 14]]], [[3, [3, 5]]], [[10, [10, 13]]]]]}
{"file_name": "U_20_1", "number_of_trucks": 2, "drone_capacity": 2, "number_of_drones": 2, "iteration": 3, "best_fitness": 343.35951868509636, "runtime": 92.47261500358582, "best_solution": [[[[0, [12]], [12, []], [4, [4, 17]], [17, []], [7, [7, 6]], [6, []], [2, [2, 20]], [20, []], [3, [3, 14]], [14, []]], [[0, []], [9, [9]], [0, [19, 16, 8]], [15, [15]], [18, [18, 11]], [19, []], [16, []], [11, []], [10, [10, 1]], [8, []], [1, []], [5, [5, 13]], [13, []]]], [[[9, [9]]], [[15, [15]]], [[4, [4, 17]]], [[18, [18, 11]]], [[7, [7, 6]]], [[10, [10, 1]]], [[2, [2, 20]]], [[3, [3, 14]]], [[5, [5, 13]]]]]}
