{"file_name": "U_20_1", "number_of_trucks": 2, "drone_capacity": 2, "number_of_drones": 2, "iteration": 1, "best_fitness": 417.0875308162026, "runtime": 84.90256929397583, "best_solution": [[[[0, [6, 15, 11, 19]], [6, []], [15, []], [11, []], [19, []], [18, [18, 2]], [2, []], [10, [10, 5]], [5, []], [12, [12, 20]], [20, []]], [[0, [14, 13]], [14, [1, 16]], [13, []], [16, []], [1, []], [9, [9]], [8, [8]], [4, [4, 17]], [17, []], [3, [3, 7]], [7, []]]], [[[14, [1, 16]]], [[18, [18, 2]]], [[9, [9]]], [[8, [8]]], [[10, [10, 5]]], [[4, [4, 17]]], [[12, [12, 20]]], [[3, [3, 7]]]]]}
{"file_name": "U_20_1", "number_of_trucks": 2, "drone_capacity": 2, "number_of_drones": 2, "iteration": 2, "best_fitness": 417.0875308162026, "runtime": 104.29313969612122, "best_solution": [[[[0, [6, 15, 11, 19, 13]], [6, []], [15, []], [11, []], [19, []], [13, []], [8, [8]], [4, [4, 17]], [17, []], [3, [3, 7]], [7, []]], [[0, [14]], [14, [1, 16]], [18, [18]], [16, []], [1, []], [9, [9, 2]], [10, [10, 5]], [2, []], [5, []], [12, [12, 20]], [20, []]]], [[[14, [1, 16]]], [[18, [18]]], [[8, [8]]], [[9, [9, 2]]], [[10, [10, 5]]], [[4, [4, 17]]], [[12, [12, 20]]], [[3, [3, 7]]]]]}
{"file_name": "U_20_1", "number_of_trucks": 2, "drone_capacity": 2, "number_of_drones": 2, "iteration": 3, "best_fitness": 420.73383481640394, "runtime": 88.21001434326172, "best_solution": [[[[0, [6]], [6, []], [0, [15, 11, 19, 13, 16, 1]], [15, []], [11, []], [19, []], [13, []], [16, []], [1, []], [2, [2, 5]], [5, []], [17, [17, 10]], [10, []], [3, [3, 7]], [7, []]], [[0, [14]], [14, []], [18, [18, 9]], [9, []], [8, [8, 4]], [4, []], [20, [20, 12]], [12, []]]], [[[18, [18, 9]]], [[2, [2, 5]]], [[8, [8, 4]]], [[17, [17, 10]]], [[20, [20, 12]]], [[3, [3, 7]]]]]}
