{"file_name": "U_20_1", "number_of_trucks": 2, "drone_capacity": 2, "number_of_drones": 2, "iteration": 1, "best_fitness": 342.91999999999996, "runtime": 88.27715587615967, "best_solution": [[[[0, [1, 15, 6, 17, 8, 19]], [6, []], [17, []], [8, []], [1, []], [15, []], [19, []], [18, [18, 4]], [4, []], [16, [16, 14]], [14, []]], [[0, [7]], [13, [13, 11]], [11, []], [12, [12, 3]], [7, []], [9, [9, 5]], [3, []], [5, []], [10, [10, 20]], [20, []], [2, [2]]]], [[[13, [13, 11]]], [[12, [12, 3]]], [[18, [18, 4]]], [[9, [9, 5]]], [[10, [10, 20]]], [[16, [16, 14]]], [[2, [2]]]]]}
{"file_name": "U_20_1", "number_of_trucks": 2, "drone_capacity": 2, "number_of_drones": 2, "iteration": 2, "best_fitness": 340.3063789283731, "runtime": 153.86358857154846, "best_solution": [[[[0, [13, 7]], [13, []], [8, [8, 15]], [1, [1, 6]], [6, []], [15, []], [7, []], [9, [9, 5]], [5, []], [10, [10, 20]], [20, []], [16, [16, 14]], [14, []]], [[0, [11, 19, 12, 3]], [19, []], [17, [17]], [3, []], [11, []], [12, []], [4, [4, 18]], [2, [2]], [18, []]]], [[[8, [8, 15]]], [[1, [1, 6]]], [[17, [17]]], [[9, [9, 5]]], [[10, [10, 20]]], [[4, [4, 18]]], [[16, [16, 14]]], [[2, [2]]]]]}
{"file_name": "U_20_1", "number_of_trucks": 2, "drone_capacity": 2, "number_of_drones": 2, "iteration": 3, "best_fitness": 342.11190937831014, "runtime": 112.90904235839844, "best_solution": [[[[0, []], [8, [8, 1]], [1, []], [6, [6, 19]], [19, []], [15, [15, 17]], [17, []], [9, [9, 5]], [5, []], [10, [10, 20]], [20, []], [16, [16, 14]], [14, []]], [[0, [13, 7]], [13, [11]], [12, [12, 3]], [11, []], [3, []], [7, []], [4, [4, 18]], [18, []], [2, [2]]]], [[[13, [11]]], [[8, [8, 1]]], [[6, [6, 19]]], [[12, [12, 3]]], [[15, [15, 17]]], [[9, [9, 5]]], [[10, [10, 20]]], [[4, [4, 18]]], [[16, [16, 14]]], [[2, [2]]]]]}
