{"file_name": "U_20_1", "number_of_trucks": 2, "drone_capacity": 2, "number_of_drones": 2, "iteration": 1, "best_fitness": 278.2, "runtime": 138.4049689769745, "best_solution": [[[[0, [14, 16]], [14, []], [16, []], [0, [20, 1, 8, 10, 9]], [1, []], [8, []], [9, []], [10, []], [5, [5, 7]], [20, []], [7, []]], [[0, [2, 18, 15, 3]], [18, []], [15, []], [3, []], [12, [12]], [11, [11, 4]], [4, []], [13, [13, 6]], [2, []], [6, []], [17, [17, 19]], [19, []]]], [[[12, [12]]], [[11, [11, 4]]], [[13, [13, 6]]], [[17, [17, 19]]], [[5, [5, 7]]]]]}
{"file_name": "U_20_1", "number_of_trucks": 2, "drone_capacity": 2, "number_of_drones": 2, "iteration": 2, "best_fitness": 266.86618510511494, "runtime": 82.3441710472107, "best_solution": [[[[0, [2, 16]], [2, []], [16, []], [0, [12, 11, 10]], [13, [13, 4]], [4, []], [12, []], [11, []], [10, []], [5, [5, 19]], [19, []]], [[0, [18, 15, 3, 14]], [18, []], [15, []], [1, [1]], [8, [8, 9]], [9, []], [3, []], [20, [20, 6]], [14, []], [7, [7, 17]], [17, []], [6, []]]], [[[1, [1]]], [[8, [8, 9]]], [[13, [13, 4]]], [[5, [5, 19]]], [[20, [20, 6]]], [[7, [7, 17]]]]]}
{"file_name": "U_20_1", "number_of_trucks": 2, "drone_capacity": 2, "number_of_drones": 2, "iteration": 3, "best_fitness": 285.28000000000003, "runtime": 100.07113242149353, "best_solution": [[[[0, [1, 14, 8, 15, 18]], [8, []], [1, []], [14, [9, 20]], [20, []], [9, [6]], [15, []], [17, [17, 19]], [18, []], [6, []], [19, []]], [[0, [2, 16, 3]], [2, []], [16, [10, 11, 12]], [13, [13, 4]], [4, []], [11, []], [12, []], [10, []], [3, []], [5, [5, 7]], [7, []], [0, []]]], [[[16, [11, 12]]], [[16, [10]]], [[13, [13, 4]]], [[14, [9, 20]]], [[9, [6]]], [[5, [5, 7]]], [[17, [17, 19]]]]]}
