{"file_name": "U_20_1", "number_of_trucks": 2, "drone_capacity": 2, "number_of_drones": 2, "iteration": 1, "best_fitness": 275.81647461266755, "runtime": 112.05577754974365, "best_solution": [[[[0, [12]], [7, [7, 11]], [5, [5, 13]], [11, []], [13, []], [12, []], [8, [8, 17]], [17, []]], [[0, []], [20, [20, 19]], [4, [2, 4]], [3, [3]], [16, [16, 14]], [14, []], [1, [1, 10, 15, 18]], [18, []], [15, []], [19, []], [9, [9, 6]], [2, []], [6, []], [10, []]]], [[[20, [20, 19]]], [[4, [2, 4]]], [[3, [3]]], [[7, [7, 11]]], [[16, [16, 14]]], [[5, [5, 13]]], [[1, [15, 18]]], [[1, [1, 10]]], [[8, [8, 17]]], [[9, [9, 6]]]]]}
{"file_name": "U_20_1", "number_of_trucks": 2, "drone_capacity": 2, "number_of_drones": 2, "iteration": 2, "best_fitness": 282.10882478072654, "runtime": 89.66267156600952, "best_solution": [[[[0, [2, 16, 19, 4, 20, 12]], [2, []], [19, []], [16, []], [5, [5, 13]], [4, []], [13, []], [12, []], [8, [8, 17]], [17, []], [20, []]], [[0, []], [3, [3, 15, 14, 7]], [14, []], [11, [11, 18]], [18, []], [15, []], [1, [1, 10]], [6, [6, 9]], [9, []], [7, []], [10, []]]], [[[3, [15, 14]]], [[3, [3, 7]]], [[11, [11, 18]]], [[5, [5, 13]]], [[1, [1, 10]]], [[6, [6, 9]]], [[8, [8, 17]]]]]}
{"file_name": "U_20_1", "number_of_trucks": 2, "drone_capacity": 2, "number_of_drones": 2, "iteration": 3, "best_fitness": 281.0688347317395, "runtime": 127.37019777297974, "best_solution": [[[[0, [11, 12, 3, 4, 16]], [11, []], [16, []], [14, [14]], [5, [5, 13]], [3, []], [4, []], [13, []], [12, []], [8, [8, 17]], [17, []]], [[0, [19, 2, 20]], [7, [7]], [18, [18, 15]], [15, []], [20, []], [10, [10, 1]], [1, []], [19, []], [9, [9, 6]], [2, []], [6, []], [0, []]]], [[[14, [14]]], [[7, [7]]], [[18, [18, 15]]], [[5, [5, 13]]], [[10, [10, 1]]], [[8, [8, 17]]], [[9, [9, 6]]]]]}
