{"file_name": "U_20_1", "number_of_trucks": 2, "drone_capacity": 2, "number_of_drones": 2, "iteration": 1, "best_fitness": 283.16, "runtime": 74.20249390602112, "best_solution": [[[[0, [10, 18, 11]], [10, []], [11, [6]], [18, []], [6, []], [5, [5, 7]], [7, []], [17, [17, 19]], [12, [12]], [19, []]], [[0, [13, 14, 1, 4, 8, 15, 20, 16, 9]], [9, []], [13, []], [15, []], [16, []], [14, []], [1, []], [4, []], [2, [3, 2]], [3, []], [8, []], [20, []]]], [[[11, [6]]], [[5, [5, 7]]], [[2, [3, 2]]], [[17, [17, 19]]], [[12, [12]]]]]}
{"file_name": "U_20_1", "number_of_trucks": 2, "drone_capacity": 2, "number_of_drones": 2, "iteration": 2, "best_fitness": 290.2485632541541, "runtime": 97.81239223480225, "best_solution": [[[[0, [10]], [10, []], [0, [18, 6, 4, 14, 16, 13]], [13, []], [16, []], [1, [1, 7]], [4, []], [14, []], [18, []], [17, [17, 5]], [6, []], [7, []], [5, []]], [[0, [11, 15]], [11, []], [8, [8]], [15, []], [20, [20, 9]], [3, [3, 2]], [2, []], [12, [12, 19]], [9, []], [19, []]]], [[[8, [8]]], [[1, [1, 7]]], [[20, [20, 9]]], [[3, [3, 2]]], [[17, [17, 5]]], [[12, [12, 19]]]]]}
{"file_name": "U_20_1", "number_of_trucks": 2, "drone_capacity": 2, "number_of_drones": 2, "iteration": 3, "best_fitness": 281.6301354089934, "runtime": 107.92151021957397, "best_solution": [[[[0, [11]], [11, []], [13, [13, 8]], [8, []], [20, [20, 9]], [9, []], [3, [3, 2]], [2, []], [12, [12, 19]], [19, []]], [[0, [10, 15, 18]], [10, [6]], [15, []], [4, [4, 16]], [16, []], [1, [1, 14]], [14, []], [17, [17, 7]], [18, []], [7, []], [6, []], [5, [5]]]], [[[10, [6]]], [[4, [4, 16]]], [[13, [13, 8]]], [[1, [1, 14]]], [[20, [20, 9]]], [[17, [17, 7]]], [[3, [3, 2]]], [[5, [5]]], [[12, [12, 19]]]]]}
