{"file_name": "U_20_1", "number_of_trucks": 2, "drone_capacity": 2, "number_of_drones": 2, "iteration": 1, "best_fitness": 316.7833098011237, "runtime": 107.72283005714417, "best_solution": [[[[0, []], [14, [14]], [19, [19, 2]], [2, []], [9, [9, 6]], [6, []], [17, [17, 20]], [20, []], [0, [18, 10, 15, 7]], [15, []], [7, []], [18, []], [10, []]], [[0, []], [1, [1]], [0, []], [8, [8]], [13, [13, 11, 4]], [4, []], [12, [12, 5]], [3, [3]], [5, [16]], [16, []], [11, []]]], [[[14, [14]]], [[1, [1]]], [[19, [19, 2]]], [[8, [8]]], [[9, [9, 6]]], [[13, [11, 4]]], [[13, [13]]], [[12, [12, 5]]], [[17, [17, 20]]], [[3, [3]]], [[5, [16]]]]]}
{"file_name": "U_20_1", "number_of_trucks": 2, "drone_capacity": 2, "number_of_drones": 2, "iteration": 2, "best_fitness": 326.36673959967095, "runtime": 123.01320910453796, "best_solution": [[[[0, []], [1, [1]], [8, [8]], [13, [13, 4]], [4, []], [12, [12]], [3, [3]], [5, [5, 11]], [16, [16]], [11, []]], [[0, []], [14, [14]], [19, [19, 2]], [9, [9, 6]], [2, []], [6, []], [15, [15, 10]], [10, []], [18, [18, 17]], [7, [7, 20]], [17, []], [20, []]]], [[[1, [1]]], [[14, [14]]], [[19, [19, 2]]], [[9, [9, 6]]], [[8, [8]]], [[13, [13, 4]]], [[15, [15, 10]]], [[18, [18, 17]]], [[12, [12]]], [[3, [3]]], [[7, [7, 20]]], [[5, [5, 11]]], [[16, [16]]]]]}
{"file_name": "U_20_1", "number_of_trucks": 2, "drone_capacity": 2, "number_of_drones": 2, "iteration": 3, "best_fitness": 316.7833098011237, "runtime": 167.10734462738037, "best_solution": [[[[0, []], [1, [1, 2]], [2, []], [6, [6]], [11, [11, 13]], [13, []], [12, [12, 4]], [4, []], [3, [3, 5]], [5, []], [16, [16]]], [[0, []], [14, [14]], [19, [19]], [9, [9, 8]], [8, []], [17, [17, 20]], [20, []], [7, [7, 15]], [15, []], [18, [18, 10]], [10, []]]], [[[14, [14]]], [[1, [1, 2]]], [[19, [19]]], [[6, [6]]], [[9, [9, 8]]], [[11, [11, 13]]], [[17, [17, 20]]], [[12, [12, 4]]], [[3, [3, 5]]], [[7, [7, 15]]], [[18, [18, 10]]], [[16, [16]]]]]}
