{"file_name": "U_20_0", "number_of_trucks": 2, "drone_capacity": 2, "number_of_drones": 2, "iteration": 1, "best_fitness": 196.43289954636523, "runtime": 146.71912360191345, "best_solution": [[[[0, [3, 4, 14, 17]], [14, []], [17, []], [3, []], [4, []], [5, [5, 20, 11, 16]], [20, []], [11, []], [16, []], [1, [1, 8]], [8, []], [2, [2]]], [[0, [10, 13, 19]], [13, []], [19, [18, 9, 15, 7]], [10, []], [18, []], [9, []], [15, [6, 12]], [7, []], [6, []], [12, []]]], [[[19, [15, 7]]], [[19, [18, 9]]], [[5, [11, 16]]], [[5, [5, 20]]], [[15, [6, 12]]], [[1, [1, 8]]], [[2, [2]]]]]}
{"file_name": "U_20_0", "number_of_trucks": 2, "drone_capacity": 2, "number_of_drones": 2, "iteration": 2, "best_fitness": 197.43999999999994, "runtime": 89.66302227973938, "best_solution": [[[[0, [14, 7, 15, 9, 13]], [14, []], [13, []], [6, [6, 2]], [7, []], [15, []], [9, []], [2, []], [12, [12]]], [[0, [17, 3, 10, 4]], [4, []], [17, []], [3, []], [5, [5, 19, 16, 18]], [20, [20, 11]], [11, []], [16, [8, 1]], [1, []], [8, []], [19, []], [10, []], [18, []]]], [[[5, [16, 18]]], [[5, [5, 19]]], [[20, [20, 11]]], [[6, [6, 2]]], [[12, [12]]], [[16, [8, 1]]]]]}
{"file_name": "U_20_0", "number_of_trucks": 2, "drone_capacity": 2, "number_of_drones": 2, "iteration": 3, "best_fitness": 204.6212433193524, "runtime": 154.33577728271484, "best_solution": [[[[0, [4]], [4, [13, 9]], [5, [5]], [13, []], [12, [12, 6, 7, 15]], [6, []], [7, []], [15, []], [9, []]], [[0, [17, 10, 19, 18, 14, 3, 16]], [14, []], [3, [11, 20]], [17, []], [20, []], [11, []], [16, []], [1, [1, 8, 2]], [8, []], [10, []], [19, []], [18, []], [2, []]]], [[[4, [13, 9]]], [[5, [5]]], [[3, [11, 20]]], [[12, [7, 15]]], [[12, [12, 6]]], [[1, [2]]], [[1, [1, 8]]]]]}
