{"file_name": "U_20_1", "number_of_trucks": 2, "drone_capacity": 2, "number_of_drones": 2, "iteration": 1, "best_fitness": 366.0716378966772, "runtime": 93.39902520179749, "best_solution": [[[[0, [5, 16, 11, 18, 13, 14]], [18, []], [13, []], [14, []], [5, []], [16, []], [11, []], [19, [19, 1]], [1, []], [10, [10, 8]], [8, []]], [[0, [20, 12, 4]], [4, []], [20, []], [12, [15, 6]], [9, [9]], [15, []], [6, []], [7, [7, 2]], [3, [3, 17]], [17, []], [2, []]]], [[[12, [6]]], [[12, [15]]], [[9, [9]]], [[7, [7, 2]]], [[19, [19, 1]]], [[10, [10, 8]]], [[3, [3, 17]]]]]}
{"file_name": "U_20_1", "number_of_trucks": 2, "drone_capacity": 2, "number_of_drones": 2, "iteration": 2, "best_fitness": 368.06893724073024, "runtime": 89.03205442428589, "best_solution": [[[[0, [16, 20]], [16, []], [20, []], [18, [18, 5]], [5, []], [15, [15, 11]], [9, [9]], [11, []], [8, [8, 1]], [1, []], [17, [17, 3]], [3, []]], [[0, [14]], [14, []], [6, [6]], [12, [12, 4]], [4, [13]], [13, []], [7, [7, 2]], [2, []], [10, [10, 19]], [19, []]]], [[[18, [18, 5]]], [[6, [6]]], [[12, [12, 4]]], [[15, [15, 11]]], [[4, [13]]], [[9, [9]]], [[7, [7, 2]]], [[8, [8, 1]]], [[17, [17, 3]]], [[10, [10, 19]]]]]}
{"file_name": "U_20_1", "number_of_trucks": 2, "drone_capacity": 2, "number_of_drones": 2, "iteration": 3, "best_fitness": 359.56167127837364, "runtime": 110.36066603660583, "best_solution": [[[[0, [20, 16, 14, 4]], [14, []], [4, []], [20, [15]], [11, [11]], [16, []], [15, []], [7, [7]], [3, [3, 17]], [17, []]], [[0, []], [6, [6]], [0, [18, 12, 13, 5]], [13, []], [5, []], [18, []], [12, []], [9, [9, 1]], [8, [8, 19]], [1, []], [19, []], [10, [10, 2]], [2, []]]], [[[20, [15]]], [[6, [6]]], [[11, [11]]], [[7, [7]]], [[9, [9, 1]]], [[8, [8, 19]]], [[3, [3, 17]]], [[10, [10, 2]]]]]}
