{"file_name": "U_20_0", "number_of_trucks": 2, "drone_capacity": 2, "number_of_drones": 2, "iteration": 1, "best_fitness": 205.28000000000003, "runtime": 161.69783425331116, "best_solution": [[[[0, [13, 11, 12, 7, 19, 4, 2]], [19, []], [2, []], [13, []], [4, []], [11, []], [12, []], [16, [16, 14]], [14, []], [7, []]], [[0, [3, 20, 6, 1, 18, 5, 17, 15]], [18, []], [20, []], [5, []], [10, [10, 9]], [3, []], [9, []], [17, []], [15, []], [8, [8]], [6, []], [1, []]]], [[[10, [9]]], [[10, [10]]], [[8, [8]]], [[16, [16, 14]]]]]}
{"file_name": "U_20_0", "number_of_trucks": 2, "drone_capacity": 2, "number_of_drones": 2, "iteration": 2, "best_fitness": 209.11999999999998, "runtime": 116.4103455543518, "best_solution": [[[[0, [6, 15]], [6, []], [15, []], [0, [9, 20, 17, 5, 10, 3, 1]], [20, []], [5, []], [10, []], [3, []], [9, []], [17, []], [8, [8]], [1, []]], [[0, [2, 13, 4, 12, 11, 19, 7, 18]], [19, []], [2, []], [13, []], [4, []], [12, []], [11, []], [16, [16, 14]], [14, []], [7, []], [18, []]]], [[[8, [8]]], [[16, [16, 14]]]]]}
{"file_name": "U_20_0", "number_of_trucks": 2, "drone_capacity": 2, "number_of_drones": 2, "iteration": 3, "best_fitness": 210.88, "runtime": 134.59534549713135, "best_solution": [[[[0, [1]], [13, [13, 4, 6]], [4, []], [11, [11, 12]], [12, []], [16, [16, 14]], [14, []], [6, []], [8, [8]], [1, []], [0, []]], [[0, [2]], [19, [19]], [2, []], [0, [20, 3, 7, 17, 15, 9, 5, 10, 18]], [20, []], [5, []], [10, []], [3, []], [9, []], [7, []], [17, []], [15, []], [18, []]]], [[[19, [19]]], [[13, [13, 4]]], [[13, [6]]], [[11, [11, 12]]], [[16, [16, 14]]], [[8, [8]]]]]}
