{"file_name": "U_20_0", "number_of_trucks": 2, "drone_capacity": 2, "number_of_drones": 2, "iteration": 1, "best_fitness": 220.36, "runtime": 131.41819047927856, "best_solution": [[[[0, [7, 9, 14, 5]], [5, []], [14, [2, 15]], [7, []], [9, []], [2, []], [19, [19, 6]], [6, []], [15, []], [1, [1, 11]], [11, []]], [[0, [20, 4, 13]], [13, [3, 8]], [3, []], [4, []], [12, [12, 18, 16]], [8, [10, 17]], [17, []], [20, []], [10, []], [18, []], [16, []]]], [[[13, [3, 8]]], [[14, [2, 15]]], [[12, [12]]], [[12, [18, 16]]], [[8, [10, 17]]], [[19, [19, 6]]], [[1, [1, 11]]]]]}
{"file_name": "U_20_0", "number_of_trucks": 2, "drone_capacity": 2, "number_of_drones": 2, "iteration": 2, "best_fitness": 212.87840484573908, "runtime": 102.54987978935242, "best_solution": [[[[0, [4, 13, 8, 20, 3]], [3, []], [4, []], [13, []], [12, [12, 5]], [8, []], [17, [17, 1]], [20, []], [10, [10, 11]], [1, []], [11, []], [5, []]], [[0, [9, 15, 7, 14]], [14, []], [18, [18, 2]], [15, []], [7, [6]], [9, []], [2, []], [19, [19, 16]], [6, []], [16, []]]], [[[18, [18, 2]]], [[12, [12, 5]]], [[7, [6]]], [[17, [17, 1]]], [[19, [19, 16]]], [[10, [10, 11]]]]]}
{"file_name": "U_20_0", "number_of_trucks": 2, "drone_capacity": 2, "number_of_drones": 2, "iteration": 3, "best_fitness": 237.63999999999996, "runtime": 62.71256685256958, "best_solution": [[[[0, [4, 13]], [13, []], [4, []], [0, [7, 6, 10, 16, 18, 2, 9]], [10, []], [7, []], [19, [19]], [9, []], [2, []], [6, []], [18, []], [16, []]], [[0, [20, 8, 3, 14, 15]], [14, []], [5, [5]], [15, []], [11, [11, 1]], [1, []], [20, []], [17, [17, 12]], [8, []], [12, []], [3, []]]], [[[5, [5]]], [[11, [11, 1]]], [[17, [17, 12]]], [[19, [19]]]]]}
