{"file_name": "U_20_0", "number_of_trucks": 2, "drone_capacity": 2, "number_of_drones": 2, "iteration": 1, "best_fitness": 245.48000000000002, "runtime": 104.75648546218872, "best_solution": [[[[0, [19, 14, 9, 1, 18, 17, 6, 7, 13]], [19, []], [9, []], [14, []], [1, []], [18, []], [17, []], [6, []], [7, []], [13, []]], [[0, [10, 4, 2]], [10, []], [5, [5, 16, 3]], [11, [11, 15, 20]], [15, []], [12, [12, 8]], [16, []], [4, []], [2, []], [3, []], [8, []], [20, []]]], [[[5, [5, 3]]], [[5, [16]]], [[11, [20]]], [[11, [11, 15]]], [[12, [12, 8]]]]]}
{"file_name": "U_20_0", "number_of_trucks": 2, "drone_capacity": 2, "number_of_drones": 2, "iteration": 2, "best_fitness": 242.60000000000002, "runtime": 119.07068920135498, "best_solution": [[[[0, [16, 4, 2, 3, 20]], [16, []], [4, []], [14, [14, 1]], [1, []], [12, [12, 8]], [2, []], [3, []], [8, []], [20, []]], [[0, [10]], [10, []], [0, []], [5, [5]], [0, [19, 17, 15, 9, 6, 7, 11, 13, 18]], [19, []], [11, []], [17, []], [18, []], [6, []], [7, []], [15, []], [13, []], [9, []]]], [[[5, [5]]], [[14, [14, 1]]], [[12, [12, 8]]]]]}
{"file_name": "U_20_0", "number_of_trucks": 2, "drone_capacity": 2, "number_of_drones": 2, "iteration": 3, "best_fitness": 243.06759031309545, "runtime": 142.66920351982117, "best_solution": [[[[0, [4, 10]], [10, []], [5, [5, 3, 2]], [13, [13, 19]], [15, [15, 12]], [8, [8, 9]], [3, []], [2, []], [4, []], [12, []], [9, []], [19, []]], [[0, []], [20, [20]], [0, [16, 6, 7, 11, 14, 17, 1, 18]], [16, []], [1, []], [14, []], [18, []], [17, []], [6, []], [7, []], [11, []]]], [[[5, [2]]], [[5, [5, 3]]], [[20, [20]]], [[13, [13, 19]]], [[15, [15, 12]]], [[8, [8, 9]]]]]}
