{"file_name": "U_20_1", "number_of_trucks": 2, "drone_capacity": 2, "number_of_drones": 2, "iteration": 1, "best_fitness": 314.1679876156342, "runtime": 113.42056775093079, "best_solution": [[[[0, [3, 14]], [8, [8, 10]], [9, [9, 20]], [3, []], [10, []], [14, []], [20, []], [5, [5, 7]], [7, []], [6, [6]]], [[0, [11, 16, 18, 2, 12, 15, 1]], [13, [13, 4]], [4, []], [11, []], [12, []], [16, []], [2, []], [19, [19, 17]], [18, []], [17, []], [15, []], [1, []]]], [[[8, [8, 10]]], [[13, [13, 4]]], [[9, [9, 20]]], [[19, [19, 17]]], [[5, [5, 7]]], [[6, [6]]]]]}
{"file_name": "U_20_1", "number_of_trucks": 2, "drone_capacity": 2, "number_of_drones": 2, "iteration": 2, "best_fitness": 308.2841752323057, "runtime": 115.7800965309143, "best_solution": [[[[0, [8, 1, 14, 12, 11, 10]], [12, []], [11, []], [10, []], [14, []], [7, [7, 17]], [17, []], [8, []], [1, []], [6, [6]]], [[0, [15, 3, 2, 18, 16]], [18, []], [15, []], [2, []], [16, []], [13, [13, 4, 9, 20]], [4, []], [20, []], [9, []], [3, []], [5, [5, 19]], [19, []]]], [[[13, [9, 20]]], [[13, [13, 4]]], [[5, [5, 19]]], [[7, [7, 17]]], [[6, [6]]]]]}
{"file_name": "U_20_1", "number_of_trucks": 2, "drone_capacity": 2, "number_of_drones": 2, "iteration": 3, "best_fitness": 317.12798761563425, "runtime": 136.44438791275024, "best_solution": [[[[0, [2, 14]], [2, []], [14, []], [9, [9, 8]], [20, [20, 4]], [4, []], [13, [13, 6]], [19, [19, 17]], [17, []], [8, []], [6, []], [0, []]], [[0, [11, 12, 3, 15, 10, 16, 1, 18]], [18, []], [16, []], [11, []], [12, []], [10, []], [3, []], [5, [5, 7]], [7, []], [15, []], [1, []], [0, []]]], [[[9, [9, 8]]], [[20, [20, 4]]], [[13, [13, 6]]], [[5, [5, 7]]], [[19, [19, 17]]]]]}
