{"file_name": "U_20_1", "number_of_trucks": 2, "drone_capacity": 2, "number_of_drones": 2, "iteration": 1, "best_fitness": 409.2360474499785, "runtime": 72.16508984565735, "best_solution": [[[[0, [6]], [15, [15, 13]], [13, []], [11, [11]], [6, []], [7, [7, 17]], [17, []], [3, [3, 2]], [2, []]], [[0, [20, 14, 18, 16, 12]], [12, []], [5, [5, 4]], [4, []], [20, []], [14, []], [18, []], [9, [9, 1]], [8, [8, 19]], [1, []], [16, []], [19, []], [10, [10]]]], [[[15, [15, 13]]], [[5, [5, 4]]], [[11, [11]]], [[9, [9, 1]]], [[7, [7, 17]]], [[8, [8, 19]]], [[3, [3, 2]]], [[10, [10]]]]]}
{"file_name": "U_20_1", "number_of_trucks": 2, "drone_capacity": 2, "number_of_drones": 2, "iteration": 2, "best_fitness": 422.810597595408, "runtime": 77.43400001525879, "best_solution": [[[[0, [12, 4, 14, 6]], [6, []], [14, []], [4, []], [12, [15, 9]], [19, [19, 1]], [1, []], [8, [8, 2]], [2, []], [10, [10]], [9, []], [15, []]], [[0, [16, 18, 13, 20, 5]], [16, []], [11, [11]], [18, []], [13, []], [20, []], [5, []], [17, [17, 3]], [3, []], [7, [7]]]], [[[11, [11]]], [[12, [15, 9]]], [[19, [19, 1]]], [[8, [8, 2]]], [[17, [17, 3]]], [[10, [10]]], [[7, [7]]]]]}
{"file_name": "U_20_1", "number_of_trucks": 2, "drone_capacity": 2, "number_of_drones": 2, "iteration": 3, "best_fitness": 387.5723101331736, "runtime": 96.93374562263489, "best_solution": [[[[0, [20, 14, 16]], [16, []], [20, []], [14, []], [18, [18, 5]], [5, []], [9, [9, 15]], [15, []], [7, [7, 2]], [3, [3, 17]], [17, []], [2, []]], [[0, [6]], [12, [12, 4]], [6, []], [4, [13, 11]], [13, []], [11, []], [19, [19, 1]], [1, []], [8, [8, 10]], [10, []]]], [[[12, [12, 4]]], [[18, [18, 5]]], [[4, [13, 11]]], [[9, [9, 15]]], [[19, [19, 1]]], [[7, [7, 2]]], [[8, [8, 10]]], [[3, [3, 17]]]]]}
