{"file_name": "U_20_1", "number_of_trucks": 2, "drone_capacity": 2, "number_of_drones": 2, "iteration": 1, "best_fitness": 337.6545433180731, "runtime": 131.72185897827148, "best_solution": [[[[0, [1]], [14, [14]], [1, []], [10, [10, 8]], [8, []], [17, [17, 20]], [20, []], [7, [7, 15]], [15, []], [18, [18, 11]], [11, []]], [[0, []], [19, [19, 2]], [9, [9, 6]], [2, []], [6, []], [13, [13, 4]], [12, [12, 3]], [4, []], [3, []], [16, [16, 5]], [5, []]]], [[[19, [19, 2]]], [[14, [14]]], [[9, [9, 6]]], [[10, [10, 8]]], [[13, [13, 4]]], [[17, [17, 20]]], [[12, [12, 3]]], [[7, [7, 15]]], [[18, [18, 11]]], [[16, [16, 5]]]]]}
{"file_name": "U_20_1", "number_of_trucks": 2, "drone_capacity": 2, "number_of_drones": 2, "iteration": 2, "best_fitness": 334.5929150099831, "runtime": 137.54057574272156, "best_solution": [[[[0, []], [14, [14]], [19, [19]], [9, [9, 6]], [6, []], [10, [10, 15]], [20, [20, 17]], [17, []], [7, [7, 18]], [15, []], [18, []]], [[0, []], [1, [1, 2]], [2, []], [8, [8, 4]], [4, []], [12, [12, 13]], [13, []], [3, [3, 11]], [11, []], [16, [16, 5]], [5, []]]], [[[14, [14]]], [[1, [1, 2]]], [[19, [19]]], [[9, [9, 6]]], [[8, [8, 4]]], [[10, [10, 15]]], [[20, [20, 17]]], [[12, [12, 13]]], [[7, [7, 18]]], [[3, [3, 11]]], [[16, [16, 5]]]]]}
{"file_name": "U_20_1", "number_of_trucks": 2, "drone_capacity": 2, "number_of_drones": 2, "iteration": 3, "best_fitness": 337.86925462387666, "runtime": 148.3957052230835, "best_solution": [[[[0, []], [2, [2]], [10, [10, 8]], [8, []], [12, [12, 13]], [13, []], [4, [4, 5]], [3, [3, 16]], [16, []], [5, []]], [[0, []], [14, [14]], [1, [1, 19]], [6, [6, 9]], [9, []], [19, []], [17, [17, 20]], [20, []], [7, [7, 15]], [15, []], [18, [18, 11]], [11, []]]], [[[14, [14]]], [[2, [2]]], [[1, [1, 19]]], [[6, [6, 9]]], [[10, [10, 8]]], [[12, [12, 13]]], [[17, [17, 20]]], [[4, [4, 5]]], [[7, [7, 15]]], [[3, [3, 16]]], [[18, [18, 11]]]]]}
