{"file_name": "U_20_1", "number_of_trucks": 2, "drone_capacity": 2, "number_of_drones": 2, "iteration": 1, "best_fitness": 338.22350021716596, "runtime": 132.37431693077087, "best_solution": [[[[0, [12, 20, 4, 3]], [3, []], [4, []], [5, [5, 10]], [1, [1, 17]], [10, []], [20, []], [17, []], [8, [8, 13]], [12, []], [13, []]], [[0, [7, 18, 15, 14, 19, 2, 16, 11]], [14, []], [16, []], [11, []], [18, []], [15, []], [7, []], [19, []], [2, []], [9, [9, 6]], [6, []]]], [[[5, [5, 10]]], [[1, [1, 17]]], [[8, [8, 13]]], [[9, [9, 6]]]]]}
{"file_name": "U_20_1", "number_of_trucks": 2, "drone_capacity": 2, "number_of_drones": 2, "iteration": 2, "best_fitness": 339.0005424023572, "runtime": 167.89165711402893, "best_solution": [[[[0, [7, 11, 2, 19, 18, 15]], [5, [5, 10]], [10, []], [7, []], [19, []], [9, [9, 6]], [2, []], [6, []], [15, []], [18, []], [11, []]], [[0, [20]], [14, [14, 3, 4, 12, 16]], [16, []], [3, []], [4, []], [13, [13, 17]], [12, []], [17, []], [8, [8, 1]], [20, []], [1, []]]], [[[14, [4, 12]]], [[14, [16]]], [[14, [14, 3]]], [[5, [5, 10]]], [[9, [9, 6]]], [[13, [13, 17]]], [[8, [8, 1]]]]]}
{"file_name": "U_20_1", "number_of_trucks": 2, "drone_capacity": 2, "number_of_drones": 2, "iteration": 3, "best_fitness": 336.40000000000003, "runtime": 147.45780611038208, "best_solution": [[[[0, [19]], [7, [7, 2, 16, 15]], [14, [14, 5]], [5, []], [16, []], [1, [1, 18]], [18, []], [15, []], [2, []], [9, [9, 6]], [6, []], [19, []]], [[0, [20, 11, 4, 3, 12]], [11, []], [12, []], [13, [13, 10]], [4, []], [3, []], [20, []], [17, [17, 8]], [8, []], [10, []]]], [[[7, [2, 15]]], [[7, [7, 16]]], [[14, [14, 5]]], [[13, [13, 10]]], [[1, [1, 18]]], [[17, [17, 8]]], [[9, [9, 6]]]]]}
