{"file_name": "U_20_0", "number_of_trucks": 2, "drone_capacity": 2, "number_of_drones": 2, "iteration": 1, "best_fitness": 276.48, "runtime": 152.46682572364807, "best_solution": [[[[0, [4, 10]], [10, []], [5, [5, 3, 2, 16]], [15, [15]], [13, [13, 12]], [12, []], [16, []], [4, []], [2, []], [3, []], [8, [8, 20, 9]], [20, []], [9, []]], [[0, [7, 1, 14, 18, 17, 19, 6, 11]], [19, []], [14, []], [1, []], [18, []], [17, []], [7, []], [6, []], [11, []]]], [[[5, [3, 16]]], [[5, [5, 2]]], [[15, [15]]], [[13, [13, 12]]], [[8, [8, 20]]], [[8, [9]]]]]}
{"file_name": "U_20_0", "number_of_trucks": 2, "drone_capacity": 2, "number_of_drones": 2, "iteration": 2, "best_fitness": 277.52000000000004, "runtime": 105.28481554985046, "best_solution": [[[[0, [10, 4, 16, 2]], [10, []], [20, [20, 3]], [2, []], [8, [8, 14, 12, 9]], [3, []], [12, []], [4, []], [14, []], [1, [1, 19]], [16, []], [9, []], [19, []]], [[0, [18, 17, 15, 5, 11, 6, 7, 13]], [5, []], [6, []], [7, []], [18, []], [17, []], [11, []], [15, []], [13, []]]], [[[20, [20, 3]]], [[8, [12, 9]]], [[8, [8, 14]]], [[1, [1, 19]]]]]}
{"file_name": "U_20_0", "number_of_trucks": 2, "drone_capacity": 2, "number_of_drones": 2, "iteration": 3, "best_fitness": 279.18604919526297, "runtime": 163.31420183181763, "best_solution": [[[[0, [16, 14, 18, 17, 6, 7, 11, 15, 13]], [16, []], [14, []], [18, []], [17, []], [6, []], [7, []], [11, []], [15, []], [13, []]], [[0, [4, 10]], [10, []], [5, [3, 5, 2]], [20, [20, 1]], [12, [12, 8]], [1, []], [4, []], [2, []], [3, []], [8, []], [9, [9, 19]], [19, []]]], [[[5, [2]]], [[5, [3, 5]]], [[20, [20, 1]]], [[12, [12, 8]]], [[9, [9, 19]]]]]}
