{"file_name": "U_20_1", "number_of_trucks": 2, "drone_capacity": 2, "number_of_drones": 2, "iteration": 1, "best_fitness": 434.48185573242125, "runtime": 89.90685749053955, "best_solution": [[[[0, []], [10, [10]], [0, [3, 1]], [5, [5, 16]], [1, []], [16, []], [2, [2, 9]], [3, []], [11, [11, 20]], [9, []], [8, [8]], [20, []]], [[0, [15, 18]], [18, []], [17, [17, 13]], [13, []], [15, []], [19, [19, 14]], [7, [7, 6]], [6, []], [12, [12, 4]], [4, []], [14, []]]], [[[10, [10]]], [[17, [17, 13]]], [[5, [5, 16]]], [[19, [19, 14]]], [[2, [2, 9]]], [[7, [7, 6]]], [[11, [11, 20]]], [[12, [12, 4]]], [[8, [8]]]]]}
{"file_name": "U_20_1", "number_of_trucks": 2, "drone_capacity": 2, "number_of_drones": 2, "iteration": 2, "best_fitness": 434.12804838058923, "runtime": 114.69477725028992, "best_solution": [[[[0, [18, 17, 13, 15, 3, 16]], [13, []], [15, [9]], [16, []], [18, []], [17, []], [6, [6, 2]], [3, []], [2, []], [8, [8, 12]], [12, []], [9, []]], [[0, [10, 5, 1]], [10, []], [5, []], [19, [19, 14]], [11, [11, 7]], [7, []], [14, []], [1, []], [4, [4, 20]], [20, []]]], [[[15, [9]]], [[19, [19, 14]]], [[6, [6, 2]]], [[11, [11, 7]]], [[8, [8, 12]]], [[4, [4, 20]]]]]}
{"file_name": "U_20_1", "number_of_trucks": 2, "drone_capacity": 2, "number_of_drones": 2, "iteration": 3, "best_fitness": 432.51059357092674, "runtime": 119.06816935539246, "best_solution": [[[[0, [5]], [5, [16, 13]], [16, []], [13, []], [6, [6, 7]], [7, []], [11, [11, 14]], [14, []], [4, [4, 12]], [12, []]], [[0, []], [10, [10]], [0, [15, 3]], [1, [1, 18]], [18, []], [17, [17, 9]], [19, [19, 2]], [9, []], [15, []], [3, []], [2, []], [8, [8, 20]], [20, []]]], [[[10, [10]]], [[1, [1, 18]]], [[5, [16, 13]]], [[17, [17, 9]]], [[19, [19, 2]]], [[6, [6, 7]]], [[11, [11, 14]]], [[4, [4, 12]]], [[8, [8, 20]]]]]}
