{"file_name": "U_20_0", "number_of_trucks": 2, "drone_capacity": 2, "number_of_drones": 2, "iteration": 1, "best_fitness": 226.93833317366034, "runtime": 113.17022347450256, "best_solution": [[[[0, [1, 15, 18, 5, 4, 7, 11]], [4, []], [7, [12]], [5, []], [1, []], [12, []], [11, []], [15, []], [18, []], [14, [14, 8]], [8, []], [20, [20]]], [[0, [13, 6, 2, 10]], [16, [16]], [9, [9, 3]], [13, []], [19, [19, 17]], [3, []], [2, []], [17, []], [10, []], [6, []], [0, []]]], [[[7, [12]]], [[16, [16]]], [[9, [9, 3]]], [[19, [19, 17]]], [[14, [14, 8]]], [[20, [20]]]]]}
{"file_name": "U_20_0", "number_of_trucks": 2, "drone_capacity": 2, "number_of_drones": 2, "iteration": 2, "best_fitness": 226.74450988001126, "runtime": 97.17263960838318, "best_solution": [[[[0, [7, 5, 1, 11, 15, 4]], [4, []], [7, [18]], [5, []], [1, []], [11, []], [15, []], [18, []], [14, [14, 8]], [8, []], [20, [20]]], [[0, [13, 2]], [6, [6, 10]], [16, [16, 3]], [12, [12, 9]], [9, []], [13, []], [19, [19, 17]], [3, []], [2, []], [17, []], [10, []]]], [[[7, [18]]], [[6, [6, 10]]], [[16, [16, 3]]], [[12, [12, 9]]], [[14, [14, 8]]], [[19, [19, 17]]], [[20, [20]]]]]}
{"file_name": "U_20_0", "number_of_trucks": 2, "drone_capacity": 2, "number_of_drones": 2, "iteration": 3, "best_fitness": 236.56, "runtime": 78.32505130767822, "best_solution": [[[[0, [4]], [4, []], [0, [18, 13, 15]], [6, [6]], [13, []], [9, [9]], [15, []], [18, []], [14, [14, 8]], [8, []], [20, [20]]], [[0, [7, 2, 5, 1, 11]], [7, [12, 16]], [10, [10, 3]], [2, []], [17, [17, 19]], [3, []], [19, []], [5, []], [1, []], [12, []], [11, []], [16, []]]], [[[6, [6]]], [[7, [12, 16]]], [[10, [10, 3]]], [[9, [9]]], [[17, [17, 19]]], [[14, [14, 8]]], [[20, [20]]]]]}
