{"file_name": "U_20_1", "number_of_trucks": 2, "drone_capacity": 2, "number_of_drones": 2, "iteration": 1, "best_fitness": 268.2024853810743, "runtime": 82.38749408721924, "best_solution": [[[[0, [9, 19]], [9, [8, 16]], [19, []], [8, []], [16, []], [18, [18, 11]], [10, [10]], [1, [1, 5]], [11, []], [20, [20, 2]], [5, []], [2, []]], [[0, []], [12, [12]], [0, [15, 4, 17]], [4, []], [17, []], [15, []], [7, [7, 6]], [6, []], [14, [14, 13]], [3, [3]], [13, []]]], [[[12, [12]]], [[9, [8, 16]]], [[18, [18, 11]]], [[10, [10]]], [[7, [7, 6]]], [[1, [1, 5]]], [[14, [14, 13]]], [[20, [20, 2]]], [[3, [3]]]]]}
{"file_name": "U_20_1", "number_of_trucks": 2, "drone_capacity": 2, "number_of_drones": 2, "iteration": 2, "best_fitness": 267.40350280805706, "runtime": 135.8022017478943, "best_solution": [[[[0, [12, 9, 15, 8]], [12, []], [8, []], [9, []], [15, []], [7, [7, 6]], [6, []], [2, [2, 13]], [13, []], [14, [14]]], [[0, [4, 17, 16, 19]], [4, []], [17, []], [16, []], [19, []], [18, [18, 11]], [10, [10]], [1, [1, 5]], [11, [20, 3]], [20, []], [3, []], [5, []]]], [[[18, [18, 11]]], [[10, [10]]], [[7, [7, 6]]], [[1, [1, 5]]], [[11, [20, 3]]], [[2, [2, 13]]], [[14, [14]]]]]}
{"file_name": "U_20_1", "number_of_trucks": 2, "drone_capacity": 2, "number_of_drones": 2, "iteration": 3, "best_fitness": 267.963502808057, "runtime": 166.1172525882721, "best_solution": [[[[0, [15, 17, 4, 12]], [12, []], [4, []], [17, []], [15, []], [7, [7, 6]], [6, []], [14, [14, 3]], [3, []], [13, [13]]], [[0, [9, 19, 16, 8]], [9, []], [19, []], [16, []], [8, []], [18, [18, 11]], [10, [10]], [1, [1, 5]], [11, []], [20, [20, 2]], [5, []], [2, []]]], [[[7, [7, 6]]], [[18, [18, 11]]], [[10, [10]]], [[1, [1, 5]]], [[20, [20, 2]]], [[14, [14, 3]]], [[13, [13]]]]]}
