{"file_name": "U_20_1", "number_of_trucks": 2, "drone_capacity": 2, "number_of_drones": 2, "iteration": 1, "best_fitness": 314.1210783194813, "runtime": 147.57523322105408, "best_solution": [[[[0, [4, 8, 20, 15, 13, 16, 14, 1]], [13, []], [15, []], [16, []], [14, []], [1, []], [4, []], [2, [2, 3]], [3, []], [8, []], [20, []]], [[0, [10, 18]], [6, [6, 11]], [11, []], [10, []], [5, [5, 9]], [7, [7, 17]], [18, []], [17, []], [12, [12, 19]], [9, []], [19, []]]], [[[6, [6, 11]]], [[5, [5, 9]]], [[7, [7, 17]]], [[2, [2, 3]]], [[12, [12, 19]]]]]}
{"file_name": "U_20_1", "number_of_trucks": 2, "drone_capacity": 2, "number_of_drones": 2, "iteration": 2, "best_fitness": 335.12, "runtime": 185.96563005447388, "best_solution": [[[[0, [18, 14, 1, 6, 16, 20]], [5, [5, 7]], [6, []], [7, []], [17, [17, 9]], [18, []], [14, []], [1, []], [16, []], [9, []], [20, []]], [[0, [10, 15, 11]], [13, [13, 8, 4]], [11, []], [15, []], [10, []], [19, [19, 3]], [8, []], [3, []], [2, [2, 12]], [4, []], [12, []], [0, []]]], [[[13, [8, 4]]], [[13, [13]]], [[5, [5, 7]]], [[19, [19, 3]]], [[17, [17, 9]]], [[2, [2, 12]]]]]}
{"file_name": "U_20_1", "number_of_trucks": 2, "drone_capacity": 2, "number_of_drones": 2, "iteration": 3, "best_fitness": 335.94604919526296, "runtime": 106.56104397773743, "best_solution": [[[[0, [18, 11, 13, 15, 1, 14, 4, 8, 20]], [13, []], [15, []], [11, []], [17, [17, 9]], [18, []], [14, []], [1, []], [4, []], [8, []], [20, []], [9, []]], [[0, [10]], [10, []], [0, [16, 6]], [5, [5, 7]], [6, []], [7, []], [16, []], [2, [2, 12]], [3, [3, 19]], [12, []], [19, []]]], [[[5, [5, 7]]], [[17, [17, 9]]], [[2, [2, 12]]], [[3, [3, 19]]]]]}
