{"file_name": "U_20_0", "number_of_trucks": 2, "drone_capacity": 2, "number_of_drones": 2, "iteration": 1, "best_fitness": 221.65763340839746, "runtime": 111.18872928619385, "best_solution": [[[[0, [17, 16, 12, 6, 7, 18, 13, 14, 1, 15, 11]], [13, []], [15, []], [11, []], [7, []], [6, []], [17, []], [18, []], [14, []], [1, []], [16, []], [12, []]], [[0, [4, 2]], [4, [5, 10, 3]], [2, []], [3, []], [8, [8, 9, 20, 19]], [20, []], [5, []], [10, []], [19, []], [9, []]]], [[[4, [5, 10]]], [[4, [3]]], [[8, [20, 19]]], [[8, [8, 9]]]]]}
{"file_name": "U_20_0", "number_of_trucks": 2, "drone_capacity": 2, "number_of_drones": 2, "iteration": 2, "best_fitness": 216.8793412775842, "runtime": 124.14028334617615, "best_solution": [[[[0, [10]], [10, []], [5, [5]], [0, [2, 20, 9, 19, 13, 12, 8, 3]], [13, []], [12, []], [2, []], [3, []], [8, []], [20, []], [19, []], [9, []]], [[0, [4]], [4, []], [16, [16]], [0, []], [11, [11, 6, 14]], [7, [7, 17]], [6, []], [17, []], [18, [18]], [1, [1, 15]], [14, []], [15, []]]], [[[16, [16]]], [[5, [5]]], [[11, [14]]], [[11, [11, 6]]], [[7, [7, 17]]], [[18, [18]]], [[1, [1, 15]]]]]}
{"file_name": "U_20_0", "number_of_trucks": 2, "drone_capacity": 2, "number_of_drones": 2, "iteration": 3, "best_fitness": 214.71934127758416, "runtime": 171.6423671245575, "best_solution": [[[[0, [10]], [10, []], [5, [5]], [0, [17, 18, 13, 15, 11, 1, 7, 6, 14]], [13, []], [15, []], [11, []], [7, []], [6, []], [17, []], [18, []], [1, []], [14, []]], [[0, [4, 20, 16, 2, 3]], [16, []], [4, []], [2, []], [3, []], [8, [8, 12]], [12, []], [20, []], [9, [9, 19]], [19, []]]], [[[5, [5]]], [[8, [8, 12]]], [[9, [9, 19]]]]]}
