{"file_name": "U_20_1", "number_of_trucks": 2, "drone_capacity": 2, "number_of_drones": 2, "iteration": 1, "best_fitness": 261.26889929487095, "runtime": 107.71827936172485, "best_solution": [[[[0, [3, 14, 16]], [3, []], [14, [1, 8]], [16, []], [13, [13, 4]], [4, []], [19, [19, 6]], [6, []], [1, []], [8, []], [17, [17]]], [[0, []], [18, [15, 18, 2]], [15, []], [2, []], [0, [11, 12, 20, 9, 10]], [11, []], [12, []], [10, []], [20, []], [5, [5, 7]], [9, []], [7, []]]], [[[18, [2]]], [[18, [15, 18]]], [[14, [1, 8]]], [[13, [13, 4]]], [[19, [19, 6]]], [[17, [17]]], [[5, [5, 7]]]]]}
{"file_name": "U_20_1", "number_of_trucks": 2, "drone_capacity": 2, "number_of_drones": 2, "iteration": 2, "best_fitness": 254.88, "runtime": 98.88517045974731, "best_solution": [[[[0, [2, 18, 3]], [2, []], [18, []], [3, []], [0, [12, 11, 20]], [4, [4, 13]], [13, []], [12, []], [11, []], [5, [5, 7]], [20, []], [7, []]], [[0, [14, 16, 15]], [14, []], [16, []], [10, [10]], [9, [9, 8]], [8, []], [1, [1, 6]], [17, [17, 19]], [15, []], [6, []], [19, []]]], [[[10, [10]]], [[9, [9, 8]]], [[4, [4, 13]]], [[1, [1, 6]]], [[17, [17, 19]]], [[5, [5, 7]]]]]}
{"file_name": "U_20_1", "number_of_trucks": 2, "drone_capacity": 2, "number_of_drones": 2, "iteration": 3, "best_fitness": 258.62889929487096, "runtime": 99.87345123291016, "best_solution": [[[[0, []], [18, [18]], [0, [15]], [15, []], [8, [8, 1]], [1, []], [0, [3]], [20, [20, 9]], [3, []], [9, []], [5, [5, 10]], [10, []]], [[0, [14, 16, 2]], [14, []], [16, []], [12, [12, 11]], [11, []], [4, [4, 13]], [13, []], [2, []], [19, [19, 6]], [6, []], [17, [17, 7]], [7, []]]], [[[18, [18]]], [[12, [12, 11]]], [[8, [8, 1]]], [[20, [20, 9]]], [[4, [4, 13]]], [[19, [19, 6]]], [[17, [17, 7]]], [[5, [5, 10]]]]]}
