{"file_name": "U_20_0", "number_of_trucks": 2, "drone_capacity": 2, "number_of_drones": 2, "iteration": 1, "best_fitness": 212.6, "runtime": 158.24145913124084, "best_solution": [[[[0, [1, 4, 11]], [5, [18, 5]], [1, []], [11, []], [18, []], [14, [14]], [8, [8, 20]], [20, []], [4, []]], [[0, [13, 2, 9, 10, 6, 12, 3, 16, 7, 15]], [15, []], [12, []], [16, []], [9, []], [13, []], [19, [19, 17]], [3, []], [2, []], [17, []], [10, []], [7, []], [6, []]]], [[[19, [19, 17]]], [[5, [18, 5]]], [[14, [14]]], [[8, [8, 20]]]]]}
{"file_name": "U_20_0", "number_of_trucks": 2, "drone_capacity": 2, "number_of_drones": 2, "iteration": 2, "best_fitness": 207.38801538803318, "runtime": 111.9520902633667, "best_solution": [[[[0, []], [4, [7, 4]], [7, []], [0, [12, 18]], [12, []], [18, []], [14, [14, 8]], [8, []], [20, [20]]], [[0, [15, 1, 13, 5, 2, 11]], [15, []], [5, []], [1, [10, 6, 16]], [16, [3, 9]], [11, []], [9, []], [13, []], [19, [19, 17]], [3, []], [2, []], [17, []], [10, []], [6, []]]], [[[4, [4]]], [[4, [7]]], [[1, [10, 6]]], [[1, [16]]], [[16, [3, 9]]], [[14, [14, 8]]], [[19, [19, 17]]], [[20, [20]]]]]}
{"file_name": "U_20_0", "number_of_trucks": 2, "drone_capacity": 2, "number_of_drones": 2, "iteration": 3, "best_fitness": 206.92000000000002, "runtime": 92.17637848854065, "best_solution": [[[[0, [4]], [4, []], [6, [6]], [0, [2, 13, 10, 7, 16]], [7, []], [10, []], [17, [17, 3]], [2, []], [3, []], [19, [19, 9]], [13, []], [9, []], [16, []]], [[0, []], [5, [5, 1]], [1, []], [0, [15, 18, 11, 12]], [12, []], [11, []], [15, []], [18, []], [14, [14]], [8, [8, 20]], [20, []]]], [[[5, [5, 1]]], [[6, [6]]], [[17, [17, 3]]], [[14, [14]]], [[8, [8, 20]]], [[19, [19, 9]]]]]}
