{"file_name": "U_20_1", "number_of_trucks": 2, "drone_capacity": 2, "number_of_drones": 2, "iteration": 1, "best_fitness": 388.9051126303275, "runtime": 156.03230118751526, "best_solution": [[[[0, []], [1, [1, 2]], [2, []], [10, [10, 4]], [4, []], [3, [3, 13]], [13, []], [12, [12, 8]], [8, []], [17, [17, 20]], [20, []]], [[0, []], [14, [14]], [19, [19]], [11, [11, 15]], [15, []], [18, [18, 9]], [9, []], [7, [7, 6]], [6, []], [16, [16, 5]], [5, []]]], [[[14, [14]]], [[1, [1, 2]]], [[19, [19]]], [[10, [10, 4]]], [[11, [11, 15]]], [[18, [18, 9]]], [[3, [3, 13]]], [[12, [12, 8]]], [[7, [7, 6]]], [[17, [17, 20]]], [[16, [16, 5]]]]]}
{"file_name": "U_20_1", "number_of_trucks": 2, "drone_capacity": 2, "number_of_drones": 2, "iteration": 2, "best_fitness": 381.15048376365087, "runtime": 117.92618203163147, "best_solution": [[[[0, []], [14, [14]], [1, [1, 2]], [19, [19, 9]], [9, []], [2, []], [6, [6, 10]], [18, [18, 20]], [10, []], [20, []], [7, [7, 15]], [15, []], [16, [16]], [5, [5]]], [[0, [8, 4, 11, 13]], [11, []], [3, [3]], [17, [17, 12]], [8, []], [12, []], [13, []], [4, []]]], [[[14, [14]]], [[1, [1, 2]]], [[19, [19, 9]]], [[6, [6, 10]]], [[18, [18, 20]]], [[3, [3]]], [[17, [17, 12]]], [[7, [7, 15]]], [[16, [16]]], [[5, [5]]]]]}
{"file_name": "U_20_1", "number_of_trucks": 2, "drone_capacity": 2, "number_of_drones": 2, "iteration": 3, "best_fitness": 394.57116328656366, "runtime": 120.07993769645691, "best_solution": [[[[0, [10, 1, 11, 5]], [5, []], [11, []], [1, []], [10, [18, 20]], [7, [7, 16]], [18, []], [20, []], [16, []]], [[0, []], [14, [14, 2]], [19, [19, 9]], [9, []], [2, []], [6, [6, 8]], [15, [15, 17]], [8, []], [17, []], [12, [12, 13]], [13, []], [4, [4]], [3, [3]]]], [[[14, [14, 2]]], [[19, [19, 9]]], [[6, [6, 8]]], [[15, [15, 17]]], [[10, [18, 20]]], [[7, [7, 16]]], [[12, [12, 13]]], [[4, [4]]], [[3, [3]]]]]}
