{"file_name": "U_20_0", "number_of_trucks": 2, "drone_capacity": 2, "number_of_drones": 2, "iteration": 1, "best_fitness": 217.3833098011238, "runtime": 78.84424328804016, "best_solution": [[[[0, [8, 20, 2, 9]], [7, [7]], [9, []], [19, [19, 6]], [2, []], [6, []], [8, []], [17, [17, 10]], [20, []], [10, []]], [[0, []], [15, [15]], [0, [13, 3, 4, 5, 14, 18]], [12, [12, 16]], [13, []], [3, []], [4, []], [5, []], [14, []], [16, []], [11, [11, 1]], [1, []], [18, []]]], [[[15, [15]]], [[7, [7]]], [[12, [12, 16]]], [[19, [19, 6]]], [[11, [11, 1]]], [[17, [17, 10]]]]]}
{"file_name": "U_20_0", "number_of_trucks": 2, "drone_capacity": 2, "number_of_drones": 2, "iteration": 2, "best_fitness": 210.94883473173948, "runtime": 106.32002234458923, "best_solution": [[[[0, [4, 13, 20, 3]], [20, []], [4, []], [13, []], [12, [12, 16, 5, 14]], [3, []], [14, []], [5, []], [16, []], [11, [11, 1]], [1, []], [10, [10]]], [[0, [15, 7, 9]], [15, []], [18, [18, 2, 8]], [7, []], [9, []], [6, [6, 19, 17]], [2, []], [19, []], [8, []], [17, []]]], [[[18, [2, 8]]], [[18, [18]]], [[12, [5, 14]]], [[12, [12, 16]]], [[6, [17]]], [[6, [6, 19]]], [[11, [11, 1]]], [[10, [10]]]]]}
{"file_name": "U_20_0", "number_of_trucks": 2, "drone_capacity": 2, "number_of_drones": 2, "iteration": 3, "best_fitness": 216.56000000000003, "runtime": 196.9607949256897, "best_solution": [[[[0, []], [8, [8]], [0, [5, 7, 15, 18, 10, 16, 1, 11, 14]], [1, []], [11, []], [5, []], [14, []], [16, []], [7, []], [15, []], [18, []], [10, []]], [[0, [20, 3, 4, 13, 9]], [20, []], [3, []], [4, []], [13, []], [12, [12, 6, 2]], [17, [17, 19]], [6, []], [2, []], [9, []], [19, []]]], [[[8, [8]]], [[12, [2]]], [[12, [12, 6]]], [[17, [17, 19]]]]]}
