{"file_name": "U_20_1", "number_of_trucks": 2, "drone_capacity": 2, "number_of_drones": 2, "iteration": 1, "best_fitness": 300.3929150099831, "runtime": 102.82392954826355, "best_solution": [[[[0, [20]], [20, [12]], [2, [3, 2]], [7, [7, 15]], [15, []], [10, [10, 17]], [17, []], [8, [8, 13]], [12, []], [13, []], [3, []]], [[0, [4]], [4, []], [0, []], [11, [11, 16]], [16, []], [0, [19, 14]], [5, [5]], [1, [1, 18]], [18, []], [19, []], [9, [9, 6]], [6, []], [14, []]]], [[[11, [11, 16]]], [[20, [12]]], [[2, [3, 2]]], [[7, [7, 15]]], [[5, [5]]], [[1, [1, 18]]], [[10, [10, 17]]], [[8, [8, 13]]], [[9, [9, 6]]]]]}
{"file_name": "U_20_1", "number_of_trucks": 2, "drone_capacity": 2, "number_of_drones": 2, "iteration": 2, "best_fitness": 294.0692546238767, "runtime": 146.6841151714325, "best_solution": [[[[0, []], [4, [4, 19]], [12, [12]], [15, [15, 2]], [2, []], [19, []], [10, [10, 17]], [17, []], [8, [8, 13]], [13, []]], [[0, []], [20, [20]], [3, [3, 7]], [14, [14, 16]], [5, [5, 11]], [16, []], [11, []], [1, [1, 18]], [18, []], [7, []], [9, [9, 6]], [6, []]]], [[[20, [20]]], [[4, [4, 19]]], [[12, [12]]], [[3, [3, 7]]], [[15, [15, 2]]], [[14, [14, 16]]], [[5, [11]]], [[5, [5]]], [[1, [1, 18]]], [[10, [10, 17]]], [[8, [8, 13]]], [[9, [9, 6]]]]]}
{"file_name": "U_20_1", "number_of_trucks": 2, "drone_capacity": 2, "number_of_drones": 2, "iteration": 3, "best_fitness": 299.9529150099831, "runtime": 101.99127268791199, "best_solution": [[[[0, [20, 12, 3, 4, 5]], [5, []], [3, []], [4, []], [13, [13, 17]], [12, []], [8, [8, 10]], [17, []], [20, []], [10, []]], [[0, [7, 19, 14, 16, 11, 2, 15]], [14, []], [16, []], [11, []], [15, []], [7, [1, 18]], [19, []], [2, []], [9, [9, 6]], [6, []], [18, []], [1, []]]], [[[13, [13, 17]]], [[7, [1, 18]]], [[9, [9, 6]]], [[8, [8, 10]]]]]}
