{"file_name": "U_20_0", "number_of_trucks": 2, "drone_capacity": 2, "number_of_drones": 2, "iteration": 1, "best_fitness": 260.24, "runtime": 137.7678771018982, "best_solution": [[[[0, [9, 10, 19, 15, 11, 16, 18]], [15, []], [9, []], [10, []], [11, []], [16, []], [1, [1, 8]], [8, []], [19, []], [18, []], [2, [2]]], [[0, [4, 3, 17, 14]], [14, []], [17, [13, 7]], [20, [20, 5]], [4, []], [3, []], [5, []], [13, []], [12, [12, 6]], [6, []], [7, []]]], [[[17, [13, 7]]], [[20, [20, 5]]], [[1, [1, 8]]], [[12, [12, 6]]], [[2, [2]]]]]}
{"file_name": "U_20_0", "number_of_trucks": 2, "drone_capacity": 2, "number_of_drones": 2, "iteration": 2, "best_fitness": 260.0, "runtime": 103.3028883934021, "best_solution": [[[[0, [9, 18, 15, 10, 11, 16, 14, 19]], [15, []], [9, []], [18, []], [19, []], [11, []], [16, []], [1, [1, 8]], [8, []], [10, []], [14, []]], [[0, [4, 3, 17]], [2, [2, 13, 20]], [17, []], [20, []], [4, []], [3, []], [5, [5, 12]], [13, []], [12, []], [7, [6, 7]], [6, []]]], [[[2, [2, 20]]], [[2, [13]]], [[5, [5, 12]]], [[1, [1, 8]]], [[7, [6, 7]]]]]}
{"file_name": "U_20_0", "number_of_trucks": 2, "drone_capacity": 2, "number_of_drones": 2, "iteration": 3, "best_fitness": 270.21040622000703, "runtime": 118.5159080028534, "best_solution": [[[[0, [14, 3, 4, 7]], [14, []], [4, []], [3, []], [20, [20, 2]], [2, []], [12, [12, 6]], [6, []], [7, []]], [[0, [10, 13, 9, 19, 16, 11]], [15, [15, 5, 17, 18]], [9, []], [18, []], [10, [8, 1]], [19, []], [8, []], [1, []], [16, []], [11, []], [5, []], [17, []], [13, []]]], [[[15, [15, 18]]], [[15, [5, 17]]], [[10, [8, 1]]], [[20, [20, 2]]], [[12, [12, 6]]]]]}
