{"file_name": "U_20_1", "number_of_trucks": 2, "drone_capacity": 2, "number_of_drones": 2, "iteration": 1, "best_fitness": 389.52700685529993, "runtime": 95.02874803543091, "best_solution": [[[[0, [5, 17, 16, 18, 10, 1, 3]], [10, []], [5, []], [18, []], [17, []], [16, []], [14, [14, 2]], [1, []], [3, []], [2, []], [4, [4, 12]], [12, []]], [[0, [15, 13]], [13, []], [9, [9]], [19, [19]], [6, [6, 7]], [7, []], [11, [11, 20]], [15, []], [8, [8]], [20, []]]], [[[9, [9]]], [[19, [19]]], [[14, [14, 2]]], [[6, [6, 7]]], [[11, [11, 20]]], [[4, [4, 12]]], [[8, [8]]]]]}
{"file_name": "U_20_1", "number_of_trucks": 2, "drone_capacity": 2, "number_of_drones": 2, "iteration": 2, "best_fitness": 389.52700685529993, "runtime": 92.40878558158875, "best_solution": [[[[0, [10, 3]], [1, [1]], [3, []], [10, []], [0, [16]], [19, [19]], [2, [2, 14]], [16, []], [14, []], [4, [4, 12]], [12, []]], [[0, []], [5, [5]], [0, [17, 18, 9, 13, 15]], [9, []], [13, []], [15, []], [17, []], [18, []], [6, [6, 7]], [7, []], [11, [11]], [8, [8, 20]], [20, []]]], [[[5, [5]]], [[1, [1]]], [[19, [19]]], [[2, [2, 14]]], [[6, [6, 7]]], [[11, [11]]], [[4, [4, 12]]], [[8, [8, 20]]]]]}
{"file_name": "U_20_1", "number_of_trucks": 2, "drone_capacity": 2, "number_of_drones": 2, "iteration": 3, "best_fitness": 389.52700685529993, "runtime": 119.79713821411133, "best_solution": [[[[0, [3, 10]], [15, [15]], [3, []], [10, []], [0, [18, 17, 5]], [5, []], [18, []], [17, []], [14, [14, 2]], [2, []], [4, [4, 12]], [12, []]], [[0, []], [1, [1]], [16, [16, 13]], [13, []], [9, [9]], [0, []], [19, [19]], [7, [7, 6]], [6, []], [11, [11, 20]], [8, [8]], [20, []]]], [[[15, [15]]], [[1, [1]]], [[16, [16, 13]]], [[9, [9]]], [[19, [19]]], [[14, [14, 2]]], [[7, [7, 6]]], [[11, [11, 20]]], [[4, [4, 12]]], [[8, [8]]]]]}
