{"file_name": "U_50_1", "number_of_trucks": 2, "drone_capacity": 10, "number_of_drones": 2, "iteration": 1, "best_fitness": 592.0908632393302, "runtime": 3823.4455845355988, "best_solution": [[[[0, [8, 34, 42, 19, 29]], [29, []], [19, []], [34, []], [11, [11, 41, 50, 25, 33, 26]], [42, []], [41, []], [8, []], [50, []], [25, []], [26, []], [33, []], [32, [32, 31, 47, 20, 21, 9]], [47, []], [44, [44, 12]], [20, []], [40, [40, 4, 37, 24, 43]], [4, []], [21, []], [9, []], [37, []], [12, []], [24, []], [43, []], [31, []]], [[0, [1, 39, 30]], [30, []], [39, [17, 23, 7, 13]], [17, []], [1, []], [45, [45, 22, 46, 49, 14]], [22, []], [23, []], [7, []], [13, []], [49, []], [10, [10, 38, 48, 6]], [48, []], [38, []], [46, []], [5, [5, 27, 2, 18, 35, 36, 28]], [27, []], [14, []], [2, []], [18, []], [16, [16, 15, 3]], [35, []], [15, []], [28, []], [3, []], [36, []], [6, []]]], [[[11, [11, 41, 50, 25, 33, 26]]], [[39, [17, 23, 7, 13]]], [[45, [45, 22, 46, 49, 14]]], [[32, [32, 31, 47, 20, 21, 9]]], [[10, [10, 38, 48, 6]]], [[5, [5, 27, 2, 18, 35, 36, 28]]], [[44, [44, 12]]], [[40, [40, 4, 37, 24, 43]]], [[16, [16, 15, 3]]]]]}
{"file_name": "U_50_1", "number_of_trucks": 2, "drone_capacity": 10, "number_of_drones": 2, "iteration": 2, "best_fitness": 691.1445222293892, "runtime": 133.49212503433228, "best_solution": [[[[0, [11, 29, 25]], [11, []], [29, []], [25, []], [39, [39, 30, 49, 7, 26, 33, 46, 21, 32]], [30, []], [49, []], [7, [31]], [26, []], [33, []], [46, []], [21, []], [32, []], [31, []], [41, [41, 27, 12, 24, 8, 14, 2, 18, 16, 3]], [27, []], [12, []], [24, []], [8, []], [14, []], [2, []], [18, []], [16, []], [3, []]], [[0, [42, 1]], [42, []], [1, []], [50, [50]], [23, [23, 17, 22, 45, 38]], [17, []], [22, []], [45, []], [38, []], [48, [48]], [35, [35, 19, 36, 6, 20, 44, 47, 13]], [19, []], [36, []], [6, []], [20, []], [44, []], [47, []], [13, []], [28, [28, 15, 10, 5, 4, 40, 9, 34, 43, 37]], [15, []], [10, []], [5, []], [4, []], [40, []], [9, []], [34, []], [43, []], [37, []]]], [[[50, [50]]], [[39, [39, 30, 49, 7, 26, 33, 46, 21, 32]]], [[23, [23, 17, 22, 45, 38]]], [[48, [48]]], [[7, [31]]], [[35, [35, 19, 36, 6, 20, 44, 47, 13]]], [[41, [41, 27, 12, 24, 8, 14, 2, 18, 16, 3]]], [[28, [28, 15, 10, 5, 4, 40, 9, 34, 43, 37]]]]]}
{"file_name": "U_50_1", "number_of_trucks": 2, "drone_capacity": 10, "number_of_drones": 2, "iteration": 3, "best_fitness": 688.6958768407344, "runtime": 127.28067588806152, "best_solution": [[[[0, [42, 17]], [42, []], [17, []], [1, [1, 38]], [38, []], [29, [29, 7, 46, 35, 30, 14, 48, 27]], [7, []], [46, []], [35, []], [30, []], [14, []], [48, []], [27, []], [5, [5, 18, 2, 12, 24, 4, 40, 43, 37, 31]], [18, []], [2, []], [12, []], [24, []], [4, []], [40, []], [43, []], [37, []], [31, []]], [[0, []], [50, [50, 26, 8, 33, 39, 45, 25]], [26, []], [8, []], [33, [21]], [39, []], [45, []], [25, []], [21, []], [32, [32, 34, 9, 41, 11, 19, 22, 23, 6, 36]], [34, []], [9, []], [41, []], [11, []], [19, []], [22, []], [23, []], [6, []], [36, []], [20, [20, 10, 49, 47, 44, 28, 13, 15, 16, 3]], [10, []], [49, []], [47, []], [44, []], [28, []], [13, []], [15, []], [16, []], [3, []]]], [[[50, [50, 26, 8, 33, 39, 45, 25]]], [[1, [1, 38]]], [[33, [21]]], [[29, [29, 7, 46, 35, 30, 14, 48, 27]]], [[32, [32, 34, 9, 41, 11, 19, 22, 23, 6, 36]]], [[20, [20, 10, 49, 47, 44, 28, 13, 15, 16, 3]]], [[5, [5, 18, 2, 12, 24, 4, 40, 43, 37, 31]]]]]}
