{"file_name": "U_50_0", "number_of_trucks": 2, "drone_capacity": 10, "number_of_drones": 2, "iteration": 1, "best_fitness": 393.003511373304, "runtime": 4361.072324514389, "best_solution": [[[[0, [15, 35, 11, 18, 37]], [18, []], [35, []], [23, [23, 5, 14, 34, 26, 32, 31, 19]], [15, []], [14, []], [34, []], [11, []], [29, [29, 4, 6, 42, 46, 44, 27, 49, 45, 17]], [17, []], [6, []], [26, []], [1, [1, 28, 8, 7, 43]], [28, []], [43, []], [7, []], [4, []], [32, []], [8, []], [45, []], [44, []], [31, []], [19, []], [37, []], [42, []], [46, []], [27, []], [5, []], [49, []]], [[0, [24]], [3, [3, 48, 12, 33, 16]], [12, []], [16, []], [48, []], [33, []], [22, [22, 25, 41, 47, 21, 50, 10, 30]], [25, []], [41, []], [9, [9, 39, 20, 36, 2, 13, 40]], [24, []], [20, []], [47, []], [39, []], [21, []], [13, []], [50, []], [10, []], [36, []], [30, []], [2, []], [38, [38]], [40, []]]], [[[23, [23, 5, 14, 34, 26, 32, 31, 19]]], [[3, [3, 48, 12, 33, 16]]], [[22, [22, 25, 41, 47, 21, 50, 10, 30]]], [[29, [29, 4, 6, 42, 46, 44, 27, 49, 45, 17]]], [[9, [9, 39, 20, 36, 2, 13, 40]]], [[1, [1, 28, 8, 7, 43]]], [[38, [38]]]]]}
{"file_name": "U_50_0", "number_of_trucks": 2, "drone_capacity": 10, "number_of_drones": 2, "iteration": 2, "best_fitness": 488.0799999999999, "runtime": 113.00430941581726, "best_solution": [[[[0, [35, 34, 11, 23, 26, 2, 30, 16, 5, 1, 28, 24, 20, 47, 39, 21, 13, 50, 10, 36, 38, 40, 49]], [35, []], [34, []], [11, []], [23, []], [26, []], [2, []], [30, []], [16, []], [5, []], [1, []], [28, []], [24, []], [20, []], [47, []], [39, []], [21, []], [13, []], [50, []], [10, []], [36, []], [38, []], [40, []], [49, []]], [[0, [3, 12, 33, 48, 19, 31, 41, 25]], [3, []], [12, [6, 22, 43, 27, 46, 42, 37, 7, 4]], [33, []], [48, []], [19, []], [31, []], [41, []], [25, []], [6, []], [22, []], [43, []], [27, []], [46, []], [42, []], [37, []], [7, []], [4, []], [32, [32, 8, 45, 44, 9, 15, 14, 29, 17, 18]], [8, []], [45, []], [44, []], [9, []], [15, []], [14, []], [29, []], [17, []], [18, []]]], [[[12, [6, 22, 43, 27, 46, 42, 37, 7, 4]]], [[32, [32, 8, 45, 44, 9, 15, 14, 29, 17, 18]]]]]}
{"file_name": "U_50_0", "number_of_trucks": 2, "drone_capacity": 10, "number_of_drones": 2, "iteration": 3, "best_fitness": 438.00884104006917, "runtime": 123.21037721633911, "best_solution": [[[[0, [16, 12, 48, 33, 37]], [16, [19]], [12, []], [48, []], [33, []], [37, []], [19, []], [5, [5, 35, 17, 6, 43, 24, 47, 39, 21, 42]], [35, []], [17, []], [6, []], [43, []], [24, []], [47, []], [39, []], [21, []], [42, []], [46, [46, 50, 13, 10, 36, 30, 2, 38, 40, 49]], [50, []], [13, []], [10, []], [36, []], [30, []], [2, []], [38, []], [40, []], [49, []]], [[0, [3, 18, 23, 26]], [3, []], [18, []], [23, []], [26, []], [14, [14, 34, 11, 25, 4, 22, 7, 31, 44, 45]], [34, []], [11, []], [25, []], [4, []], [22, []], [7, []], [31, []], [44, []], [45, []], [8, [8, 32, 20, 27, 28, 1, 41, 15, 9, 29]], [32, []], [20, []], [27, []], [28, []], [1, []], [41, []], [15, []], [9, []], [29, []]]], [[[16, [19]]], [[5, [5, 35, 17, 6, 43, 24, 47, 39, 21, 42]]], [[14, [14, 34, 11, 25, 4, 22, 7, 31, 44, 45]]], [[46, [46, 50, 13, 10, 36, 30, 2, 38, 40, 49]]], [[8, [8, 32, 20, 27, 28, 1, 41, 15, 9, 29]]]]]}
