{"file_name": "U_50_1", "number_of_trucks": 2, "drone_capacity": 10, "number_of_drones": 2, "iteration": 1, "best_fitness": 485.55462774260985, "runtime": 3785.903295516968, "best_solution": [[[[0, [31, 1]], [1, []], [31, []], [36, [36, 38, 41]], [33, [33, 22]], [22, []], [38, []], [21, [45, 21, 23, 13]], [45, []], [13, []], [23, []], [7, [7, 14, 47, 32, 6]], [14, []], [47, []], [32, []], [34, [34, 30, 9, 37, 50, 40]], [30, []], [41, []], [40, []], [39, [39, 48, 43, 42, 15, 12]], [9, []], [48, []], [6, []], [12, []], [50, []], [43, []], [42, []], [37, []], [15, []]], [[0, [27, 5, 18]], [18, []], [27, []], [5, []], [8, [8, 28, 29, 11, 35, 26, 2]], [11, []], [29, []], [28, []], [35, []], [19, [19, 4, 20, 10, 3]], [4, []], [20, []], [26, []], [46, [46, 44, 25, 17, 24, 49, 16]], [2, []], [17, []], [10, []], [24, []], [16, []], [3, []], [44, []], [49, []], [25, []]]], [[[36, [36, 38, 41]]], [[33, [33, 22]]], [[8, [8, 28, 29, 11, 35, 26, 2]]], [[21, [45, 21, 23, 13]]], [[7, [7, 14, 47, 32, 6]]], [[19, [19, 4, 20, 10, 3]]], [[46, [46, 44, 25, 17, 24, 49, 16]]], [[34, [34, 30, 9, 37, 50, 40]]], [[39, [39, 48, 43, 42, 15, 12]]]]]}
{"file_name": "U_50_1", "number_of_trucks": 2, "drone_capacity": 10, "number_of_drones": 2, "iteration": 2, "best_fitness": 569.5230628089497, "runtime": 125.12472653388977, "best_solution": [[[[0, []], [31, [31, 28, 22]], [28, []], [22, []], [1, [1, 14, 7, 13, 33, 23, 3, 32, 47, 40]], [14, []], [7, []], [13, []], [33, []], [23, []], [3, []], [32, []], [47, []], [40, []], [10, [10, 46, 2, 17, 24, 12, 39, 44, 49, 25]], [46, []], [2, []], [17, []], [24, []], [12, []], [39, []], [44, []], [49, []], [25, []]], [[0, []], [5, [5, 27, 36, 18, 38]], [27, []], [36, []], [18, []], [38, []], [21, [21, 26]], [26, []], [35, [35, 29, 6, 8, 45, 11, 20, 19, 4, 37]], [29, []], [6, []], [8, []], [45, []], [11, []], [20, []], [19, []], [4, []], [37, []], [50, [50, 16, 34, 30, 41, 48, 9, 43, 42, 15]], [16, []], [34, []], [30, []], [41, []], [48, []], [9, []], [43, []], [42, []], [15, []]]], [[[5, [5, 27, 36, 18, 38]]], [[31, [31, 28, 22]]], [[21, [21, 26]]], [[1, [1, 14, 7, 13, 33, 23, 3, 32, 47, 40]]], [[35, [35, 29, 6, 8, 45, 11, 20, 19, 4, 37]]], [[50, [50, 16, 34, 30, 41, 48, 9, 43, 42, 15]]], [[10, [10, 46, 2, 17, 24, 12, 39, 44, 49, 25]]]]]}
{"file_name": "U_50_1", "number_of_trucks": 2, "drone_capacity": 10, "number_of_drones": 2, "iteration": 3, "best_fitness": 749.3200000000002, "runtime": 99.15831279754639, "best_solution": [[[[0, [38, 22, 33, 23, 36, 3, 27, 32, 13, 45, 4, 19, 8, 35, 46, 2, 17, 30, 34, 49, 44, 25]], [38, []], [22, []], [33, []], [23, []], [36, []], [3, []], [27, []], [32, []], [13, []], [45, []], [4, []], [19, []], [8, []], [35, []], [46, []], [2, []], [17, []], [30, []], [34, []], [49, []], [44, []], [25, []]], [[0, [18, 1, 5, 41, 14, 7, 31, 28, 29, 10, 26, 20, 21, 11, 16, 47, 40, 48, 24, 9, 39, 6, 12, 50, 37, 42, 43, 15]], [18, []], [1, []], [5, []], [41, []], [14, []], [7, []], [31, []], [28, []], [29, []], [10, []], [26, []], [20, []], [21, []], [11, []], [16, []], [47, []], [40, []], [48, []], [24, []], [9, []], [39, []], [6, []], [12, []], [50, []], [37, []], [42, []], [43, []], [15, []]]], []]}
