{"file_name": "U_50_1", "number_of_trucks": 2, "drone_capacity": 10, "number_of_drones": 2, "iteration": 1, "best_fitness": 483.606446354396, "runtime": 3819.1675412654877, "best_solution": [[[[0, [39, 14, 30]], [30, []], [39, []], [47, [47, 21, 42, 33, 15, 29]], [21, []], [42, []], [33, []], [35, [35, 26, 25, 41, 28, 45, 4, 9]], [26, []], [25, []], [41, []], [14, []], [9, []], [15, []], [29, []], [34, [34, 44, 22, 27, 38]], [44, []], [45, []], [4, []], [22, []], [28, []], [27, []], [38, []], [40, [40]]], [[0, [37, 5]], [37, []], [5, []], [18, [11, 12, 2, 18, 49]], [11, []], [49, []], [3, [3, 36]], [2, []], [12, []], [46, [46, 10, 13, 50, 19]], [10, []], [13, []], [50, []], [36, []], [16, [16, 24, 20, 32, 7, 43, 17, 48]], [48, []], [19, []], [24, []], [20, []], [32, []], [8, [8, 1, 6, 23, 31]], [31, []], [7, []], [43, []], [1, []], [6, []], [23, []], [17, []]]], [[[47, [47, 21, 42, 33, 15, 29]]], [[18, [11, 12, 2, 18, 49]]], [[3, [3, 36]]], [[35, [35, 26, 25, 41, 28, 45, 4, 9]]], [[46, [46, 10, 13, 50, 19]]], [[16, [16, 24, 20, 32, 7, 43, 17, 48]]], [[34, [34, 44, 22, 27, 38]]], [[40, [40]]], [[8, [8, 1, 6, 23, 31]]]]]}
{"file_name": "U_50_1", "number_of_trucks": 2, "drone_capacity": 10, "number_of_drones": 2, "iteration": 2, "best_fitness": 528.7652155749665, "runtime": 137.67365145683289, "best_solution": [[[[0, []], [14, [14]], [21, [21, 39, 47, 46, 33]], [39, []], [47, []], [46, []], [33, []], [42, [42, 4]], [4, []], [9, [9, 41, 22, 37, 19, 10, 13, 50]], [41, []], [22, []], [37, []], [19, []], [10, []], [13, []], [50, []], [48, [48, 16, 36, 27, 38, 40, 23, 6, 34, 17]], [16, []], [36, []], [27, []], [38, []], [40, []], [23, []], [6, []], [34, []], [17, []]], [[0, []], [18, [18, 5, 30]], [5, [2, 49, 12]], [30, []], [2, []], [49, []], [12, []], [15, [15, 11, 29, 3, 28, 26, 35, 25]], [11, []], [29, []], [3, []], [28, []], [26, []], [35, []], [25, []], [44, [44, 45, 32, 20, 24, 8, 31, 7, 43, 1]], [45, []], [32, []], [20, []], [24, []], [8, []], [31, []], [7, []], [43, []], [1, []]]], [[[14, [14]]], [[18, [18, 5, 30]]], [[5, [2, 49, 12]]], [[21, [21, 39, 47, 46, 33]]], [[42, [42, 4]]], [[15, [15, 11, 29, 3, 28, 26, 35, 25]]], [[9, [9, 41, 22, 37, 19, 10, 13, 50]]], [[48, [48, 16, 36, 27, 38, 40, 23, 6, 34, 17]]], [[44, [44, 45, 32, 20, 24, 8, 31, 7, 43, 1]]]]]}
{"file_name": "U_50_1", "number_of_trucks": 2, "drone_capacity": 10, "number_of_drones": 2, "iteration": 3, "best_fitness": 542.3422395650679, "runtime": 141.95175528526306, "best_solution": [[[[0, [30]], [30, []], [18, [18]], [11, [11]], [46, [46, 49, 3]], [49, []], [3, []], [13, [13, 50]], [50, []], [10, [10, 33, 5, 38, 16, 36, 48, 27]], [33, []], [5, []], [38, []], [16, []], [36, []], [48, []], [27, []], [37, [37, 20, 24, 19, 43, 1, 40, 23, 35, 17]], [20, []], [24, []], [19, []], [43, []], [1, []], [40, []], [23, []], [35, []], [17, []]], [[0, [42]], [42, []], [2, [2, 12, 39, 47, 21, 29]], [12, []], [39, []], [47, []], [21, []], [4, [4, 15, 14, 9, 28, 26, 22, 32]], [15, []], [14, []], [9, []], [28, []], [26, []], [22, []], [32, []], [45, [45, 44, 25, 31, 8, 7, 6, 41, 34]], [44, []], [25, []], [31, []], [8, []], [7, []], [6, []], [41, []], [34, []], [29, []]]], [[[18, [18]]], [[11, [11]]], [[2, [2, 12, 39, 47, 21, 29]]], [[46, [46, 49, 3]]], [[13, [13, 50]]], [[4, [4, 15, 14, 9, 28, 26, 22, 32]]], [[10, [10, 33, 5, 38, 16, 36, 48, 27]]], [[45, [45, 44, 25, 31, 8, 7, 6, 41, 34]]], [[37, [37, 20, 24, 19, 43, 1, 40, 23, 35, 17]]]]]}
