{"file_name": "U_50_1", "number_of_trucks": 2, "drone_capacity": 10, "number_of_drones": 2, "iteration": 1, "best_fitness": 490.32692772818945, "runtime": 3926.668612241745, "best_solution": [[[[0, [3, 2, 44]], [2, []], [3, [25, 45, 37, 35]], [25, []], [44, []], [37, []], [35, []], [45, []], [41, [41, 50, 48, 33, 49, 5, 4]], [4, []], [32, [32, 18, 24, 19, 34, 42, 9, 8, 47]], [18, []], [24, []], [19, []], [34, []], [50, []], [42, []], [5, []], [48, []], [33, []], [9, []], [8, []], [47, []], [49, []]], [[0, [23, 15]], [15, []], [31, [31, 29, 46, 11]], [29, []], [46, []], [11, []], [30, [30, 40, 13, 39, 20]], [13, []], [38, [38, 14, 17, 27, 1]], [23, []], [17, []], [27, []], [20, []], [39, []], [28, [28, 7, 36, 10]], [1, []], [7, []], [43, [43, 22, 6, 26, 16, 12, 21]], [16, []], [36, []], [40, []], [22, []], [6, []], [10, []], [26, []], [14, []], [21, []], [12, []]]], [[[31, [31, 29, 46, 11]]], [[3, [25, 45, 37, 35]]], [[30, [30, 40, 13, 39, 20]]], [[38, [38, 14, 17, 27, 1]]], [[41, [41, 50, 48, 33, 49, 5, 4]]], [[28, [28, 7, 36, 10]]], [[32, [32, 18, 24, 19, 34, 42, 9, 8, 47]]], [[43, [43, 22, 6, 26, 16, 12, 21]]]]]}
{"file_name": "U_50_1", "number_of_trucks": 2, "drone_capacity": 10, "number_of_drones": 2, "iteration": 2, "best_fitness": 721.9200000000004, "runtime": 104.53901386260986, "best_solution": [[[[0, [11, 46, 29, 31, 37, 39, 23, 14, 30, 13, 33, 47, 26, 10, 6]], [11, []], [46, []], [29, [21, 36, 16, 43, 28, 22, 12]], [31, []], [37, []], [39, []], [23, []], [14, []], [30, []], [13, []], [33, []], [47, []], [26, []], [10, []], [6, []], [21, []], [36, []], [16, []], [43, []], [28, []], [22, []], [12, []]], [[0, [15, 44, 45, 27, 17, 38, 40, 20, 7, 4, 35, 1, 41, 18, 32, 25, 24, 19, 50, 42, 34, 2, 8, 9, 5, 48, 3, 49]], [15, []], [44, []], [45, []], [27, []], [17, []], [38, []], [40, []], [20, []], [7, []], [4, []], [35, []], [1, []], [41, []], [18, []], [32, []], [25, []], [24, []], [19, []], [50, []], [42, []], [34, []], [2, []], [8, []], [9, []], [5, []], [48, []], [3, []], [49, []]]], [[[29, [21, 36, 16, 43, 28, 22, 12]]]]]}
{"file_name": "U_50_1", "number_of_trucks": 2, "drone_capacity": 10, "number_of_drones": 2, "iteration": 3, "best_fitness": 745.0400000000002, "runtime": 99.25122475624084, "best_solution": [[[[0, [46, 35, 31, 44, 11, 29, 37, 25, 1, 41, 4, 15, 32, 18, 19, 24, 34, 50, 42, 48, 33, 5, 9, 8, 6, 21, 12, 49]], [46, []], [35, []], [31, []], [44, []], [11, []], [29, []], [37, []], [25, []], [1, []], [41, []], [4, []], [15, []], [32, []], [18, []], [19, []], [24, []], [34, []], [50, []], [42, []], [48, []], [33, []], [5, []], [9, []], [8, []], [6, []], [21, []], [12, []], [49, []]], [[0, [3, 2, 45, 14, 17, 39, 20, 13, 40, 38, 36, 30, 26, 10, 22, 28, 7, 27, 43, 16, 23, 47]], [3, []], [2, []], [45, []], [14, []], [17, []], [39, []], [20, []], [13, []], [40, []], [38, []], [36, []], [30, []], [26, []], [10, []], [22, []], [28, []], [7, []], [27, []], [43, []], [16, []], [23, []], [47, []]]], []]}
