{"file_name": "U_50_1", "number_of_trucks": 2, "drone_capacity": 10, "number_of_drones": 2, "iteration": 1, "best_fitness": 481.14681800273956, "runtime": 4065.6750543117523, "best_solution": [[[[0, [23, 49, 14]], [15, [15, 25, 33]], [25, []], [33, []], [17, [17, 35, 28, 5, 11]], [49, []], [7, [7, 1]], [11, []], [23, []], [5, []], [16, [16, 50, 9, 42]], [14, []], [35, []], [50, []], [9, []], [8, [8, 3, 19, 26, 48, 6]], [28, []], [42, []], [26, []], [48, []], [3, []], [19, []], [1, []], [6, []]], [[0, [18, 13]], [34, [4, 22, 34]], [22, []], [13, []], [2, [45, 39, 43, 40, 47, 2]], [45, []], [39, []], [43, []], [4, []], [40, []], [47, []], [18, [37, 31, 12, 20, 38, 21, 41]], [41, []], [20, []], [37, []], [31, []], [21, []], [38, []], [29, [29, 30, 36, 32, 44, 27, 10]], [30, []], [36, []], [32, []], [27, []], [12, []], [44, []], [46, [46, 24]], [10, []], [24, []]]], [[[15, [15, 25, 33]]], [[34, [4, 22, 34]]], [[2, [45, 39, 43, 40, 47, 2]]], [[17, [17, 35, 28, 5, 11]]], [[7, [7, 1]]], [[18, [37, 31, 12, 20, 38, 21, 41]]], [[16, [16, 50, 9, 42]]], [[29, [29, 30, 36, 32, 44, 27, 10]]], [[8, [8, 3, 19, 26, 48, 6]]], [[46, [46, 24]]]]]}
{"file_name": "U_50_1", "number_of_trucks": 2, "drone_capacity": 10, "number_of_drones": 2, "iteration": 2, "best_fitness": 547.1636958298338, "runtime": 141.3442940711975, "best_solution": [[[[0, []], [18, [18, 13, 43, 17]], [13, []], [43, []], [17, []], [31, [31, 34, 22, 1, 12, 7, 45, 39, 30, 37]], [34, []], [22, []], [1, []], [12, []], [7, []], [45, []], [39, []], [30, []], [37, []], [33, [33, 9, 3, 8, 47, 42, 48, 26, 19, 24]], [9, []], [3, []], [8, []], [47, []], [42, []], [48, []], [26, []], [19, []], [24, []]], [[0, [25]], [25, []], [15, [15, 2, 44, 23]], [2, [28, 14, 35, 4, 40, 5, 20, 49, 41]], [44, []], [23, []], [28, []], [14, []], [35, []], [4, []], [40, []], [5, []], [11, [11, 16]], [16, []], [20, []], [49, []], [41, []], [50, [50, 32, 36, 29, 21, 27, 38, 10, 46, 6]], [32, []], [36, []], [29, []], [21, []], [27, []], [38, []], [10, []], [46, []], [6, []]]], [[[15, [15, 2, 44, 23]]], [[2, [28, 14, 35, 4, 40, 5, 20, 49, 41]]], [[18, [18, 13, 43, 17]]], [[31, [31, 34, 22, 1, 12, 7, 45, 39, 30, 37]]], [[11, [11, 16]]], [[33, [33, 9, 3, 8, 47, 42, 48, 26, 19, 24]]], [[50, [50, 32, 36, 29, 21, 27, 38, 10, 46, 6]]]]]}
{"file_name": "U_50_1", "number_of_trucks": 2, "drone_capacity": 10, "number_of_drones": 2, "iteration": 3, "best_fitness": 570.6170765073242, "runtime": 133.58356070518494, "best_solution": [[[[0, []], [25, [25, 39, 4, 23, 43, 14, 5, 35]], [39, []], [4, []], [23, []], [43, []], [14, []], [5, []], [35, []], [41, [41, 20, 31, 21, 30, 22, 9, 33, 17, 50]], [20, []], [31, []], [21, []], [30, []], [22, []], [9, []], [33, []], [17, []], [50, []], [8, [8, 3, 42, 47, 28, 26, 48, 19, 1, 24]], [3, []], [42, []], [47, []], [28, []], [26, []], [48, []], [19, []], [1, []], [24, []]], [[0, [18]], [49, [49, 13, 2]], [18, []], [13, []], [2, []], [11, [11, 44, 12, 45, 38, 15, 7, 16]], [44, []], [12, []], [45, []], [38, []], [15, []], [7, []], [16, []], [40, [40, 37, 34, 36, 29, 32, 27, 10, 46, 6]], [37, []], [34, []], [36, []], [29, []], [32, []], [27, []], [10, []], [46, []], [6, []]]], [[[25, [25, 39, 4, 23, 43, 14, 5, 35]]], [[49, [49, 13, 2]]], [[41, [41, 20, 31, 21, 30, 22, 9, 33, 17, 50]]], [[11, [11, 44, 12, 45, 38, 15, 7, 16]]], [[40, [40, 37, 34, 36, 29, 32, 27, 10, 46, 6]]], [[8, [8, 3, 42, 47, 28, 26, 48, 19, 1, 24]]]]]}
