{"file_name": "U_50_0", "number_of_trucks": 2, "drone_capacity": 10, "number_of_drones": 2, "iteration": 1, "best_fitness": 372.79538617401204, "runtime": 4103.492345094681, "best_solution": [[[[0, [23, 9, 33]], [23, []], [9, []], [41, [41, 31, 11]], [31, []], [11, []], [43, [43, 42, 37, 32, 2, 50, 40, 14]], [42, []], [37, []], [32, []], [40, []], [4, [4, 20, 18, 8, 27, 21, 24, 12]], [18, []], [2, []], [50, []], [33, []], [14, []], [8, []], [27, []], [21, []], [24, []], [12, []], [34, [34]], [20, []]], [[0, [35, 19, 29, 15]], [19, []], [29, []], [7, [47, 13, 7, 44, 17, 28, 10, 5]], [44, []], [47, []], [13, []], [17, []], [28, []], [3, [3, 1, 45, 39, 49, 46, 38, 22, 36, 6]], [5, []], [1, []], [10, []], [45, []], [15, []], [49, []], [30, [30, 16, 25, 26, 48]], [39, []], [35, []], [16, []], [25, []], [26, []], [46, []], [38, []], [48, []], [22, []], [36, []], [6, []]]], [[[7, [47, 13, 7, 44, 17, 28, 10, 5]]], [[41, [41, 31, 11]]], [[43, [43, 42, 37, 32, 2, 50, 40, 14]]], [[3, [3, 1, 45, 39, 49, 46, 38, 22, 36, 6]]], [[4, [4, 20, 18, 8, 27, 21, 24, 12]]], [[30, [30, 16, 25, 26, 48]]], [[34, [34]]]]]}
{"file_name": "U_50_0", "number_of_trucks": 2, "drone_capacity": 10, "number_of_drones": 2, "iteration": 2, "best_fitness": 394.1213860473681, "runtime": 126.75807189941406, "best_solution": [[[[0, [23]], [23, []], [11, [11, 31]], [31, []], [37, [37, 41, 12, 42, 43, 9, 32, 18, 33, 2]], [41, []], [12, []], [42, []], [43, []], [9, []], [32, []], [18, []], [33, []], [2, []], [50, [50, 14, 8, 24, 21, 4, 27, 34, 20, 6]], [14, []], [8, []], [24, []], [21, []], [4, []], [27, []], [34, []], [20, []], [6, []]], [[0, [29]], [29, []], [7, [7, 44, 47, 13, 35]], [44, []], [47, []], [13, []], [35, [39]], [39, []], [49, [49, 17, 28, 3, 15, 38, 46, 26, 25, 16]], [17, []], [28, []], [3, []], [15, []], [38, []], [46, []], [26, []], [25, []], [16, []], [30, [30, 45, 10, 48, 1, 5, 40, 22, 19, 36]], [45, []], [10, []], [48, []], [1, []], [5, []], [40, []], [22, []], [19, []], [36, []]]], [[[7, [7, 44, 47, 13, 35]]], [[11, [11, 31]]], [[37, [37, 41, 12, 42, 43, 9, 32, 18, 33, 2]]], [[35, [39]]], [[49, [49, 17, 28, 3, 15, 38, 46, 26, 25, 16]]], [[30, [30, 45, 10, 48, 1, 5, 40, 22, 19, 36]]], [[50, [50, 14, 8, 24, 21, 4, 27, 34, 20, 6]]]]]}
{"file_name": "U_50_0", "number_of_trucks": 2, "drone_capacity": 10, "number_of_drones": 2, "iteration": 3, "best_fitness": 428.4646760701125, "runtime": 121.50422048568726, "best_solution": [[[[0, [19, 29, 23]], [19, []], [29, [31]], [23, []], [31, []], [11, [11, 37, 12, 22, 42, 43, 41, 34, 24, 14]], [37, []], [12, []], [22, []], [42, []], [43, []], [41, []], [34, []], [24, []], [14, []], [8, [8, 18, 4, 40, 27, 21, 32, 9, 20, 6]], [18, []], [4, []], [40, []], [27, []], [21, []], [32, []], [9, []], [20, []], [6, []]], [[0, []], [28, [33, 28, 7, 44, 47, 13, 17]], [7, []], [44, []], [47, []], [13, []], [17, []], [49, [49, 15, 3, 45, 1, 10, 5, 46, 26]], [15, []], [3, []], [45, []], [1, []], [10, []], [5, []], [46, []], [26, []], [33, []], [2, [2, 50, 25, 16, 35, 39, 30, 38, 48, 36]], [50, []], [25, []], [16, []], [35, []], [39, []], [30, []], [38, []], [48, []], [36, []]]], [[[29, [31]]], [[28, [33, 28, 7, 44, 47, 13, 17]]], [[49, [49, 15, 3, 45, 1, 10, 5, 46, 26]]], [[11, [11, 37, 12, 22, 42, 43, 41, 34, 24, 14]]], [[2, [2, 50, 25, 16, 35, 39, 30, 38, 48, 36]]], [[8, [8, 18, 4, 40, 27, 21, 32, 9, 20, 6]]]]]}
