{"file_name": "U_50_1", "number_of_trucks": 2, "drone_capacity": 10, "number_of_drones": 2, "iteration": 1, "best_fitness": 623.6092738703062, "runtime": 3902.3549678325653, "best_solution": [[[[0, [31, 13, 33, 50, 30, 17, 6, 20, 35, 45]], [35, []], [17, []], [6, []], [20, []], [33, []], [45, []], [50, [26, 7, 39, 24, 34]], [30, []], [13, []], [31, []], [34, []], [39, []], [47, [47, 9, 4, 40, 37, 29, 32, 38]], [9, []], [4, []], [26, []], [7, []], [24, []], [38, []], [2, [2, 28, 36]], [28, []], [40, []], [37, []], [29, []], [32, []], [36, []]], [[0, [11, 14, 5, 3, 15, 41]], [11, [12, 18, 46, 1]], [14, []], [5, []], [18, []], [46, []], [21, [21, 44, 22]], [44, []], [41, []], [1, []], [49, [49, 19, 42]], [42, []], [22, []], [27, [27, 10, 25, 43, 16, 8, 48, 23]], [10, []], [25, []], [15, []], [3, []], [43, []], [12, []], [16, []], [8, []], [48, []], [23, []], [19, []]]], [[[11, [12, 18, 46, 1]]], [[21, [21, 44, 22]]], [[50, [26, 7, 39, 24, 34]]], [[47, [47, 9, 4, 40, 37, 29, 32, 38]]], [[49, [49, 19, 42]]], [[27, [27, 10, 25, 43, 16, 8, 48, 23]]], [[2, [2, 28, 36]]]]]}
{"file_name": "U_50_1", "number_of_trucks": 2, "drone_capacity": 10, "number_of_drones": 2, "iteration": 2, "best_fitness": 728.194090346033, "runtime": 128.07267308235168, "best_solution": [[[[0, [14, 13, 6]], [14, []], [13, []], [6, []], [5, [5, 44, 21, 30, 11, 1, 7]], [44, [4, 9, 47]], [21, []], [30, []], [11, []], [1, []], [7, []], [4, []], [9, []], [47, []], [39, [39, 46, 27, 10, 22, 43, 3, 40, 28, 2]], [46, []], [27, []], [10, []], [22, []], [43, []], [3, []], [40, []], [28, []], [2, []]], [[0, []], [50, [50, 45, 35, 17, 41, 24, 26]], [45, []], [35, []], [17, []], [41, []], [24, []], [26, []], [33, [33]], [20, [20, 31, 18, 37, 12, 25, 15, 38, 16]], [31, []], [18, []], [37, []], [12, []], [25, []], [15, []], [38, []], [16, []], [34, [34, 48, 8, 29, 36, 32, 23, 19, 42, 49]], [48, []], [8, []], [29, []], [36, []], [32, []], [23, []], [19, []], [42, []], [49, []]]], [[[50, [50, 45, 35, 17, 41, 24, 26]]], [[5, [5, 44, 21, 30, 11, 1, 7]]], [[33, [33]]], [[44, [4, 9, 47]]], [[20, [20, 31, 18, 37, 12, 25, 15, 38, 16]]], [[34, [34, 48, 8, 29, 36, 32, 23, 19, 42, 49]]], [[39, [39, 46, 27, 10, 22, 43, 3, 40, 28, 2]]]]]}
{"file_name": "U_50_1", "number_of_trucks": 2, "drone_capacity": 10, "number_of_drones": 2, "iteration": 3, "best_fitness": 687.4642406824354, "runtime": 145.78995656967163, "best_solution": [[[[0, [35, 45, 11, 14, 13]], [35, []], [45, []], [11, []], [14, []], [13, []], [20, [20]], [3, [3, 15]], [15, []], [24, [24, 39, 22, 9, 42]], [39, []], [22, []], [9, []], [42, []], [49, [49, 27, 10, 25, 43, 38, 2, 16, 8, 4]], [27, []], [10, []], [25, []], [43, []], [38, []], [2, []], [16, []], [8, []], [4, []]], [[0, [1]], [1, []], [30, [30, 17, 50, 6]], [17, []], [50, []], [6, []], [5, [5, 7, 31]], [7, []], [31, []], [33, [33, 46]], [46, []], [12, [12]], [44, [44, 41, 18, 21, 34, 47, 37]], [41, []], [18, []], [21, []], [34, []], [47, []], [29, [29, 32, 36, 23, 40, 28, 48, 19, 26]], [37, []], [32, []], [36, []], [23, []], [40, []], [28, []], [48, []], [19, []], [26, []]]], [[[30, [30, 17, 50, 6]]], [[5, [5, 7, 31]]], [[33, [33, 46]]], [[12, [12]]], [[20, [20]]], [[3, [3, 15]]], [[44, [44, 41, 18, 21, 34, 47, 37]]], [[29, [29, 32, 36, 23, 40, 28, 48, 19, 26]]], [[24, [24, 39, 22, 9, 42]]], [[49, [49, 27, 10, 25, 43, 38, 2, 16, 8, 4]]]]]}
