{"file_name": "U_50_0", "number_of_trucks": 2, "drone_capacity": 10, "number_of_drones": 2, "iteration": 1, "best_fitness": 381.5174272964202, "runtime": 3603.5878031253815, "best_solution": [[[[0, [16, 44, 49, 30, 17]], [16, []], [44, []], [8, [8, 15, 26, 12, 10]], [26, []], [12, []], [17, []], [6, [6, 41, 19, 13, 18, 4]], [41, []], [15, []], [49, []], [30, []], [19, [33, 38, 48, 22, 42, 32, 29, 40, 2]], [13, []], [2, []], [33, []], [38, []], [48, []], [18, []], [10, []], [29, []], [40, []], [22, []], [4, []], [42, []], [32, []]], [[0, []], [35, [43, 27, 35, 21]], [21, []], [1, [1, 39, 36, 45, 5, 20]], [39, []], [45, []], [36, []], [5, []], [23, [11, 34, 23, 9, 28, 50, 3, 47, 37, 25]], [20, []], [28, []], [11, []], [31, [31, 46, 14, 24, 7]], [43, []], [37, []], [34, []], [46, []], [14, []], [24, []], [7, []], [27, []], [50, []], [25, []], [3, []], [47, []], [9, []]]], [[[8, [8, 15, 26, 12, 10]]], [[35, [43, 27, 35, 21]]], [[1, [1, 39, 36, 45, 5, 20]]], [[6, [6, 41, 19, 13, 18, 4]]], [[23, [11, 34, 23, 9, 28, 50, 3, 47, 37, 25]]], [[19, [33, 38, 48, 22, 42, 32, 29, 40, 2]]], [[31, [31, 46, 14, 24, 7]]]]]}
{"file_name": "U_50_0", "number_of_trucks": 2, "drone_capacity": 10, "number_of_drones": 2, "iteration": 2, "best_fitness": 469.44, "runtime": 100.59671235084534, "best_solution": [[[[0, [44, 26, 8, 12, 1, 4, 21, 23, 28, 11, 37, 31, 34, 24, 41, 6, 27, 50, 17, 25, 7, 20, 42, 32, 35]], [44, []], [26, []], [8, []], [12, []], [1, []], [4, []], [21, []], [23, []], [28, []], [11, []], [37, []], [31, []], [34, []], [24, []], [41, []], [6, []], [27, []], [50, []], [17, []], [25, []], [7, []], [20, []], [42, []], [32, []], [35, []]], [[0, [16, 15, 49, 30, 43, 19, 5, 36, 39, 45, 10, 18, 48, 38, 33, 2, 13, 29, 22, 40, 46, 14, 3, 47, 9]], [16, []], [15, []], [49, []], [30, []], [43, []], [19, []], [5, []], [36, []], [39, []], [45, []], [10, []], [18, []], [48, []], [38, []], [33, []], [2, []], [13, []], [29, []], [22, []], [40, []], [46, []], [14, []], [3, []], [47, []], [9, []]]], []]}
{"file_name": "U_50_0", "number_of_trucks": 2, "drone_capacity": 10, "number_of_drones": 2, "iteration": 3, "best_fitness": 472.96, "runtime": 107.89200949668884, "best_solution": [[[[0, [45, 43, 30, 49, 15, 37, 34, 6, 41, 27, 7, 24, 14, 46, 31, 19, 40, 5, 28, 47, 3, 9]], [45, []], [43, []], [30, []], [49, []], [15, []], [37, []], [34, []], [6, []], [41, []], [27, []], [7, []], [24, []], [14, []], [46, []], [31, []], [19, []], [40, []], [5, []], [28, []], [47, []], [3, []], [9, []]], [[0, [16, 21, 44, 8, 26, 1, 12, 35, 50, 17, 25, 23, 20]], [16, []], [21, [11, 36, 22, 29, 13]], [44, []], [8, []], [26, []], [1, []], [12, []], [35, []], [50, []], [17, []], [25, []], [23, []], [20, []], [11, []], [36, []], [22, []], [29, []], [13, []], [2, [2, 33, 38, 18, 48, 10, 39, 4, 42, 32]], [33, []], [38, []], [18, []], [48, []], [10, []], [39, []], [4, []], [42, []], [32, []]]], [[[21, [11, 36, 22, 29, 13]]], [[2, [2, 33, 38, 18, 48, 10, 39, 4, 42, 32]]]]]}
