{"file_name": "U_50_1", "number_of_trucks": 2, "drone_capacity": 10, "number_of_drones": 2, "iteration": 1, "best_fitness": 603.6056178812267, "runtime": 3741.3960015773773, "best_solution": [[[[0, [41, 5, 37, 8, 16]], [2, [2, 38, 35, 20]], [35, []], [38, []], [20, []], [16, []], [5, []], [41, []], [37, []], [8, []], [42, [42, 43, 45, 12]], [34, [34, 29, 4, 49, 11, 23]], [43, []], [29, []], [4, []], [49, []], [11, [18, 14, 32]], [18, []], [14, []], [32, []], [45, []], [23, []], [31, [31, 27]], [12, []], [27, []]], [[0, [48, 44, 33, 39, 22]], [33, []], [44, []], [39, []], [22, []], [48, []], [9, [9]], [50, [50, 15, 3]], [15, []], [3, []], [30, [30, 47, 1, 36]], [47, []], [36, []], [1, []], [25, [25, 21, 40, 46]], [21, []], [46, []], [40, []], [6, [6, 13, 17, 19, 24, 28, 10, 7]], [13, []], [10, []], [28, []], [26, [26]], [17, []], [19, []], [24, []], [7, []]]], [[[2, [2, 38, 35, 20]]], [[9, [9]]], [[50, [50, 15, 3]]], [[42, [42, 43, 45, 12]]], [[30, [30, 47, 1, 36]]], [[34, [34, 29, 4, 49, 11, 23]]], [[25, [25, 21, 40, 46]]], [[11, [18, 14, 32]]], [[6, [6, 13, 17, 19, 24, 28, 10, 7]]], [[31, [31, 27]]], [[26, [26]]]]]}
{"file_name": "U_50_1", "number_of_trucks": 2, "drone_capacity": 10, "number_of_drones": 2, "iteration": 2, "best_fitness": 740.2297587792707, "runtime": 118.2653923034668, "best_solution": [[[[0, [37, 48, 8, 16]], [37, []], [48, []], [8, []], [16, []], [22, [22, 20, 40, 49, 1, 36, 12, 42, 21]], [20, []], [40, []], [49, []], [1, []], [36, []], [12, []], [42, []], [21, []], [25, [25, 45, 23, 32, 18, 11, 14, 31, 46, 27]], [45, []], [23, []], [32, []], [18, []], [11, []], [14, []], [31, []], [46, []], [27, []]], [[0, [33, 44, 39, 5, 15, 35]], [33, [47]], [44, []], [39, []], [5, []], [15, []], [35, []], [47, []], [41, [41, 30, 9, 3, 38, 43, 50, 4, 2, 29]], [30, []], [9, []], [3, []], [38, []], [43, []], [50, []], [4, []], [2, []], [29, []], [28, [28, 13, 10, 6, 24, 34, 19, 17, 26, 7]], [13, []], [10, []], [6, []], [24, []], [34, []], [19, []], [17, []], [26, []], [7, []]]], [[[33, [47]]], [[22, [22, 20, 40, 49, 1, 36, 12, 42, 21]]], [[41, [41, 30, 9, 3, 38, 43, 50, 4, 2, 29]]], [[28, [28, 13, 10, 6, 24, 34, 19, 17, 26, 7]]], [[25, [25, 45, 23, 32, 18, 11, 14, 31, 46, 27]]]]]}
{"file_name": "U_50_1", "number_of_trucks": 2, "drone_capacity": 10, "number_of_drones": 2, "iteration": 3, "best_fitness": 688.8399999999999, "runtime": 130.20136141777039, "best_solution": [[[[0, [2]], [2, []], [41, [41, 44]], [44, []], [43, [43, 34, 36, 28, 10, 13]], [34, []], [36, []], [28, []], [10, []], [13, []], [49, [49, 4, 29, 19, 17, 26, 24, 7, 27, 42]], [4, []], [29, []], [19, []], [17, []], [26, []], [24, []], [7, []], [27, []], [42, []]], [[0, [35]], [35, []], [15, [15, 16, 20]], [16, []], [20, []], [3, [3, 50, 9, 38, 37, 8, 47]], [50, []], [9, []], [38, []], [37, []], [8, []], [47, []], [30, [30, 33, 39, 32, 21, 48, 12, 1, 25]], [33, [23]], [39, []], [32, []], [21, []], [48, []], [12, []], [1, []], [25, []], [23, []], [45, [45, 22, 40, 46, 5, 6, 18, 14, 31, 11]], [22, []], [40, []], [46, []], [5, []], [6, []], [18, []], [14, []], [31, []], [11, []]]], [[[15, [15, 16, 20]]], [[3, [3, 50, 9, 38, 37, 8, 47]]], [[30, [30, 33, 39, 32, 21, 48, 12, 1, 25]]], [[41, [41, 44]]], [[33, [23]]], [[43, [43, 34, 36, 28, 10, 13]]], [[49, [49, 4, 29, 19, 17, 26, 24, 7, 27, 42]]], [[45, [45, 22, 40, 46, 5, 6, 18, 14, 31, 11]]]]]}
