{"file_name": "U_50_1", "number_of_trucks": 2, "drone_capacity": 10, "number_of_drones": 2, "iteration": 1, "best_fitness": 490.2282153223368, "runtime": 3971.5702695846558, "best_solution": [[[[0, []], [5, [49, 5, 3]], [3, []], [29, [31, 41, 29, 8, 26, 28]], [31, []], [41, []], [8, []], [26, []], [16, [16, 35, 17]], [28, []], [17, []], [49, [39, 45, 13, 23]], [45, []], [13, []], [35, []], [39, []], [47, [47, 21, 27, 32, 19, 36, 6]], [21, []], [27, []], [32, []], [23, []], [19, []], [36, []], [6, []]], [[0, [15]], [44, [44, 30]], [15, []], [30, []], [7, [7, 1, 22, 24, 34, 11, 20, 18, 38]], [22, []], [24, []], [34, []], [11, []], [43, [43, 4, 9, 14, 46]], [20, []], [9, []], [4, []], [18, []], [14, []], [50, [50, 2, 48, 40, 25, 12, 42]], [2, []], [25, []], [33, [33, 10, 37]], [46, []], [38, []], [10, []], [48, []], [1, []], [40, []], [12, []], [42, []], [37, []]]], [[[5, [49, 5, 3]]], [[44, [44, 30]]], [[29, [31, 41, 29, 8, 26, 28]]], [[7, [7, 1, 22, 24, 34, 11, 20, 18, 38]]], [[16, [16, 35, 17]]], [[43, [43, 4, 9, 14, 46]]], [[49, [39, 45, 13, 23]]], [[50, [50, 2, 48, 40, 25, 12, 42]]], [[33, [33, 10, 37]]], [[47, [47, 21, 27, 32, 19, 36, 6]]]]]}
{"file_name": "U_50_1", "number_of_trucks": 2, "drone_capacity": 10, "number_of_drones": 2, "iteration": 2, "best_fitness": 565.7882153223368, "runtime": 126.71819424629211, "best_solution": [[[[0, [44, 5, 26, 8]], [44, []], [5, []], [26, []], [8, []], [41, [41, 34]], [34, []], [43, [43, 14, 1, 28, 3, 16, 50, 2]], [14, []], [1, []], [28, []], [3, []], [16, []], [50, []], [2, []], [25, [25, 46, 45, 10, 48, 4, 27, 12, 42, 37]], [46, []], [45, []], [10, []], [48, []], [4, []], [27, []], [12, []], [42, []], [37, []]], [[0, []], [18, [18, 24, 11, 31]], [24, []], [11, [20, 7, 30, 15]], [31, []], [20, []], [7, []], [29, [29, 22, 38, 13, 17, 49, 35, 39]], [22, []], [38, []], [13, []], [17, []], [49, []], [35, []], [39, []], [30, []], [15, []], [47, [47, 40, 33, 21, 32, 9, 23, 19, 36, 6]], [40, []], [33, []], [21, []], [32, []], [9, []], [23, []], [19, []], [36, []], [6, []]]], [[[18, [18, 24, 11, 31]]], [[41, [41, 34]]], [[11, [20, 7, 30, 15]]], [[29, [29, 22, 38, 13, 17, 49, 35, 39]]], [[43, [43, 14, 1, 28, 3, 16, 50, 2]]], [[47, [47, 40, 33, 21, 32, 9, 23, 19, 36, 6]]], [[25, [25, 46, 45, 10, 48, 4, 27, 12, 42, 37]]]]]}
{"file_name": "U_50_1", "number_of_trucks": 2, "drone_capacity": 10, "number_of_drones": 2, "iteration": 3, "best_fitness": 599.1223841604008, "runtime": 122.12483716011047, "best_solution": [[[[0, [5, 11]], [5, [31, 41, 22]], [11, []], [31, []], [41, []], [22, []], [1, [1, 14, 4, 13, 7, 44, 49, 3, 15, 17]], [14, []], [4, []], [13, []], [7, []], [44, []], [49, []], [3, []], [15, []], [17, []], [47, [47, 28, 45, 25, 50, 2, 33, 26, 46, 6]], [28, []], [45, []], [25, []], [50, []], [2, []], [33, []], [26, []], [46, []], [6, []]], [[0, [29, 30, 18, 8, 34]], [29, []], [30, []], [18, []], [8, []], [34, []], [43, [43, 24]], [24, []], [20, [20, 38, 16, 35, 39, 32, 9, 12]], [38, []], [16, []], [35, []], [39, []], [32, []], [9, []], [12, []], [27, [27, 21, 40, 10, 48, 23, 42, 37, 19, 36]], [21, []], [40, []], [10, []], [48, []], [23, []], [42, []], [37, []], [19, []], [36, []]]], [[[5, [31, 41, 22]]], [[43, [43, 24]]], [[1, [1, 14, 4, 13, 7, 44, 49, 3, 15, 17]]], [[20, [20, 38, 16, 35, 39, 32, 9, 12]]], [[47, [47, 28, 45, 25, 50, 2, 33, 26, 46, 6]]], [[27, [27, 21, 40, 10, 48, 23, 42, 37, 19, 36]]]]]}
