{"file_name": "U_50_1", "number_of_trucks": 2, "drone_capacity": 10, "number_of_drones": 2, "iteration": 1, "best_fitness": 476.7722196983013, "runtime": 4059.8255684375763, "best_solution": [[[[0, []], [44, [44, 21, 4, 11, 43, 48]], [21, []], [4, []], [11, []], [43, []], [38, [38, 18, 10, 30, 19, 29]], [18, []], [48, []], [10, []], [2, [2, 13, 31, 49]], [13, []], [19, []], [31, []], [30, []], [49, []], [15, [15, 37, 45, 39, 20, 23, 16, 14]], [14, []], [37, []], [29, []], [33, [33]], [45, []], [39, []], [20, []], [23, []], [16, []]], [[0, []], [41, [6, 41, 46]], [6, []], [27, [27, 34, 40, 26, 47, 3]], [46, []], [34, []], [40, []], [5, [5, 35, 7, 25, 28, 12]], [28, []], [26, []], [8, [8, 32, 9]], [35, []], [47, []], [3, []], [50, [50, 22, 36, 1, 42, 17, 24]], [17, []], [25, []], [7, []], [24, []], [22, []], [36, []], [1, []], [12, []], [42, []], [32, []], [9, []]]], [[[41, [6, 41, 46]]], [[44, [44, 21, 4, 11, 43, 48]]], [[27, [27, 34, 40, 26, 47, 3]]], [[38, [38, 18, 10, 30, 19, 29]]], [[5, [5, 35, 7, 25, 28, 12]]], [[2, [2, 13, 31, 49]]], [[8, [8, 32, 9]]], [[15, [15, 37, 45, 39, 20, 23, 16, 14]]], [[50, [50, 22, 36, 1, 42, 17, 24]]], [[33, [33]]]]]}
{"file_name": "U_50_1", "number_of_trucks": 2, "drone_capacity": 10, "number_of_drones": 2, "iteration": 2, "best_fitness": 521.4999000675815, "runtime": 142.16614389419556, "best_solution": [[[[0, []], [44, [44, 47, 41]], [47, []], [41, []], [27, [27, 29, 10, 38, 18]], [29, []], [10, []], [38, []], [18, []], [48, [48, 2, 5, 40, 39, 45]], [2, []], [5, []], [40, []], [39, []], [45, []], [8, [8, 1, 3, 50, 17, 25, 23, 20, 16, 9]], [1, []], [3, []], [50, []], [17, []], [25, []], [23, []], [20, []], [16, []], [9, []]], [[0, []], [19, [19]], [30, [30, 43]], [43, []], [6, [6, 7, 11, 34]], [7, []], [11, []], [26, [26, 21, 12, 35, 28, 14, 46, 31, 49]], [21, []], [12, []], [35, []], [28, []], [14, []], [46, []], [31, []], [49, []], [34, []], [37, [37, 24, 15, 13, 33, 22, 36, 4, 42, 32]], [24, []], [15, []], [13, []], [33, []], [22, []], [36, []], [4, []], [42, []], [32, []]]], [[[19, [19]]], [[44, [44, 47, 41]]], [[30, [30, 43]]], [[6, [6, 7, 11, 34]]], [[27, [27, 29, 10, 38, 18]]], [[26, [26, 21, 12, 35, 28, 14, 46, 31, 49]]], [[48, [48, 2, 5, 40, 39, 45]]], [[8, [8, 1, 3, 50, 17, 25, 23, 20, 16, 9]]], [[37, [37, 24, 15, 13, 33, 22, 36, 4, 42, 32]]]]]}
{"file_name": "U_50_1", "number_of_trucks": 2, "drone_capacity": 10, "number_of_drones": 2, "iteration": 3, "best_fitness": 551.7870596572719, "runtime": 139.41333532333374, "best_solution": [[[[0, [21, 44, 4]], [21, []], [44, []], [4, []], [46, [46]], [48, [48, 18, 10]], [18, []], [10, []], [34, [34, 14, 7, 9, 12, 47, 35]], [14, []], [7, []], [9, []], [12, []], [47, []], [16, [16, 23, 20, 24, 15, 17, 50, 32, 42]], [23, []], [20, []], [24, []], [15, []], [17, []], [50, []], [32, []], [42, []], [35, []]], [[0, []], [38, [38, 43]], [43, []], [19, [19, 41, 6, 27]], [41, [25]], [6, []], [27, []], [25, []], [3, [3, 11, 28, 26, 5, 40, 37, 30, 49, 31]], [11, []], [28, []], [26, []], [5, []], [40, []], [37, []], [30, []], [49, []], [31, []], [2, [2, 13, 29, 36, 22, 45, 33, 39, 8, 1]], [13, []], [29, []], [36, []], [22, []], [45, []], [33, []], [39, []], [8, []], [1, []]]], [[[38, [38, 43]]], [[19, [19, 41, 6, 27]]], [[46, [46]]], [[41, [25]]], [[48, [48, 18, 10]]], [[3, [3, 11, 28, 26, 5, 40, 37, 30, 49, 31]]], [[34, [34, 14, 7, 9, 12, 47, 35]]], [[16, [16, 23, 20, 24, 15, 17, 50, 32, 42]]], [[2, [2, 13, 29, 36, 22, 45, 33, 39, 8, 1]]]]]}
