{"file_name": "U_50_1", "number_of_trucks": 2, "drone_capacity": 10, "number_of_drones": 2, "iteration": 1, "best_fitness": 461.06080299106674, "runtime": 4004.6551854610443, "best_solution": [[[[0, [11, 21, 5, 6]], [5, []], [6, []], [48, [48, 25]], [25, [49, 9, 3, 17]], [49, []], [9, []], [3, []], [17, []], [47, [47, 33, 16, 41, 10, 28]], [11, []], [33, []], [21, []], [46, [46, 20, 38, 15, 50, 19, 2]], [41, []], [10, []], [28, []], [16, []], [20, []], [38, []], [15, []], [50, []], [19, []], [2, []]], [[0, [37, 26, 24, 32, 12, 45]], [26, []], [24, []], [37, []], [7, [7, 42, 23, 8, 44, 29, 18, 39, 4, 1]], [8, []], [27, [27, 31, 14]], [42, []], [12, []], [36, [36, 22]], [1, []], [18, []], [39, []], [14, []], [44, []], [23, []], [32, []], [45, []], [31, []], [22, []], [40, [40, 13, 30, 43, 34, 35]], [13, []], [30, []], [43, []], [4, []], [29, []], [34, []], [35, []]]], [[[48, [48, 25]]], [[25, [49, 9, 3, 17]]], [[7, [7, 42, 23, 8, 44, 29, 18, 39, 4, 1]]], [[27, [27, 31, 14]]], [[36, [36, 22]]], [[47, [47, 33, 16, 41, 10, 28]]], [[40, [40, 13, 30, 43, 34, 35]]], [[46, [46, 20, 38, 15, 50, 19, 2]]]]]}
{"file_name": "U_50_1", "number_of_trucks": 2, "drone_capacity": 10, "number_of_drones": 2, "iteration": 2, "best_fitness": 547.1800977798742, "runtime": 128.76386880874634, "best_solution": [[[[0, []], [26, [26, 24, 17, 9, 5, 31, 16]], [24, []], [17, []], [9, []], [5, []], [31, []], [16, []], [28, [28, 10, 49, 33, 18, 48, 21, 46, 41, 20]], [10, []], [49, []], [33, []], [18, []], [48, []], [21, []], [46, []], [41, []], [20, []], [38, [38, 15, 50, 19, 34, 35, 43, 4, 29, 2]], [15, []], [50, []], [19, []], [34, []], [35, []], [43, []], [4, []], [29, []], [2, []]], [[0, [6, 37]], [3, [3, 45, 32]], [6, []], [37, []], [45, []], [32, []], [11, [11, 44, 25, 23, 1, 14, 39, 36]], [44, []], [25, []], [23, []], [1, []], [14, []], [39, []], [36, []], [12, [12, 8, 47, 7, 42, 27, 22, 40, 13, 30]], [8, []], [47, []], [7, []], [42, []], [27, []], [22, []], [40, []], [13, []], [30, []]]], [[[26, [26, 24, 17, 9, 5, 31, 16]]], [[3, [3, 45, 32]]], [[28, [28, 10, 49, 33, 18, 48, 21, 46, 41, 20]]], [[11, [11, 44, 25, 23, 1, 14, 39, 36]]], [[12, [12, 8, 47, 7, 42, 27, 22, 40, 13, 30]]], [[38, [38, 15, 50, 19, 34, 35, 43, 4, 29, 2]]]]]}
{"file_name": "U_50_1", "number_of_trucks": 2, "drone_capacity": 10, "number_of_drones": 2, "iteration": 3, "best_fitness": 516.4, "runtime": 127.41710996627808, "best_solution": [[[[0, [6]], [11, [11, 37]], [6, [48, 49, 5]], [37, []], [48, []], [49, []], [5, []], [31, [31, 25, 23, 39, 33, 27, 42, 8, 24, 7]], [25, []], [23, []], [39, []], [33, []], [27, []], [42, []], [8, []], [24, []], [7, []], [2, [2, 35, 34, 19, 4, 50, 15, 38, 20, 43]], [35, []], [34, []], [19, []], [4, []], [50, []], [15, []], [38, []], [20, []], [43, []]], [[0, [26, 32, 45, 21]], [26, []], [32, []], [45, []], [21, []], [9, [9, 3, 29, 17]], [3, []], [29, []], [17, []], [16, [16, 28, 10, 44, 14, 18]], [28, []], [10, []], [44, []], [14, []], [18, []], [1, [1, 36, 12, 47, 46, 41, 22, 40, 13, 30]], [36, []], [12, []], [47, []], [46, []], [41, []], [22, []], [40, []], [13, []], [30, []]]], [[[11, [11, 37]]], [[6, [48, 49, 5]]], [[9, [9, 3, 29, 17]]], [[31, [31, 25, 23, 39, 33, 27, 42, 8, 24, 7]]], [[16, [16, 28, 10, 44, 14, 18]]], [[2, [2, 35, 34, 19, 4, 50, 15, 38, 20, 43]]], [[1, [1, 36, 12, 47, 46, 41, 22, 40, 13, 30]]]]]}
