{"file_name": "U_50_0", "number_of_trucks": 2, "drone_capacity": 10, "number_of_drones": 2, "iteration": 1, "best_fitness": 385.3315177512413, "runtime": 3907.2630064487457, "best_solution": [[[[0, [15, 41, 48, 27, 2, 43]], [2, []], [43, []], [35, [4, 29, 20, 38, 9, 50, 35, 44, 21]], [4, []], [29, []], [20, []], [38, []], [9, []], [15, []], [3, [3, 17, 19, 34, 24, 26, 49, 7, 5, 46]], [50, []], [17, []], [19, []], [34, []], [24, []], [26, []], [49, []], [5, []], [41, []], [46, []], [44, []], [21, []], [48, []], [27, []], [7, []]], [[0, [45, 47]], [8, [8, 12, 30, 11, 6, 37, 10, 18]], [47, []], [12, []], [11, []], [33, [33, 16, 25, 42]], [30, []], [37, []], [6, []], [10, []], [16, []], [28, [28, 13, 31, 40, 22, 39, 14, 1, 36, 32]], [13, []], [31, []], [40, []], [22, []], [45, []], [32, []], [23, [23]], [25, []], [39, []], [14, []], [18, []], [1, []], [36, []], [42, []]]], [[[8, [8, 12, 30, 11, 6, 37, 10, 18]]], [[35, [4, 29, 20, 38, 9, 50, 35, 44, 21]]], [[33, [33, 16, 25, 42]]], [[28, [28, 13, 31, 40, 22, 39, 14, 1, 36, 32]]], [[3, [3, 17, 19, 34, 24, 26, 49, 7, 5, 46]]], [[23, [23]]]]]}
{"file_name": "U_50_0", "number_of_trucks": 2, "drone_capacity": 10, "number_of_drones": 2, "iteration": 2, "best_fitness": 477.56000000000006, "runtime": 99.4335424900055, "best_solution": [[[[0, [2, 15, 9, 4, 29, 43, 30, 37, 6, 41, 5, 10, 28, 16, 20, 38, 50, 3, 17, 19, 34, 35, 8, 27, 42]], [2, []], [15, []], [9, []], [4, []], [29, []], [43, []], [30, []], [37, []], [6, []], [41, []], [5, []], [10, []], [28, []], [16, []], [20, []], [38, []], [50, []], [3, []], [17, []], [19, []], [34, []], [35, []], [8, []], [27, []], [42, []]], [[0, [12, 47, 33, 11, 21, 48, 25, 1, 36, 18, 14, 39, 44, 32, 23, 45, 22, 40, 31, 46, 13, 49, 26, 24, 7]], [12, []], [47, []], [33, []], [11, []], [21, []], [48, []], [25, []], [1, []], [36, []], [18, []], [14, []], [39, []], [44, []], [32, []], [23, []], [45, []], [22, []], [40, []], [31, []], [46, []], [13, []], [49, []], [26, []], [24, []], [7, []]]], []]}
{"file_name": "U_50_0", "number_of_trucks": 2, "drone_capacity": 10, "number_of_drones": 2, "iteration": 3, "best_fitness": 412.00000000000006, "runtime": 118.70142602920532, "best_solution": [[[[0, [2, 35, 27]], [2, []], [35, []], [27, []], [47, [47, 8, 33, 48, 21, 32, 18, 36, 1, 25]], [8, []], [33, []], [48, []], [21, []], [32, []], [18, []], [36, []], [1, []], [25, []], [23, [23, 46, 13, 37, 49, 30, 26, 34, 24, 7]], [46, []], [13, []], [37, []], [49, []], [30, []], [26, []], [34, []], [24, []], [7, []]], [[0, [10]], [10, []], [6, [6, 41, 20, 16, 38, 9]], [41, []], [20, []], [16, []], [38, []], [9, []], [15, [15, 50, 19, 17, 3, 29, 4, 43, 5, 28]], [50, []], [19, []], [17, []], [3, []], [29, []], [4, []], [43, []], [5, []], [28, []], [31, [31, 40, 22, 45, 44, 39, 14, 11, 12, 42]], [40, []], [22, []], [45, []], [44, []], [39, []], [14, []], [11, []], [12, []], [42, []]]], [[[6, [6, 41, 20, 16, 38, 9]]], [[47, [47, 8, 33, 48, 21, 32, 18, 36, 1, 25]]], [[15, [15, 50, 19, 17, 3, 29, 4, 43, 5, 28]]], [[23, [23, 46, 13, 37, 49, 30, 26, 34, 24, 7]]], [[31, [31, 40, 22, 45, 44, 39, 14, 11, 12, 42]]]]]}
