{"file_name": "U_50_1", "number_of_trucks": 2, "drone_capacity": 10, "number_of_drones": 2, "iteration": 1, "best_fitness": 560.867135163828, "runtime": 3910.70964884758, "best_solution": [[[[0, [12, 35, 24, 48, 36, 25, 31, 50, 40, 7, 18]], [12, []], [7, []], [50, []], [40, []], [31, []], [25, []], [36, []], [35, []], [48, []], [29, [29, 46, 49]], [46, []], [18, []], [24, []], [21, [21, 4, 39, 17]], [49, []], [17, []], [4, []], [39, []], [37, [37, 10, 16]], [10, []], [16, []]], [[0, [32]], [32, []], [28, [20, 2, 28, 19, 11, 14, 27, 33, 22]], [2, []], [20, []], [33, []], [22, []], [27, []], [14, []], [11, []], [34, [34, 6, 41]], [19, []], [6, []], [41, []], [13, [13, 9, 38, 23, 3]], [42, [42, 44, 8, 30, 15]], [38, []], [44, []], [9, []], [23, []], [8, []], [45, [45, 1, 47, 5]], [1, []], [5, []], [47, []], [3, []], [26, [26, 43]], [30, []], [43, []], [15, []]]], [[[29, [29, 46, 49]]], [[28, [20, 2, 28, 19, 11, 14, 27, 33, 22]]], [[34, [34, 6, 41]]], [[13, [13, 9, 38, 23, 3]]], [[42, [42, 44, 8, 30, 15]]], [[21, [21, 4, 39, 17]]], [[45, [45, 1, 47, 5]]], [[26, [26, 43]]], [[37, [37, 10, 16]]]]]}
{"file_name": "U_50_1", "number_of_trucks": 2, "drone_capacity": 10, "number_of_drones": 2, "iteration": 2, "best_fitness": 732.5250513440867, "runtime": 115.87246680259705, "best_solution": [[[[0, [20, 33, 40, 18, 12, 22, 19, 34, 50]], [20, []], [33, []], [40, []], [18, []], [12, []], [22, []], [19, []], [34, []], [50, []], [25, [25, 48, 35, 36, 24, 38, 41, 3, 8, 23]], [48, []], [35, []], [36, []], [24, []], [38, []], [41, []], [3, []], [8, []], [23, []], [39, [39, 21, 4, 45, 1, 16, 26, 5, 43, 15]], [21, []], [4, []], [45, []], [1, []], [16, []], [26, []], [5, []], [43, []], [15, []]], [[0, [14, 11, 32, 7, 28, 2, 27, 6, 31]], [14, []], [11, []], [32, []], [7, []], [28, [9, 46]], [2, []], [27, []], [6, []], [31, []], [9, []], [46, []], [29, [29, 13, 47, 30, 42, 44, 17, 10, 37, 49]], [13, []], [47, []], [30, []], [42, []], [44, []], [17, []], [10, []], [37, []], [49, []]]], [[[28, [9, 46]]], [[25, [25, 48, 35, 36, 24, 38, 41, 3, 8, 23]]], [[39, [39, 21, 4, 45, 1, 16, 26, 5, 43, 15]]], [[29, [29, 13, 47, 30, 42, 44, 17, 10, 37, 49]]]]]}
{"file_name": "U_50_1", "number_of_trucks": 2, "drone_capacity": 10, "number_of_drones": 2, "iteration": 3, "best_fitness": 690.1161804553881, "runtime": 146.64540815353394, "best_solution": [[[[0, []], [32, [32, 22, 19, 34, 40]], [22, []], [19, []], [34, []], [40, []], [50, [50, 12, 25]], [12, []], [25, []], [7, [7, 6, 24, 33, 38, 9, 23]], [6, []], [24, [46]], [33, []], [38, []], [9, []], [23, []], [46, []], [21, [21, 39, 8, 29, 10, 16, 37]], [39, []], [8, []], [29, []], [10, []], [16, []], [37, []]], [[0, [14, 11]], [14, []], [11, []], [28, [28, 20, 2, 27, 48, 35]], [20, []], [2, []], [27, []], [48, []], [35, []], [36, [36]], [31, [31]], [13, [13, 30, 41, 3, 47, 18, 4]], [30, []], [41, []], [3, []], [47, []], [18, []], [4, []], [17, [17, 49, 15, 42, 44, 45, 1, 26, 5, 43]], [49, []], [15, []], [42, []], [44, []], [45, []], [1, []], [26, []], [5, []], [43, []]]], [[[28, [28, 20, 2, 27, 48, 35]]], [[32, [32, 22, 19, 34, 40]]], [[50, [50, 12, 25]]], [[7, [7, 6, 24, 33, 38, 9, 23]]], [[36, [36]]], [[31, [31]]], [[24, [46]]], [[13, [13, 30, 41, 3, 47, 18, 4]]], [[17, [17, 49, 15, 42, 44, 45, 1, 26, 5, 43]]], [[21, [21, 39, 8, 29, 10, 16, 37]]]]]}
