{"file_name": "U_50_1", "number_of_trucks": 2, "drone_capacity": 10, "number_of_drones": 2, "iteration": 1, "best_fitness": 580.4694326531359, "runtime": 3764.2740614414215, "best_solution": [[[[0, [14, 23]], [23, []], [14, [40, 49, 22, 1, 18, 30]], [40, []], [49, []], [22, []], [1, []], [18, []], [30, []], [3, [3, 7, 29, 46]], [7, []], [46, []], [29, []], [38, [38, 27, 39, 33, 12, 47, 4, 37]], [27, []], [39, []], [33, []], [12, []], [35, [35, 2, 9, 15]], [2, []], [9, []], [47, []], [4, []], [15, []], [37, []]], [[0, []], [25, [17, 16, 25, 32, 44, 19, 13]], [17, []], [16, []], [13, []], [32, [41, 10, 6]], [44, []], [19, []], [6, []], [41, []], [10, []], [11, [11, 28, 36, 42, 8]], [42, []], [28, []], [26, [26, 34, 43, 50]], [34, []], [50, []], [36, []], [43, []], [5, [5, 45, 20, 48, 21, 31, 24]], [20, []], [48, []], [24, []], [45, []], [31, []], [21, []], [8, []]]], [[[25, [17, 16, 25, 32, 44, 19, 13]]], [[14, [40, 49, 22, 1, 18, 30]]], [[32, [41, 10, 6]]], [[3, [3, 7, 29, 46]]], [[11, [11, 28, 36, 42, 8]]], [[38, [38, 27, 39, 33, 12, 47, 4, 37]]], [[26, [26, 34, 43, 50]]], [[5, [5, 45, 20, 48, 21, 31, 24]]], [[35, [35, 2, 9, 15]]]]]}
{"file_name": "U_50_1", "number_of_trucks": 2, "drone_capacity": 10, "number_of_drones": 2, "iteration": 2, "best_fitness": 754.0970218376175, "runtime": 115.22481656074524, "best_solution": [[[[0, [1, 40, 23, 49, 14, 30, 13, 18, 46]], [1, []], [40, []], [23, []], [49, []], [14, [6, 50, 28, 7]], [30, []], [13, []], [18, []], [46, []], [6, []], [50, []], [28, []], [7, []], [12, [12, 11, 42, 27, 39, 31, 15, 2, 35, 9]], [11, []], [42, []], [27, []], [39, []], [31, []], [15, []], [2, []], [35, []], [9, []]], [[0, [22, 44, 17, 16, 19, 32, 25]], [22, []], [44, []], [17, []], [16, []], [19, []], [32, []], [25, []], [41, [41, 10, 29, 3, 8, 4, 37, 47, 26, 33]], [10, []], [29, []], [3, []], [8, []], [4, []], [37, []], [47, []], [26, []], [33, []], [38, [38, 43, 36, 21, 34, 5, 24, 48, 20, 45]], [43, []], [36, []], [21, []], [34, []], [5, []], [24, []], [48, []], [20, []], [45, []]]], [[[14, [6, 50, 28, 7]]], [[41, [41, 10, 29, 3, 8, 4, 37, 47, 26, 33]]], [[38, [38, 43, 36, 21, 34, 5, 24, 48, 20, 45]]], [[12, [12, 11, 42, 27, 39, 31, 15, 2, 35, 9]]]]]}
{"file_name": "U_50_1", "number_of_trucks": 2, "drone_capacity": 10, "number_of_drones": 2, "iteration": 3, "best_fitness": 734.5752169179785, "runtime": 120.31769943237305, "best_solution": [[[[0, [40, 23, 1, 49]], [40, []], [23, []], [1, []], [49, []], [14, [14, 30, 13, 18, 46, 6, 29, 28, 12]], [30, []], [13, []], [18, []], [46, []], [6, []], [29, []], [28, []], [12, []], [11, [11, 42, 4, 36, 43, 15, 2, 35, 9, 45]], [42, []], [4, []], [36, []], [43, []], [15, []], [2, []], [35, []], [9, []], [45, []]], [[0, [22, 44, 17, 16, 19, 32, 25]], [22, []], [44, []], [17, []], [16, []], [19, []], [32, []], [25, []], [41, [41, 10, 7, 3, 8, 37, 47, 26, 33]], [10, []], [7, [38]], [3, []], [8, []], [37, []], [47, []], [26, []], [33, []], [38, []], [50, [50, 21, 34, 27, 39, 24, 5, 48, 20, 31]], [21, []], [34, []], [27, []], [39, []], [24, []], [5, []], [48, []], [20, []], [31, []]]], [[[41, [41, 10, 7, 3, 8, 37, 47, 26, 33]]], [[14, [14, 30, 13, 18, 46, 6, 29, 28, 12]]], [[7, [38]]], [[50, [50, 21, 34, 27, 39, 24, 5, 48, 20, 31]]], [[11, [11, 42, 4, 36, 43, 15, 2, 35, 9, 45]]]]]}
