{"file_name": "U_20_0", "number_of_trucks": 2, "drone_capacity": 2, "number_of_drones": 2, "iteration": 1, "best_fitness": 268.2375627797667, "runtime": 154.36576962471008, "best_solution": [[[[0, [16, 19, 18, 11, 13, 15]], [15, []], [2, [2, 5]], [13, []], [5, []], [11, []], [16, []], [1, [1, 8]], [8, []], [19, []], [18, []]], [[0, [17, 3, 10]], [9, [9, 4, 14]], [10, []], [14, []], [12, [12, 20]], [17, []], [3, []], [20, []], [4, []], [6, [6, 7]], [7, []]]], [[[9, [4, 14]]], [[9, [9]]], [[2, [2, 5]]], [[12, [12, 20]]], [[6, [6, 7]]], [[1, [1, 8]]]]]}
{"file_name": "U_20_0", "number_of_trucks": 2, "drone_capacity": 2, "number_of_drones": 2, "iteration": 2, "best_fitness": 267.35999999999996, "runtime": 180.2228605747223, "best_solution": [[[[0, [17, 3, 4, 14, 13]], [7, [7]], [6, [6, 2]], [12, [12, 5]], [14, []], [13, []], [17, []], [4, []], [3, []], [5, []], [2, []]], [[0, [19, 10, 16, 20, 11, 15, 9, 18]], [15, []], [9, []], [18, []], [10, []], [19, []], [8, [1, 8]], [1, []], [16, []], [11, []], [20, []]]], [[[7, [7]]], [[6, [6, 2]]], [[12, [12, 5]]], [[8, [1, 8]]]]]}
{"file_name": "U_20_0", "number_of_trucks": 2, "drone_capacity": 2, "number_of_drones": 2, "iteration": 3, "best_fitness": 267.88, "runtime": 181.58270454406738, "best_solution": [[[[0, [16, 10, 18, 13, 5, 19, 11, 9]], [13, []], [5, []], [16, []], [11, []], [1, [1, 8]], [8, []], [19, []], [10, []], [18, []], [9, []]], [[0, [7, 17, 3, 14, 4, 15]], [15, []], [7, []], [6, [6, 20]], [12, [12, 2]], [14, []], [17, []], [3, []], [4, []], [20, []], [2, []]]], [[[6, [6, 20]]], [[12, [12, 2]]], [[1, [1, 8]]]]]}
