{"file_name": "U_20_1", "number_of_trucks": 2, "drone_capacity": 2, "number_of_drones": 2, "iteration": 1, "best_fitness": 372.35999999999996, "runtime": 153.07403755187988, "best_solution": [[[[0, []], [14, [14, 2]], [2, []], [9, [9, 19]], [19, []], [6, [6, 8]], [8, []], [17, [17]], [7, [7, 16]], [15, [15, 5]], [16, []], [5, []]], [[0, [4, 13, 20, 10, 11, 18, 1]], [3, [12, 3]], [4, []], [13, []], [12, []], [20, []], [10, []], [18, []], [1, []], [11, []]]], [[[14, [14, 2]]], [[9, [9, 19]]], [[6, [6, 8]]], [[17, [17]]], [[3, [12, 3]]], [[7, [7, 16]]], [[15, [15, 5]]]]]}
{"file_name": "U_20_1", "number_of_trucks": 2, "drone_capacity": 2, "number_of_drones": 2, "iteration": 2, "best_fitness": 366.8686065517744, "runtime": 189.07453799247742, "best_solution": [[[[0, []], [14, [14, 9, 6, 2]], [6, []], [2, []], [9, []], [19, [19, 8]], [8, []], [17, [17, 20]], [20, []], [7, [7, 15]], [15, []], [18, [18, 11]], [11, []]], [[0, [1, 4, 10]], [5, [13, 5]], [3, [3, 12]], [4, []], [13, []], [12, []], [10, []], [1, []], [16, [16]]]], [[[14, [9, 6]]], [[14, [14, 2]]], [[19, [19, 8]]], [[5, [13, 5]]], [[17, [17, 20]]], [[3, [3, 12]]], [[7, [7, 15]]], [[18, [18, 11]]], [[16, [16]]]]]}
{"file_name": "U_20_1", "number_of_trucks": 2, "drone_capacity": 2, "number_of_drones": 2, "iteration": 3, "best_fitness": 372.08, "runtime": 206.22129440307617, "best_solution": [[[[0, [1, 13, 5, 4, 10, 15, 11]], [10, []], [15, []], [1, []], [11, []], [5, []], [4, []], [13, []], [12, [12, 3]], [3, []]], [[0, []], [14, [14, 2, 19, 8]], [2, []], [19, []], [9, [9, 6]], [6, []], [8, []], [17, [17, 20]], [20, []], [18, [18, 7]], [7, []], [16, [16]]]], [[[14, [19, 8]]], [[14, [14, 2]]], [[9, [9, 6]]], [[17, [17, 20]]], [[18, [18, 7]]], [[12, [12, 3]]], [[16, [16]]]]]}
