{"file_name": "U_20_0", "number_of_trucks": 2, "drone_capacity": 2, "number_of_drones": 2, "iteration": 1, "best_fitness": 213.65049457151463, "runtime": 187.71665787696838, "best_solution": [[[[0, [15, 13, 11, 17, 18, 14, 1, 16, 12, 7, 6]], [13, []], [15, []], [11, []], [7, []], [6, []], [17, []], [18, []], [14, []], [1, []], [16, []], [12, []]], [[0, [4]], [10, [10]], [5, [5, 3, 20]], [19, [19, 2]], [9, [9, 8]], [20, []], [4, []], [2, []], [3, []], [8, []]]], [[[10, [10]]], [[5, [3, 20]]], [[5, [5]]], [[19, [19, 2]]], [[9, [9, 8]]]]]}
{"file_name": "U_20_0", "number_of_trucks": 2, "drone_capacity": 2, "number_of_drones": 2, "iteration": 2, "best_fitness": 213.65049457151463, "runtime": 216.9381229877472, "best_solution": [[[[0, [18, 15, 16, 17, 12, 1, 14, 6, 7, 11, 13]], [12, []], [16, []], [1, []], [14, []], [18, []], [17, []], [6, []], [7, []], [11, []], [15, []], [13, []]], [[0, [4, 10]], [10, []], [5, [5, 2, 3]], [19, [19, 9, 20]], [9, [8]], [20, []], [4, []], [2, []], [3, []], [8, []]]], [[[5, [2, 3]]], [[5, [5]]], [[19, [9, 20]]], [[19, [19]]], [[9, [8]]]]]}
{"file_name": "U_20_0", "number_of_trucks": 2, "drone_capacity": 2, "number_of_drones": 2, "iteration": 3, "best_fitness": 221.65763340839746, "runtime": 140.79919457435608, "best_solution": [[[[0, [2, 10, 4]], [4, []], [2, []], [3, [3, 5, 20]], [8, [8, 9, 19]], [20, []], [19, []], [10, []], [5, []], [9, []]], [[0, [1, 14, 12, 17, 18, 6, 7, 11, 13, 15, 16]], [13, []], [12, []], [16, []], [1, []], [14, []], [17, []], [18, []], [7, []], [6, []], [11, []], [15, []]]], [[[3, [3, 5]]], [[3, [20]]], [[8, [19]]], [[8, [8, 9]]]]]}
