{"file_name": "U_20_1", "number_of_trucks": 2, "drone_capacity": 2, "number_of_drones": 2, "iteration": 1, "best_fitness": 304.8233368597368, "runtime": 255.20104265213013, "best_solution": [[[[0, [9, 15, 14, 3, 8, 10, 1]], [14, []], [10, []], [3, []], [9, []], [7, [7, 17]], [15, []], [17, []], [8, []], [1, []], [6, [6]]], [[0, []], [18, [18, 16, 2]], [16, []], [20, [20, 11, 12]], [12, []], [11, []], [4, [4, 13]], [13, []], [2, []], [5, [5, 19]], [19, []]]], [[[18, [2]]], [[18, [18, 16]]], [[20, [20, 12]]], [[20, [11]]], [[4, [4, 13]]], [[7, [7, 17]]], [[5, [5, 19]]], [[6, [6]]]]]}
{"file_name": "U_20_1", "number_of_trucks": 2, "drone_capacity": 2, "number_of_drones": 2, "iteration": 2, "best_fitness": 312.12798761563425, "runtime": 185.2691867351532, "best_solution": [[[[0, [10, 12, 11, 1, 15]], [13, [13, 4]], [4, []], [12, []], [11, []], [10, []], [5, [5, 7]], [7, []], [15, []], [1, []]], [[0, [18]], [14, [14, 2, 16, 3]], [16, []], [2, []], [9, [9, 20]], [3, []], [20, []], [19, [19, 8]], [18, []], [17, [17, 6]], [8, []], [6, []]]], [[[14, [16, 3]]], [[14, [14, 2]]], [[9, [9, 20]]], [[13, [13, 4]]], [[19, [19, 8]]], [[5, [5, 7]]], [[17, [17, 6]]]]]}
{"file_name": "U_20_1", "number_of_trucks": 2, "drone_capacity": 2, "number_of_drones": 2, "iteration": 3, "best_fitness": 303.1679876156343, "runtime": 186.13447952270508, "best_solution": [[[[0, [14, 10, 9, 8, 1, 15]], [14, []], [10, []], [9, []], [17, [17, 19]], [15, []], [8, []], [1, []], [6, [6]], [19, []]], [[0, [12, 2, 16, 3, 18]], [18, []], [2, []], [16, []], [4, [4, 11]], [13, [13, 20]], [11, []], [12, []], [20, []], [3, []], [5, [5, 7]], [7, []]]], [[[4, [4, 11]]], [[13, [13, 20]]], [[17, [17, 19]]], [[5, [5, 7]]], [[6, [6]]]]]}
