{"file_name": "U_20_0", "number_of_trucks": 2, "drone_capacity": 2, "number_of_drones": 2, "iteration": 1, "best_fitness": 238.17738372991357, "runtime": 126.2384021282196, "best_solution": [[[[0, [10, 2, 16, 4]], [10, []], [20, [20, 3]], [3, []], [2, []], [8, [8, 1, 9, 12]], [4, []], [1, []], [14, [14, 19]], [16, []], [12, []], [9, []], [19, []]], [[0, [5, 6, 13, 11, 15, 18, 17, 7]], [5, []], [6, []], [7, []], [18, []], [17, []], [11, []], [15, []], [13, []]]], [[[20, [20, 3]]], [[8, [9, 12]]], [[8, [8, 1]]], [[14, [14, 19]]]]]}
{"file_name": "U_20_0", "number_of_trucks": 2, "drone_capacity": 2, "number_of_drones": 2, "iteration": 2, "best_fitness": 233.68, "runtime": 137.1531925201416, "best_solution": [[[[0, [18, 17, 14, 15, 11, 7, 6, 13, 19]], [19, []], [13, []], [15, []], [11, []], [7, []], [6, []], [17, []], [18, []], [14, []]], [[0, [4, 10]], [10, []], [5, [5, 2, 3]], [20, [20, 1]], [8, [8, 16, 12, 9]], [3, []], [2, []], [4, []], [1, []], [16, []], [12, []], [9, []]]], [[[5, [5, 3]]], [[5, [2]]], [[20, [20, 1]]], [[8, [8, 16]]], [[8, [12, 9]]]]]}
{"file_name": "U_20_0", "number_of_trucks": 2, "drone_capacity": 2, "number_of_drones": 2, "iteration": 3, "best_fitness": 243.35999999999999, "runtime": 173.09102320671082, "best_solution": [[[[0, [20, 13, 9, 16, 12, 15, 19, 8, 2, 3]], [9, []], [20, []], [8, []], [3, []], [2, []], [16, []], [12, []], [15, []], [13, []], [19, []]], [[0, [4, 10]], [10, []], [5, [5]], [11, [11, 18]], [7, [7]], [6, [6, 17]], [17, []], [18, []], [1, [1, 14]], [4, []], [14, []]]], [[[5, [5]]], [[11, [11, 18]]], [[7, [7]]], [[6, [6, 17]]], [[1, [1, 14]]]]]}
