{"file_name": "U_20_1", "number_of_trucks": 2, "drone_capacity": 2, "number_of_drones": 2, "iteration": 1, "best_fitness": 321.18604919526297, "runtime": 179.15707349777222, "best_solution": [[[[0, [11, 10, 18]], [15, [15]], [11, []], [13, [6, 13]], [10, []], [5, [5, 7, 16, 12]], [6, []], [7, []], [18, []], [17, [17, 19]], [16, []], [12, []], [19, []]], [[0, [4, 9, 14, 20, 1, 8]], [14, []], [1, []], [4, []], [3, [3, 2]], [2, []], [8, []], [20, []], [9, []]]], [[[15, [15]]], [[13, [6, 13]]], [[5, [5, 7]]], [[5, [16, 12]]], [[17, [17, 19]]], [[3, [3, 2]]]]]}
{"file_name": "U_20_1", "number_of_trucks": 2, "drone_capacity": 2, "number_of_drones": 2, "iteration": 2, "best_fitness": 328.94604919526296, "runtime": 213.7568199634552, "best_solution": [[[[0, [10, 11, 18]], [10, []], [11, []], [18, []], [5, [5, 9, 8]], [9, []], [12, [12, 3]], [3, []], [2, [2, 19]], [8, []], [19, []]], [[0, [6, 14, 1, 20, 13, 4, 16, 15]], [13, []], [15, []], [6, []], [7, [7, 17]], [17, []], [14, []], [1, []], [4, []], [16, []], [20, []]]], [[[5, [8]]], [[5, [5, 9]]], [[7, [7, 17]]], [[12, [12, 3]]], [[2, [2, 19]]]]]}
{"file_name": "U_20_1", "number_of_trucks": 2, "drone_capacity": 2, "number_of_drones": 2, "iteration": 3, "best_fitness": 317.44000000000005, "runtime": 158.26543545722961, "best_solution": [[[[0, [8, 14, 1, 13, 20, 16]], [13, []], [14, []], [1, []], [16, []], [2, [2, 3]], [3, []], [8, []], [20, []], [9, [9, 19]], [19, []]], [[0, [15, 10, 11]], [10, [6, 18]], [15, [4]], [11, []], [6, []], [5, [5, 7]], [7, []], [17, [17, 12]], [18, []], [4, []], [12, []]]], [[[10, [6, 18]]], [[15, [4]]], [[5, [5, 7]]], [[17, [17, 12]]], [[2, [2, 3]]], [[9, [9, 19]]]]]}
