{"file_name": "U_20_0", "number_of_trucks": 2, "drone_capacity": 2, "number_of_drones": 2, "iteration": 1, "best_fitness": 277.3000070871713, "runtime": 160.7322449684143, "best_solution": [[[[0, [2, 16, 4, 10]], [16, [20, 3]], [14, [14, 1]], [1, []], [4, []], [12, [12, 8]], [2, []], [3, []], [8, []], [20, []], [9, [9, 19]], [19, []], [10, []]], [[0, [5, 6, 13, 11, 15, 7, 18, 17]], [5, []], [6, []], [7, []], [18, []], [17, []], [11, []], [15, []], [13, []]]], [[[16, [20, 3]]], [[14, [14, 1]]], [[12, [12, 8]]], [[9, [9, 19]]]]]}
{"file_name": "U_20_0", "number_of_trucks": 2, "drone_capacity": 2, "number_of_drones": 2, "iteration": 2, "best_fitness": 277.12, "runtime": 220.08438205718994, "best_solution": [[[[0, [5, 7, 6, 18, 17, 11, 15, 13]], [5, []], [6, []], [7, []], [18, []], [17, []], [11, []], [15, []], [13, []]], [[0, [10, 4]], [10, [16, 2]], [4, []], [1, [1, 14]], [14, []], [16, []], [12, [12, 19]], [2, []], [3, [3, 20]], [8, [8, 9]], [20, []], [9, []], [19, []]]], [[[10, [16, 2]]], [[1, [1, 14]]], [[12, [12, 19]]], [[3, [3, 20]]], [[8, [8, 9]]]]]}
{"file_name": "U_20_0", "number_of_trucks": 2, "drone_capacity": 2, "number_of_drones": 2, "iteration": 3, "best_fitness": 276.52, "runtime": 154.36886286735535, "best_solution": [[[[0, [13, 15, 8, 9, 20, 2, 3, 12, 16]], [9, []], [13, []], [15, []], [12, []], [16, []], [2, []], [3, []], [8, []], [20, []]], [[0, [10, 4]], [10, []], [5, [5]], [11, [11, 1]], [7, [7, 6]], [6, []], [17, [17, 18]], [18, []], [1, []], [4, []], [14, [14, 19]], [19, []]]], [[[5, [5]]], [[11, [11, 1]]], [[7, [7, 6]]], [[17, [17, 18]]], [[14, [14, 19]]]]]}
