{"file_name": "U_20_1", "number_of_trucks": 2, "drone_capacity": 2, "number_of_drones": 2, "iteration": 1, "best_fitness": 323.043589209627, "runtime": 109.03569793701172, "best_solution": [[[[0, [7, 8]], [7, []], [8, []], [1, [1]], [17, [17, 6]], [6, []], [15, [15, 19]], [18, [18, 4]], [19, []], [4, []], [2, [2]]], [[0, [13, 11]], [13, []], [11, []], [3, [3, 12]], [12, []], [5, [5, 9]], [9, []], [10, [10, 20]], [20, []], [14, [14, 16]], [16, []]]], [[[1, [1]]], [[3, [3, 12]]], [[17, [17, 6]]], [[15, [15, 19]]], [[5, [5, 9]]], [[10, [10, 20]]], [[18, [18, 4]]], [[14, [14, 16]]], [[2, [2]]]]]}
{"file_name": "U_20_1", "number_of_trucks": 2, "drone_capacity": 2, "number_of_drones": 2, "iteration": 2, "best_fitness": 330.10626711781526, "runtime": 143.94156336784363, "best_solution": [[[[0, [6, 8, 19, 1, 15]], [1, []], [8, []], [15, []], [19, []], [6, []], [20, [20, 4]], [4, []], [16, [16, 14]], [14, []]], [[0, [7, 13]], [7, []], [13, [11]], [12, [12, 3]], [11, []], [5, [5]], [3, []], [10, [10, 17, 9]], [9, []], [17, []], [18, [18]], [2, [2]]]], [[[13, [11]]], [[12, [12, 3]]], [[5, [5]]], [[10, [10]]], [[10, [17, 9]]], [[20, [20, 4]]], [[18, [18]]], [[16, [16, 14]]], [[2, [2]]]]]}
{"file_name": "U_20_1", "number_of_trucks": 2, "drone_capacity": 2, "number_of_drones": 2, "iteration": 3, "best_fitness": 323.043589209627, "runtime": 112.22258067131042, "best_solution": [[[[0, [7]], [7, []], [11, [11]], [12, [12, 3]], [9, [9, 5]], [3, []], [5, []], [20, [20, 10]], [10, []], [14, [14]], [16, [16]]], [[0, [13]], [13, []], [8, [8, 1]], [1, []], [6, [6, 15]], [15, []], [19, [19, 17]], [17, []], [18, [18, 4]], [4, []], [2, [2]]]], [[[11, [11]]], [[8, [8, 1]]], [[6, [6, 15]]], [[12, [12, 3]]], [[19, [19, 17]]], [[9, [9, 5]]], [[20, [20, 10]]], [[18, [18, 4]]], [[14, [14]]], [[16, [16]]], [[2, [2]]]]]}
