{"file_name": "U_20_1", "number_of_trucks": 2, "drone_capacity": 2, "number_of_drones": 2, "iteration": 1, "best_fitness": 370.73049457151455, "runtime": 121.55907964706421, "best_solution": [[[[0, [1, 15, 5, 18, 17]], [15, []], [18, []], [17, []], [5, []], [14, [14, 2]], [1, []], [2, []], [4, [4, 12]], [12, []]], [[0, [3, 10]], [3, []], [10, []], [13, [13]], [16, [16]], [9, [9]], [19, [19]], [6, [6, 7]], [7, []], [11, [11, 20]], [20, []], [8, [8]]]], [[[13, [13]]], [[16, [16]]], [[9, [9]]], [[19, [19]]], [[14, [14, 2]]], [[6, [6, 7]]], [[11, [11, 20]]], [[8, [8]]], [[4, [4, 12]]]]]}
{"file_name": "U_20_1", "number_of_trucks": 2, "drone_capacity": 2, "number_of_drones": 2, "iteration": 2, "best_fitness": 366.94756888647214, "runtime": 165.96008825302124, "best_solution": [[[[0, [5, 17, 18, 1]], [5, []], [1, []], [17, []], [18, []], [6, [6, 7]], [7, []], [11, [11]], [20, [20, 8]], [8, []]], [[0, [10, 15, 3]], [3, []], [15, []], [10, []], [16, [16, 13]], [9, [9]], [13, []], [19, [19]], [2, [2, 14]], [14, []], [4, [4, 12]], [12, []]]], [[[16, [16, 13]]], [[9, [9]]], [[19, [19]]], [[2, [2, 14]]], [[6, [6, 7]]], [[11, [11]]], [[20, [20, 8]]], [[4, [4, 12]]]]]}
{"file_name": "U_20_1", "number_of_trucks": 2, "drone_capacity": 2, "number_of_drones": 2, "iteration": 3, "best_fitness": 366.94756888647214, "runtime": 112.00859308242798, "best_solution": [[[[0, [10, 15]], [10, []], [15, []], [5, [5, 13]], [13, []], [9, [9]], [19, [19]], [2, [2, 14]], [14, []], [4, [4, 12]], [12, []]], [[0, [3, 1]], [3, []], [1, []], [18, [18, 17]], [17, []], [16, [16]], [6, [6, 7]], [7, []], [11, [11]], [20, [20, 8]], [8, []]]], [[[5, [5, 13]]], [[18, [18, 17]]], [[9, [9]]], [[16, [16]]], [[19, [19]]], [[2, [2, 14]]], [[6, [6, 7]]], [[11, [11]]], [[20, [20, 8]]], [[4, [4, 12]]]]]}
