{"file_name": "U_20_1", "number_of_trucks": 2, "drone_capacity": 2, "number_of_drones": 2, "iteration": 1, "best_fitness": 375.38896101478974, "runtime": 146.3742470741272, "best_solution": [[[[0, [8, 1, 6, 19]], [19, [15, 3]], [6, []], [8, []], [1, []], [15, []], [17, [17, 5]], [10, [10, 20]], [3, []], [5, []], [20, []], [14, [14, 16]], [16, []]], [[0, [13, 11, 7]], [13, []], [11, []], [12, [12]], [7, []], [9, [9, 4]], [4, []], [2, [2, 18]], [18, []]]], [[[19, [15, 3]]], [[12, [12]]], [[17, [17, 5]]], [[9, [9, 4]]], [[10, [10, 20]]], [[14, [14, 16]]], [[2, [2, 18]]]]]}
{"file_name": "U_20_1", "number_of_trucks": 2, "drone_capacity": 2, "number_of_drones": 2, "iteration": 2, "best_fitness": 382.23254791032974, "runtime": 113.31609869003296, "best_solution": [[[[0, [7]], [15, [15, 6]], [6, []], [7, []], [17, [17, 3]], [3, [9, 10]], [9, []], [10, []], [14, [14, 18]], [18, []]], [[0, [13, 11, 1]], [1, [8, 19]], [8, []], [19, []], [13, [12, 5]], [11, []], [12, []], [5, []], [20, [20, 4]], [4, []], [16, [16, 2]], [2, []]]], [[[1, [8, 19]]], [[15, [15, 6]]], [[17, [17, 3]]], [[13, [12, 5]]], [[20, [20, 4]]], [[3, [9, 10]]], [[16, [16, 2]]], [[14, [14, 18]]]]]}
{"file_name": "U_20_1", "number_of_trucks": 2, "drone_capacity": 2, "number_of_drones": 2, "iteration": 3, "best_fitness": 373.94349575620777, "runtime": 205.89272952079773, "best_solution": [[[[0, [13, 11]], [19, [19]], [13, [12, 3]], [12, []], [11, []], [3, []], [9, [9, 4]], [4, []], [2, [2, 18]], [18, []]], [[0, [7, 1, 15, 6, 8]], [15, []], [1, []], [6, []], [8, []], [17, [17, 5]], [7, []], [5, []], [20, [20, 10]], [10, []], [16, [16, 14]], [14, []]]], [[[19, [19]]], [[13, [12, 3]]], [[17, [17, 5]]], [[20, [20, 10]]], [[9, [9, 4]]], [[16, [16, 14]]], [[2, [2, 18]]]]]}
