{"file_name": "U_20_1", "number_of_trucks": 2, "drone_capacity": 2, "number_of_drones": 2, "iteration": 1, "best_fitness": 332.93624742506455, "runtime": 163.7623016834259, "best_solution": [[[[0, [6, 19, 2, 9, 11]], [11, []], [15, [15]], [19, []], [6, []], [2, []], [9, []], [7, [7, 18]], [18, []], [16, [16, 5]], [5, []]], [[0, []], [14, [14]], [1, [1]], [8, [8, 10]], [10, []], [20, [20, 17]], [17, []], [4, [4, 13]], [13, []], [12, [12, 3]], [3, []]]], [[[14, [14]]], [[1, [1]]], [[15, [15]]], [[8, [8, 10]]], [[20, [20, 17]]], [[4, [4, 13]]], [[7, [7, 18]]], [[12, [12, 3]]], [[16, [16, 5]]]]]}
{"file_name": "U_20_1", "number_of_trucks": 2, "drone_capacity": 2, "number_of_drones": 2, "iteration": 2, "best_fitness": 334.11291500998306, "runtime": 178.8603196144104, "best_solution": [[[[0, []], [1, [1]], [6, [6, 19]], [19, []], [10, [10]], [12, [12, 13]], [13, []], [4, [4, 5]], [3, [3, 16]], [16, []], [5, []]], [[0, []], [14, [14, 2]], [2, []], [9, [9, 8]], [8, []], [17, [17, 20]], [20, []], [7, [7, 15]], [15, []], [18, [18, 11]], [11, []]]], [[[1, [1]]], [[14, [14, 2]]], [[9, [9, 8]]], [[6, [6, 19]]], [[10, [10]]], [[17, [17, 20]]], [[12, [12, 13]]], [[4, [4, 5]]], [[7, [7, 15]]], [[3, [3, 16]]], [[18, [18, 11]]]]]}
{"file_name": "U_20_1", "number_of_trucks": 2, "drone_capacity": 2, "number_of_drones": 2, "iteration": 3, "best_fitness": 331.8284520033139, "runtime": 160.61560797691345, "best_solution": [[[[0, []], [1, [1, 2]], [2, []], [6, [6, 19]], [19, []], [10, [10, 15]], [20, [20, 11]], [15, []], [7, [7, 18]], [18, []], [11, []], [16, [16]]], [[0, []], [14, [14]], [9, [9, 8]], [8, []], [17, [17, 13]], [12, [12, 4]], [13, []], [4, []], [3, [3, 5]], [5, []]]], [[[14, [14]]], [[1, [1, 2]]], [[6, [6, 19]]], [[9, [9, 8]]], [[10, [10, 15]]], [[20, [20, 11]]], [[17, [17, 13]]], [[12, [12, 4]]], [[7, [7, 18]]], [[3, [3, 5]]], [[16, [16]]]]]}
