{"file_name": "U_20_1", "number_of_trucks": 2, "drone_capacity": 2, "number_of_drones": 2, "iteration": 1, "best_fitness": 357.0281223736881, "runtime": 125.46522116661072, "best_solution": [[[[0, [15, 14, 6]], [15, []], [18, [18]], [14, []], [6, []], [4, [4, 8]], [8, []], [20, [20, 12]], [12, []]], [[0, [13, 16, 1, 19, 11]], [13, []], [9, [9]], [11, []], [16, []], [1, []], [5, [5, 2]], [19, []], [10, [10]], [2, []], [17, [17]], [3, [3, 7]], [7, []]]], [[[18, [18]]], [[9, [9]]], [[5, [5, 2]]], [[4, [4, 8]]], [[10, [10]]], [[17, [17]]], [[20, [20, 12]]], [[3, [3, 7]]]]]}
{"file_name": "U_20_1", "number_of_trucks": 2, "drone_capacity": 2, "number_of_drones": 2, "iteration": 2, "best_fitness": 357.0281223736881, "runtime": 192.92140197753906, "best_solution": [[[[0, [11, 6, 15, 1]], [18, [18]], [11, []], [15, []], [1, []], [6, []], [4, [4, 8]], [8, []], [20, [20, 12]], [12, []]], [[0, [19, 13, 16, 14]], [16, []], [14, []], [9, [9]], [13, []], [19, []], [2, [2, 5]], [5, []], [10, [10]], [17, [17]], [3, [3, 7]], [7, []]]], [[[18, [18]]], [[9, [9]]], [[2, [2, 5]]], [[4, [4, 8]]], [[10, [10]]], [[17, [17]]], [[20, [20, 12]]], [[3, [3, 7]]]]]}
{"file_name": "U_20_1", "number_of_trucks": 2, "drone_capacity": 2, "number_of_drones": 2, "iteration": 3, "best_fitness": 357.0281223736881, "runtime": 109.56161403656006, "best_solution": [[[[0, [18, 14, 15]], [15, []], [18, [9, 19]], [14, []], [9, []], [19, []], [5, [5]], [10, [10]], [17, [17]], [3, [3, 7]], [7, []]], [[0, [13, 16, 11, 6]], [11, []], [6, []], [13, []], [16, []], [1, [1]], [2, [2]], [4, [4, 8]], [8, []], [20, [20, 12]], [12, []]]], [[[1, [1]]], [[18, [9, 19]]], [[2, [2]]], [[5, [5]]], [[10, [10]]], [[4, [4, 8]]], [[17, [17]]], [[20, [20, 12]]], [[3, [3, 7]]]]]}
