{"file_name": "U_20_0", "number_of_trucks": 2, "drone_capacity": 2, "number_of_drones": 2, "iteration": 1, "best_fitness": 214.96000000000004, "runtime": 155.9871768951416, "best_solution": [[[[0, [7, 10, 1, 11, 20, 5, 14, 16, 18]], [10, []], [18, []], [1, []], [11, []], [16, []], [5, []], [14, []], [7, []], [20, []]], [[0, [13, 3, 9, 4]], [3, []], [4, []], [13, []], [12, [12, 8, 2, 15]], [17, [17, 19, 6]], [8, []], [2, []], [9, []], [19, []], [6, []], [15, []]]], [[[12, [2, 15]]], [[12, [12, 8]]], [[17, [17]]], [[17, [19, 6]]]]]}
{"file_name": "U_20_0", "number_of_trucks": 2, "drone_capacity": 2, "number_of_drones": 2, "iteration": 2, "best_fitness": 217.8, "runtime": 168.2691466808319, "best_solution": [[[[0, [13, 4, 3, 9]], [4, []], [3, []], [13, []], [12, [12, 8, 2, 18]], [17, [17, 19, 6]], [8, []], [6, []], [2, []], [9, []], [19, []], [18, []]], [[0, [11, 1, 16, 5, 14, 7, 15, 10, 20]], [1, []], [11, []], [16, []], [5, []], [14, []], [7, []], [15, []], [10, []], [20, []]]], [[[12, [8, 2]]], [[12, [12, 18]]], [[17, [17, 6]]], [[17, [19]]]]]}
{"file_name": "U_20_0", "number_of_trucks": 2, "drone_capacity": 2, "number_of_drones": 2, "iteration": 3, "best_fitness": 220.52, "runtime": 163.6229362487793, "best_solution": [[[[0, [7, 9, 15, 8, 20]], [15, []], [7, []], [6, [6, 2]], [9, []], [2, []], [19, [19, 10, 17]], [8, []], [17, []], [20, []], [10, []]], [[0, [14, 12, 16, 4, 3, 13, 11, 1, 18, 5]], [12, []], [13, []], [4, []], [3, []], [14, []], [5, []], [16, []], [11, []], [1, []], [18, []]]], [[[6, [2]]], [[6, [6]]], [[19, [17]]], [[19, [19, 10]]]]]}
