{"file_name": "U_20_0", "number_of_trucks": 2, "drone_capacity": 2, "number_of_drones": 2, "iteration": 1, "best_fitness": 218.62800163517431, "runtime": 160.8004868030548, "best_solution": [[[[0, [7, 9, 2, 14, 15, 5]], [5, []], [14, []], [7, [6, 16]], [9, []], [2, []], [19, [19]], [6, []], [15, []], [16, []]], [[0, [3, 13, 4]], [4, []], [3, []], [13, []], [12, [12, 8, 20, 10]], [8, []], [17, [17, 18]], [20, []], [10, []], [18, []], [1, [1, 11]], [11, []]]], [[[12, [8, 20]]], [[12, [12, 10]]], [[7, [6, 16]]], [[17, [17, 18]]], [[19, [19]]], [[1, [1, 11]]]]]}
{"file_name": "U_20_0", "number_of_trucks": 2, "drone_capacity": 2, "number_of_drones": 2, "iteration": 2, "best_fitness": 214.18858572739606, "runtime": 210.67297863960266, "best_solution": [[[[0, [7, 14, 15]], [14, []], [5, [5, 9, 2]], [15, []], [7, []], [19, [19, 6]], [9, []], [2, []], [6, []], [16, [16]]], [[0, [3, 13, 4, 8]], [3, []], [4, []], [13, []], [12, [12, 18, 20]], [8, []], [17, [17, 11]], [20, []], [10, [10, 1]], [18, []], [1, []], [11, []]]], [[[5, [5]]], [[5, [9, 2]]], [[12, [18, 20]]], [[12, [12]]], [[19, [19, 6]]], [[17, [17, 11]]], [[10, [10, 1]]], [[16, [16]]]]]}
{"file_name": "U_20_0", "number_of_trucks": 2, "drone_capacity": 2, "number_of_drones": 2, "iteration": 3, "best_fitness": 214.9480016351743, "runtime": 204.81819939613342, "best_solution": [[[[0, [14, 5, 9, 7, 15, 2, 18]], [5, []], [14, []], [7, []], [9, []], [2, []], [6, [6, 19]], [19, []], [15, []], [18, []]], [[0, [13, 8, 20]], [3, [3, 4]], [4, []], [13, []], [12, [12, 10, 11, 16]], [8, []], [17, [17, 1]], [20, []], [10, []], [1, []], [11, []], [16, []]]], [[[3, [3, 4]]], [[12, [10, 11]]], [[12, [12, 16]]], [[17, [17, 1]]], [[6, [6, 19]]]]]}
