{"file_name": "U_20_1", "number_of_trucks": 2, "drone_capacity": 2, "number_of_drones": 2, "iteration": 1, "best_fitness": 269.40766523843365, "runtime": 154.09283328056335, "best_solution": [[[[0, [11, 18]], [11, []], [18, []], [4, [4, 10]], [8, [8]], [20, [20, 9]], [9, []], [10, []], [19, [19]], [5, [7, 5]], [7, []]], [[0, []], [6, [6, 15]], [15, []], [13, [13, 14]], [14, []], [1, [1, 16]], [16, []], [17, [17, 12]], [2, [2, 3]], [3, []], [12, []]]], [[[4, [4, 10]]], [[6, [6, 15]]], [[13, [13, 14]]], [[1, [1, 16]]], [[8, [8]]], [[20, [20, 9]]], [[19, [19]]], [[17, [17, 12]]], [[2, [2, 3]]], [[5, [7, 5]]]]]}
{"file_name": "U_20_1", "number_of_trucks": 2, "drone_capacity": 2, "number_of_drones": 2, "iteration": 2, "best_fitness": 270.7503471494449, "runtime": 190.37996077537537, "best_solution": [[[[0, [10, 15]], [15, []], [10, []], [14, [14, 13, 8]], [4, [4, 20]], [20, []], [8, []], [2, [2, 3]], [3, []], [12, [12, 16]], [16, []], [13, []]], [[0, [6, 18, 11]], [6, []], [11, []], [1, [1, 9]], [18, []], [17, [17, 19, 7, 5]], [7, []], [5, []], [19, []], [9, []]]], [[[14, [8]]], [[14, [14, 13]]], [[4, [4, 20]]], [[1, [1, 9]]], [[17, [7, 5]]], [[17, [17, 19]]], [[2, [2, 3]]], [[12, [12, 16]]]]]}
{"file_name": "U_20_1", "number_of_trucks": 2, "drone_capacity": 2, "number_of_drones": 2, "iteration": 3, "best_fitness": 270.58861763349375, "runtime": 220.16985940933228, "best_solution": [[[[0, [8, 15, 6]], [15, []], [8, []], [20, [20, 13]], [9, [9, 7]], [5, [5, 19]], [6, []], [7, []], [13, []], [19, []]], [[0, [10]], [10, [18, 11]], [11, []], [16, [16, 14]], [4, [4, 1]], [1, []], [14, []], [18, []], [17, [17, 12]], [2, [2, 3]], [3, []], [12, []]]], [[[10, [18, 11]]], [[16, [16, 14]]], [[20, [20, 13]]], [[4, [4, 1]]], [[9, [9, 7]]], [[17, [17, 12]]], [[5, [5, 19]]], [[2, [2, 3]]]]]}
