{"file_name": "U_20_1", "number_of_trucks": 2, "drone_capacity": 2, "number_of_drones": 2, "iteration": 1, "best_fitness": 383.05756647259193, "runtime": 131.36376428604126, "best_solution": [[[[0, [16, 1, 5, 8, 11, 12, 4]], [20, [20]], [8, []], [12, []], [11, []], [16, []], [1, []], [5, []], [4, []]], [[0, [15, 2, 14, 10, 18]], [14, []], [18, []], [15, []], [7, [7, 13]], [10, []], [17, [17, 19]], [2, []], [3, [3, 9]], [19, []], [13, []], [9, []], [6, [6]]]], [[[7, [7, 13]]], [[20, [20]]], [[17, [17, 19]]], [[3, [3, 9]]], [[6, [6]]]]]}
{"file_name": "U_20_1", "number_of_trucks": 2, "drone_capacity": 2, "number_of_drones": 2, "iteration": 2, "best_fitness": 378.6154063273447, "runtime": 121.65863251686096, "best_solution": [[[[0, [14, 15]], [10, [10, 2, 18]], [2, []], [15, []], [18, []], [14, []], [16, [16, 13]], [11, [11, 5]], [13, []], [1, [1]], [5, []], [3, [3, 19]], [19, []], [9, [9, 12]], [12, []]], [[0, [8, 20, 6, 17, 4, 7]], [20, []], [8, []], [6, []], [7, []], [17, []], [4, []]]], [[[10, [18]]], [[10, [10, 2]]], [[16, [16, 13]]], [[11, [11, 5]]], [[1, [1]]], [[3, [3, 19]]], [[9, [9, 12]]]]]}
{"file_name": "U_20_1", "number_of_trucks": 2, "drone_capacity": 2, "number_of_drones": 2, "iteration": 3, "best_fitness": 378.20132681097664, "runtime": 237.69442486763, "best_solution": [[[[0, [4, 20, 8, 6, 17, 7]], [20, []], [8, []], [6, []], [17, []], [7, []], [4, []]], [[0, [15, 14]], [10, [2, 10, 18]], [2, []], [15, []], [18, []], [14, []], [16, [16, 13]], [13, []], [5, [5, 1]], [1, []], [3, [3, 19]], [19, []], [9, [9, 11]], [11, []], [12, [12]]]], [[[10, [10, 18]]], [[10, [2]]], [[16, [16, 13]]], [[5, [5, 1]]], [[3, [3, 19]]], [[9, [9, 11]]], [[12, [12]]]]]}
