{"file_name": "U_20_1", "number_of_trucks": 2, "drone_capacity": 2, "number_of_drones": 2, "iteration": 1, "best_fitness": 375.890769649339, "runtime": 120.74873304367065, "best_solution": [[[[0, [15, 13, 16, 1, 11, 19]], [15, []], [13, []], [16, []], [1, []], [11, []], [19, []], [2, [2, 5]], [5, []], [10, [10, 17]], [17, []], [3, [3, 7]], [7, []]], [[0, [14, 6]], [14, []], [6, []], [9, [9, 18]], [18, []], [8, [8, 4]], [4, []], [20, [20, 12]], [12, []]]], [[[9, [9, 18]]], [[8, [8, 4]]], [[2, [2, 5]]], [[10, [10, 17]]], [[20, [20, 12]]], [[3, [3, 7]]]]]}
{"file_name": "U_20_1", "number_of_trucks": 2, "drone_capacity": 2, "number_of_drones": 2, "iteration": 2, "best_fitness": 375.890769649339, "runtime": 113.40395998954773, "best_solution": [[[[0, [15, 6]], [15, []], [18, [18, 9]], [9, []], [6, []], [4, [4, 8]], [8, []], [20, [20, 12]], [12, []]], [[0, [11, 19, 16, 1, 14, 13]], [14, []], [13, []], [11, []], [19, []], [16, []], [5, [5, 2]], [1, []], [2, []], [17, [17, 10]], [10, []], [3, [3, 7]], [7, []]]], [[[18, [18, 9]]], [[4, [4, 8]]], [[5, [5, 2]]], [[17, [17, 10]]], [[20, [20, 12]]], [[3, [3, 7]]]]]}
{"file_name": "U_20_1", "number_of_trucks": 2, "drone_capacity": 2, "number_of_drones": 2, "iteration": 3, "best_fitness": 375.890769649339, "runtime": 110.95047664642334, "best_solution": [[[[0, [6, 11, 19, 1]], [6, []], [1, []], [11, []], [19, [18]], [18, []], [2, [2, 5]], [5, []], [10, [10, 17]], [17, []], [3, [3, 7]], [7, []]], [[0, [14, 13, 15]], [14, [16]], [13, []], [16, []], [15, []], [9, [9]], [8, [8, 4]], [4, []], [12, [12, 20]], [20, []]]], [[[14, [16]]], [[19, [18]]], [[9, [9]]], [[2, [2, 5]]], [[8, [8, 4]]], [[10, [10, 17]]], [[12, [12, 20]]], [[3, [3, 7]]]]]}
