{"file_name": "U_20_1", "number_of_trucks": 2, "drone_capacity": 2, "number_of_drones": 2, "iteration": 1, "best_fitness": 389.52700685529993, "runtime": 117.70328617095947, "best_solution": [[[[0, [15]], [10, [10]], [15, []], [1, [1, 5]], [5, []], [13, [13]], [7, [7, 6]], [6, []], [11, [11]], [8, [8, 20]], [20, []]], [[0, []], [3, [3]], [18, [18]], [17, [17, 16]], [16, []], [9, [9, 19]], [19, []], [14, [14, 2]], [2, []], [4, [4, 12]], [12, []]]], [[[10, [10]]], [[3, [3]]], [[18, [18]]], [[1, [1, 5]]], [[17, [17, 16]]], [[13, [13]]], [[9, [9, 19]]], [[7, [7, 6]]], [[14, [14, 2]]], [[11, [11]]], [[4, [4, 12]]], [[8, [8, 20]]]]]}
{"file_name": "U_20_1", "number_of_trucks": 2, "drone_capacity": 2, "number_of_drones": 2, "iteration": 2, "best_fitness": 389.52700685529993, "runtime": 126.53356385231018, "best_solution": [[[[0, [3, 18, 17, 1, 15]], [18, [16]], [17, []], [1, []], [15, []], [3, []], [2, [2, 14]], [16, []], [14, []], [4, [4, 12]], [12, []]], [[0, [10]], [5, [5]], [10, []], [13, [13]], [19, [19, 9]], [9, []], [6, [6, 7]], [7, []], [11, [11]], [8, [8, 20]], [20, []]]], [[[5, [5]]], [[13, [13]]], [[18, [16]]], [[19, [19, 9]]], [[2, [2, 14]]], [[6, [6, 7]]], [[4, [4, 12]]], [[11, [11]]], [[8, [8, 20]]]]]}
{"file_name": "U_20_1", "number_of_trucks": 2, "drone_capacity": 2, "number_of_drones": 2, "iteration": 3, "best_fitness": 389.52700685529993, "runtime": 150.25487279891968, "best_solution": [[[[0, [3, 18, 1, 17]], [1, []], [18, []], [17, []], [3, []], [6, [6, 7]], [7, []], [11, [11, 20]], [8, [8]], [20, []]], [[0, [10, 15]], [15, []], [5, [5]], [10, []], [13, [13, 16]], [16, []], [9, [9, 19, 14]], [19, [2]], [14, []], [2, []], [4, [4, 12]], [12, []]]], [[[5, [5]]], [[13, [13, 16]]], [[9, [9, 14]]], [[9, [19]]], [[19, [2]]], [[6, [6, 7]]], [[11, [11, 20]]], [[4, [4, 12]]], [[8, [8]]]]]}
