{"file_name": "U_20_1", "number_of_trucks": 2, "drone_capacity": 2, "number_of_drones": 2, "iteration": 1, "best_fitness": 401.1344826652632, "runtime": 223.30691409111023, "best_solution": [[[[0, [6, 20, 12, 5, 4]], [4, []], [5, []], [20, []], [12, []], [6, []], [7, [7, 2]], [2, []], [17, [17, 3]], [3, []]], [[0, [14]], [13, [15, 18, 16, 13]], [14, []], [18, []], [9, [9, 11]], [11, []], [16, []], [1, [1, 19]], [19, []], [10, [10, 8]], [8, []], [15, []]]], [[[13, [16, 13]]], [[13, [15, 18]]], [[9, [9, 11]]], [[7, [7, 2]]], [[1, [1, 19]]], [[10, [10, 8]]], [[17, [17, 3]]]]]}
{"file_name": "U_20_1", "number_of_trucks": 2, "drone_capacity": 2, "number_of_drones": 2, "iteration": 2, "best_fitness": 405.39604744997854, "runtime": 139.74049949645996, "best_solution": [[[[0, [6, 5, 14, 13, 20, 4]], [20, []], [4, []], [13, []], [5, []], [14, []], [6, []], [7, [7, 17]], [17, []], [3, [3]]], [[0, [16, 18]], [12, [12]], [16, []], [11, [11, 15]], [18, []], [9, [9]], [15, [1]], [19, [19, 8]], [8, []], [1, []], [10, [10, 2]], [2, []]]], [[[12, [12]]], [[11, [11, 15]]], [[9, [9]]], [[15, [1]]], [[19, [19, 8]]], [[7, [7, 17]]], [[3, [3]]], [[10, [10, 2]]]]]}
{"file_name": "U_20_1", "number_of_trucks": 2, "drone_capacity": 2, "number_of_drones": 2, "iteration": 3, "best_fitness": 396.99604744997856, "runtime": 121.0414731502533, "best_solution": [[[[0, [4, 18]], [5, [5]], [4, []], [18, []], [9, [9, 11]], [11, [1, 19]], [1, []], [19, []], [10, [10, 8]], [8, []]], [[0, [16, 6, 14, 12]], [12, [20]], [14, []], [20, []], [16, [13, 15]], [13, []], [15, []], [6, []], [7, [7, 2]], [2, []], [17, [17, 3]], [3, []]]], [[[12, [20]]], [[5, [5]]], [[16, [13, 15]]], [[7, [7, 2]]], [[9, [9, 11]]], [[11, [1, 19]]], [[10, [10, 8]]], [[17, [17, 3]]]]]}
