{"file_name": "U_20_1", "number_of_trucks": 2, "drone_capacity": 2, "number_of_drones": 2, "iteration": 1, "best_fitness": 340.3063789283731, "runtime": 157.65130496025085, "best_solution": [[[[0, [12, 1, 8, 6, 11, 3]], [1, []], [8, []], [6, []], [3, []], [12, []], [11, []], [4, [4, 13]], [13, []], [16, [16, 14]], [14, []]], [[0, [7]], [7, []], [19, [19, 15]], [15, []], [17, [17]], [9, [9, 5]], [20, [20, 10]], [5, []], [10, []], [2, [2, 18]], [18, []]]], [[[19, [19, 15]]], [[17, [17]]], [[9, [9, 5]]], [[20, [20, 10]]], [[4, [4, 13]]], [[16, [16, 14]]], [[2, [2, 18]]]]]}
{"file_name": "U_20_1", "number_of_trucks": 2, "drone_capacity": 2, "number_of_drones": 2, "iteration": 2, "best_fitness": 340.3063789283731, "runtime": 115.81450748443604, "best_solution": [[[[0, [7]], [13, [13]], [7, []], [19, [19]], [17, [17, 3]], [3, []], [20, [20, 10]], [10, []], [16, [16, 14]], [14, []]], [[0, [11]], [8, [8, 1]], [15, [15]], [1, []], [6, [6, 5, 9, 12]], [9, []], [5, []], [11, []], [12, []], [4, [4]], [2, [2, 18]], [18, []]]], [[[13, [13]]], [[8, [8, 1]]], [[19, [19]]], [[15, [15]]], [[6, [5, 9]]], [[6, [6, 12]]], [[17, [17, 3]]], [[4, [4]]], [[20, [20, 10]]], [[16, [16, 14]]], [[2, [2, 18]]]]]}
{"file_name": "U_20_1", "number_of_trucks": 2, "drone_capacity": 2, "number_of_drones": 2, "iteration": 3, "best_fitness": 340.3063789283731, "runtime": 128.44700241088867, "best_solution": [[[[0, [13, 7, 3, 11, 12, 19]], [19, []], [7, []], [3, []], [11, []], [12, []], [13, []], [4, [4, 18]], [2, [2]], [18, []]], [[0, [15, 8, 6, 1]], [15, []], [6, []], [1, []], [8, []], [17, [17]], [9, [9, 5]], [5, []], [10, [10, 20]], [20, []], [16, [16, 14]], [14, []]]], [[[17, [17]]], [[9, [9, 5]]], [[10, [10, 20]]], [[4, [4, 18]]], [[16, [16, 14]]], [[2, [2]]]]]}
