{"file_name": "U_20_1", "number_of_trucks": 2, "drone_capacity": 2, "number_of_drones": 2, "iteration": 1, "best_fitness": 297.4668405965291, "runtime": 142.1936936378479, "best_solution": [[[[0, [8, 15, 19, 16]], [15, []], [16, []], [19, []], [18, [18, 11]], [11, []], [1, [1, 13]], [8, []], [13, []], [10, [10, 2]], [2, []]], [[0, [12]], [9, [9]], [12, [17, 4]], [17, []], [4, []], [7, [7]], [6, [6]], [14, [14, 3]], [3, []], [20, [5, 20]], [5, []]]], [[[9, [9]]], [[12, [17, 4]]], [[18, [18, 11]]], [[7, [7]]], [[6, [6]]], [[1, [1, 13]]], [[14, [14, 3]]], [[20, [5, 20]]], [[10, [10, 2]]]]]}
{"file_name": "U_20_1", "number_of_trucks": 2, "drone_capacity": 2, "number_of_drones": 2, "iteration": 2, "best_fitness": 297.86545888438843, "runtime": 209.08173274993896, "best_solution": [[[[0, [9, 15, 19, 17]], [9, []], [15, []], [17, []], [19, []], [18, [18, 10]], [10, []], [20, [20, 13]], [5, [5, 3]], [3, []], [13, []], [2, [2]]], [[0, [16, 8]], [12, [12, 4]], [4, []], [16, []], [11, [11]], [8, []], [1, [1, 14]], [14, []], [6, [6, 7]], [7, []]]], [[[12, [12, 4]]], [[11, [11]]], [[18, [18, 10]]], [[1, [1, 14]]], [[20, [20, 13]]], [[5, [5, 3]]], [[6, [6, 7]]], [[2, [2]]]]]}
{"file_name": "U_20_1", "number_of_trucks": 2, "drone_capacity": 2, "number_of_drones": 2, "iteration": 3, "best_fitness": 297.90545888438845, "runtime": 201.76230192184448, "best_solution": [[[[0, [12, 4, 17, 16]], [12, []], [4, []], [17, []], [18, [18, 11]], [11, []], [16, []], [1, [1, 10]], [10, []], [20, [20, 13]], [13, []]], [[0, []], [9, [9, 19]], [8, [15, 8]], [19, []], [15, []], [7, [7]], [6, [6]], [2, [2, 5]], [5, []], [3, [3, 14]], [14, []]]], [[[9, [9, 19]]], [[8, [8]]], [[8, [15]]], [[7, [7]]], [[18, [18, 11]]], [[6, [6]]], [[1, [1, 10]]], [[2, [2, 5]]], [[20, [20, 13]]], [[3, [3, 14]]]]]}
