{"file_name": "U_20_0", "number_of_trucks": 2, "drone_capacity": 2, "number_of_drones": 2, "iteration": 1, "best_fitness": 226.64, "runtime": 143.23078298568726, "best_solution": [[[[0, [2, 6, 12, 15, 18, 10, 7, 4, 11, 16]], [6, []], [15, []], [18, []], [12, []], [11, []], [16, []], [2, []], [17, [17]], [10, []], [7, []], [4, []]], [[0, []], [1, [13, 1, 5]], [5, []], [13, []], [3, [9, 3]], [19, [19, 8]], [9, []], [14, [14, 20]], [8, []], [20, []]]], [[[1, [1, 5]]], [[1, [13]]], [[3, [9, 3]]], [[19, [19, 8]]], [[14, [14, 20]]], [[17, [17]]]]]}
{"file_name": "U_20_0", "number_of_trucks": 2, "drone_capacity": 2, "number_of_drones": 2, "iteration": 2, "best_fitness": 215.88, "runtime": 155.4963436126709, "best_solution": [[[[0, [6, 18, 16, 11, 15, 12]], [6, []], [16, []], [11, []], [12, []], [15, []], [18, []], [14, [14, 8]], [8, []], [20, [20]]], [[0, [5, 1, 4, 2, 13]], [4, []], [5, []], [1, []], [9, [9, 10]], [13, []], [19, [19, 3]], [3, []], [2, []], [17, [17, 7]], [10, []], [7, []]]], [[[9, [9, 10]]], [[19, [19, 3]]], [[14, [14, 8]]], [[17, [17, 7]]], [[20, [20]]]]]}
{"file_name": "U_20_0", "number_of_trucks": 2, "drone_capacity": 2, "number_of_drones": 2, "iteration": 3, "best_fitness": 223.27180426603397, "runtime": 128.55498266220093, "best_solution": [[[[0, []], [15, [15]], [16, [16, 2, 6, 12]], [12, []], [9, [9, 3]], [19, [19, 17]], [3, []], [2, []], [17, []], [10, [10]], [6, []]], [[0, [4, 7, 5, 11, 18, 1, 13]], [4, []], [7, []], [5, []], [1, []], [13, []], [11, []], [18, []], [14, [14, 8]], [8, []], [20, [20]]]], [[[15, [15]]], [[16, [2, 6]]], [[16, [16, 12]]], [[9, [9, 3]]], [[19, [19, 17]]], [[14, [14, 8]]], [[10, [10]]], [[20, [20]]]]]}
