{"file_name": "U_20_0", "number_of_trucks": 2, "drone_capacity": 2, "number_of_drones": 2, "iteration": 1, "best_fitness": 268.6, "runtime": 180.04549407958984, "best_solution": [[[[0, [4, 15, 7, 5, 1]], [4, []], [7, []], [5, []], [1, []], [3, [3, 18]], [15, []], [18, []], [14, [14, 8]], [8, []], [20, [20]]], [[0, [6, 12, 13, 10, 16, 11, 9, 2]], [6, []], [12, []], [16, []], [11, []], [9, []], [13, []], [19, [19, 17]], [2, []], [17, []], [10, []]]], [[[3, [3, 18]]], [[19, [19, 17]]], [[14, [14, 8]]], [[20, [20]]]]]}
{"file_name": "U_20_0", "number_of_trucks": 2, "drone_capacity": 2, "number_of_drones": 2, "iteration": 2, "best_fitness": 260.47999999999996, "runtime": 200.6511209011078, "best_solution": [[[[0, [7, 4, 15, 5, 1, 11]], [4, []], [7, [18, 12]], [5, []], [1, []], [11, []], [12, []], [15, []], [18, []], [14, [14, 8]], [8, []], [20, [20]]], [[0, [10, 9, 16, 6, 2, 3, 13]], [10, [17, 19]], [17, []], [2, []], [3, []], [19, []], [13, []], [9, []], [16, []], [6, []]]], [[[7, [18, 12]]], [[10, [17, 19]]], [[14, [14, 8]]], [[20, [20]]]]]}
{"file_name": "U_20_0", "number_of_trucks": 2, "drone_capacity": 2, "number_of_drones": 2, "iteration": 3, "best_fitness": 263.04, "runtime": 136.6910343170166, "best_solution": [[[[0, [6, 16, 2, 7, 4, 5, 3, 12, 1, 10]], [6, []], [16, []], [12, []], [1, []], [5, []], [3, []], [2, []], [17, [17]], [10, []], [7, []], [4, []]], [[0, [15]], [15, [13, 11]], [11, []], [9, [9, 18]], [13, []], [19, [19, 14]], [14, []], [18, []], [8, [8, 20]], [20, []]]], [[[15, [13, 11]]], [[9, [9, 18]]], [[19, [19, 14]]], [[8, [8, 20]]], [[17, [17]]]]]}
