{"file_name": "U_20_0", "number_of_trucks": 2, "drone_capacity": 2, "number_of_drones": 2, "iteration": 1, "best_fitness": 195.71429105522944, "runtime": 170.34155774116516, "best_solution": [[[[0, [19, 18, 2, 7, 17, 1, 15, 6]], [7, []], [15, []], [17, []], [1, []], [6, []], [8, [8, 16, 14]], [18, []], [19, []], [2, []], [16, []], [14, []]], [[0, [3, 20, 5]], [20, [12, 11]], [9, [9, 10, 13, 4]], [5, []], [3, []], [10, []], [12, []], [11, []], [13, []], [4, []]]], [[[20, [12, 11]]], [[9, [13, 4]]], [[9, [9, 10]]], [[8, [8]]], [[8, [16, 14]]]]]}
{"file_name": "U_20_0", "number_of_trucks": 2, "drone_capacity": 2, "number_of_drones": 2, "iteration": 2, "best_fitness": 196.84000000000006, "runtime": 169.44958353042603, "best_solution": [[[[0, [7, 18, 19, 15, 17, 1, 6, 13, 4]], [7, []], [15, []], [17, []], [1, []], [6, []], [8, [8]], [18, []], [19, []], [13, []], [4, []]], [[0, [3, 2]], [2, []], [20, [11, 20, 5]], [9, [9, 12, 10]], [5, []], [3, []], [10, []], [12, []], [11, []], [16, [16, 14]], [14, []]]], [[[20, [11, 20]]], [[20, [5]]], [[9, [12]]], [[9, [9, 10]]], [[16, [16, 14]]], [[8, [8]]]]]}
{"file_name": "U_20_0", "number_of_trucks": 2, "drone_capacity": 2, "number_of_drones": 2, "iteration": 3, "best_fitness": 197.04, "runtime": 145.15855622291565, "best_solution": [[[[0, [11, 3, 4]], [4, []], [13, [13, 12, 5, 20]], [12, []], [11, []], [10, [10, 9]], [3, []], [9, []], [5, []], [20, []]], [[0, [18, 17, 6, 1, 15, 2, 19]], [2, []], [19, []], [18, []], [17, []], [6, []], [1, []], [8, [8, 7]], [15, []], [7, [14, 16]], [14, []], [16, []]]], [[[13, [5, 20]]], [[13, [13, 12]]], [[10, [10, 9]]], [[8, [8, 7]]], [[7, [14, 16]]]]]}
