{"file_name": "U_20_1", "number_of_trucks": 2, "drone_capacity": 2, "number_of_drones": 2, "iteration": 1, "best_fitness": 266.86618510511494, "runtime": 186.46606874465942, "best_solution": [[[[0, [8, 1, 10, 9, 15]], [1, []], [8, []], [9, []], [10, []], [7, [7]], [17, [17, 6]], [15, []], [6, []]], [[0, [18, 2, 16, 3]], [18, []], [2, []], [16, []], [12, [11, 12]], [11, []], [13, [13, 20]], [4, [4, 14]], [14, []], [20, []], [3, []], [5, [5, 19]], [19, []]]], [[[12, [11, 12]]], [[13, [13, 20]]], [[4, [4, 14]]], [[5, [5, 19]]], [[7, [7]]], [[17, [17, 6]]]]]}
{"file_name": "U_20_1", "number_of_trucks": 2, "drone_capacity": 2, "number_of_drones": 2, "iteration": 2, "best_fitness": 266.86618510511494, "runtime": 163.6973536014557, "best_solution": [[[[0, [1, 12, 11, 8]], [1, []], [8, []], [13, [13, 4]], [4, []], [12, []], [11, []], [5, [5, 19]], [19, []]], [[0, [18, 16, 2, 14, 15, 3]], [18, []], [2, []], [16, []], [14, []], [9, [9, 10]], [3, []], [10, []], [20, [20, 6]], [7, [7]], [17, [17]], [15, []], [6, []]]], [[[9, [9, 10]]], [[13, [13, 4]]], [[20, [20, 6]]], [[7, [7]]], [[5, [5, 19]]], [[17, [17]]]]]}
{"file_name": "U_20_1", "number_of_trucks": 2, "drone_capacity": 2, "number_of_drones": 2, "iteration": 3, "best_fitness": 271.04, "runtime": 151.85684156417847, "best_solution": [[[[0, [1, 8, 11, 12]], [1, []], [8, []], [4, [4, 13]], [13, []], [11, []], [12, []], [5, [5, 19]], [19, []]], [[0, [3, 18, 2, 16, 15]], [18, []], [15, []], [2, []], [16, []], [14, [14, 9]], [9, []], [20, [20, 10]], [10, []], [3, []], [7, [7, 17]], [17, []], [6, [6]]]], [[[14, [14, 9]]], [[4, [4, 13]]], [[20, [20, 10]]], [[5, [5, 19]]], [[7, [7, 17]]], [[6, [6]]]]]}
