{"file_name": "U_20_1", "number_of_trucks": 2, "drone_capacity": 2, "number_of_drones": 2, "iteration": 1, "best_fitness": 329.44, "runtime": 241.04236793518066, "best_solution": [[[[0, [15, 10, 13, 18, 14, 6, 7]], [15, []], [18, []], [10, []], [13, []], [14, []], [6, []], [7, []]], [[0, []], [9, [9, 12, 16, 19]], [12, []], [4, [4, 17]], [17, []], [11, [11, 8]], [16, []], [8, []], [1, [1, 20]], [19, []], [20, []], [3, [3, 2, 5]], [5, []], [2, []]]], [[[9, [12, 16]]], [[9, [9, 19]]], [[4, [4, 17]]], [[11, [11, 8]]], [[1, [1, 20]]], [[3, [5]]], [[3, [3, 2]]]]]}
{"file_name": "U_20_1", "number_of_trucks": 2, "drone_capacity": 2, "number_of_drones": 2, "iteration": 2, "best_fitness": 338.6760474499786, "runtime": 167.70085835456848, "best_solution": [[[[0, [9, 16, 8, 19]], [9, []], [8, [17]], [16, []], [18, [18, 11]], [11, []], [10, [10, 1]], [19, []], [1, []], [17, []], [3, [3, 5]], [5, []]], [[0, [12]], [15, [15, 4]], [12, []], [4, []], [7, [7, 6]], [6, []], [2, [2, 20]], [20, []], [14, [14, 13]], [13, []]]], [[[15, [4]]], [[15, [15]]], [[8, [17]]], [[18, [18, 11]]], [[7, [7, 6]]], [[10, [10, 1]]], [[2, [2, 20]]], [[3, [3, 5]]], [[14, [14, 13]]]]]}
{"file_name": "U_20_1", "number_of_trucks": 2, "drone_capacity": 2, "number_of_drones": 2, "iteration": 3, "best_fitness": 342.28, "runtime": 159.1497938632965, "best_solution": [[[[0, [11, 10, 18, 9, 1, 20, 13, 5]], [13, []], [5, []], [20, []], [11, []], [1, []], [10, []], [18, []], [9, []]], [[0, [17, 4, 16, 8, 19, 12, 15]], [15, []], [12, []], [19, []], [8, []], [16, []], [17, [14]], [4, []], [3, [3, 2]], [14, []], [2, []], [6, [6, 7]], [7, []]]], [[[17, [14]]], [[3, [3, 2]]], [[6, [6, 7]]]]]}
