{"file_name": "U_20_1", "number_of_trucks": 2, "drone_capacity": 2, "number_of_drones": 2, "iteration": 1, "best_fitness": 328.2, "runtime": 210.64945578575134, "best_solution": [[[[0, [7, 19, 16, 15, 5, 2, 11]], [5, []], [16, []], [15, []], [7, []], [19, []], [2, []], [9, [9, 6]], [6, []], [11, []]], [[0, [20, 4]], [4, []], [3, [3, 12]], [14, [14, 17, 1]], [1, [18, 10]], [18, []], [10, []], [20, []], [17, []], [8, [8, 13]], [12, []], [13, []]]], [[[3, [12]]], [[3, [3]]], [[14, [17, 1]]], [[14, [14]]], [[1, [18, 10]]], [[8, [8, 13]]], [[9, [9, 6]]]]]}
{"file_name": "U_20_1", "number_of_trucks": 2, "drone_capacity": 2, "number_of_drones": 2, "iteration": 2, "best_fitness": 330.1215668164643, "runtime": 203.9929735660553, "best_solution": [[[[0, [11, 16, 15, 7, 19, 2]], [14, [14, 5]], [5, []], [16, []], [11, []], [15, []], [7, []], [19, []], [9, [9, 6]], [2, []], [6, []]], [[0, [20]], [3, [3, 12, 4]], [4, []], [12, []], [20, []], [10, [10, 18]], [18, []], [1, [1, 17]], [17, []], [8, [8, 13]], [13, []]]], [[[3, [4]]], [[3, [3, 12]]], [[14, [14, 5]]], [[10, [10, 18]]], [[1, [1, 17]]], [[9, [9, 6]]], [[8, [8, 13]]]]]}
{"file_name": "U_20_1", "number_of_trucks": 2, "drone_capacity": 2, "number_of_drones": 2, "iteration": 3, "best_fitness": 331.28876160393315, "runtime": 174.35422682762146, "best_solution": [[[[0, [7, 19, 2, 15, 18, 5]], [5, []], [15, []], [18, []], [7, []], [19, []], [2, []], [9, [9, 6]], [6, []]], [[0, []], [4, [4]], [12, [12, 20]], [3, [3, 16]], [14, [14, 11, 13, 10]], [16, []], [11, []], [1, [1]], [10, []], [20, []], [17, [17, 8]], [8, []], [13, []]]], [[[4, [4]]], [[12, [12, 20]]], [[3, [3, 16]]], [[14, [14, 10]]], [[14, [11, 13]]], [[1, [1]]], [[17, [17, 8]]], [[9, [9, 6]]]]]}
