{"file_name": "U_20_1", "number_of_trucks": 2, "drone_capacity": 2, "number_of_drones": 2, "iteration": 1, "best_fitness": 319.22732659832104, "runtime": 153.4128544330597, "best_solution": [[[[0, [14, 10, 15, 18]], [10, []], [15, []], [18, []], [14, []], [16, [16]], [13, [13, 7]], [9, [9, 19]], [19, []], [3, [3, 17]], [17, []], [7, []]], [[0, [2]], [2, []], [4, [4, 1]], [1, []], [5, [5, 11]], [11, []], [12, [12, 6]], [20, [20, 8]], [8, []], [6, []]]], [[[4, [4, 1]]], [[16, [16]]], [[13, [13, 7]]], [[5, [5, 11]]], [[12, [12, 6]]], [[9, [9, 19]]], [[20, [20, 8]]], [[3, [3, 17]]]]]}
{"file_name": "U_20_1", "number_of_trucks": 2, "drone_capacity": 2, "number_of_drones": 2, "iteration": 2, "best_fitness": 318.8681223736881, "runtime": 189.25038051605225, "best_solution": [[[[0, [14, 15]], [14, []], [15, []], [8, [8, 4]], [4, []], [20, [20, 6]], [6, []], [17, [17]]], [[0, [18, 10]], [10, []], [2, [2]], [18, []], [7, [7, 16, 5, 1]], [5, []], [1, []], [19, [19, 13]], [3, [3, 9]], [13, []], [9, []], [12, [12, 11]], [11, []], [16, []]]], [[[2, [2]]], [[7, [7, 5]]], [[8, [8, 4]]], [[7, [16, 1]]], [[19, [19, 13]]], [[20, [20, 6]]], [[3, [3, 9]]], [[17, [17]]], [[12, [12, 11]]]]]}
{"file_name": "U_20_1", "number_of_trucks": 2, "drone_capacity": 2, "number_of_drones": 2, "iteration": 3, "best_fitness": 315.41664271167105, "runtime": 218.40910744667053, "best_solution": [[[[0, [14, 10]], [14, []], [8, [8]], [4, [4, 7]], [20, [20, 17]], [7, []], [17, []], [10, []]], [[0, [2, 15, 18]], [2, []], [15, []], [18, []], [16, [16, 1]], [13, [13, 5]], [1, []], [5, []], [3, [3, 19]], [19, []], [9, [9, 11]], [11, []], [12, [12, 6]], [6, []]]], [[[8, [8]]], [[16, [16, 1]]], [[13, [13, 5]]], [[4, [4, 7]]], [[20, [20, 17]]], [[3, [3, 19]]], [[9, [9, 11]]], [[12, [12, 6]]]]]}
