{"file_name": "U_20_0", "number_of_trucks": 2, "drone_capacity": 2, "number_of_drones": 2, "iteration": 1, "best_fitness": 197.11879381350747, "runtime": 232.23974227905273, "best_solution": [[[[0, [9, 7, 15, 14, 13, 19]], [9, []], [15, []], [7, []], [6, [6, 12]], [12, []], [14, []], [13, []], [19, []]], [[0, [3, 17, 4, 10]], [17, []], [4, []], [3, [16, 11]], [5, [5, 20]], [20, []], [11, []], [16, []], [1, [1, 2]], [8, [8, 18]], [10, []], [18, []], [2, []]]], [[[3, [16, 11]]], [[5, [5, 20]]], [[6, [6, 12]]], [[1, [1, 2]]], [[8, [8, 18]]]]]}
{"file_name": "U_20_0", "number_of_trucks": 2, "drone_capacity": 2, "number_of_drones": 2, "iteration": 2, "best_fitness": 198.57609268055936, "runtime": 209.88370823860168, "best_solution": [[[[0, [19, 10, 18, 16, 11]], [10, []], [18, []], [19, []], [8, [8, 1]], [1, []], [16, []], [11, [20, 5, 2]], [20, []], [5, []], [2, []]], [[0, [3, 17, 4]], [9, [9, 13, 14]], [15, [15, 7]], [7, []], [6, [6, 12]], [4, []], [3, []], [17, []], [13, []], [14, []], [12, []]]], [[[9, [9]]], [[9, [13, 14]]], [[15, [15, 7]]], [[8, [8, 1]]], [[6, [6, 12]]], [[11, [20, 5]]], [[11, [2]]]]]}
{"file_name": "U_20_0", "number_of_trucks": 2, "drone_capacity": 2, "number_of_drones": 2, "iteration": 3, "best_fitness": 198.9916006979447, "runtime": 165.73626136779785, "best_solution": [[[[0, [17, 3, 4, 10]], [4, []], [3, []], [17, [19, 18]], [5, [5, 20]], [20, []], [11, [11, 16]], [16, []], [1, [1, 8]], [8, []], [19, []], [10, []], [18, []]], [[0, [13, 14, 9, 15, 7]], [13, []], [14, []], [2, [2]], [9, [6, 12]], [15, []], [7, []], [6, []], [12, []]]], [[[17, [19, 18]]], [[5, [5, 20]]], [[2, [2]]], [[9, [6, 12]]], [[11, [11, 16]]], [[1, [1, 8]]]]]}
