{"file_name": "U_20_1", "number_of_trucks": 2, "drone_capacity": 2, "number_of_drones": 2, "iteration": 1, "best_fitness": 337.8526078989732, "runtime": 127.19609761238098, "best_solution": [[[[0, [4, 8, 20, 7, 10, 17]], [4, []], [7, []], [10, []], [17, []], [8, []], [20, []]], [[0, [15, 14]], [15, [18]], [14, []], [18, []], [1, [1, 2]], [2, []], [5, [5, 13, 11, 16]], [13, []], [19, [19]], [3, [3, 9]], [9, []], [16, []], [11, []], [12, [12, 6]], [6, []]]], [[[15, [18]]], [[1, [1, 2]]], [[5, [11, 16]]], [[5, [5, 13]]], [[19, [19]]], [[3, [3, 9]]], [[12, [12, 6]]]]]}
{"file_name": "U_20_1", "number_of_trucks": 2, "drone_capacity": 2, "number_of_drones": 2, "iteration": 2, "best_fitness": 331.176780108176, "runtime": 176.80814051628113, "best_solution": [[[[0, [2, 10]], [10, []], [2, []], [4, [4, 8]], [8, []], [20, [20, 7]], [7, []], [17, [17, 6]], [6, []]], [[0, [15, 18, 14]], [18, []], [14, []], [15, []], [1, [1]], [16, [16, 13]], [5, [5, 11]], [13, []], [3, [3, 19]], [19, []], [9, [9, 12]], [11, []], [12, []]]], [[[4, [4, 8]]], [[1, [1]]], [[16, [16, 13]]], [[5, [5, 11]]], [[20, [20, 7]]], [[3, [3, 19]]], [[9, [9, 12]]], [[17, [17, 6]]]]]}
{"file_name": "U_20_1", "number_of_trucks": 2, "drone_capacity": 2, "number_of_drones": 2, "iteration": 3, "best_fitness": 335.00343330181215, "runtime": 195.1246554851532, "best_solution": [[[[0, [15]], [2, [2, 10]], [10, []], [15, []], [1, [1]], [16, [16]], [12, [12, 5]], [5, []], [19, [19, 13]], [13, []], [3, [3, 17]], [17, []], [7, [7]]], [[0, []], [18, [18, 14]], [14, []], [4, [4, 8]], [8, []], [20, [20, 11]], [11, []], [9, [9, 6]], [6, []]]], [[[18, [18, 14]]], [[2, [2, 10]]], [[1, [1]]], [[4, [4, 8]]], [[16, [16]]], [[12, [12, 5]]], [[19, [19, 13]]], [[20, [20, 11]]], [[3, [3, 17]]], [[9, [9, 6]]], [[7, [7]]]]]}
