{"file_name": "U_20_0", "number_of_trucks": 2, "drone_capacity": 2, "number_of_drones": 2, "iteration": 1, "best_fitness": 221.63999999999993, "runtime": 175.94767022132874, "best_solution": [[[[0, [19, 16, 18, 9, 15, 13, 10, 11]], [13, []], [19, []], [1, [1, 8]], [8, []], [16, []], [11, []], [10, []], [18, []], [9, []], [15, []]], [[0, []], [14, [3, 17, 14, 4]], [3, []], [17, []], [4, []], [20, [20, 5]], [5, []], [12, [12, 2]], [2, []], [6, [6, 7]], [7, []]]], [[[14, [3, 17]]], [[14, [14, 4]]], [[1, [1, 8]]], [[20, [20, 5]]], [[12, [12, 2]]], [[6, [6, 7]]]]]}
{"file_name": "U_20_0", "number_of_trucks": 2, "drone_capacity": 2, "number_of_drones": 2, "iteration": 2, "best_fitness": 224.92000000000002, "runtime": 154.9532027244568, "best_solution": [[[[0, [15, 14, 7, 13, 4, 17]], [15, []], [13, []], [17, []], [20, [20]], [4, []], [14, []], [12, [12, 6]], [6, []], [7, []]], [[0, [3]], [9, [10, 9]], [18, [18, 19, 16, 11]], [10, []], [19, []], [8, [8, 1]], [1, []], [16, []], [11, []], [3, [5, 2]], [5, []], [2, []]]], [[[9, [10, 9]]], [[18, [19, 16]]], [[18, [18, 11]]], [[20, [20]]], [[8, [8, 1]]], [[12, [12, 6]]], [[3, [5, 2]]]]]}
{"file_name": "U_20_0", "number_of_trucks": 2, "drone_capacity": 2, "number_of_drones": 2, "iteration": 3, "best_fitness": 227.99999999999997, "runtime": 166.65204405784607, "best_solution": [[[[0, [4, 3, 15, 7, 17, 13]], [15, []], [7, []], [6, [6, 20, 5, 2]], [4, []], [20, []], [3, []], [17, []], [5, []], [13, []], [2, []]], [[0, [11, 16, 10, 14, 19, 18, 9]], [9, []], [18, []], [19, []], [11, []], [16, []], [1, [1, 12]], [8, [8]], [10, []], [14, []], [12, []]]], [[[6, [5, 2]]], [[6, [6, 20]]], [[1, [1, 12]]], [[8, [8]]]]]}
