{"file_name": "U_20_1", "number_of_trucks": 2, "drone_capacity": 2, "number_of_drones": 2, "iteration": 1, "best_fitness": 318.36673959967095, "runtime": 174.29262590408325, "best_solution": [[[[0, []], [14, [14]], [19, [19, 2]], [2, []], [6, [6, 9]], [9, []], [17, [17, 20]], [20, []], [7, [7, 18]], [18, []], [15, [15, 10]], [10, []]], [[0, []], [1, [1]], [8, [8]], [13, [13, 4]], [4, []], [12, [12, 11]], [3, [3, 5]], [5, []], [16, [16]], [11, []]]], [[[14, [14]]], [[1, [1]]], [[19, [19, 2]]], [[6, [6, 9]]], [[8, [8]]], [[17, [17, 20]]], [[13, [13, 4]]], [[12, [12, 11]]], [[3, [3, 5]]], [[7, [7, 18]]], [[16, [16]]], [[15, [15, 10]]]]]}
{"file_name": "U_20_1", "number_of_trucks": 2, "drone_capacity": 2, "number_of_drones": 2, "iteration": 2, "best_fitness": 317.96522047106026, "runtime": 247.00158643722534, "best_solution": [[[[0, []], [2, [2]], [8, [8]], [13, [13, 4]], [4, []], [12, [12]], [3, [3, 5]], [5, []], [16, [16, 11]], [11, []]], [[0, []], [14, [14]], [1, [1, 19]], [6, [6, 9]], [9, []], [19, []], [17, [17, 20]], [20, []], [7, [7, 15]], [15, []], [18, [18, 10]], [10, []]]], [[[14, [14]]], [[2, [2]]], [[8, [8]]], [[1, [1, 19]]], [[6, [6, 9]]], [[13, [13, 4]]], [[17, [17, 20]]], [[12, [12]]], [[3, [3, 5]]], [[7, [7, 15]]], [[16, [16, 11]]], [[18, [18, 10]]]]]}
{"file_name": "U_20_1", "number_of_trucks": 2, "drone_capacity": 2, "number_of_drones": 2, "iteration": 3, "best_fitness": 319.7833098011237, "runtime": 157.2139151096344, "best_solution": [[[[0, []], [1, [1]], [19, [19, 2]], [6, [6, 9]], [2, []], [9, []], [17, [17, 20]], [20, []], [18, [18, 15]], [7, [7, 10]], [15, []], [10, []]], [[0, []], [14, [14]], [8, [13, 8, 11, 4]], [13, []], [12, [12]], [4, [5, 3]], [3, []], [5, []], [16, [16]], [11, []]]], [[[1, [1]]], [[14, [14]]], [[19, [19, 2]]], [[6, [6, 9]]], [[8, [13, 11]]], [[8, [8, 4]]], [[17, [17, 20]]], [[12, [12]]], [[4, [5, 3]]], [[18, [18, 15]]], [[7, [7, 10]]], [[16, [16]]]]]}
