{"file_name": "U_15_1", "number_of_trucks": 2, "drone_capacity": 2, "number_of_drones": 2, "iteration": 1, "best_fitness": 259.17185322812804, "runtime": 25.546926259994507, "best_solution": [[[[0, [2]], [2, []], [0, []], [4, [4]], [15, [15, 6]], [6, []], [5, [5, 12]], [12, []], [3, [3, 11]], [11, []], [10, [10, 13]], [13, []]], [[0, []], [9, [9, 8]], [8, []], [7, [7]], [14, [14, 1]], [1, []]]], [[[9, [9, 8]]], [[4, [4]]], [[15, [15, 6]]], [[5, [5, 12]]], [[7, [7]]], [[3, [3, 11]]], [[14, [14, 1]]], [[10, [10, 13]]]]]}
{"file_name": "U_15_1", "number_of_trucks": 2, "drone_capacity": 2, "number_of_drones": 2, "iteration": 2, "best_fitness": 259.17185322812804, "runtime": 95.52209281921387, "best_solution": [[[[0, []], [9, [9]], [4, [4, 15]], [5, [5, 12]], [15, []], [12, []], [3, [3, 11]], [11, []], [10, [10, 13]], [13, []]], [[0, [8]], [2, [2, 6]], [6, []], [8, []], [7, [7]], [14, [14, 1]], [1, []]]], [[[9, [9]]], [[2, [2, 6]]], [[7, [7]]], [[4, [4, 15]]], [[5, [5, 12]]], [[3, [3, 11]]], [[14, [14, 1]]], [[10, [10, 13]]]]]}
{"file_name": "U_15_1", "number_of_trucks": 2, "drone_capacity": 2, "number_of_drones": 2, "iteration": 3, "best_fitness": 259.17185322812804, "runtime": 27.582149028778076, "best_solution": [[[[0, []], [8, [8, 6]], [15, [15]], [6, []], [12, [12]], [3, [3, 5]], [5, []], [14, [14, 1]], [1, []]], [[0, []], [2, [2]], [4, [4, 9]], [9, []], [7, [7, 11]], [11, []], [10, [10, 13]], [13, []]]], [[[8, [8, 6]]], [[2, [2]]], [[4, [4, 9]]], [[15, [15]]], [[12, [12]]], [[3, [3, 5]]], [[7, [7, 11]]], [[14, [14, 1]]], [[10, [10, 13]]]]]}
