{"file_name": "U_15_0", "number_of_trucks": 2, "drone_capacity": 2, "number_of_drones": 2, "iteration": 1, "best_fitness": 257.5319679641308, "runtime": 86.15327048301697, "best_solution": [[[[0, []], [11, [11, 12]], [5, [5, 13]], [13, []], [10, [10, 9]], [4, [4, 7]], [12, []], [9, []], [7, []]], [[0, [15, 2, 6, 1, 14, 8, 3]], [6, []], [1, []], [15, []], [2, []], [14, []], [3, []], [8, []]]], [[[11, [11, 12]]], [[5, [5, 13]]], [[10, [10, 9]]], [[4, [4, 7]]]]]}
{"file_name": "U_15_0", "number_of_trucks": 2, "drone_capacity": 2, "number_of_drones": 2, "iteration": 2, "best_fitness": 259.1503350459598, "runtime": 96.34189867973328, "best_solution": [[[[0, [11, 12]], [11, []], [12, []], [4, [4, 9]], [9, []], [7, [7, 6]], [6, []]], [[0, []], [5, [5]], [1, [1, 13, 3, 15]], [15, []], [2, [2, 10]], [10, []], [13, []], [14, [14, 8]], [3, []], [8, []]]], [[[5, [5]]], [[1, [13, 3]]], [[1, [1, 15]]], [[2, [2, 10]]], [[4, [4, 9]]], [[14, [14, 8]]], [[7, [7, 6]]]]]}
{"file_name": "U_15_0", "number_of_trucks": 2, "drone_capacity": 2, "number_of_drones": 2, "iteration": 3, "best_fitness": 262.8135632791242, "runtime": 109.42955470085144, "best_solution": [[[[0, [12]], [13, [13]], [10, [10, 2]], [4, [4, 15]], [12, []], [15, []], [2, []]], [[0, [5, 1, 11, 7, 9, 6, 14, 3, 8]], [11, []], [7, []], [9, []], [1, []], [6, []], [5, []], [14, []], [3, []], [8, []]]], [[[13, [13]]], [[10, [10, 2]]], [[4, [4, 15]]]]]}
