{"file_name": "U_15_1", "number_of_trucks": 2, "drone_capacity": 2, "number_of_drones": 2, "iteration": 1, "best_fitness": 353.8387835268729, "runtime": 54.918280363082886, "best_solution": [[[[0, [7, 9, 3]], [3, []], [7, []], [9, [8, 5]], [8, []], [5, []], [13, [13, 10]], [10, []], [2, [2]]], [[0, [11, 1, 15]], [11, []], [1, []], [15, []], [12, [12]], [4, [4]], [6, [6, 14]], [14, []]]], [[[12, [12]]], [[9, [8, 5]]], [[4, [4]]], [[6, [6, 14]]], [[13, [13, 10]]], [[2, [2]]]]]}
{"file_name": "U_15_1", "number_of_trucks": 2, "drone_capacity": 2, "number_of_drones": 2, "iteration": 2, "best_fitness": 353.8387835268729, "runtime": 15.081352710723877, "best_solution": [[[[0, [1, 15, 7]], [1, []], [15, []], [7, []], [4, [4, 12]], [12, []], [2, [2]]], [[0, [11, 3]], [11, []], [9, [9]], [3, []], [8, [8]], [5, [5, 13]], [13, []], [10, [10, 14]], [14, []], [6, [6]]]], [[[9, [9]]], [[8, [8]]], [[5, [5, 13]]], [[4, [4, 12]]], [[10, [10, 14]]], [[6, [6]]], [[2, [2]]]]]}
{"file_name": "U_15_1", "number_of_trucks": 2, "drone_capacity": 2, "number_of_drones": 2, "iteration": 3, "best_fitness": 353.8387835268729, "runtime": 53.556477785110474, "best_solution": [[[[0, [1, 3, 15, 7]], [1, []], [3, [9]], [15, []], [7, []], [9, []], [4, [4, 10]], [10, []], [2, [2]]], [[0, []], [11, [11]], [12, [12, 5]], [5, []], [13, [13, 8]], [8, []], [6, [6, 14]], [14, []]]], [[[11, [11]]], [[3, [9]]], [[12, [12, 5]]], [[13, [13, 8]]], [[4, [4, 10]]], [[6, [6, 14]]], [[2, [2]]]]]}
