{"file_name": "U_15_1", "number_of_trucks": 2, "drone_capacity": 2, "number_of_drones": 2, "iteration": 1, "best_fitness": 270.65665841073144, "runtime": 66.96313047409058, "best_solution": [[[[0, [11, 8, 7, 9]], [8, []], [11, []], [14, [14, 5]], [5, []], [7, []], [2, [2, 15]], [9, []], [15, []]], [[0, [12, 6]], [12, []], [6, [10, 4]], [13, [13, 3]], [4, []], [10, []], [3, []], [1, [1]]]], [[[6, [10, 4]]], [[13, [13, 3]]], [[14, [14, 5]]], [[2, [2, 15]]], [[1, [1]]]]]}
{"file_name": "U_15_1", "number_of_trucks": 2, "drone_capacity": 2, "number_of_drones": 2, "iteration": 2, "best_fitness": 270.65665841073144, "runtime": 81.27915716171265, "best_solution": [[[[0, [11, 8, 9, 7]], [11, []], [7, []], [5, [5, 14]], [14, []], [8, []], [9, []], [2, [2, 15]], [15, []]], [[0, [6]], [12, [12]], [6, [10, 4]], [13, [13, 3]], [4, []], [10, []], [3, []], [1, [1]]]], [[[12, [12]]], [[6, [10, 4]]], [[13, [13, 3]]], [[5, [5, 14]]], [[1, [1]]], [[2, [2, 15]]]]]}
{"file_name": "U_15_1", "number_of_trucks": 2, "drone_capacity": 2, "number_of_drones": 2, "iteration": 3, "best_fitness": 270.65665841073144, "runtime": 64.34598660469055, "best_solution": [[[[0, [12, 11, 8, 7]], [12, [9]], [11, []], [8, []], [14, [14, 5]], [5, []], [9, []], [7, []], [2, [2, 15]], [15, []]], [[0, []], [6, [6]], [13, [13, 10, 4, 3]], [10, []], [4, []], [3, []], [1, [1]]]], [[[6, [6]]], [[12, [9]]], [[13, [10, 4]]], [[13, [13, 3]]], [[14, [14, 5]]], [[1, [1]]], [[2, [2, 15]]]]]}
