{"file_name": "U_15_1", "number_of_trucks": 2, "drone_capacity": 2, "number_of_drones": 2, "iteration": 1, "best_fitness": 354.2895791651548, "runtime": 31.19784116744995, "best_solution": [[[[0, []], [7, [7, 5]], [5, []], [9, [9, 8]], [8, []], [14, [14, 11]], [11, []], [3, [3, 15]], [15, []]], [[0, [2]], [12, [12]], [2, []], [13, [13, 10]], [10, []], [6, [6, 1]], [1, []], [4, [4]]]], [[[7, [7, 5]]], [[12, [12]]], [[13, [13, 10]]], [[9, [9, 8]]], [[6, [6, 1]]], [[14, [14, 11]]], [[3, [3, 15]]], [[4, [4]]]]]}
{"file_name": "U_15_1", "number_of_trucks": 2, "drone_capacity": 2, "number_of_drones": 2, "iteration": 2, "best_fitness": 354.2895791651548, "runtime": 82.75607585906982, "best_solution": [[[[0, []], [10, [10, 13]], [13, []], [6, [6, 1]], [1, []], [4, [4]]], [[0, [12, 5, 2, 7]], [12, []], [5, []], [9, [9, 8]], [2, []], [7, []], [15, [15, 14]], [8, []], [14, []], [3, [3, 11]], [11, []]]], [[[10, [10, 13]]], [[9, [9, 8]]], [[6, [6, 1]]], [[15, [15, 14]]], [[4, [4]]], [[3, [3, 11]]]]]}
{"file_name": "U_15_1", "number_of_trucks": 2, "drone_capacity": 2, "number_of_drones": 2, "iteration": 3, "best_fitness": 354.2895791651548, "runtime": 55.06466507911682, "best_solution": [[[[0, [12]], [12, []], [13, [13, 10]], [10, []], [1, [1, 11]], [11, []], [4, [4]]], [[0, [2, 7]], [2, []], [7, []], [5, [5]], [9, [9, 8]], [8, []], [14, [14, 15]], [15, []], [3, [3, 6]], [6, []]]], [[[13, [13, 10]]], [[5, [5]]], [[9, [9, 8]]], [[1, [1, 11]]], [[14, [14, 15]]], [[4, [4]]], [[3, [3, 6]]]]]}
