{"file_name": "U_15_1", "number_of_trucks": 2, "drone_capacity": 2, "number_of_drones": 2, "iteration": 1, "best_fitness": 383.73221758442077, "runtime": 52.640833616256714, "best_solution": [[[[0, []], [1, [1]], [15, [15, 9]], [12, [12]], [9, []], [4, [4, 13, 10]], [10, []], [13, []], [2, [2]]], [[0, []], [7, [7]], [0, [11]], [11, []], [0, [3, 8, 14, 6, 5]], [6, []], [5, []], [3, []], [8, []], [14, []]]], [[[1, [1]]], [[15, [15, 9]]], [[7, [7]]], [[12, [12]]], [[4, [13, 10]]], [[4, [4]]], [[2, [2]]]]]}
{"file_name": "U_15_1", "number_of_trucks": 2, "drone_capacity": 2, "number_of_drones": 2, "iteration": 2, "best_fitness": 383.73221758442077, "runtime": 61.51228928565979, "best_solution": [[[[0, [15, 7, 9]], [15, []], [7, []], [9, []], [12, [12, 4]], [4, []], [10, [10, 14]], [14, []]], [[0, [11, 3, 1, 5]], [11, []], [8, [8]], [3, []], [1, [13, 6]], [6, []], [5, []], [13, []], [2, [2]]]], [[[8, [8]]], [[12, [12, 4]]], [[1, [13, 6]]], [[10, [10, 14]]], [[2, [2]]]]]}
{"file_name": "U_15_1", "number_of_trucks": 2, "drone_capacity": 2, "number_of_drones": 2, "iteration": 3, "best_fitness": 383.73221758442077, "runtime": 18.371784210205078, "best_solution": [[[[0, [11, 7, 1]], [11, [15, 12]], [7, []], [1, []], [15, []], [12, []], [4, [4]], [6, [6, 14]], [14, []]], [[0, [9, 5, 3]], [3, []], [8, [8]], [9, [13, 10]], [5, []], [13, []], [10, []], [2, [2]]]], [[[8, [8]]], [[11, [15, 12]]], [[9, [13, 10]]], [[4, [4]]], [[6, [6, 14]]], [[2, [2]]]]]}
