{"file_name": "U_15_1", "number_of_trucks": 2, "drone_capacity": 2, "number_of_drones": 2, "iteration": 1, "best_fitness": 301.8149178054394, "runtime": 18.78705096244812, "best_solution": [[[[0, [10, 9, 8, 1]], [9, []], [8, []], [1, []], [10, []], [4, [4, 3]], [3, []]], [[0, [12]], [12, []], [0, [7, 13, 2]], [7, []], [2, []], [5, [5]], [6, [6, 11]], [13, []], [14, [14, 15]], [11, []], [15, []]]], [[[5, [5]]], [[6, [6]]], [[6, [11]]], [[14, [14, 15]]], [[4, [4, 3]]]]]}
{"file_name": "U_15_1", "number_of_trucks": 2, "drone_capacity": 2, "number_of_drones": 2, "iteration": 2, "best_fitness": 296.8149178054394, "runtime": 60.72983241081238, "best_solution": [[[[0, [2, 7]], [13, [13]], [2, []], [7, []], [9, [9]], [5, [5, 1]], [14, [14, 15]], [15, []], [1, []], [3, [3, 11]], [11, []]], [[0, []], [12, [12]], [10, [10]], [8, [8, 6]], [6, []], [4, [4]]]], [[[12, [12]]], [[13, [13]]], [[9, [9]]], [[10, [10]]], [[8, [8, 6]]], [[5, [5, 1]]], [[14, [14, 15]]], [[3, [3, 11]]], [[4, [4]]]]]}
{"file_name": "U_15_1", "number_of_trucks": 2, "drone_capacity": 2, "number_of_drones": 2, "iteration": 3, "best_fitness": 296.8149178054394, "runtime": 19.601824045181274, "best_solution": [[[[0, [2]], [2, []], [0, [12]], [12, []], [13, [13]], [0, [7, 5]], [7, []], [9, [9, 8]], [5, []], [14, [14, 15]], [8, []], [15, []], [3, [3, 11]], [11, []]], [[0, []], [10, [10]], [0, []], [6, [6, 1]], [1, []], [4, [4]]]], [[[13, [13]]], [[10, [10]]], [[6, [6, 1]]], [[9, [9, 8]]], [[14, [14, 15]]], [[3, [3, 11]]], [[4, [4]]]]]}
