{"file_name": "U_15_1", "number_of_trucks": 2, "drone_capacity": 2, "number_of_drones": 2, "iteration": 1, "best_fitness": 259.6535277927398, "runtime": 107.4498085975647, "best_solution": [[[[0, []], [6, [6]], [0, []], [13, [13]], [14, [14, 9]], [15, [15, 12]], [12, []], [9, []], [7, [7, 1]], [1, []], [11, [11, 8]], [8, []]], [[0, []], [10, [10]], [5, [5]], [3, [3, 2]], [2, []], [4, [4]]]], [[[6, [6]]], [[13, [13]]], [[10, [10]]], [[5, [5]]], [[14, [14, 9]]], [[15, [15, 12]]], [[3, [3, 2]]], [[4, [4]]], [[7, [7, 1]]], [[11, [11, 8]]]]]}
{"file_name": "U_15_1", "number_of_trucks": 2, "drone_capacity": 2, "number_of_drones": 2, "iteration": 2, "best_fitness": 262.40066064427737, "runtime": 113.90904116630554, "best_solution": [[[[0, []], [6, [6]], [0, []], [2, [2]], [3, [3]], [11, [11, 8, 1, 7]], [8, []], [7, []], [1, []], [0, []]], [[0, []], [10, [10]], [9, [9, 5]], [5, []], [12, [12, 13]], [15, [15, 14]], [13, []], [14, []], [4, [4]]]], [[[6, [6]]], [[10, [10]]], [[9, [9, 5]]], [[2, [2]]], [[12, [12, 13]]], [[3, [3]]], [[15, [15, 14]]], [[11, [8, 1]]], [[11, [11, 7]]], [[4, [4]]]]]}
{"file_name": "U_15_1", "number_of_trucks": 2, "drone_capacity": 2, "number_of_drones": 2, "iteration": 3, "best_fitness": 259.6535277927398, "runtime": 125.35310482978821, "best_solution": [[[[0, []], [13, [13]], [14, [14, 5]], [15, [15, 12]], [12, []], [5, []], [7, [7, 1]], [1, []], [11, [11, 8]], [8, []]], [[0, [6]], [6, []], [10, [10]], [9, [9]], [3, [3, 2]], [2, []], [4, [4]]]], [[[13, [13]]], [[10, [10]]], [[9, [9]]], [[14, [14, 5]]], [[15, [15, 12]]], [[3, [3, 2]]], [[4, [4]]], [[7, [7, 1]]], [[11, [11, 8]]]]]}
