{"file_name": "U_15_0", "number_of_trucks": 2, "drone_capacity": 2, "number_of_drones": 2, "iteration": 1, "best_fitness": 182.1418468028184, "runtime": 47.359774112701416, "best_solution": [[[[0, [8, 13, 14]], [13, []], [8, []], [6, [6, 9]], [1, [1, 4]], [14, []], [9, []], [4, []]], [[0, []], [2, [2, 3]], [3, []], [12, [12, 10]], [10, []], [7, [7, 11]], [11, []], [15, [15, 5]], [5, []]]], [[[2, [2, 3]]], [[12, [12, 10]]], [[6, [6, 9]]], [[1, [1, 4]]], [[7, [7, 11]]], [[15, [15, 5]]]]]}
{"file_name": "U_15_0", "number_of_trucks": 2, "drone_capacity": 2, "number_of_drones": 2, "iteration": 2, "best_fitness": 179.8302753158408, "runtime": 70.68224620819092, "best_solution": [[[[0, [2, 3]], [2, []], [3, []], [12, [12, 10]], [10, []], [7, [7, 11]], [11, []], [15, [15, 6]], [6, []]], [[0, [8, 14, 13]], [13, []], [8, []], [5, [5, 9]], [14, []], [1, [1, 4]], [9, []], [4, []]]], [[[12, [12, 10]]], [[5, [5, 9]]], [[1, [1, 4]]], [[7, [7, 11]]], [[15, [15, 6]]]]]}
{"file_name": "U_15_0", "number_of_trucks": 2, "drone_capacity": 2, "number_of_drones": 2, "iteration": 3, "best_fitness": 185.15775030945443, "runtime": 59.345855712890625, "best_solution": [[[[0, [13, 2]], [13, []], [2, []], [12, [12, 10]], [10, []], [7, [7, 11]], [11, []], [15, [15, 5]], [5, []]], [[0, [8, 14]], [3, [3]], [8, []], [6, [9, 6]], [1, [1, 4]], [14, []], [9, []], [4, []]]], [[[3, [3]]], [[6, [9, 6]]], [[12, [12, 10]]], [[1, [1, 4]]], [[7, [7, 11]]], [[15, [15, 5]]]]]}
