{"file_name": "U_15_0", "number_of_trucks": 2, "drone_capacity": 2, "number_of_drones": 2, "iteration": 1, "best_fitness": 219.99945069360083, "runtime": 99.06991529464722, "best_solution": [[[[0, [11, 12]], [11, []], [15, [15]], [12, []], [4, [4, 7]], [9, [9]], [7, []], [1, [1, 6]], [6, []]], [[0, [3, 13, 5]], [5, []], [2, [2, 10]], [10, []], [13, []], [3, []], [8, [8, 14]], [14, []]]], [[[15, [15]]], [[2, [2, 10]]], [[4, [4, 7]]], [[9, [9]]], [[8, [8, 14]]], [[1, [1, 6]]]]]}
{"file_name": "U_15_0", "number_of_trucks": 2, "drone_capacity": 2, "number_of_drones": 2, "iteration": 2, "best_fitness": 217.3047200048467, "runtime": 90.37629175186157, "best_solution": [[[[0, [11, 5]], [11, []], [5, [3, 15]], [2, [2, 10]], [15, []], [10, []], [14, [14, 8]], [3, []], [8, []]], [[0, []], [13, [13, 12]], [12, []], [4, [4, 7]], [9, [9]], [7, []], [1, [1, 6]], [6, []]]], [[[13, [13, 12]]], [[5, [3, 15]]], [[2, [2, 10]]], [[4, [4, 7]]], [[9, [9]]], [[14, [14, 8]]], [[1, [1, 6]]]]]}
{"file_name": "U_15_0", "number_of_trucks": 2, "drone_capacity": 2, "number_of_drones": 2, "iteration": 3, "best_fitness": 226.67999999999998, "runtime": 19.99230146408081, "best_solution": [[[[0, [13, 12]], [13, []], [4, [4, 7]], [12, []], [7, []], [9, [9, 6]], [6, []]], [[0, [11]], [11, []], [5, [5]], [1, [1, 15, 3]], [2, [2, 10]], [15, []], [10, []], [14, [14, 8]], [3, []], [8, []]]], [[[5, [5]]], [[1, [3]]], [[1, [1, 15]]], [[2, [2, 10]]], [[4, [4, 7]]], [[14, [14, 8]]], [[9, [9, 6]]]]]}
