{"file_name": "U_15_1", "number_of_trucks": 2, "drone_capacity": 2, "number_of_drones": 2, "iteration": 1, "best_fitness": 292.90242250513086, "runtime": 130.79087591171265, "best_solution": [[[[0, []], [11, [11, 5]], [1, [1, 14]], [5, []], [14, []], [13, [13]], [3, [3, 8]], [8, []]], [[0, []], [10, [10, 12]], [15, [15, 2]], [2, []], [12, []], [4, [4, 7]], [7, []], [9, [9, 6]], [6, []]]], [[[11, [11, 5]]], [[10, [10, 12]]], [[15, [15, 2]]], [[1, [1, 14]]], [[4, [4, 7]]], [[13, [13]]], [[9, [9, 6]]], [[3, [3, 8]]]]]}
{"file_name": "U_15_1", "number_of_trucks": 2, "drone_capacity": 2, "number_of_drones": 2, "iteration": 2, "best_fitness": 294.90242250513086, "runtime": 28.517444133758545, "best_solution": [[[[0, [10]], [5, [12, 5]], [10, []], [15, [15]], [12, []], [4, [4, 9]], [9, []], [7, [7, 6]], [6, []]], [[0, []], [11, [11]], [0, [1, 2]], [1, []], [2, []], [13, [13, 14]], [14, []], [3, [3, 8]], [8, []]]], [[[11, [11]]], [[5, [12, 5]]], [[15, [15]]], [[4, [4, 9]]], [[13, [13, 14]]], [[7, [7, 6]]], [[3, [3, 8]]]]]}
{"file_name": "U_15_1", "number_of_trucks": 2, "drone_capacity": 2, "number_of_drones": 2, "iteration": 3, "best_fitness": 295.07623872161344, "runtime": 114.3037965297699, "best_solution": [[[[0, [5]], [5, []], [2, [2, 15, 1]], [15, []], [4, [4, 9]], [9, []], [7, [7, 6]], [1, []], [6, []]], [[0, [11, 12, 10]], [11, []], [12, []], [10, []], [13, [13, 14]], [14, []], [3, [3, 8]], [8, []]]], [[[2, [15, 1]]], [[2, [2]]], [[4, [4, 9]]], [[13, [13, 14]]], [[7, [7, 6]]], [[3, [3, 8]]]]]}
