{"file_name": "U_15_1", "number_of_trucks": 2, "drone_capacity": 2, "number_of_drones": 2, "iteration": 1, "best_fitness": 188.0967733923944, "runtime": 76.25907015800476, "best_solution": [[[[0, [9, 6]], [10, [10, 2]], [2, []], [9, []], [4, [4, 3]], [3, []], [1, [1]], [6, []], [11, [11]]], [[0, [7]], [7, []], [15, [15]], [5, [5]], [0, [14]], [12, [12, 13]], [13, []], [14, []], [8, [8]]]], [[[10, [10, 2]]], [[15, [15]]], [[5, [5]]], [[4, [4, 3]]], [[1, [1]]], [[12, [12, 13]]], [[11, [11]]], [[8, [8]]]]]}
{"file_name": "U_15_1", "number_of_trucks": 2, "drone_capacity": 2, "number_of_drones": 2, "iteration": 2, "best_fitness": 190.90445165201848, "runtime": 64.00421190261841, "best_solution": [[[[0, [9, 14, 6]], [14, []], [9, [2]], [2, []], [3, [3, 4]], [4, []], [1, [1]], [6, []], [11, [11]]], [[0, [7]], [7, []], [15, [15, 10]], [5, [5, 8]], [10, []], [13, [13, 12]], [8, []], [12, []]]], [[[9, [2]]], [[15, [15, 10]]], [[3, [3, 4]]], [[5, [5, 8]]], [[1, [1]]], [[13, [13, 12]]], [[11, [11]]]]]}
{"file_name": "U_15_1", "number_of_trucks": 2, "drone_capacity": 2, "number_of_drones": 2, "iteration": 3, "best_fitness": 188.0967733923944, "runtime": 81.04704451560974, "best_solution": [[[[0, [7]], [7, []], [15, [15]], [5, [5]], [12, [12, 13]], [8, [8, 14]], [13, []], [14, []]], [[0, [2, 9, 10, 6]], [10, []], [9, []], [2, []], [4, [4, 3]], [3, []], [1, [1]], [6, []], [11, [11]]]], [[[4, [4, 3]]], [[15, [15]]], [[5, [5]]], [[1, [1]]], [[12, [12, 13]]], [[8, [8, 14]]], [[11, [11]]]]]}
