{"file_name": "U_15_1", "number_of_trucks": 2, "drone_capacity": 2, "number_of_drones": 2, "iteration": 1, "best_fitness": 238.7441292040953, "runtime": 99.88689708709717, "best_solution": [[[[0, []], [2, [2, 8]], [6, [6, 15]], [15, []], [8, []], [12, [12, 3]], [3, []], [13, [13, 11]], [11, []], [10, [10]]], [[0, []], [9, [9]], [4, [4]], [7, [7, 5]], [14, [14, 1]], [1, []], [5, []]]], [[[9, [9]]], [[2, [2, 8]]], [[4, [4]]], [[6, [6, 15]]], [[12, [12, 3]]], [[7, [7, 5]]], [[13, [13, 11]]], [[14, [14, 1]]], [[10, [10]]]]]}
{"file_name": "U_15_1", "number_of_trucks": 2, "drone_capacity": 2, "number_of_drones": 2, "iteration": 2, "best_fitness": 238.7441292040953, "runtime": 37.01090669631958, "best_solution": [[[[0, []], [2, [2, 8]], [15, [15, 6]], [8, []], [6, []], [3, [3, 12]], [12, []], [13, [13, 11]], [11, []], [10, [10]]], [[0, []], [9, [9]], [4, [4]], [7, [7, 5]], [14, [14, 1]], [1, []], [5, []]]], [[[2, [2, 8]]], [[9, [9]]], [[4, [4]]], [[15, [15, 6]]], [[3, [3, 12]]], [[7, [7, 5]]], [[13, [13, 11]]], [[14, [14, 1]]], [[10, [10]]]]]}
{"file_name": "U_15_1", "number_of_trucks": 2, "drone_capacity": 2, "number_of_drones": 2, "iteration": 3, "best_fitness": 238.7441292040953, "runtime": 118.71495223045349, "best_solution": [[[[0, []], [9, [9]], [4, [4]], [15, [15, 6]], [6, []], [12, [12, 3]], [3, []], [13, [13, 11]], [11, []], [10, [10]]], [[0, [2]], [2, []], [0, []], [8, [8]], [7, [7, 5]], [14, [14, 1]], [1, []], [5, []]]], [[[9, [9]]], [[8, [8]]], [[4, [4]]], [[15, [15, 6]]], [[12, [12, 3]]], [[7, [7, 5]]], [[13, [13, 11]]], [[14, [14, 1]]], [[10, [10]]]]]}
