{"file_name": "U_15_1", "number_of_trucks": 2, "drone_capacity": 2, "number_of_drones": 2, "iteration": 1, "best_fitness": 325.0146267508784, "runtime": 70.36074423789978, "best_solution": [[[[0, [7, 2]], [5, [5]], [2, []], [7, []], [9, [9, 8]], [8, []], [14, [14, 15]], [15, []], [3, [3, 11]], [11, []]], [[0, []], [12, [12]], [13, [13, 10]], [10, []], [6, [6, 1]], [1, []], [4, [4]]]], [[[12, [12]]], [[5, [5]]], [[13, [13, 10]]], [[9, [9, 8]]], [[6, [6, 1]]], [[14, [14, 15]]], [[3, [3, 11]]], [[4, [4]]]]]}
{"file_name": "U_15_1", "number_of_trucks": 2, "drone_capacity": 2, "number_of_drones": 2, "iteration": 2, "best_fitness": 325.0146267508784, "runtime": 62.82455539703369, "best_solution": [[[[0, [12]], [12, []], [10, [10, 13]], [13, []], [6, [6, 8]], [8, []], [15, [15, 11]], [11, []], [3, [3, 14]], [14, []]], [[0, []], [2, [2]], [0, [5]], [5, []], [0, [7]], [7, []], [9, [9, 1]], [1, []], [4, [4]]]], [[[2, [2]]], [[10, [10, 13]]], [[9, [9, 1]]], [[6, [6, 8]]], [[15, [15, 11]]], [[3, [3, 14]]], [[4, [4]]]]]}
{"file_name": "U_15_1", "number_of_trucks": 2, "drone_capacity": 2, "number_of_drones": 2, "iteration": 3, "best_fitness": 325.0146267508784, "runtime": 45.50017690658569, "best_solution": [[[[0, [2, 7]], [2, []], [7, []], [9, [9, 8]], [15, [15]], [8, []], [14, [14, 11]], [11, []], [3, [3]]], [[0, []], [12, [12]], [5, [5, 13]], [13, []], [6, [6, 10]], [10, []], [1, [1]], [4, [4]]]], [[[12, [12]]], [[5, [5, 13]]], [[9, [9, 8]]], [[6, [6, 10]]], [[1, [1]]], [[15, [15]]], [[14, [14, 11]]], [[4, [4]]], [[3, [3]]]]]}
