{"file_name": "U_15_1", "number_of_trucks": 2, "drone_capacity": 2, "number_of_drones": 2, "iteration": 1, "best_fitness": 296.1788369746117, "runtime": 86.84315705299377, "best_solution": [[[[0, []], [2, [2, 8]], [6, [6, 15]], [15, []], [8, []], [11, [11, 7]], [7, []], [14, [14, 1]], [1, []]], [[0, []], [4, [4, 9]], [9, []], [5, [5, 12]], [12, []], [13, [13, 10]], [10, []], [3, [3]]]], [[[2, [2, 8]]], [[4, [4, 9]]], [[6, [6, 15]]], [[5, [5, 12]]], [[11, [11, 7]]], [[13, [13, 10]]], [[14, [14, 1]]], [[3, [3]]]]]}
{"file_name": "U_15_1", "number_of_trucks": 2, "drone_capacity": 2, "number_of_drones": 2, "iteration": 2, "best_fitness": 299.5558170819925, "runtime": 99.43996548652649, "best_solution": [[[[0, []], [9, [9]], [4, [4, 15]], [15, []], [11, [11, 7]], [7, []], [14, [14, 1]], [1, []]], [[0, [2, 8, 6]], [8, []], [2, [5, 3]], [13, [13, 12]], [3, []], [12, []], [6, []], [10, [10]], [5, []]]], [[[9, [9]]], [[4, [4, 15]]], [[2, [5, 3]]], [[11, [11, 7]]], [[13, [13, 12]]], [[14, [14, 1]]], [[10, [10]]]]]}
{"file_name": "U_15_1", "number_of_trucks": 2, "drone_capacity": 2, "number_of_drones": 2, "iteration": 3, "best_fitness": 296.71853683171423, "runtime": 87.14337086677551, "best_solution": [[[[0, []], [9, [9]], [4, [4, 15]], [15, []], [3, [3, 12]], [12, []], [13, [13, 10]], [10, []], [5, [5]]], [[0, [8]], [2, [2, 6]], [6, []], [8, []], [11, [11, 7]], [7, []], [14, [14, 1]], [1, []]]], [[[9, [9]]], [[2, [2, 6]]], [[4, [4, 15]]], [[11, [11, 7]]], [[3, [3, 12]]], [[13, [13, 10]]], [[14, [14, 1]]], [[5, [5]]]]]}
