{"file_name": "U_15_1", "number_of_trucks": 2, "drone_capacity": 2, "number_of_drones": 2, "iteration": 1, "best_fitness": 361.5669658528997, "runtime": 18.452770948410034, "best_solution": [[[[0, []], [15, [6, 15]], [6, []], [13, [13, 9]], [2, [2, 4]], [4, []], [9, []], [12, [12, 14]], [14, []]], [[0, [1, 3, 5, 10]], [1, []], [3, []], [8, [8, 7]], [7, []], [5, []], [10, []], [11, [11]]]], [[[15, [6, 15]]], [[13, [13, 9]]], [[2, [2, 4]]], [[8, [8, 7]]], [[12, [12, 14]]], [[11, [11]]]]]}
{"file_name": "U_15_1", "number_of_trucks": 2, "drone_capacity": 2, "number_of_drones": 2, "iteration": 2, "best_fitness": 361.5669658528997, "runtime": 23.251745223999023, "best_solution": [[[[0, []], [15, [6, 15]], [6, []], [13, [13, 9]], [2, [2, 4]], [4, []], [9, []], [12, [12, 14]], [14, []]], [[0, []], [1, [1]], [0, [3, 5, 10]], [3, []], [8, [8, 7]], [7, []], [5, []], [10, []], [11, [11]]]], [[[15, [6, 15]]], [[1, [1]]], [[13, [13, 9]]], [[2, [2, 4]]], [[8, [8, 7]]], [[12, [12, 14]]], [[11, [11]]]]]}
{"file_name": "U_15_1", "number_of_trucks": 2, "drone_capacity": 2, "number_of_drones": 2, "iteration": 3, "best_fitness": 361.5669658528997, "runtime": 62.97248196601868, "best_solution": [[[[0, [13, 6, 15]], [2, [2, 4]], [4, []], [6, []], [13, []], [15, []], [12, [12, 14]], [14, []]], [[0, []], [1, [1, 3]], [3, [5]], [5, []], [7, [7, 10]], [9, [9, 8]], [10, []], [8, []], [11, [11]]]], [[[1, [1, 3]]], [[3, [5]]], [[2, [2, 4]]], [[7, [7, 10]]], [[9, [9, 8]]], [[12, [12, 14]]], [[11, [11]]]]]}
