{"file_name": "U_15_1", "number_of_trucks": 2, "drone_capacity": 2, "number_of_drones": 2, "iteration": 1, "best_fitness": 322.93465950329875, "runtime": 52.6691107749939, "best_solution": [[[[0, [14, 9, 10, 15, 13, 5, 12, 1]], [1, []], [5, []], [9, []], [10, []], [12, []], [15, []], [13, []], [14, []]], [[0, [6]], [6, []], [0, []], [2, [2]], [3, [3]], [7, [7, 8]], [8, []], [11, [11, 4]], [4, []]]], [[[2, [2]]], [[3, [3]]], [[7, [7, 8]]], [[11, [11, 4]]]]]}
{"file_name": "U_15_1", "number_of_trucks": 2, "drone_capacity": 2, "number_of_drones": 2, "iteration": 2, "best_fitness": 327.4510131108824, "runtime": 105.28040504455566, "best_solution": [[[[0, [6]], [6, []], [10, [10]], [13, [13]], [15, [15, 12]], [12, []], [1, [1, 8]], [7, [7, 11]], [8, []], [11, []], [4, [4]]], [[0, [2, 9, 5]], [14, [14, 3]], [5, []], [9, []], [3, []], [2, []]]], [[[10, [10]]], [[13, [13]]], [[15, [15, 12]]], [[14, [14, 3]]], [[1, [1, 8]]], [[7, [7, 11]]], [[4, [4]]]]]}
{"file_name": "U_15_1", "number_of_trucks": 2, "drone_capacity": 2, "number_of_drones": 2, "iteration": 3, "best_fitness": 336.550300744628, "runtime": 29.143898010253906, "best_solution": [[[[0, []], [6, [6]], [0, []], [14, [14, 5]], [5, []], [4, [4, 1]], [7, [7, 8]], [1, []], [8, []]], [[0, []], [13, [13, 10]], [10, []], [12, [12, 9]], [15, [15]], [9, []], [11, [11, 3]], [3, []], [2, [2]]]], [[[13, [13, 10]]], [[6, [6]]], [[14, [14, 5]]], [[12, [12, 9]]], [[15, [15]]], [[4, [4, 1]]], [[11, [11, 3]]], [[7, [7, 8]]], [[2, [2]]]]]}
