{"file_name": "U_15_1", "number_of_trucks": 2, "drone_capacity": 2, "number_of_drones": 2, "iteration": 1, "best_fitness": 347.5932743562683, "runtime": 18.150498390197754, "best_solution": [[[[0, []], [5, [5]], [0, [11]], [11, []], [7, [7, 9]], [1, [1]], [9, []], [4, [4]]], [[0, []], [14, [14]], [12, [12]], [3, [3]], [6, [6, 13]], [13, []], [8, [8, 10]], [10, []], [15, [15, 2]], [2, []]]], [[[14, [14]]], [[5, [5]]], [[12, [12]]], [[3, [3]]], [[6, [6, 13]]], [[7, [7, 9]]], [[1, [1]]], [[8, [8, 10]]], [[15, [15, 2]]], [[4, [4]]]]]}
{"file_name": "U_15_1", "number_of_trucks": 2, "drone_capacity": 2, "number_of_drones": 2, "iteration": 2, "best_fitness": 342.6332743562683, "runtime": 94.22728538513184, "best_solution": [[[[0, [5, 14]], [5, []], [14, []], [13, [13]], [2, [2, 9]], [9, []], [1, [1, 4]], [4, []]], [[0, [11]], [3, [3, 12]], [12, []], [11, []], [7, [7, 6]], [10, [10, 8]], [6, []], [8, []], [15, [15]]]], [[[13, [13]]], [[3, [3, 12]]], [[7, [7, 6]]], [[2, [2, 9]]], [[10, [10, 8]]], [[1, [1, 4]]], [[15, [15]]]]]}
{"file_name": "U_15_1", "number_of_trucks": 2, "drone_capacity": 2, "number_of_drones": 2, "iteration": 3, "best_fitness": 347.5932743562683, "runtime": 62.02508902549744, "best_solution": [[[[0, [14, 11]], [11, []], [14, []], [7, [7, 6]], [10, [10, 8]], [8, []], [6, []], [15, [15, 2]], [2, []]], [[0, []], [5, [5]], [3, [3, 12]], [12, []], [13, [13, 9]], [9, []], [4, [4, 1]], [1, []]]], [[[5, [5]]], [[3, [3, 12]]], [[13, [13, 9]]], [[7, [7, 6]]], [[10, [10, 8]]], [[4, [4, 1]]], [[15, [15, 2]]]]]}
