{"file_name": "U_15_0", "number_of_trucks": 2, "drone_capacity": 2, "number_of_drones": 2, "iteration": 1, "best_fitness": 172.36680235151664, "runtime": 16.98593306541443, "best_solution": [[[[0, [6, 1, 11]], [6, []], [13, [13]], [4, [4]], [10, [10, 3]], [3, []], [1, []], [11, []]], [[0, [8]], [8, []], [15, [9, 2, 15]], [12, [12, 14]], [14, []], [5, [5, 7]], [9, []], [2, []], [7, []]]], [[[15, [15]]], [[15, [9, 2]]], [[13, [13]]], [[12, [12, 14]]], [[4, [4]]], [[10, [10, 3]]], [[5, [5, 7]]]]]}
{"file_name": "U_15_0", "number_of_trucks": 2, "drone_capacity": 2, "number_of_drones": 2, "iteration": 2, "best_fitness": 173.38689084375156, "runtime": 99.67192029953003, "best_solution": [[[[0, []], [8, [8]], [15, [9, 2, 15]], [12, [12, 14]], [14, []], [5, [5, 7]], [9, []], [2, []], [7, []]], [[0, [11, 1, 6]], [11, []], [1, []], [3, [3, 4]], [4, []], [10, [10, 13]], [13, []], [6, []]]], [[[8, [8]]], [[15, [15]]], [[15, [9, 2]]], [[3, [3, 4]]], [[12, [12, 14]]], [[5, [5, 7]]], [[10, [10, 13]]]]]}
{"file_name": "U_15_0", "number_of_trucks": 2, "drone_capacity": 2, "number_of_drones": 2, "iteration": 3, "best_fitness": 178.02865682000956, "runtime": 28.70249891281128, "best_solution": [[[[0, [8, 15]], [15, []], [8, []], [12, [12, 14]], [14, []], [5, [5, 9]], [9, []], [2, [2, 7]], [7, []]], [[0, [6, 1, 11]], [6, []], [13, [13]], [4, [4]], [10, [10, 3]], [3, []], [1, []], [11, []]]], [[[13, [13]]], [[12, [12, 14]]], [[4, [4]]], [[10, [10, 3]]], [[5, [5, 9]]], [[2, [2, 7]]]]]}
