{"file_name": "U_15_1", "number_of_trucks": 2, "drone_capacity": 2, "number_of_drones": 2, "iteration": 1, "best_fitness": 206.3173041576681, "runtime": 82.84974646568298, "best_solution": [[[[0, [14]], [15, [15]], [5, [5, 8]], [12, [12, 13]], [14, []], [13, []], [8, []]], [[0, [9, 6, 7]], [10, [10, 2]], [7, []], [2, []], [9, []], [4, [4, 3]], [3, []], [1, [1]], [6, []], [11, [11]]]], [[[10, [10, 2]]], [[15, [15]]], [[4, [4, 3]]], [[5, [5, 8]]], [[12, [12, 13]]], [[1, [1]]], [[11, [11]]]]]}
{"file_name": "U_15_1", "number_of_trucks": 2, "drone_capacity": 2, "number_of_drones": 2, "iteration": 2, "best_fitness": 210.99491965503236, "runtime": 31.9557888507843, "best_solution": [[[[0, [7, 14]], [15, [15, 10]], [10, []], [7, []], [14, []], [12, [12, 5]], [5, []]], [[0, []], [6, [9, 6]], [2, [2]], [9, []], [4, [4, 3]], [3, []], [1, [1, 8]], [8, []], [13, [13, 11]], [11, []]]], [[[15, [15, 10]]], [[6, [9, 6]]], [[2, [2]]], [[4, [4, 3]]], [[1, [1, 8]]], [[12, [12, 5]]], [[13, [13, 11]]]]]}
{"file_name": "U_15_1", "number_of_trucks": 2, "drone_capacity": 2, "number_of_drones": 2, "iteration": 3, "best_fitness": 202.63030841475975, "runtime": 91.5342435836792, "best_solution": [[[[0, []], [6, [6, 14]], [15, [15, 10]], [5, [5]], [12, [12, 13]], [14, []], [13, []], [10, []]], [[0, [7]], [7, []], [2, [2, 9]], [9, []], [4, [4, 3]], [3, []], [1, [1, 8]], [8, []], [11, [11]]]], [[[6, [6, 14]]], [[2, [2, 9]]], [[15, [15, 10]]], [[4, [4, 3]]], [[5, [5]]], [[1, [1, 8]]], [[12, [12, 13]]], [[11, [11]]]]]}
