{"file_name": "U_15_1", "number_of_trucks": 2, "drone_capacity": 2, "number_of_drones": 2, "iteration": 1, "best_fitness": 259.1373089593466, "runtime": 31.38789939880371, "best_solution": [[[[0, [10, 5]], [10, []], [1, [1, 14]], [5, []], [14, []], [8, [8]], [3, [3, 13]], [13, []]], [[0, []], [11, [11]], [0, [12]], [15, [15, 2]], [2, []], [12, []], [4, [4, 9]], [9, []], [7, [7, 6]], [6, []]]], [[[1, [1, 14]]], [[11, [11]]], [[15, [15, 2]]], [[4, [4, 9]]], [[8, [8]]], [[3, [3, 13]]], [[7, [7, 6]]]]]}
{"file_name": "U_15_1", "number_of_trucks": 2, "drone_capacity": 2, "number_of_drones": 2, "iteration": 2, "best_fitness": 258.97414998150197, "runtime": 57.66702723503113, "best_solution": [[[[0, [10]], [10, []], [0, [12]], [2, [2, 15]], [15, []], [12, []], [4, [4, 7]], [7, []], [9, [9, 6]], [6, []]], [[0, [11]], [5, [5]], [11, []], [1, [1, 14]], [13, [13]], [14, [3, 8]], [3, []], [8, []]]], [[[5, [5]]], [[1, [1, 14]]], [[2, [2, 15]]], [[13, [13]]], [[4, [4, 7]]], [[14, [3, 8]]], [[9, [9, 6]]]]]}
{"file_name": "U_15_1", "number_of_trucks": 2, "drone_capacity": 2, "number_of_drones": 2, "iteration": 3, "best_fitness": 259.1373089593466, "runtime": 23.19750165939331, "best_solution": [[[[0, [15, 10, 2]], [2, []], [15, []], [10, []], [4, [4, 9]], [9, []], [7, [7, 6]], [6, []]], [[0, []], [12, [12, 11]], [11, []], [0, [5]], [1, [1, 14]], [5, []], [8, [8]], [3, [3, 13]], [14, []], [13, []]]], [[[12, [12, 11]]], [[4, [4, 9]]], [[1, [1, 14]]], [[8, [8]]], [[3, [3, 13]]], [[7, [7, 6]]]]]}
