{"file_name": "U_15_1", "number_of_trucks": 2, "drone_capacity": 2, "number_of_drones": 2, "iteration": 1, "best_fitness": 240.70191321755894, "runtime": 77.58366632461548, "best_solution": [[[[0, [11, 6]], [11, [8, 7]], [6, []], [8, []], [7, []], [14, [14, 5]], [5, [9]], [9, []], [2, [2, 15]], [15, []]], [[0, [12]], [12, []], [13, [13, 10, 3, 4]], [4, []], [10, []], [3, []], [1, [1]]]], [[[11, [8, 7]]], [[13, [10, 3]]], [[13, [13, 4]]], [[14, [14, 5]]], [[5, [9]]], [[1, [1]]], [[2, [2, 15]]]]]}
{"file_name": "U_15_1", "number_of_trucks": 2, "drone_capacity": 2, "number_of_drones": 2, "iteration": 2, "best_fitness": 240.70191321755894, "runtime": 79.94303369522095, "best_solution": [[[[0, [12, 11, 7, 9, 8]], [12, []], [11, []], [8, []], [14, [14, 5]], [9, []], [5, []], [7, []], [2, [2, 15]], [15, []]], [[0, [6, 4]], [6, []], [13, [13, 10, 3]], [4, []], [10, []], [3, []], [1, [1]]]], [[[13, [10, 3]]], [[13, [13]]], [[14, [14, 5]]], [[2, [2, 15]]], [[1, [1]]]]]}
{"file_name": "U_15_1", "number_of_trucks": 2, "drone_capacity": 2, "number_of_drones": 2, "iteration": 3, "best_fitness": 240.70191321755894, "runtime": 58.19175696372986, "best_solution": [[[[0, [11]], [11, []], [0, [12]], [12, []], [0, [8, 7, 9]], [8, []], [7, []], [14, [14, 5]], [5, []], [2, [2, 15]], [9, []], [15, []]], [[0, [6, 4]], [6, []], [13, [13, 10, 3]], [4, []], [10, []], [3, []], [1, [1]]]], [[[13, [10, 3]]], [[13, [13]]], [[14, [14, 5]]], [[2, [2, 15]]], [[1, [1]]]]]}
