{"file_name": "U_15_1", "number_of_trucks": 2, "drone_capacity": 2, "number_of_drones": 2, "iteration": 1, "best_fitness": 274.04786064922985, "runtime": 22.97101616859436, "best_solution": [[[[0, [5, 12, 1]], [1, []], [12, []], [5, []], [4, [4]], [8, [8, 7]], [7, []], [14, [14, 10]], [10, []]], [[0, [11]], [11, []], [2, [2, 13]], [9, [9]], [13, []], [15, [15]], [3, [3, 6]], [6, []]]], [[[2, [2, 13]]], [[9, [9]]], [[4, [4]]], [[15, [15]]], [[8, [8, 7]]], [[14, [14, 10]]], [[3, [3, 6]]]]]}
{"file_name": "U_15_1", "number_of_trucks": 2, "drone_capacity": 2, "number_of_drones": 2, "iteration": 2, "best_fitness": 277.7193314180291, "runtime": 21.937485456466675, "best_solution": [[[[0, [2]], [2, []], [5, [5, 12]], [12, []], [6, [6, 4]], [4, []], [15, [15]], [3, [3]]], [[0, [1, 11]], [1, []], [11, []], [13, [13, 9]], [7, [7]], [9, []], [8, [8]], [10, [10, 14]], [14, []]]], [[[5, [5, 12]]], [[13, [13, 9]]], [[6, [6, 4]]], [[7, [7]]], [[15, [15]]], [[8, [8]]], [[10, [10, 14]]], [[3, [3]]]]]}
{"file_name": "U_15_1", "number_of_trucks": 2, "drone_capacity": 2, "number_of_drones": 2, "iteration": 3, "best_fitness": 274.3016780110373, "runtime": 51.72325611114502, "best_solution": [[[[0, [2]], [2, []], [0, [13, 12, 5, 6]], [13, []], [12, []], [5, []], [15, [15]], [3, [3]], [6, []]], [[0, [11, 1]], [11, []], [1, []], [0, []], [4, [4]], [9, [9, 7]], [7, []], [8, [8]], [10, [10, 14]], [14, []]]], [[[4, [4]]], [[9, [9, 7]]], [[15, [15]]], [[8, [8]]], [[10, [10, 14]]], [[3, [3]]]]]}
