{"file_name": "U_15_1", "number_of_trucks": 2, "drone_capacity": 2, "number_of_drones": 2, "iteration": 1, "best_fitness": 261.6567757606112, "runtime": 27.951691150665283, "best_solution": [[[[0, []], [1, [1]], [2, [2, 15]], [15, []], [13, [13, 14]], [14, []], [3, [3, 8]], [8, []]], [[0, [11, 10, 5, 12]], [11, []], [5, []], [10, []], [12, []], [4, [4, 9]], [9, []], [7, [7, 6]], [6, []]]], [[[1, [1]]], [[2, [2, 15]]], [[4, [4, 9]]], [[13, [13, 14]]], [[7, [7, 6]]], [[3, [3, 8]]]]]}
{"file_name": "U_15_1", "number_of_trucks": 2, "drone_capacity": 2, "number_of_drones": 2, "iteration": 2, "best_fitness": 259.0138137387493, "runtime": 109.20824074745178, "best_solution": [[[[0, [12, 10]], [10, []], [12, []], [4, [4, 7]], [9, [9, 6]], [7, []], [6, []]], [[0, [5]], [5, []], [0, [11]], [11, []], [0, [14, 1, 15, 2]], [1, []], [15, []], [2, []], [13, [13]], [14, [3, 8]], [3, []], [8, []]]], [[[13, [13]]], [[4, [4, 7]]], [[14, [3, 8]]], [[9, [9, 6]]]]]}
{"file_name": "U_15_1", "number_of_trucks": 2, "drone_capacity": 2, "number_of_drones": 2, "iteration": 3, "best_fitness": 260.73381373874935, "runtime": 22.69179892539978, "best_solution": [[[[0, [11]], [11, []], [0, [10]], [2, [2, 15]], [15, []], [10, []], [4, [4, 7]], [7, []], [9, [9, 6]], [6, []]], [[0, [12, 5]], [12, []], [1, [1, 14]], [5, []], [13, [13]], [14, [3, 8]], [3, []], [8, []]]], [[[2, [2, 15]]], [[1, [1, 14]]], [[13, [13]]], [[4, [4, 7]]], [[9, [9, 6]]], [[14, [3, 8]]]]]}
