{"file_name": "U_15_1", "number_of_trucks": 2, "drone_capacity": 2, "number_of_drones": 2, "iteration": 1, "best_fitness": 324.50539051014783, "runtime": 14.329036474227905, "best_solution": [[[[0, [1, 15, 7]], [1, []], [15, []], [7, []], [12, [12]], [4, [4]], [10, [10, 13]], [13, []], [2, [2]]], [[0, [11, 3]], [11, []], [3, []], [9, [9, 8]], [8, []], [5, [5]], [14, [14, 6]], [6, []]]], [[[9, [9, 8]]], [[12, [12]]], [[5, [5]]], [[4, [4]]], [[10, [10, 13]]], [[14, [14, 6]]], [[2, [2]]]]]}
{"file_name": "U_15_1", "number_of_trucks": 2, "drone_capacity": 2, "number_of_drones": 2, "iteration": 2, "best_fitness": 324.50539051014783, "runtime": 14.984913349151611, "best_solution": [[[[0, [1]], [1, []], [0, [7]], [7, []], [0, []], [8, [8, 5]], [5, []], [6, [6, 14]], [14, []], [13, [13]]], [[0, [11, 15]], [15, []], [11, []], [3, [3, 12]], [9, [9]], [12, []], [4, [4, 10]], [10, []], [2, [2]]]], [[[3, [3, 12]]], [[9, [9]]], [[8, [8, 5]]], [[4, [4, 10]]], [[6, [6, 14]]], [[13, [13]]], [[2, [2]]]]]}
{"file_name": "U_15_1", "number_of_trucks": 2, "drone_capacity": 2, "number_of_drones": 2, "iteration": 3, "best_fitness": 324.50539051014783, "runtime": 16.700518369674683, "best_solution": [[[[0, [7, 1, 15]], [7, []], [1, []], [15, []], [12, [12]], [4, [4]], [10, [10, 6]], [6, []]], [[0, [11]], [11, []], [3, [3]], [9, [9, 5]], [5, []], [13, [13, 8]], [8, []], [14, [14]], [2, [2]]]], [[[3, [3]]], [[9, [9, 5]]], [[13, [13, 8]]], [[12, [12]]], [[4, [4]]], [[10, [10, 6]]], [[14, [14]]], [[2, [2]]]]]}
