{"file_name": "U_15_0", "number_of_trucks": 2, "drone_capacity": 2, "number_of_drones": 2, "iteration": 1, "best_fitness": 231.35999999999999, "runtime": 33.5716986656189, "best_solution": [[[[0, [9, 10, 11, 2, 6]], [6, []], [10, []], [9, []], [11, []], [3, [3]], [2, []]], [[0, [1, 14, 13]], [14, [12, 8]], [13, []], [15, [15, 5]], [12, []], [5, []], [7, [7, 4]], [1, []], [8, []], [4, []]]], [[[14, [12, 8]]], [[15, [15, 5]]], [[7, [7, 4]]], [[3, [3]]]]]}
{"file_name": "U_15_0", "number_of_trucks": 2, "drone_capacity": 2, "number_of_drones": 2, "iteration": 2, "best_fitness": 235.20000000000002, "runtime": 115.96145439147949, "best_solution": [[[[0, []], [6, [6, 1, 14]], [14, []], [12, [12, 10]], [15, [15, 5]], [5, []], [7, [7, 4]], [1, []], [10, []], [4, []]], [[0, [9, 13, 8, 11]], [13, []], [9, []], [8, []], [11, []], [3, [3, 2]], [2, []]]], [[[6, [6, 1]]], [[6, [14]]], [[12, [12, 10]]], [[15, [15, 5]]], [[7, [7, 4]]], [[3, [3, 2]]]]]}
{"file_name": "U_15_0", "number_of_trucks": 2, "drone_capacity": 2, "number_of_drones": 2, "iteration": 3, "best_fitness": 240.40000000000003, "runtime": 19.116122007369995, "best_solution": [[[[0, [6, 1, 14]], [6, []], [14, []], [12, [12, 15]], [15, []], [5, [5, 7]], [1, []], [7, []], [4, [4]]], [[0, [13, 10, 9, 8, 11]], [13, []], [10, []], [9, []], [8, []], [11, []], [3, [3, 2]], [2, []]]], [[[12, [12, 15]]], [[5, [5, 7]]], [[3, [3, 2]]], [[4, [4]]]]]}
