{"file_name": "U_15_1", "number_of_trucks": 2, "drone_capacity": 2, "number_of_drones": 2, "iteration": 1, "best_fitness": 312.19480521160267, "runtime": 19.6083505153656, "best_solution": [[[[0, [15]], [15, []], [6, [6, 13]], [13, []], [2, [2, 4]], [4, []], [14, [14]], [12, [12]]], [[0, [1]], [3, [3, 5]], [5, []], [1, []], [0, []], [10, [10, 7]], [7, []], [8, [8, 9]], [9, []], [11, [11]]]], [[[6, [6, 13]]], [[3, [3, 5]]], [[10, [10, 7]]], [[2, [2, 4]]], [[8, [8, 9]]], [[14, [14]]], [[11, [11]]], [[12, [12]]]]]}
{"file_name": "U_15_1", "number_of_trucks": 2, "drone_capacity": 2, "number_of_drones": 2, "iteration": 2, "best_fitness": 312.19480521160267, "runtime": 18.546388626098633, "best_solution": [[[[0, [15]], [15, []], [6, [6]], [9, [9]], [2, [2, 4]], [4, []], [14, [14]], [12, [12]]], [[0, [1, 3, 5, 13]], [13, []], [1, []], [3, []], [5, []], [10, [10, 7]], [8, [8]], [7, []], [11, [11]]]], [[[10, [10, 7]]], [[6, [6]]], [[9, [9]]], [[2, [2, 4]]], [[14, [14]]], [[8, [8]]], [[11, [11]]], [[12, [12]]]]]}
{"file_name": "U_15_1", "number_of_trucks": 2, "drone_capacity": 2, "number_of_drones": 2, "iteration": 3, "best_fitness": 312.19480521160267, "runtime": 56.69395327568054, "best_solution": [[[[0, [13, 6, 15, 5]], [15, []], [5, []], [9, [9]], [10, [10, 4]], [13, []], [4, []], [6, []], [14, [14]], [12, [12]]], [[0, [1]], [1, []], [3, [3]], [0, []], [2, [2]], [7, [7, 8]], [8, []], [11, [11]]]], [[[3, [3]]], [[9, [9]]], [[2, [2]]], [[10, [10, 4]]], [[14, [14]]], [[7, [7, 8]]], [[11, [11]]], [[12, [12]]]]]}
