{"file_name": "U_15_1", "number_of_trucks": 2, "drone_capacity": 2, "number_of_drones": 2, "iteration": 1, "best_fitness": 252.20000000000002, "runtime": 22.29714822769165, "best_solution": [[[[0, []], [7, [7, 14]], [14, []], [10, [10, 15]], [15, [4, 3]], [4, []], [3, []], [1, [1, 11]], [11, []]], [[0, [6, 9, 2]], [6, []], [9, []], [2, []], [5, [5, 8]], [8, []], [13, [13, 12]], [12, []]]], [[[7, [7, 14]]], [[10, [10, 15]]], [[15, [4, 3]]], [[5, [5, 8]]], [[13, [13, 12]]], [[1, [1, 11]]]]]}
{"file_name": "U_15_1", "number_of_trucks": 2, "drone_capacity": 2, "number_of_drones": 2, "iteration": 2, "best_fitness": 249.75945957960397, "runtime": 118.22568011283875, "best_solution": [[[[0, [14, 15, 10, 5]], [15, []], [5, []], [10, []], [14, []], [13, [13, 12]], [12, []]], [[0, [9, 7]], [9, [2, 6]], [2, []], [7, []], [8, [8, 4]], [6, []], [3, [3, 1]], [4, []], [1, []], [11, [11]]]], [[[9, [2, 6]]], [[8, [8, 4]]], [[3, [3, 1]]], [[13, [13, 12]]], [[11, [11]]]]]}
{"file_name": "U_15_1", "number_of_trucks": 2, "drone_capacity": 2, "number_of_drones": 2, "iteration": 3, "best_fitness": 245.89643175173484, "runtime": 79.87840723991394, "best_solution": [[[[0, [7]], [6, [6, 2, 9]], [2, []], [9, []], [4, [4, 3]], [3, []], [7, []], [12, [12, 5]], [5, []]], [[0, [14]], [15, [15, 10]], [1, [1, 8]], [8, []], [14, []], [13, [13, 11]], [10, []], [11, []]]], [[[6, [9]]], [[6, [6, 2]]], [[15, [15, 10]]], [[4, [4, 3]]], [[1, [1, 8]]], [[12, [12, 5]]], [[13, [13, 11]]]]]}
