{"file_name": "U_15_0", "number_of_trucks": 2, "drone_capacity": 2, "number_of_drones": 2, "iteration": 1, "best_fitness": 228.20280400598045, "runtime": 125.43756246566772, "best_solution": [[[[0, [2, 3, 14]], [2, [9, 6]], [3, []], [6, []], [9, []], [14, []], [1, [1, 4]], [4, []]], [[0, [13, 8]], [13, []], [8, []], [12, [12, 10]], [10, []], [7, [7, 11]], [11, []], [5, [5, 15]], [15, []]]], [[[12, [12, 10]]], [[2, [9, 6]]], [[7, [7, 11]]], [[1, [1, 4]]], [[5, [5, 15]]]]]}
{"file_name": "U_15_0", "number_of_trucks": 2, "drone_capacity": 2, "number_of_drones": 2, "iteration": 2, "best_fitness": 223.20280400598045, "runtime": 99.84090399742126, "best_solution": [[[[0, [13, 14, 8]], [13, []], [8, []], [6, [6, 9]], [1, [1, 4]], [14, []], [9, []], [4, []]], [[0, [3, 2]], [2, [12, 10]], [3, []], [12, []], [11, [11, 7]], [7, []], [10, []], [15, [15, 5]], [5, []]]], [[[2, [12, 10]]], [[6, [6, 9]]], [[11, [11, 7]]], [[1, [1, 4]]], [[15, [15, 5]]]]]}
{"file_name": "U_15_0", "number_of_trucks": 2, "drone_capacity": 2, "number_of_drones": 2, "iteration": 3, "best_fitness": 228.3194042666334, "runtime": 81.91010427474976, "best_solution": [[[[0, [13, 8]], [13, []], [12, [12, 10]], [8, []], [7, [7, 11]], [11, []], [10, []], [15, [15, 6]], [6, []]], [[0, [3, 14, 2]], [2, []], [3, [9, 5]], [5, []], [1, [1, 4]], [14, []], [9, []], [4, []]]], [[[12, [12, 10]]], [[3, [9, 5]]], [[1, [1, 4]]], [[7, [7, 11]]], [[15, [15, 6]]]]]}
