{"file_name": "U_15_0", "number_of_trucks": 2, "drone_capacity": 2, "number_of_drones": 2, "iteration": 1, "best_fitness": 201.13414998150193, "runtime": 108.92844414710999, "best_solution": [[[[0, []], [11, [11]], [5, [5, 3]], [3, []], [8, [8, 1]], [14, [14, 9]], [6, [6, 7]], [1, []], [9, []], [7, []]], [[0, [12]], [13, [13]], [15, [15]], [2, [2, 10]], [10, []], [4, [4]], [12, []]]], [[[13, [13]]], [[11, [11]]], [[5, [5, 3]]], [[15, [15]]], [[2, [2, 10]]], [[8, [8, 1]]], [[14, [14, 9]]], [[4, [4]]], [[6, [6, 7]]]]]}
{"file_name": "U_15_0", "number_of_trucks": 2, "drone_capacity": 2, "number_of_drones": 2, "iteration": 2, "best_fitness": 210.08827993989115, "runtime": 98.39077639579773, "best_solution": [[[[0, [11, 5]], [11, []], [9, [9, 3, 1]], [7, [7, 8, 6, 14]], [1, []], [6, []], [14, []], [3, []], [8, []], [5, []]], [[0, [12]], [13, [13]], [12, []], [4, [4, 10]], [10, [15, 2]], [15, []], [2, []]]], [[[13, [13]]], [[9, [1]]], [[9, [9, 3]]], [[7, [8, 6]]], [[7, [7, 14]]], [[4, [4, 10]]], [[10, [15, 2]]]]]}
{"file_name": "U_15_0", "number_of_trucks": 2, "drone_capacity": 2, "number_of_drones": 2, "iteration": 3, "best_fitness": 210.44, "runtime": 104.3085069656372, "best_solution": [[[[0, [13]], [13, []], [0, [12]], [2, [2, 10]], [10, []], [4, [4, 15]], [12, []], [15, []]], [[0, []], [11, [11, 5]], [1, [1, 3]], [5, []], [14, [14, 9, 8]], [3, []], [8, []], [6, [6, 7]], [9, []], [7, []]]], [[[11, [11, 5]]], [[1, [1, 3]]], [[2, [2, 10]]], [[14, [9, 8]]], [[14, [14]]], [[6, [6, 7]]], [[4, [4, 15]]]]]}
