{"file_name": "U_15_1", "number_of_trucks": 2, "drone_capacity": 2, "number_of_drones": 2, "iteration": 1, "best_fitness": 308.2500699367885, "runtime": 34.13832139968872, "best_solution": [[[[0, [5, 6, 11, 13]], [11, []], [13, []], [5, []], [15, [15]], [6, []], [3, [3]]], [[0, [12, 2, 1]], [12, []], [1, []], [2, []], [9, [9, 4]], [4, []], [8, [8, 7]], [7, []], [14, [14, 10]], [10, []]]], [[[9, [9, 4]]], [[15, [15]]], [[8, [8, 7]]], [[14, [14, 10]]], [[3, [3]]]]]}
{"file_name": "U_15_1", "number_of_trucks": 2, "drone_capacity": 2, "number_of_drones": 2, "iteration": 2, "best_fitness": 316.799459579604, "runtime": 13.963926792144775, "best_solution": [[[[0, [2]], [2, []], [5, [5, 12]], [12, []], [6, [6, 4]], [4, []], [8, [8, 7]], [7, []], [10, [10, 14]], [14, []]], [[0, []], [1, [1, 11]], [11, []], [13, [13]], [9, [9]], [15, [15]], [3, [3]]]], [[[5, [5, 12]]], [[1, [1, 11]]], [[13, [13]]], [[9, [9]]], [[6, [6, 4]]], [[15, [15]]], [[8, [8, 7]]], [[10, [10, 14]]], [[3, [3]]]]]}
{"file_name": "U_15_1", "number_of_trucks": 2, "drone_capacity": 2, "number_of_drones": 2, "iteration": 3, "best_fitness": 323.33524453580515, "runtime": 25.020654916763306, "best_solution": [[[[0, [1, 11]], [5, [5]], [12, [12, 6]], [6, []], [4, [4, 7]], [7, []], [1, []], [3, [3]], [11, []]], [[0, [2]], [9, [9, 13]], [2, []], [15, [15, 10]], [10, []], [8, [8, 14]], [13, []], [14, []]]], [[[5, [5]]], [[12, [12, 6]]], [[9, [9, 13]]], [[4, [4, 7]]], [[15, [15, 10]]], [[3, [3]]], [[8, [8, 14]]]]]}
