{"file_name": "U_15_1", "number_of_trucks": 2, "drone_capacity": 2, "number_of_drones": 2, "iteration": 1, "best_fitness": 213.9548791160047, "runtime": 70.41148090362549, "best_solution": [[[[0, [6, 11]], [6, []], [12, [12, 4]], [13, [13, 3, 10]], [4, []], [10, []], [3, []], [1, [1]], [11, []]], [[0, []], [8, [8]], [0, [7, 9]], [7, []], [9, []], [14, [14, 5]], [5, []], [2, [2]], [15, [15]]]], [[[8, [8]]], [[12, [12, 4]]], [[13, [3, 10]]], [[13, [13]]], [[1, [1]]], [[14, [14, 5]]], [[2, [2]]], [[15, [15]]]]]}
{"file_name": "U_15_1", "number_of_trucks": 2, "drone_capacity": 2, "number_of_drones": 2, "iteration": 2, "best_fitness": 213.67656079635, "runtime": 41.95587968826294, "best_solution": [[[[0, [6, 11]], [6, []], [11, []], [0, [8, 9, 7]], [7, []], [8, []], [9, []], [14, [14, 5]], [5, []], [2, [2]], [15, [15]]], [[0, [12]], [12, []], [13, [13, 4, 10, 3]], [4, []], [10, []], [3, []], [1, [1]]]], [[[13, [10, 3]]], [[13, [13, 4]]], [[14, [14, 5]]], [[1, [1]]], [[2, [2]]], [[15, [15]]]]]}
{"file_name": "U_15_1", "number_of_trucks": 2, "drone_capacity": 2, "number_of_drones": 2, "iteration": 3, "best_fitness": 216.67656079635, "runtime": 23.996220588684082, "best_solution": [[[[0, []], [12, [12]], [13, [13, 10]], [4, [4, 3]], [10, []], [3, []], [1, [1]]], [[0, [11]], [11, []], [0, [6]], [6, []], [0, [8, 7]], [7, []], [9, [9]], [14, [14, 5]], [5, []], [2, [2]], [8, [15]], [15, []]]], [[[12, [12]]], [[9, [9]]], [[13, [13, 10]]], [[4, [4, 3]]], [[14, [14, 5]]], [[2, [2]]], [[8, [15]]], [[1, [1]]]]]}
