{"file_name": "U_50_0", "number_of_trucks": 2, "drone_capacity": 10, "number_of_drones": 2, "iteration": 1, "best_fitness": 377.19188472541043, "runtime": 3961.73042011261, "best_solution": [[[[0, [20, 34, 37, 24, 21]], [37, []], [20, []], [24, []], [34, []], [30, [30, 12, 1, 22, 18, 32, 47, 29, 31, 26]], [18, []], [31, []], [23, [23, 4, 9, 2, 35, 15]], [15, []], [4, []], [47, []], [9, []], [2, []], [22, []], [29, []], [12, []], [35, []], [1, []], [11, [11, 13, 14, 48, 25]], [13, []], [32, []], [26, []], [14, []], [48, []], [25, []], [21, []]], [[0, [7, 46, 33, 5]], [7, []], [46, []], [3, [3, 49, 42, 40, 41, 28, 19]], [33, []], [28, []], [40, []], [49, []], [42, [45, 39, 6, 17, 38, 27, 44, 10, 43, 16]], [45, []], [44, []], [16, []], [39, []], [6, []], [41, []], [10, []], [17, []], [38, []], [27, []], [19, []], [50, [50, 36, 8]], [5, []], [36, []], [43, []], [8, []]]], [[[30, [30, 12, 1, 22, 18, 32, 47, 29, 31, 26]]], [[3, [3, 49, 42, 40, 41, 28, 19]]], [[23, [23, 4, 9, 2, 35, 15]]], [[42, [45, 39, 6, 17, 38, 27, 44, 10, 43, 16]]], [[50, [50, 36, 8]]], [[11, [11, 13, 14, 48, 25]]]]]}
{"file_name": "U_50_0", "number_of_trucks": 2, "drone_capacity": 10, "number_of_drones": 2, "iteration": 2, "best_fitness": 403.44000000000005, "runtime": 126.53465938568115, "best_solution": [[[[0, [5, 20]], [5, []], [20, []], [24, [24, 19, 26, 33]], [19, []], [26, []], [33, [42, 28, 31]], [42, []], [28, []], [31, []], [25, [25, 48, 34, 44, 18, 30, 7, 46, 39, 16]], [48, []], [34, []], [44, []], [18, []], [30, []], [7, []], [46, []], [39, []], [16, []], [6, [6, 41, 10, 17, 38, 27, 50, 23, 4, 3]], [41, []], [10, []], [17, []], [38, []], [27, []], [50, []], [23, []], [4, []], [3, []]], [[0, [21]], [21, []], [37, [37, 15, 47, 49, 22, 1, 35, 29, 2, 40]], [15, []], [47, []], [49, []], [22, []], [1, []], [35, []], [29, []], [2, []], [40, []], [9, [9, 13, 32, 12, 11, 45, 14, 36, 43, 8]], [13, []], [32, []], [12, []], [11, []], [45, []], [14, []], [36, []], [43, []], [8, []]]], [[[37, [37, 15, 47, 49, 22, 1, 35, 29, 2, 40]]], [[24, [24, 19, 26, 33]]], [[33, [42, 28, 31]]], [[25, [25, 48, 34, 44, 18, 30, 7, 46, 39, 16]]], [[9, [9, 13, 32, 12, 11, 45, 14, 36, 43, 8]]], [[6, [6, 41, 10, 17, 38, 27, 50, 23, 4, 3]]]]]}
{"file_name": "U_50_0", "number_of_trucks": 2, "drone_capacity": 10, "number_of_drones": 2, "iteration": 3, "best_fitness": 403.55999999999995, "runtime": 122.83799529075623, "best_solution": [[[[0, [20, 34, 5]], [20, []], [34, []], [5, [24, 7, 12, 1]], [24, []], [7, []], [12, []], [1, []], [35, [35, 29, 2, 22, 49, 9, 40, 47, 13, 44]], [29, []], [2, []], [22, []], [49, []], [9, []], [40, []], [47, []], [13, []], [44, []], [18, [18, 30, 46, 11, 32, 45, 42, 33, 23, 3]], [30, []], [46, []], [11, []], [32, []], [45, []], [42, []], [33, []], [23, []], [3, []]], [[0, [21, 37, 19]], [21, []], [37, []], [19, []], [26, [26, 48, 31, 28, 15, 4, 25, 14, 16, 39]], [48, []], [31, []], [28, []], [15, []], [4, []], [25, []], [14, []], [16, []], [39, []], [6, [6, 10, 41, 17, 38, 27, 50, 36, 43, 8]], [10, []], [41, []], [17, []], [38, []], [27, []], [50, []], [36, []], [43, []], [8, []]]], [[[5, [24, 7, 12, 1]]], [[26, [26, 48, 31, 28, 15, 4, 25, 14, 16, 39]]], [[35, [35, 29, 2, 22, 49, 9, 40, 47, 13, 44]]], [[18, [18, 30, 46, 11, 32, 45, 42, 33, 23, 3]]], [[6, [6, 10, 41, 17, 38, 27, 50, 36, 43, 8]]]]]}
