{"file_name": "U_50_1", "number_of_trucks": 2, "drone_capacity": 10, "number_of_drones": 2, "iteration": 1, "best_fitness": 619.5333613937921, "runtime": 4055.818255662918, "best_solution": [[[[0, [16, 45, 14]], [45, []], [14, []], [16, []], [44, [44, 2, 27]], [2, []], [19, [19, 1, 25, 8, 47]], [1, []], [10, [10]], [25, []], [27, [21, 34, 3, 42, 15, 7, 43, 30]], [21, []], [30, []], [34, []], [43, []], [3, []], [8, []], [28, [28, 24]], [47, []], [42, []], [40, [40, 5, 35, 48, 39]], [5, []], [35, []], [48, []], [7, []], [39, []], [15, []], [24, []]], [[0, [36, 22, 29, 49]], [29, []], [36, []], [49, []], [38, [38]], [22, []], [20, [20, 9, 50, 17]], [50, []], [12, [12, 31, 13, 18, 4]], [31, [26, 33]], [9, []], [13, []], [18, []], [26, []], [33, []], [37, [37, 41, 32, 46]], [41, []], [17, []], [32, []], [4, []], [23, [23, 11, 6]], [11, []], [46, []], [6, []]]], [[[38, [38]]], [[20, [20, 9, 50, 17]]], [[44, [44, 2, 27]]], [[12, [12, 31, 13, 18, 4]]], [[19, [19, 1, 25, 8, 47]]], [[10, [10]]], [[31, [26, 33]]], [[37, [37, 41, 32, 46]]], [[27, [21, 34, 3, 42, 15, 7, 43, 30]]], [[28, [28, 24]]], [[40, [40, 5, 35, 48, 39]]], [[23, [23, 11, 6]]]]]}
{"file_name": "U_50_1", "number_of_trucks": 2, "drone_capacity": 10, "number_of_drones": 2, "iteration": 2, "best_fitness": 780.9827374074563, "runtime": 124.1727545261383, "best_solution": [[[[0, [2, 27, 19, 38, 25, 20, 18, 31, 1, 44, 47, 26]], [2, []], [27, []], [19, []], [38, []], [25, [42, 15]], [20, []], [18, []], [31, []], [1, []], [44, []], [47, []], [26, []], [42, []], [15, []], [10, [10, 7, 28, 40, 14, 5, 35, 48, 46, 24]], [7, []], [28, []], [40, []], [14, []], [5, []], [35, []], [48, []], [46, []], [24, []]], [[0, [29, 45, 49, 22, 16, 8]], [29, []], [45, []], [49, []], [22, []], [16, []], [8, []], [50, [50, 17, 9, 13, 4, 12, 3, 33, 43, 37]], [17, []], [9, []], [13, []], [4, []], [12, []], [3, []], [33, []], [43, []], [37, []], [36, [36, 21, 30, 41, 32, 34, 23, 11, 39, 6]], [21, []], [30, []], [41, []], [32, []], [34, []], [23, []], [11, []], [39, []], [6, []]]], [[[25, [42, 15]]], [[50, [50, 17, 9, 13, 4, 12, 3, 33, 43, 37]]], [[10, [10, 7, 28, 40, 14, 5, 35, 48, 46, 24]]], [[36, [36, 21, 30, 41, 32, 34, 23, 11, 39, 6]]]]]}
{"file_name": "U_50_1", "number_of_trucks": 2, "drone_capacity": 10, "number_of_drones": 2, "iteration": 3, "best_fitness": 787.3427374074563, "runtime": 135.75557136535645, "best_solution": [[[[0, []], [29, [29, 36, 16, 9]], [36, []], [16, [1, 25, 38, 27]], [9, []], [1, []], [25, []], [38, []], [27, []], [31, [31, 17, 33, 13, 47, 26, 4, 42, 7, 46]], [17, []], [33, []], [13, []], [47, []], [26, []], [4, []], [42, []], [7, []], [46, []], [10, [10, 12, 34, 28, 40, 5, 35, 3, 43, 24]], [12, []], [34, []], [28, []], [40, []], [5, []], [35, []], [3, []], [43, []], [24, []]], [[0, [22, 45, 14, 49]], [22, []], [45, []], [14, []], [49, []], [8, [8]], [50, [50, 44, 19, 2, 20, 18, 15]], [44, []], [19, []], [2, []], [20, []], [18, []], [15, []], [21, [21, 37, 41, 30, 32, 11, 23, 48, 39, 6]], [37, []], [41, []], [30, []], [32, []], [11, []], [23, []], [48, []], [39, []], [6, []]]], [[[29, [29, 36, 16, 9]]], [[8, [8]]], [[16, [1, 25, 38, 27]]], [[50, [50, 44, 19, 2, 20, 18, 15]]], [[31, [31, 17, 33, 13, 47, 26, 4, 42, 7, 46]]], [[10, [10, 12, 34, 28, 40, 5, 35, 3, 43, 24]]], [[21, [21, 37, 41, 30, 32, 11, 23, 48, 39, 6]]]]]}
