{"file_name": "U_50_1", "number_of_trucks": 2, "drone_capacity": 10, "number_of_drones": 2, "iteration": 1, "best_fitness": 581.8363817775137, "runtime": 3719.3967275619507, "best_solution": [[[[0, [18]], [18, []], [31, [31, 47]], [47, []], [1, [1, 39, 38, 32]], [32, []], [38, []], [39, [17, 26, 45]], [45, []], [26, []], [17, []], [50, [50, 9, 3]], [3, []], [9, []], [16, [16, 30, 19, 44, 43]], [30, []], [43, []], [19, []], [22, [22, 33, 10, 8]], [33, []], [10, []], [44, []], [8, []]], [[0, [49, 27, 25, 15, 29]], [25, []], [27, []], [15, []], [49, []], [28, [28, 13, 42, 12]], [12, []], [42, []], [20, [20, 2, 36, 7]], [2, []], [13, []], [48, [48, 40, 5, 23, 41, 34]], [40, []], [36, []], [29, []], [5, []], [34, []], [23, []], [7, []], [41, []], [6, [6, 14, 24, 37, 11, 4, 21, 46]], [24, []], [14, []], [46, []], [37, []], [11, []], [4, []], [21, []], [35, [35]]]], [[[31, [31, 47]]], [[1, [1, 39, 38, 32]]], [[28, [28, 13, 42, 12]]], [[39, [17, 26, 45]]], [[20, [20, 2, 36, 7]]], [[48, [48, 40, 5, 23, 41, 34]]], [[50, [50, 9, 3]]], [[16, [16, 30, 19, 44, 43]]], [[22, [22, 33, 10, 8]]], [[6, [6, 14, 24, 37, 11, 4, 21, 46]]], [[35, [35]]]]]}
{"file_name": "U_50_1", "number_of_trucks": 2, "drone_capacity": 10, "number_of_drones": 2, "iteration": 2, "best_fitness": 698.5310931030399, "runtime": 135.34256863594055, "best_solution": [[[[0, []], [31, [31, 49, 15]], [49, []], [15, []], [27, [27, 28, 47, 42, 32, 2]], [28, []], [47, []], [42, []], [32, []], [2, []], [26, [26, 23, 41, 5, 48, 44, 3, 50]], [23, []], [41, []], [5, []], [48, []], [44, []], [3, []], [50, []], [6, [6, 24, 14, 46, 37, 11, 21, 8, 1, 35]], [24, []], [14, []], [46, []], [37, []], [11, []], [21, []], [8, []], [1, []], [35, []]], [[0, [25, 18, 29]], [25, []], [18, []], [29, []], [39, [39, 36]], [36, []], [13, [13, 38, 45, 17, 7, 20, 40]], [38, [34]], [45, []], [17, []], [7, []], [20, []], [40, []], [34, []], [43, [43, 9, 16, 4, 30, 19, 10, 33, 22, 12]], [9, []], [16, []], [4, []], [30, []], [19, []], [10, []], [33, []], [22, []], [12, []]]], [[[31, [31, 49, 15]]], [[27, [27, 28, 47, 42, 32, 2]]], [[39, [39, 36]]], [[13, [13, 38, 45, 17, 7, 20, 40]]], [[38, [34]]], [[26, [26, 23, 41, 5, 48, 44, 3, 50]]], [[43, [43, 9, 16, 4, 30, 19, 10, 33, 22, 12]]], [[6, [6, 24, 14, 46, 37, 11, 21, 8, 1, 35]]]]]}
{"file_name": "U_50_1", "number_of_trucks": 2, "drone_capacity": 10, "number_of_drones": 2, "iteration": 3, "best_fitness": 702.6449159731429, "runtime": 137.41529607772827, "best_solution": [[[[0, []], [42, [42, 2]], [2, []], [20, [20, 23, 7, 32, 26, 12, 9, 50]], [23, []], [7, []], [32, []], [26, []], [12, []], [9, []], [50, []], [27, [27, 3, 34, 30, 19, 22, 10, 33, 8, 35]], [3, []], [34, []], [30, []], [19, []], [22, []], [10, []], [33, []], [8, []], [35, []]], [[0, [18]], [18, []], [15, [15, 49, 29, 28]], [49, []], [29, []], [28, []], [31, [31]], [25, [25, 47, 39, 44]], [47, []], [39, []], [44, []], [1, [1, 36, 13]], [36, [38, 45, 48, 43, 40, 5, 21]], [13, []], [38, []], [45, []], [48, []], [43, []], [40, []], [5, []], [21, []], [4, [4, 11, 37, 46, 14, 24, 6, 41, 17, 16]], [11, []], [37, []], [46, []], [14, []], [24, []], [6, []], [41, []], [17, []], [16, []]]], [[[15, [15, 49, 29, 28]]], [[42, [42, 2]]], [[31, [31]]], [[25, [25, 47, 39, 44]]], [[1, [1, 36, 13]]], [[20, [20, 23, 7, 32, 26, 12, 9, 50]]], [[36, [38, 45, 48, 43, 40, 5, 21]]], [[4, [4, 11, 37, 46, 14, 24, 6, 41, 17, 16]]], [[27, [27, 3, 34, 30, 19, 22, 10, 33, 8, 35]]]]]}
