{"file_name": "U_50_0", "number_of_trucks": 2, "drone_capacity": 10, "number_of_drones": 2, "iteration": 1, "best_fitness": 396.4909936167742, "runtime": 4305.094752788544, "best_solution": [[[[0, [21, 2, 9, 39]], [2, [46, 22, 13, 30, 14, 40, 36]], [9, []], [21, []], [46, []], [22, []], [13, []], [30, []], [14, []], [26, [26, 6, 10, 38, 17, 16, 27, 28, 3]], [6, []], [10, []], [38, []], [40, []], [17, []], [36, []], [23, [23, 43, 20, 11, 12]], [43, []], [16, []], [27, []], [39, []], [20, []], [28, []], [11, []], [12, []], [3, []]], [[0, [7, 35, 15]], [19, [37, 42, 33, 19, 29, 44, 45]], [29, []], [47, [47, 25, 50, 5, 48]], [33, []], [5, []], [48, []], [42, [31, 1, 41, 8, 49, 34, 24, 18, 32, 4]], [50, []], [34, []], [25, []], [24, []], [18, []], [44, []], [37, []], [32, []], [31, []], [1, []], [15, []], [7, []], [4, []], [35, []], [41, []], [45, []], [8, []], [49, []]]], [[[2, [46, 22, 13, 30, 14, 40, 36]]], [[19, [37, 42, 33, 19, 29, 44, 45]]], [[47, [47, 25, 50, 5, 48]]], [[42, [31, 1, 41, 8, 49, 34, 24, 18, 32, 4]]], [[26, [26, 6, 10, 38, 17, 16, 27, 28, 3]]], [[23, [23, 43, 20, 11, 12]]]]]}
{"file_name": "U_50_0", "number_of_trucks": 2, "drone_capacity": 10, "number_of_drones": 2, "iteration": 2, "best_fitness": 420.36283679608806, "runtime": 117.28178215026855, "best_solution": [[[[0, [21, 14, 30, 42, 33]], [21, []], [14, []], [30, []], [42, []], [33, []], [48, [48, 9, 29, 47, 46, 22, 11, 38, 23, 20]], [9, []], [29, []], [47, []], [46, []], [22, []], [11, []], [38, []], [23, []], [20, []], [4, [4, 7, 43, 16, 27, 17, 26, 10, 6, 12]], [7, []], [43, []], [16, []], [27, []], [17, []], [26, []], [10, []], [6, []], [12, []]], [[0, [13, 40, 36, 39, 15]], [13, []], [40, []], [36, []], [39, []], [15, []], [35, [35, 28, 44, 37, 32]], [28, []], [44, [18, 31, 1, 41, 45]], [37, []], [32, []], [18, []], [31, []], [1, []], [41, []], [45, []], [19, [19, 24, 25, 34, 50, 8, 2, 5, 3, 49]], [24, []], [25, []], [34, []], [50, []], [8, []], [2, []], [5, []], [3, []], [49, []]]], [[[35, [35, 28, 44, 37, 32]]], [[48, [48, 9, 29, 47, 46, 22, 11, 38, 23, 20]]], [[44, [18, 31, 1, 41, 45]]], [[19, [19, 24, 25, 34, 50, 8, 2, 5, 3, 49]]], [[4, [4, 7, 43, 16, 27, 17, 26, 10, 6, 12]]]]]}
{"file_name": "U_50_0", "number_of_trucks": 2, "drone_capacity": 10, "number_of_drones": 2, "iteration": 3, "best_fitness": 401.7308290392719, "runtime": 118.05237293243408, "best_solution": [[[[0, [29, 45, 35, 15]], [29, []], [45, []], [35, []], [15, []], [7, [7, 28, 17, 40, 36, 27, 43, 16, 39, 20]], [28, []], [17, []], [40, []], [36, []], [27, []], [43, []], [16, []], [39, []], [20, []], [23, [23, 38, 13, 26, 10, 6, 11, 22, 12, 3]], [38, []], [13, []], [26, []], [10, []], [6, []], [11, []], [22, []], [12, []], [3, []]], [[0, [14, 30, 21]], [14, []], [30, []], [21, [46, 47, 2]], [46, []], [47, []], [2, []], [5, [5, 48, 33, 19, 24, 25, 44, 32, 37, 31]], [48, []], [33, []], [19, []], [24, []], [25, []], [44, []], [32, []], [37, []], [31, []], [1, [1, 4, 41, 18, 34, 50, 42, 8, 9, 49]], [4, []], [41, []], [18, []], [34, []], [50, []], [42, []], [8, []], [9, []], [49, []]]], [[[21, [46, 47, 2]]], [[5, [5, 48, 33, 19, 24, 25, 44, 32, 37, 31]]], [[7, [7, 28, 17, 40, 36, 27, 43, 16, 39, 20]]], [[1, [1, 4, 41, 18, 34, 50, 42, 8, 9, 49]]], [[23, [23, 38, 13, 26, 10, 6, 11, 22, 12, 3]]]]]}
