{"file_name": "U_50_1", "number_of_trucks": 2, "drone_capacity": 10, "number_of_drones": 2, "iteration": 1, "best_fitness": 477.40868202800783, "runtime": 4008.8936014175415, "best_solution": [[[[0, [22, 4]], [4, [35]], [22, []], [35, []], [8, [8, 34, 5, 16, 27, 26, 28]], [34, []], [24, [24]], [5, []], [16, []], [27, []], [19, [19, 39, 6, 45, 50, 36]], [26, []], [28, []], [45, []], [42, [42, 10, 41, 43, 3, 17, 38]], [39, []], [6, []], [10, []], [41, []], [17, []], [38, []], [50, []], [36, []], [43, []], [3, []]], [[0, []], [48, [48, 37]], [37, [33, 46, 7, 30, 44]], [33, []], [46, []], [7, []], [18, [18, 32, 40, 2, 47, 31]], [30, []], [44, []], [13, [13, 9, 49, 29, 1]], [32, []], [9, []], [49, []], [40, []], [2, []], [29, []], [1, []], [11, [11, 12, 15, 23, 25, 20, 14, 21]], [12, []], [47, []], [15, []], [23, []], [25, []], [20, []], [14, []], [31, []], [21, []]]], [[[4, [35]]], [[48, [48, 37]]], [[8, [8, 34, 5, 16, 27, 26, 28]]], [[37, [33, 46, 7, 30, 44]]], [[18, [18, 32, 40, 2, 47, 31]]], [[24, [24]]], [[13, [13, 9, 49, 29, 1]]], [[19, [19, 39, 6, 45, 50, 36]]], [[11, [11, 12, 15, 23, 25, 20, 14, 21]]], [[42, [42, 10, 41, 43, 3, 17, 38]]]]]}
{"file_name": "U_50_1", "number_of_trucks": 2, "drone_capacity": 10, "number_of_drones": 2, "iteration": 2, "best_fitness": 565.5050376402569, "runtime": 136.26202178001404, "best_solution": [[[[0, []], [4, [4, 37]], [37, []], [38, [38, 17, 30, 16, 7, 44]], [17, []], [30, []], [16, []], [27, [27, 5, 36, 50, 19, 24, 26, 45]], [5, []], [36, []], [50, []], [19, []], [24, []], [26, []], [45, []], [7, []], [44, []], [2, [2, 39, 6, 10, 41, 11, 12, 13, 42, 23]], [39, []], [6, []], [10, []], [41, []], [11, []], [12, []], [13, []], [42, []], [23, []]], [[0, []], [22, [22, 46, 48]], [46, [18]], [48, []], [18, []], [28, [28, 33, 47, 31, 32, 49, 40, 35, 1, 29]], [33, []], [47, []], [31, []], [32, []], [49, []], [40, []], [35, []], [1, []], [29, []], [9, [9, 25, 43, 3, 15, 21, 14, 8, 34, 20]], [25, []], [43, []], [3, []], [15, []], [21, []], [14, []], [8, []], [34, []], [20, []]]], [[[22, [22, 46, 48]]], [[4, [4, 37]]], [[46, [18]]], [[38, [38, 17, 30, 16, 7, 44]]], [[28, [28, 33, 47, 31, 32, 49, 40, 35, 1, 29]]], [[27, [27, 5, 36, 50, 19, 24, 26, 45]]], [[9, [9, 25, 43, 3, 15, 21, 14, 8, 34, 20]]], [[2, [2, 39, 6, 10, 41, 11, 12, 13, 42, 23]]]]]}
{"file_name": "U_50_1", "number_of_trucks": 2, "drone_capacity": 10, "number_of_drones": 2, "iteration": 3, "best_fitness": 579.2718847254104, "runtime": 126.69176054000854, "best_solution": [[[[0, [36, 50, 5, 27, 38, 17, 19, 16, 39, 45]], [36, []], [50, []], [5, []], [27, []], [38, []], [17, []], [19, []], [16, []], [39, []], [45, []], [13, [13, 46, 6, 11, 12, 41, 10, 24, 34, 8]], [46, []], [6, []], [11, []], [12, []], [41, []], [10, []], [24, []], [34, []], [8, []]], [[0, [4]], [4, [35, 22, 44]], [35, []], [22, []], [44, []], [30, [30, 33, 18, 28, 26, 7]], [33, []], [18, []], [28, []], [26, []], [7, []], [32, [32, 40, 1, 29, 2, 49, 9, 47, 31, 25]], [40, []], [1, []], [29, []], [2, []], [49, []], [9, []], [47, []], [31, []], [25, []], [23, [23, 15, 42, 3, 21, 37, 48, 14, 20, 43]], [15, []], [42, []], [3, []], [21, []], [37, []], [48, []], [14, []], [20, []], [43, []]]], [[[4, [35, 22, 44]]], [[30, [30, 33, 18, 28, 26, 7]]], [[32, [32, 40, 1, 29, 2, 49, 9, 47, 31, 25]]], [[23, [23, 15, 42, 3, 21, 37, 48, 14, 20, 43]]], [[13, [13, 46, 6, 11, 12, 41, 10, 24, 34, 8]]]]]}
