{"file_name": "U_50_1", "number_of_trucks": 2, "drone_capacity": 10, "number_of_drones": 2, "iteration": 1, "best_fitness": 451.2529279153785, "runtime": 3680.1708042621613, "best_solution": [[[[0, [14]], [14, []], [45, [45, 29, 36, 7]], [29, []], [36, []], [7, []], [1, [1, 24, 33, 6, 31]], [24, []], [33, []], [40, [40, 37, 9, 5, 28, 8, 11]], [37, []], [28, []], [6, []], [34, [34, 13, 32, 35, 4, 42]], [31, []], [13, []], [32, []], [35, []], [50, [50, 49]], [8, []], [9, []], [5, []], [11, []], [42, []], [49, []], [4, []]], [[0, []], [41, [41, 48]], [48, []], [46, [46, 30]], [30, []], [12, [12, 2, 16, 39, 10]], [2, []], [16, []], [39, []], [47, [47, 27, 15, 22, 25, 43, 3, 38]], [27, []], [10, []], [22, []], [43, []], [3, []], [15, []], [25, []], [38, []], [20, [20, 18, 44, 23, 19, 26, 21, 17]], [18, []], [17, []], [21, []], [44, []], [23, []], [19, []], [26, []]]], [[[45, [45, 29, 36, 7]]], [[41, [41, 48]]], [[46, [46, 30]]], [[12, [12, 2, 16, 39, 10]]], [[1, [1, 24, 33, 6, 31]]], [[40, [40, 37, 9, 5, 28, 8, 11]]], [[47, [47, 27, 15, 22, 25, 43, 3, 38]]], [[34, [34, 13, 32, 35, 4, 42]]], [[20, [20, 18, 44, 23, 19, 26, 21, 17]]], [[50, [50, 49]]]]]}
{"file_name": "U_50_1", "number_of_trucks": 2, "drone_capacity": 10, "number_of_drones": 2, "iteration": 2, "best_fitness": 491.62048655277596, "runtime": 135.06206631660461, "best_solution": [[[[0, [14, 31]], [14, []], [31, []], [48, [48]], [45, [45, 29, 33, 38, 12, 6, 28, 37, 40]], [29, []], [33, []], [38, []], [12, []], [6, []], [28, []], [37, []], [40, []], [34, [34, 8, 47, 21, 13, 32, 23, 44, 49, 4]], [8, []], [47, []], [21, []], [13, []], [32, []], [23, []], [44, []], [49, []], [4, []]], [[0, []], [10, [10]], [2, [2, 16, 46, 7, 36, 41, 24]], [16, []], [46, []], [7, []], [36, []], [41, []], [24, []], [30, [30, 39, 9, 5, 42, 11]], [39, [27, 22, 15, 25]], [9, []], [5, []], [42, []], [11, []], [27, []], [22, []], [15, []], [25, []], [3, [3, 43, 20, 18, 17, 50, 35, 19, 26, 1]], [43, []], [20, []], [18, []], [17, []], [50, []], [35, []], [19, []], [26, []], [1, []]]], [[[10, [10]]], [[2, [2, 16, 46, 7, 36, 41, 24]]], [[48, [48]]], [[30, [30, 39, 9, 5, 42, 11]]], [[45, [45, 29, 33, 38, 12, 6, 28, 37, 40]]], [[39, [27, 22, 15, 25]]], [[34, [34, 8, 47, 21, 13, 32, 23, 44, 49, 4]]], [[3, [3, 43, 20, 18, 17, 50, 35, 19, 26, 1]]]]]}
{"file_name": "U_50_1", "number_of_trucks": 2, "drone_capacity": 10, "number_of_drones": 2, "iteration": 3, "best_fitness": 525.0007983249359, "runtime": 133.563898563385, "best_solution": [[[[0, []], [16, [16, 46, 29, 5, 39]], [46, []], [29, []], [5, []], [39, []], [8, [8, 33, 17, 37, 40, 28, 6, 25, 3]], [33, []], [17, []], [37, []], [40, []], [28, []], [6, []], [25, []], [3, []], [43, [43, 2, 20, 18, 31, 21, 13, 32, 36, 26]], [2, []], [20, []], [18, []], [31, []], [21, []], [13, []], [32, []], [36, []], [26, []]], [[0, []], [48, [48]], [45, [45, 1, 9, 38, 15]], [1, []], [9, []], [38, []], [15, []], [12, [12, 27, 10, 47]], [27, [22, 11, 14, 42, 49, 19]], [10, []], [47, []], [22, []], [11, []], [14, []], [42, []], [49, []], [19, []], [41, [41, 44, 23, 35, 30, 50, 34, 24, 7, 4]], [44, []], [23, []], [35, []], [30, []], [50, []], [34, []], [24, []], [7, []], [4, []]]], [[[48, [48]]], [[45, [45, 1, 9, 38, 15]]], [[16, [16, 46, 29, 5, 39]]], [[12, [12, 27, 10, 47]]], [[8, [8, 33, 17, 37, 40, 28, 6, 25, 3]]], [[27, [22, 11, 14, 42, 49, 19]]], [[41, [41, 44, 23, 35, 30, 50, 34, 24, 7, 4]]], [[43, [43, 2, 20, 18, 31, 21, 13, 32, 36, 26]]]]]}
