{"file_name": "U_50_1", "number_of_trucks": 2, "drone_capacity": 10, "number_of_drones": 2, "iteration": 1, "best_fitness": 561.0641446402968, "runtime": 3762.6266477108, "best_solution": [[[[0, [30, 42, 9, 50]], [50, []], [9, []], [47, [47, 38, 40, 23, 46]], [23, []], [38, []], [40, []], [46, []], [30, []], [26, [26, 10, 14, 24, 2, 31]], [14, []], [10, []], [34, [34, 41]], [42, []], [2, []], [24, []], [31, []], [41, []], [45, [45, 29, 13, 12]], [29, []], [13, []], [11, [11]], [12, []]], [[0, [7, 35]], [25, [25, 21, 36, 27, 48, 18, 19, 3, 5]], [18, []], [19, []], [48, []], [3, []], [5, []], [33, [33, 6, 39, 20, 32, 17]], [21, []], [6, []], [17, []], [36, []], [16, [16, 28, 43, 4, 44, 22]], [43, []], [27, []], [39, []], [20, []], [28, []], [7, []], [4, []], [35, []], [44, []], [37, [37, 15, 1, 49]], [32, []], [15, []], [1, []], [8, [8]], [22, []], [49, []]]], [[[25, [25, 21, 36, 27, 48, 18, 19, 3, 5]]], [[33, [33, 6, 39, 20, 32, 17]]], [[47, [47, 38, 40, 23, 46]]], [[26, [26, 10, 14, 24, 2, 31]]], [[16, [16, 28, 43, 4, 44, 22]]], [[34, [34, 41]]], [[37, [37, 15, 1, 49]]], [[45, [45, 29, 13, 12]]], [[8, [8]]], [[11, [11]]]]]}
{"file_name": "U_50_1", "number_of_trucks": 2, "drone_capacity": 10, "number_of_drones": 2, "iteration": 2, "best_fitness": 719.3611409122971, "runtime": 127.35638165473938, "best_solution": [[[[0, [9, 25, 50, 47, 30, 36, 7, 3]], [9, []], [25, []], [50, []], [47, []], [30, []], [36, []], [7, []], [3, []], [33, [33, 5, 2, 6, 17, 28, 31, 27, 16, 43]], [5, []], [2, []], [6, []], [17, []], [28, []], [31, []], [27, []], [16, []], [43, []], [39, [39, 4, 15, 18, 34, 29, 45, 22, 13]], [4, []], [15, [11]], [18, []], [34, []], [29, []], [45, []], [22, []], [13, []], [11, []]], [[0, [35, 42]], [35, []], [42, []], [48, [48, 21, 46, 20, 23, 38, 10, 40, 19, 24]], [21, []], [46, []], [20, []], [23, []], [38, []], [10, []], [40, []], [19, []], [24, []], [32, [32, 44]], [44, []], [41, [41, 49, 1, 37, 26, 14, 12, 8]], [49, []], [1, []], [37, []], [26, []], [14, []], [12, []], [8, []]]], [[[48, [48, 21, 46, 20, 23, 38, 10, 40, 19, 24]]], [[32, [32, 44]]], [[33, [33, 5, 2, 6, 17, 28, 31, 27, 16, 43]]], [[39, [39, 4, 15, 18, 34, 29, 45, 22, 13]]], [[41, [41, 49, 1, 37, 26, 14, 12, 8]]], [[15, [11]]]]]}
{"file_name": "U_50_1", "number_of_trucks": 2, "drone_capacity": 10, "number_of_drones": 2, "iteration": 3, "best_fitness": 736.8032081130013, "runtime": 126.77726125717163, "best_solution": [[[[0, [9]], [9, []], [36, [36, 50, 25, 31]], [50, []], [25, []], [31, []], [26, [26, 30, 22, 47, 28, 23, 35, 46, 20, 16]], [30, []], [22, []], [47, []], [28, []], [23, []], [35, []], [46, []], [20, []], [16, []], [43, [43, 1, 37, 34, 19, 24, 29, 45, 13, 11]], [1, []], [37, []], [34, []], [19, []], [24, []], [29, []], [45, []], [13, []], [11, []]], [[0, [21, 27, 5, 2, 42]], [21, []], [27, []], [5, []], [2, []], [42, []], [48, [48, 6, 17, 38, 10, 40, 7, 39, 4]], [6, [15]], [17, []], [38, []], [10, []], [40, []], [7, []], [39, []], [4, []], [15, []], [18, [18, 32, 44, 41, 49, 14, 12, 3, 33, 8]], [32, []], [44, []], [41, []], [49, []], [14, []], [12, []], [3, []], [33, []], [8, []]]], [[[48, [48, 6, 17, 38, 10, 40, 7, 39, 4]]], [[36, [36, 50, 25, 31]]], [[26, [26, 30, 22, 47, 28, 23, 35, 46, 20, 16]]], [[6, [15]]], [[18, [18, 32, 44, 41, 49, 14, 12, 3, 33, 8]]], [[43, [43, 1, 37, 34, 19, 24, 29, 45, 13, 11]]]]]}
