{"file_name": "U_50_0", "number_of_trucks": 2, "drone_capacity": 10, "number_of_drones": 2, "iteration": 1, "best_fitness": 389.0366517721381, "runtime": 4090.9397945404053, "best_solution": [[[[0, [43, 27]], [43, []], [50, [50, 23, 29, 35, 34, 19]], [23, []], [29, []], [35, []], [34, []], [30, [30, 14, 5, 11, 47, 3, 48, 2]], [19, []], [3, []], [47, []], [14, []], [27, []], [5, []], [11, []], [48, []], [25, [25, 36, 8, 22, 1]], [36, []], [8, []], [26, [26, 45, 33, 6, 13, 44]], [1, []], [45, []], [22, []], [44, []], [33, []], [6, []], [13, []], [2, []]], [[0, [21, 42, 24, 18, 12, 41, 28, 20]], [28, []], [41, []], [20, []], [38, [38, 46, 31, 39]], [42, []], [24, []], [18, []], [7, [40, 37, 10, 4, 7, 16, 17, 15]], [16, []], [32, [32, 9, 49]], [9, []], [40, []], [46, []], [37, []], [39, []], [31, []], [10, []], [4, []], [21, []], [17, []], [15, []], [12, []], [49, []]]], [[[38, [38, 46, 31, 39]]], [[50, [50, 23, 29, 35, 34, 19]]], [[30, [30, 14, 5, 11, 47, 3, 48, 2]]], [[7, [40, 37, 10, 4, 7, 16, 17, 15]]], [[32, [32, 9, 49]]], [[25, [25, 36, 8, 22, 1]]], [[26, [26, 45, 33, 6, 13, 44]]]]]}
{"file_name": "U_50_0", "number_of_trucks": 2, "drone_capacity": 10, "number_of_drones": 2, "iteration": 2, "best_fitness": 506.2800000000001, "runtime": 97.02657294273376, "best_solution": [[[[0, [43, 18, 21, 24, 46, 39, 31, 37, 7, 16, 32, 9, 40, 50, 25, 26, 30, 13, 6, 44, 33, 38, 42, 2]], [43, []], [18, []], [21, []], [24, []], [46, []], [39, []], [31, []], [37, []], [7, []], [16, []], [32, []], [9, []], [40, []], [50, []], [25, []], [26, []], [30, []], [13, []], [6, []], [44, []], [33, []], [38, []], [42, []], [2, []]], [[0, [28, 20, 41, 19, 3, 1, 8, 34, 48, 36, 23, 29, 35, 11, 5, 14, 27, 47, 45, 22, 10, 4, 17, 49, 12, 15]], [28, []], [20, []], [41, []], [19, []], [3, []], [1, []], [8, []], [34, []], [48, []], [36, []], [23, []], [29, []], [35, []], [11, []], [5, []], [14, []], [27, []], [47, []], [45, []], [22, []], [10, []], [4, []], [17, []], [49, []], [12, []], [15, []]]], []]}
{"file_name": "U_50_0", "number_of_trucks": 2, "drone_capacity": 10, "number_of_drones": 2, "iteration": 3, "best_fitness": 510.24, "runtime": 97.56919193267822, "best_solution": [[[[0, [43, 3, 35, 29, 46, 39, 31, 37, 23, 8, 34, 11, 48, 36, 25, 50, 40, 9, 16, 30, 6, 38, 20, 2, 28]], [43, []], [3, []], [35, []], [29, []], [46, []], [39, []], [31, []], [37, []], [23, []], [8, []], [34, []], [11, []], [48, []], [36, []], [25, []], [50, []], [40, []], [9, []], [16, []], [30, []], [6, []], [38, []], [20, []], [2, []], [28, []]], [[0, [18, 42, 41, 22, 1, 47, 14, 27, 5, 26, 45, 19, 13, 44, 33, 24, 7, 32, 10, 4, 21, 17, 49, 15, 12]], [18, []], [42, []], [41, []], [22, []], [1, []], [47, []], [14, []], [27, []], [5, []], [26, []], [45, []], [19, []], [13, []], [44, []], [33, []], [24, []], [7, []], [32, []], [10, []], [4, []], [21, []], [17, []], [49, []], [15, []], [12, []]]], []]}
