{"file_name": "U_50_0", "number_of_trucks": 2, "drone_capacity": 10, "number_of_drones": 2, "iteration": 1, "best_fitness": 387.94551938483363, "runtime": 3889.818695783615, "best_solution": [[[[0, [33, 20]], [43, [43, 18, 8, 50, 41]], [18, []], [8, []], [50, []], [41, []], [33, []], [20, []], [30, [30, 31, 37, 17, 36, 9, 45, 49, 3]], [36, []], [31, []], [37, []], [49, []], [17, []], [9, []], [3, []], [48, [48, 2, 12, 19, 1, 39, 15, 7, 24]], [7, []], [45, []], [12, []], [39, []], [2, []], [19, []], [38, [38, 6]], [15, []], [1, []], [24, []], [6, []]], [[0, [16, 10, 26, 21]], [46, [46, 44, 5, 14, 35, 23, 27, 11]], [10, []], [44, []], [11, []], [4, [4, 42, 47, 13, 28, 40]], [23, []], [14, []], [35, []], [5, []], [16, [34, 32, 25, 22, 29]], [40, []], [42, []], [47, []], [26, []], [28, []], [13, []], [34, []], [22, []], [32, []], [27, []], [29, []], [21, []], [25, []]]], [[[43, [43, 18, 8, 50, 41]]], [[46, [46, 44, 5, 14, 35, 23, 27, 11]]], [[30, [30, 31, 37, 17, 36, 9, 45, 49, 3]]], [[4, [4, 42, 47, 13, 28, 40]]], [[16, [34, 32, 25, 22, 29]]], [[48, [48, 2, 12, 19, 1, 39, 15, 7, 24]]], [[38, [38, 6]]]]]}
{"file_name": "U_50_0", "number_of_trucks": 2, "drone_capacity": 10, "number_of_drones": 2, "iteration": 2, "best_fitness": 515.4800000000001, "runtime": 97.3473334312439, "best_solution": [[[[0, [10, 11, 44, 46, 24, 6, 1, 15, 19, 39, 7, 34, 9, 22, 31, 30, 32, 36, 29, 21, 38, 12, 45, 2]], [10, []], [11, []], [44, []], [46, []], [24, []], [6, []], [1, []], [15, []], [19, []], [39, []], [7, []], [34, []], [9, []], [22, []], [31, []], [30, []], [32, []], [36, []], [29, []], [21, []], [38, []], [12, []], [45, []], [2, []]], [[0, [43, 3, 20, 50, 41, 8, 5, 35, 16, 40, 14, 42, 47, 23, 4, 48, 26, 28, 18, 13, 49, 17, 37, 33, 27, 25]], [43, []], [3, []], [20, []], [50, []], [41, []], [8, []], [5, []], [35, []], [16, []], [40, []], [14, []], [42, []], [47, []], [23, []], [4, []], [48, []], [26, []], [28, []], [18, []], [13, []], [49, []], [17, []], [37, []], [33, []], [27, []], [25, []]]], []]}
{"file_name": "U_50_0", "number_of_trucks": 2, "drone_capacity": 10, "number_of_drones": 2, "iteration": 3, "best_fitness": 451.8515436808081, "runtime": 115.3034245967865, "best_solution": [[[[0, [10, 44, 3, 43, 45]], [10, []], [44, [11, 7]], [3, []], [43, []], [45, []], [11, []], [7, []], [46, [46, 38, 34, 31, 33, 9, 22, 32, 36, 30]], [38, []], [34, []], [31, []], [33, []], [9, []], [22, []], [32, []], [36, []], [30, []], [29, [29, 27, 12, 2, 39, 19, 1, 15, 6, 24]], [27, []], [12, []], [2, []], [39, []], [19, []], [1, []], [15, []], [6, []], [24, []]], [[0, [21, 20, 41]], [21, []], [20, []], [41, []], [50, [50, 8, 5, 35, 28, 26, 47, 42, 40, 14]], [8, []], [5, []], [35, []], [28, []], [26, []], [47, []], [42, []], [40, []], [14, []], [16, [16, 23, 4, 48, 18, 13, 49, 17, 37, 25]], [23, []], [4, []], [48, []], [18, []], [13, []], [49, []], [17, []], [37, []], [25, []]]], [[[44, [11, 7]]], [[46, [46, 38, 34, 31, 33, 9, 22, 32, 36, 30]]], [[50, [50, 8, 5, 35, 28, 26, 47, 42, 40, 14]]], [[29, [29, 27, 12, 2, 39, 19, 1, 15, 6, 24]]], [[16, [16, 23, 4, 48, 18, 13, 49, 17, 37, 25]]]]]}
