{"file_name": "U_50_1", "number_of_trucks": 2, "drone_capacity": 10, "number_of_drones": 2, "iteration": 1, "best_fitness": 595.8632627331456, "runtime": 3947.833079099655, "best_solution": [[[[0, [34, 40, 48, 6]], [48, []], [34, []], [40, []], [6, [45, 43, 7]], [43, []], [7, []], [18, [18]], [45, []], [1, [1, 17, 30, 38]], [17, []], [30, []], [41, [41, 31, 14, 22, 23, 36, 15, 42]], [31, []], [14, []], [15, []], [12, [12, 44, 37, 4]], [42, []], [37, []], [23, []], [22, []], [38, []], [4, []], [36, []], [44, []]], [[0, []], [25, [33, 25, 5, 10, 21, 24]], [5, []], [10, []], [21, []], [33, []], [13, [13, 50, 47, 49]], [24, []], [50, [2, 3]], [47, []], [3, []], [49, [27, 16, 32, 20, 9, 46, 28, 35]], [27, []], [32, []], [16, []], [39, [39, 29, 8]], [9, []], [28, []], [8, []], [29, []], [2, []], [46, []], [26, [26, 11, 19]], [35, []], [11, []], [20, []], [19, []]]], [[[6, [45, 43, 7]]], [[25, [33, 25, 5, 10, 21, 24]]], [[13, [13, 50, 47, 49]]], [[18, [18]]], [[50, [2, 3]]], [[1, [1, 17, 30, 38]]], [[49, [27, 16, 32, 20, 9, 46, 28, 35]]], [[39, [39, 29, 8]]], [[41, [41, 31, 14, 22, 23, 36, 15, 42]]], [[12, [12, 44, 37, 4]]], [[26, [26, 11, 19]]]]]}
{"file_name": "U_50_1", "number_of_trucks": 2, "drone_capacity": 10, "number_of_drones": 2, "iteration": 2, "best_fitness": 719.2401582962594, "runtime": 139.29032564163208, "best_solution": [[[[0, [6, 40]], [6, []], [40, []], [5, [5, 25, 24, 10, 43]], [25, []], [24, []], [10, []], [43, []], [49, [49]], [7, [7, 50, 32, 3, 16, 27, 34, 41]], [50, []], [32, []], [3, []], [16, []], [27, []], [34, []], [41, []], [46, [46, 17, 29, 9, 39, 31, 12, 18, 19, 44]], [17, []], [29, []], [9, []], [39, []], [31, []], [12, []], [18, []], [19, []], [44, []]], [[0, [21]], [21, []], [33, [33, 48, 45, 13]], [48, []], [45, []], [13, []], [47, [47, 30, 2, 35, 28, 20, 1, 38]], [30, []], [2, [8]], [35, []], [28, []], [20, []], [1, []], [38, []], [8, []], [42, [42, 36, 22, 23, 14, 15, 37, 4, 11, 26]], [36, []], [22, []], [23, []], [14, []], [15, []], [37, []], [4, []], [11, []], [26, []]]], [[[5, [5, 25, 24, 10, 43]]], [[49, [49]]], [[33, [33, 48, 45, 13]]], [[47, [47, 30, 2, 35, 28, 20, 1, 38]]], [[7, [7, 50, 32, 3, 16, 27, 34, 41]]], [[2, [8]]], [[46, [46, 17, 29, 9, 39, 31, 12, 18, 19, 44]]], [[42, [42, 36, 22, 23, 14, 15, 37, 4, 11, 26]]]]]}
{"file_name": "U_50_1", "number_of_trucks": 2, "drone_capacity": 10, "number_of_drones": 2, "iteration": 3, "best_fitness": 741.2800603863853, "runtime": 130.3278408050537, "best_solution": [[[[0, [6, 34]], [6, []], [34, []], [40, [40, 43, 33, 25, 49, 7]], [43, []], [33, []], [25, []], [49, []], [7, []], [50, [50, 32, 18, 35, 46, 17, 41]], [32, []], [18, []], [35, []], [46, []], [17, []], [41, []], [39, [39, 31, 14, 36, 29, 12, 9, 16, 27, 44]], [31, []], [14, []], [36, []], [29, []], [12, []], [9, []], [16, []], [27, []], [44, []]], [[0, [24, 5, 21, 10]], [24, []], [5, []], [21, [48, 45, 13, 47]], [10, []], [48, []], [45, []], [13, []], [47, []], [30, [30, 2, 28, 20, 3, 22, 1]], [2, []], [28, []], [20, []], [3, []], [22, []], [1, []], [38, [38, 23, 42, 15, 37, 8, 19, 4, 11, 26]], [23, []], [42, []], [15, []], [37, []], [8, []], [19, []], [4, []], [11, []], [26, []]]], [[[40, [40, 43, 33, 25, 49, 7]]], [[21, [48, 45, 13, 47]]], [[50, [50, 32, 18, 35, 46, 17, 41]]], [[30, [30, 2, 28, 20, 3, 22, 1]]], [[39, [39, 31, 14, 36, 29, 12, 9, 16, 27, 44]]], [[38, [38, 23, 42, 15, 37, 8, 19, 4, 11, 26]]]]]}
