{"file_name": "U_50_0", "number_of_trucks": 2, "drone_capacity": 10, "number_of_drones": 2, "iteration": 1, "best_fitness": 404.39043251831475, "runtime": 3716.198132753372, "best_solution": [[[[0, [19, 8]], [8, []], [19, []], [4, [4, 25, 37, 29, 18, 24, 12, 35]], [18, []], [25, []], [36, [36, 15, 43, 26, 21, 42, 38, 17, 20]], [15, []], [37, []], [42, []], [43, [46, 2, 10, 28, 11, 45, 13]], [12, []], [24, []], [29, []], [35, []], [26, []], [46, []], [2, []], [17, []], [10, []], [28, []], [21, []], [20, []], [11, []], [38, []], [45, []], [13, []]], [[0, [22]], [33, [33]], [22, []], [50, [7, 50, 41, 6]], [6, []], [7, []], [16, [30, 16, 34]], [41, []], [30, []], [34, []], [48, [48, 40, 9, 14, 47, 31, 49, 27, 1, 39]], [14, []], [3, [3, 44, 5, 32]], [44, []], [49, []], [32, []], [27, []], [5, []], [47, []], [31, []], [40, []], [9, []], [39, []], [23, [23]], [1, []]]], [[[4, [4, 25, 37, 29, 18, 24, 12, 35]]], [[33, [33]]], [[50, [7, 50, 41, 6]]], [[16, [30, 16, 34]]], [[36, [36, 15, 43, 26, 21, 42, 38, 17, 20]]], [[48, [48, 40, 9, 14, 47, 31, 49, 27, 1, 39]]], [[43, [46, 2, 10, 28, 11, 45, 13]]], [[3, [3, 44, 5, 32]]], [[23, [23]]]]]}
{"file_name": "U_50_0", "number_of_trucks": 2, "drone_capacity": 10, "number_of_drones": 2, "iteration": 2, "best_fitness": 536.9600000000002, "runtime": 100.7743148803711, "best_solution": [[[[0, [32, 16, 6, 50, 12, 24, 11, 20, 21, 19, 18, 4, 38, 45, 23, 1, 13, 37, 42, 43, 39, 7, 14, 31, 5, 47, 27, 3, 25, 49, 44, 36]], [32, []], [16, []], [6, []], [50, []], [12, []], [24, []], [11, []], [20, []], [21, []], [19, []], [18, []], [4, []], [38, []], [45, []], [23, []], [1, []], [13, []], [37, []], [42, []], [43, []], [39, []], [7, []], [14, []], [31, []], [5, []], [47, []], [27, []], [3, []], [25, []], [49, []], [44, []], [36, []]], [[0, [33, 22, 29, 8, 17, 35, 46, 2, 26, 10, 28, 48, 34, 30, 41, 40, 9, 15]], [33, []], [22, []], [29, []], [8, []], [17, []], [35, []], [46, []], [2, []], [26, []], [10, []], [28, []], [48, []], [34, []], [30, []], [41, []], [40, []], [9, []], [15, []]]], []]}
{"file_name": "U_50_0", "number_of_trucks": 2, "drone_capacity": 10, "number_of_drones": 2, "iteration": 3, "best_fitness": 530.5200000000001, "runtime": 98.3833475112915, "best_solution": [[[[0, [29, 20, 33, 4, 21, 11, 37, 24, 12, 42, 15, 3, 44, 25, 49, 32, 27, 5, 47, 31, 40, 9, 39, 36, 13, 1, 22]], [29, []], [20, []], [33, []], [4, []], [21, []], [11, []], [37, []], [24, []], [12, []], [42, []], [15, []], [3, []], [44, []], [25, []], [49, []], [32, []], [27, []], [5, []], [47, []], [31, []], [40, []], [9, []], [39, []], [36, []], [13, []], [1, []], [22, []]], [[0, [19, 8, 6, 50, 7, 16, 34, 30, 41, 17, 2, 46, 26, 35, 28, 10, 48, 14, 43, 23, 45, 38, 18]], [19, []], [8, []], [6, []], [50, []], [7, []], [16, []], [34, []], [30, []], [41, []], [17, []], [2, []], [46, []], [26, []], [35, []], [28, []], [10, []], [48, []], [14, []], [43, []], [23, []], [45, []], [38, []], [18, []]]], []]}
