{"file_name": "U_50_1", "number_of_trucks": 2, "drone_capacity": 10, "number_of_drones": 2, "iteration": 1, "best_fitness": 612.0435518840345, "runtime": 3895.210687637329, "best_solution": [[[[0, [33, 13, 2]], [2, []], [13, []], [33, []], [34, [34, 29, 6, 38, 30]], [29, []], [6, []], [8, [8, 45, 42, 21, 46, 40]], [45, []], [21, []], [46, []], [42, []], [40, []], [38, []], [30, []], [12, [12, 28, 43, 37, 3, 48, 50]], [48, []], [28, []], [43, []], [37, []], [39, [39, 10]], [10, []], [50, []], [3, []]], [[0, [24, 47, 1, 7, 27, 5]], [5, [18, 36, 20, 4, 19, 32, 44]], [18, []], [1, []], [7, []], [4, []], [19, []], [20, []], [24, []], [47, []], [36, []], [16, [16, 41]], [27, []], [32, []], [31, [31, 9, 15, 17]], [44, []], [9, []], [15, []], [41, []], [17, []], [26, [26, 25, 14, 11, 49, 22, 35, 23]], [22, []], [25, []], [14, []], [11, []], [23, []], [35, []], [49, []]]], [[[34, [34, 29, 6, 38, 30]]], [[5, [18, 36, 20, 4, 19, 32, 44]]], [[16, [16, 41]]], [[8, [8, 45, 42, 21, 46, 40]]], [[31, [31, 9, 15, 17]]], [[12, [12, 28, 43, 37, 3, 48, 50]]], [[26, [26, 25, 14, 11, 49, 22, 35, 23]]], [[39, [39, 10]]]]]}
{"file_name": "U_50_1", "number_of_trucks": 2, "drone_capacity": 10, "number_of_drones": 2, "iteration": 2, "best_fitness": 714.4751212829993, "runtime": 129.80434131622314, "best_solution": [[[[0, [2, 33, 1]], [2, []], [33, []], [1, [34, 44, 29, 6, 32]], [34, []], [44, []], [29, []], [6, []], [32, []], [30, [30, 36]], [36, []], [13, [13, 21, 46, 42, 3, 49]], [21, []], [46, []], [42, []], [3, []], [49, []], [17, [17, 23, 9, 22, 28, 26, 35, 25, 14, 11]], [23, []], [9, []], [22, []], [28, []], [26, []], [35, []], [25, []], [14, []], [11, []]], [[0, [20, 27, 4, 24]], [20, []], [27, []], [4, []], [24, []], [47, [47]], [7, [7, 19, 5, 18]], [19, []], [5, []], [18, []], [38, [38, 40, 45, 15, 8, 41, 43]], [40, []], [45, []], [15, []], [8, []], [41, []], [43, []], [31, [31, 37, 48, 12, 16, 50, 10, 39]], [37, []], [48, []], [12, []], [16, []], [50, []], [10, []], [39, []]]], [[[1, [34, 44, 29, 6, 32]]], [[47, [47]]], [[7, [7, 19, 5, 18]]], [[38, [38, 40, 45, 15, 8, 41, 43]]], [[30, [30, 36]]], [[13, [13, 21, 46, 42, 3, 49]]], [[17, [17, 23, 9, 22, 28, 26, 35, 25, 14, 11]]], [[31, [31, 37, 48, 12, 16, 50, 10, 39]]]]]}
{"file_name": "U_50_1", "number_of_trucks": 2, "drone_capacity": 10, "number_of_drones": 2, "iteration": 3, "best_fitness": 749.0683941708004, "runtime": 117.89361691474915, "best_solution": [[[[0, [1, 33, 13, 20]], [1, []], [33, []], [13, []], [20, []], [44, [44, 34, 29]], [34, []], [29, []], [6, [6, 30, 21, 46, 42, 9, 16]], [30, []], [21, []], [46, []], [42, []], [9, []], [16, []], [17, [17, 23, 3, 12, 22, 25, 14, 26, 35, 11]], [23, []], [3, []], [12, []], [22, []], [25, []], [14, []], [26, []], [35, []], [11, []]], [[0, [2, 36, 27, 4, 24, 47]], [2, []], [36, []], [27, []], [4, []], [24, []], [47, []], [7, [7, 19, 5, 18, 38, 40, 32, 45]], [19, [15, 8]], [5, []], [18, []], [38, []], [40, []], [32, []], [45, []], [15, []], [8, []], [41, [41, 43, 31, 37, 28, 49, 48, 50, 10, 39]], [43, []], [31, []], [37, []], [28, []], [49, []], [48, []], [50, []], [10, []], [39, []]]], [[[7, [7, 19, 5, 18, 38, 40, 32, 45]]], [[44, [44, 34, 29]]], [[19, [15, 8]]], [[6, [6, 30, 21, 46, 42, 9, 16]]], [[17, [17, 23, 3, 12, 22, 25, 14, 26, 35, 11]]], [[41, [41, 43, 31, 37, 28, 49, 48, 50, 10, 39]]]]]}
