{"file_name": "U_50_1", "number_of_trucks": 2, "drone_capacity": 10, "number_of_drones": 2, "iteration": 1, "best_fitness": 475.5217985205628, "runtime": 4071.9530377388, "best_solution": [[[[0, [31, 25, 22, 14]], [22, []], [31, []], [25, []], [14, []], [3, [13, 3]], [13, []], [41, [41, 27, 34, 47, 23, 36, 49, 2, 17, 30]], [2, []], [49, []], [6, [6, 19, 7, 45]], [30, []], [45, []], [19, []], [47, []], [27, []], [5, [5, 11, 24, 18, 15]], [11, []], [34, []], [36, []], [23, []], [7, []], [24, []], [18, []], [17, []], [15, []]], [[0, [29, 35, 48, 37, 32, 43, 1, 33]], [12, [12, 16, 38, 44, 8, 26]], [38, []], [33, []], [44, []], [16, []], [32, []], [37, []], [46, [46, 39]], [29, []], [35, []], [48, []], [8, []], [26, []], [1, []], [21, [21, 4, 10, 50, 42, 28]], [4, []], [10, []], [39, []], [40, [40, 9, 20]], [50, []], [9, []], [43, []], [42, []], [20, []], [28, []]]], [[[12, [12, 16, 38, 44, 8, 26]]], [[46, [46, 39]]], [[3, [13, 3]]], [[41, [41, 27, 34, 47, 23, 36, 49, 2, 17, 30]]], [[21, [21, 4, 10, 50, 42, 28]]], [[6, [6, 19, 7, 45]]], [[5, [5, 11, 24, 18, 15]]], [[40, [40, 9, 20]]]]]}
{"file_name": "U_50_1", "number_of_trucks": 2, "drone_capacity": 10, "number_of_drones": 2, "iteration": 2, "best_fitness": 507.4640261270347, "runtime": 139.03384828567505, "best_solution": [[[[0, [37, 39, 31]], [37, []], [39, []], [31, []], [23, [23, 46]], [46, []], [32, [32, 10, 7, 42, 28, 2, 41]], [10, []], [7, []], [42, []], [28, []], [2, []], [41, []], [6, [6, 38, 20, 17, 21, 4, 18, 24, 49, 15]], [38, []], [20, []], [17, []], [21, []], [4, []], [18, []], [24, []], [49, []], [15, []]], [[0, []], [1, [1, 48]], [48, []], [25, [25, 29]], [29, [16, 22, 43, 26, 12, 3, 14, 8, 35]], [16, []], [22, []], [43, []], [26, []], [3, []], [14, []], [8, []], [35, []], [34, [34, 45, 30, 44, 33, 13]], [45, []], [30, []], [44, []], [33, []], [13, []], [19, [19, 47, 27, 11, 5, 36, 50, 40, 9]], [47, []], [27, []], [11, []], [5, []], [36, []], [50, []], [40, []], [9, []], [12, []]]], [[[1, [1, 48]]], [[25, [25, 29]]], [[29, [16, 22, 43, 26, 12, 3, 14, 8, 35]]], [[23, [23, 46]]], [[34, [34, 45, 30, 44, 33, 13]]], [[32, [32, 10, 7, 42, 28, 2, 41]]], [[19, [19, 47, 27, 11, 5, 36, 50, 40, 9]]], [[6, [6, 38, 20, 17, 21, 4, 18, 24, 49, 15]]]]]}
{"file_name": "U_50_1", "number_of_trucks": 2, "drone_capacity": 10, "number_of_drones": 2, "iteration": 3, "best_fitness": 572.9793120520122, "runtime": 143.35337209701538, "best_solution": [[[[0, []], [3, [3, 29]], [29, []], [16, [16]], [43, [43, 35, 46, 39, 23, 36, 41]], [35, []], [46, []], [39, []], [23, []], [36, [48, 26, 45, 1, 19, 30, 6, 13, 28]], [48, []], [26, []], [45, []], [1, []], [19, []], [30, []], [6, []], [13, []], [28, []], [41, []], [2, [2, 20, 49, 17, 21, 4, 18, 24, 42, 15]], [20, []], [49, []], [17, []], [21, []], [4, []], [18, []], [24, []], [42, []], [15, []]], [[0, [25]], [25, []], [31, [31]], [32, [32, 22, 8, 33, 38, 12, 44]], [22, []], [8, [10, 37]], [33, []], [38, []], [12, []], [44, []], [10, []], [37, []], [34, [34, 47, 14, 27, 11, 5, 9, 50, 40, 7]], [47, []], [14, []], [27, []], [11, []], [5, []], [9, []], [50, []], [40, []], [7, []]]], [[[3, [3, 29]]], [[16, [16]]], [[31, [31]]], [[32, [32, 22, 8, 33, 38, 12, 44]]], [[43, [43, 35, 46, 39, 23, 36, 41]]], [[8, [10, 37]]], [[36, [48, 26, 45, 1, 19, 30, 6, 13, 28]]], [[2, [2, 20, 49, 17, 21, 4, 18, 24, 42, 15]]], [[34, [34, 47, 14, 27, 11, 5, 9, 50, 40, 7]]]]]}
