{"file_name": "U_40_1", "number_of_trucks": 2, "drone_capacity": 10, "number_of_drones": 2, "iteration": 1, "best_fitness": 416.0, "runtime": 3322.747883796692, "best_solution": [[[[0, [22, 7]], [22, []], [7, []], [16, [16, 38, 32, 33, 26, 1]], [38, []], [32, []], [21, [21, 17, 35, 15, 29, 18]], [17, []], [35, []], [15, []], [33, []], [26, []], [29, []], [28, [28, 12, 4, 27, 24]], [12, []], [4, []], [18, []], [27, []], [24, []], [1, []]], [[0, [25, 5, 10]], [25, []], [5, []], [10, []], [6, [6, 30, 34, 9, 8, 3]], [30, []], [34, []], [9, []], [8, []], [3, []], [20, [20, 36, 2, 19]], [36, []], [2, []], [19, []], [14, [14, 37, 23, 11, 40, 39, 31, 13]], [31, []], [13, []], [37, []], [40, []], [39, []], [23, []], [11, []]]], [[[6, [6, 30, 34, 9, 8, 3]]], [[16, [16, 38, 32, 33, 26, 1]]], [[21, [21, 17, 35, 15, 29, 18]]], [[20, [20, 36, 2, 19]]], [[14, [14, 37, 23, 11, 40, 39, 31, 13]]], [[28, [28, 12, 4, 27, 24]]]]]}
{"file_name": "U_40_1", "number_of_trucks": 2, "drone_capacity": 10, "number_of_drones": 2, "iteration": 2, "best_fitness": 437.74774244815893, "runtime": 444.13780426979065, "best_solution": [[[[0, [30, 25, 10, 22, 3, 8, 9]], [25, []], [30, []], [10, []], [1, [1, 19, 32, 6]], [19, []], [6, []], [9, []], [24, [24, 13, 31, 17]], [32, []], [13, []], [31, []], [14, [14, 37, 40, 11, 39]], [37, []], [22, []], [17, []], [40, []], [39, []], [3, []], [8, []], [11, []]], [[0, [7, 33, 26]], [7, []], [16, [16, 38, 34]], [33, []], [26, []], [38, []], [34, []], [21, [21, 20, 36, 35, 2, 15, 29, 18]], [20, []], [36, []], [35, []], [2, []], [28, [28, 12, 4, 27, 5, 23]], [15, []], [29, []], [12, []], [4, []], [18, []], [27, []], [5, []], [23, []]]], [[[1, [1, 19, 32, 6]]], [[16, [16, 38, 34]]], [[24, [24, 13, 31, 17]]], [[21, [21, 20, 36, 35, 2, 15, 29, 18]]], [[28, [28, 12, 4, 27, 5, 23]]], [[14, [14, 37, 40, 11, 39]]]]]}
{"file_name": "U_40_1", "number_of_trucks": 2, "drone_capacity": 10, "number_of_drones": 2, "iteration": 3, "best_fitness": 473.46041467912784, "runtime": 58.0593101978302, "best_solution": [[[[0, [8]], [8, []], [9, [9, 3]], [3, []], [30, [30, 34, 6, 19]], [34, []], [6, []], [19, []], [16, [16, 35, 2, 15]], [35, []], [2, []], [15, []], [29, [29, 18, 38, 27, 13, 28, 31, 12, 4, 14]], [18, []], [38, []], [27, []], [13, []], [28, []], [31, []], [12, []], [4, []], [14, []]], [[0, []], [5, [5, 26, 33]], [26, []], [33, []], [32, [32, 7, 10, 17, 36, 22]], [7, []], [10, []], [17, []], [36, []], [22, []], [24, [24, 40, 39, 21, 20, 37, 11, 23, 1, 25]], [40, []], [39, []], [21, []], [20, []], [37, []], [11, []], [23, []], [1, []], [25, []]]], [[[9, [9, 3]]], [[5, [5, 26, 33]]], [[30, [30, 34, 6, 19]]], [[16, [16, 35, 2, 15]]], [[32, [32, 7, 10, 17, 36, 22]]], [[24, [24, 40, 39, 21, 20, 37, 11, 23, 1, 25]]], [[29, [29, 18, 38, 27, 13, 28, 31, 12, 4, 14]]]]]}
