{"file_name": "U_40_1", "number_of_trucks": 2, "drone_capacity": 10, "number_of_drones": 2, "iteration": 1, "best_fitness": 416.28976731431857, "runtime": 3787.8151371479034, "best_solution": [[[[0, [34, 29, 1]], [31, [31, 3, 36, 18, 17]], [3, []], [36, []], [34, []], [29, []], [26, [26, 2, 19, 6]], [18, []], [2, []], [32, [32, 12]], [17, []], [12, []], [19, []], [38, [38, 22, 40, 24, 28, 8, 5, 21, 9]], [28, []], [8, []], [6, []], [5, []], [1, []], [21, []], [22, []], [9, []], [40, []], [24, []]], [[0, [10, 27, 33]], [10, []], [33, []], [27, []], [37, [37, 14, 35, 11, 23, 13]], [14, []], [35, []], [23, []], [13, []], [11, []], [16, [16, 39, 7, 20, 4, 30, 15]], [39, []], [7, []], [20, []], [30, []], [15, []], [25, [25]], [4, []]]], [[[37, [37, 14, 35, 11, 23, 13]]], [[31, [31, 3, 36, 18, 17]]], [[26, [26, 2, 19, 6]]], [[32, [32, 12]]], [[16, [16, 39, 7, 20, 4, 30, 15]]], [[38, [38, 22, 40, 24, 28, 8, 5, 21, 9]]], [[25, [25]]]]]}
{"file_name": "U_40_1", "number_of_trucks": 2, "drone_capacity": 10, "number_of_drones": 2, "iteration": 2, "best_fitness": 458.3781930607591, "runtime": 68.05320262908936, "best_solution": [[[[0, []], [27, [27]], [1, [1, 31]], [31, []], [14, [14, 37, 19, 33, 6]], [37, []], [19, []], [33, []], [6, []], [18, [18, 32, 17, 12, 10, 38, 5, 11, 25]], [32, []], [17, []], [12, []], [10, []], [38, []], [5, []], [11, []], [25, []]], [[0, [29, 34]], [29, []], [34, []], [35, [35, 23]], [23, []], [36, [36, 3, 39]], [3, []], [39, []], [26, [26, 13, 4, 15, 30, 2]], [13, []], [4, []], [15, []], [30, []], [2, []], [20, [20, 8, 28, 7, 16, 21, 40, 22, 9, 24]], [8, []], [28, []], [7, []], [16, []], [21, []], [40, []], [22, []], [9, []], [24, []]]], [[[35, [35, 23]]], [[27, [27]]], [[1, [1, 31]]], [[14, [14, 37, 19, 33, 6]]], [[36, [36, 3, 39]]], [[26, [26, 13, 4, 15, 30, 2]]], [[18, [18, 32, 17, 12, 10, 38, 5, 11, 25]]], [[20, [20, 8, 28, 7, 16, 21, 40, 22, 9, 24]]]]]}
{"file_name": "U_40_1", "number_of_trucks": 2, "drone_capacity": 10, "number_of_drones": 2, "iteration": 3, "best_fitness": 468.20288131258644, "runtime": 60.39185047149658, "best_solution": [[[[0, [36]], [36, []], [31, [31, 3, 29, 33, 19, 27]], [3, [2, 18]], [29, []], [33, []], [19, []], [27, []], [2, []], [18, []], [17, [17, 6, 20, 12, 32, 30, 15, 25, 4, 9]], [6, []], [20, []], [12, []], [32, []], [30, []], [15, []], [25, []], [4, []], [9, []]], [[0, []], [11, [11, 10, 1, 34]], [10, []], [1, []], [34, []], [35, [35, 37, 14, 23, 26, 13, 5]], [37, []], [14, []], [23, []], [26, []], [13, []], [5, []], [39, [39, 7, 8, 28, 38, 16, 21, 22, 40, 24]], [7, []], [8, []], [28, []], [38, []], [16, []], [21, []], [22, []], [40, []], [24, []]]], [[[11, [11, 10, 1, 34]]], [[35, [35, 37, 14, 23, 26, 13, 5]]], [[31, [31, 3, 29, 33, 19, 27]]], [[3, [2, 18]]], [[39, [39, 7, 8, 28, 38, 16, 21, 22, 40, 24]]], [[17, [17, 6, 20, 12, 32, 30, 15, 25, 4, 9]]]]]}
