{"file_name": "U_40_1", "number_of_trucks": 2, "drone_capacity": 10, "number_of_drones": 2, "iteration": 1, "best_fitness": 398.59269131726967, "runtime": 3616.047288417816, "best_solution": [[[[0, [39, 5]], [13, [33, 34, 35, 15, 13, 24]], [34, []], [35, []], [24, []], [38, [38, 25, 40, 37, 12]], [12, []], [39, []], [37, []], [33, []], [26, [26, 11, 7, 9]], [15, []], [11, []], [25, []], [40, []], [9, []], [5, []], [7, []], [29, [29, 4]], [4, []]], [[0, [18, 31, 28, 1, 23]], [18, []], [28, []], [3, [3, 20, 27, 36]], [27, []], [31, []], [21, [21, 10, 32, 6, 30]], [10, []], [32, []], [6, []], [1, []], [23, []], [20, []], [30, []], [2, [2, 14, 8, 17, 19]], [19, []], [36, []], [14, []], [8, []], [22, [22, 16]], [16, []], [17, []]]], [[[13, [33, 34, 35, 15, 13, 24]]], [[3, [3, 20, 27, 36]]], [[21, [21, 10, 32, 6, 30]]], [[38, [38, 25, 40, 37, 12]]], [[26, [26, 11, 7, 9]]], [[2, [2, 14, 8, 17, 19]]], [[29, [29, 4]]], [[22, [22, 16]]]]]}
{"file_name": "U_40_1", "number_of_trucks": 2, "drone_capacity": 10, "number_of_drones": 2, "iteration": 2, "best_fitness": 444.5625528023016, "runtime": 69.13738107681274, "best_solution": [[[[0, []], [31, [31, 39]], [39, []], [3, [3, 38]], [12, [12, 37, 24, 33]], [38, []], [37, []], [24, []], [33, []], [34, [34, 13, 9, 5, 7]], [13, []], [9, []], [5, []], [7, []], [36, [36, 14, 8, 27, 21, 22, 16, 17, 29, 4]], [14, []], [8, []], [27, []], [21, []], [22, []], [16, []], [17, []], [29, []], [4, []]], [[0, []], [28, [28, 35, 15, 30, 1, 23]], [35, [20]], [15, []], [30, []], [1, []], [23, []], [20, []], [6, [6, 32, 10, 2, 19, 40, 25, 11, 26, 18]], [32, []], [10, []], [2, []], [19, []], [40, []], [25, []], [11, []], [26, []], [18, []]]], [[[31, [31, 39]]], [[3, [3, 38]]], [[28, [28, 35, 15, 30, 1, 23]]], [[35, [20]]], [[12, [12, 37, 24, 33]]], [[34, [34, 13, 9, 5, 7]]], [[6, [6, 32, 10, 2, 19, 40, 25, 11, 26, 18]]], [[36, [36, 14, 8, 27, 21, 22, 16, 17, 29, 4]]]]]}
{"file_name": "U_40_1", "number_of_trucks": 2, "drone_capacity": 10, "number_of_drones": 2, "iteration": 3, "best_fitness": 477.14480043651633, "runtime": 50.03311729431152, "best_solution": [[[[0, [31, 23, 1, 30]], [31, []], [23, []], [1, []], [30, []], [28, [28, 3, 12, 9, 7, 13]], [3, []], [12, []], [9, []], [7, []], [13, []], [34, [34, 37, 38, 33, 26, 8, 27, 22, 16, 17]], [37, []], [38, []], [33, []], [26, []], [8, []], [27, []], [22, []], [16, []], [17, []]], [[0, [39, 24, 15, 35, 5, 18]], [39, []], [24, []], [15, [14, 21, 10, 32]], [35, []], [5, []], [18, []], [14, []], [21, []], [10, []], [32, []], [6, [6, 20, 19, 25, 11, 40, 2, 36, 29, 4]], [20, []], [19, []], [25, []], [11, []], [40, []], [2, []], [36, []], [29, []], [4, []]]], [[[15, [14, 21, 10, 32]]], [[28, [28, 3, 12, 9, 7, 13]]], [[34, [34, 37, 38, 33, 26, 8, 27, 22, 16, 17]]], [[6, [6, 20, 19, 25, 11, 40, 2, 36, 29, 4]]]]]}
