{"file_name": "U_40_0", "number_of_trucks": 2, "drone_capacity": 10, "number_of_drones": 2, "iteration": 1, "best_fitness": 360.49971817332386, "runtime": 3713.0461637973785, "best_solution": [[[[0, [17, 20, 40]], [4, [4, 28, 9, 34, 2]], [28, []], [17, []], [9, []], [32, [32, 16, 39, 8, 14, 29]], [29, []], [16, []], [14, []], [10, [10, 35, 25, 7, 18, 37, 13, 22]], [35, []], [39, []], [34, []], [8, []], [2, []], [25, []], [13, []], [20, []], [40, []], [37, []], [18, []], [7, []], [22, []], [3, [3]]], [[0, [6, 5, 31, 11, 24, 26, 23, 21]], [26, []], [31, []], [11, []], [30, [30, 19, 12, 15, 36, 33, 38, 1, 27]], [19, []], [12, []], [15, []], [36, []], [33, []], [6, []], [24, []], [5, []], [38, []], [23, []], [1, []], [27, []], [21, []]]], [[[4, [4, 28, 9, 34, 2]]], [[32, [32, 16, 39, 8, 14, 29]]], [[30, [30, 19, 12, 15, 36, 33, 38, 1, 27]]], [[10, [10, 35, 25, 7, 18, 37, 13, 22]]], [[3, [3]]]]]}
{"file_name": "U_40_0", "number_of_trucks": 2, "drone_capacity": 10, "number_of_drones": 2, "iteration": 2, "best_fitness": 372.5117538723698, "runtime": 56.88586902618408, "best_solution": [[[[0, [9, 17]], [9, []], [28, [28]], [17, []], [29, [29, 16, 32, 19, 22, 7]], [16, []], [32, []], [19, []], [22, []], [7, []], [18, [18, 14, 10, 35, 37, 27, 21, 3, 12, 30]], [14, []], [10, []], [35, []], [37, []], [27, []], [21, []], [3, []], [12, []], [30, []]], [[0, [4]], [4, []], [6, [6]], [23, [23, 5, 2, 34]], [5, []], [2, []], [34, []], [8, [8, 39, 20, 13, 40]], [39, []], [20, []], [13, []], [40, []], [25, [25, 38, 1, 15, 36, 33, 24, 31, 11, 26]], [38, []], [1, []], [15, []], [36, []], [33, []], [24, []], [31, []], [11, []], [26, []]]], [[[6, [6]]], [[23, [23, 5, 2, 34]]], [[28, [28]]], [[29, [29, 16, 32, 19, 22, 7]]], [[8, [8, 39, 20, 13, 40]]], [[18, [18, 14, 10, 35, 37, 27, 21, 3, 12, 30]]], [[25, [25, 38, 1, 15, 36, 33, 24, 31, 11, 26]]]]]}
{"file_name": "U_40_0", "number_of_trucks": 2, "drone_capacity": 10, "number_of_drones": 2, "iteration": 3, "best_fitness": 395.99705889898075, "runtime": 55.62110471725464, "best_solution": [[[[0, [17]], [4, [4, 9]], [9, []], [17, []], [28, [28, 16, 32, 29, 14, 8, 39]], [16, []], [32, []], [29, []], [14, []], [8, []], [39, []], [10, [10, 18, 7, 22, 27, 21, 3, 19, 12, 30]], [18, []], [7, []], [22, []], [27, []], [21, []], [3, []], [19, []], [12, []], [30, []]], [[0, [20]], [40, [40, 34, 2]], [20, []], [34, []], [2, []], [23, [23, 31, 11, 15, 5, 36]], [31, []], [11, []], [15, []], [5, []], [36, []], [38, [38, 25, 13, 37, 35, 1, 6, 33, 24, 26]], [25, []], [13, []], [37, []], [35, []], [1, []], [6, []], [33, []], [24, []], [26, []]]], [[[40, [40, 34, 2]]], [[4, [4, 9]]], [[28, [28, 16, 32, 29, 14, 8, 39]]], [[23, [23, 31, 11, 15, 5, 36]]], [[38, [38, 25, 13, 37, 35, 1, 6, 33, 24, 26]]], [[10, [10, 18, 7, 22, 27, 21, 3, 19, 12, 30]]]]]}
