{"file_name": "U_40_1", "number_of_trucks": 2, "drone_capacity": 10, "number_of_drones": 2, "iteration": 1, "best_fitness": 412.1375139545369, "runtime": 3237.745527982712, "best_solution": [[[[0, []], [21, [21, 16, 12]], [16, [6, 4, 7, 3, 28]], [12, []], [2, [2, 30]], [6, []], [4, []], [7, []], [20, [20, 37, 24, 38, 31]], [38, []], [31, []], [37, []], [24, []], [11, [11, 33, 23, 39]], [33, []], [3, []], [39, []], [30, []], [28, []], [23, []]], [[0, [1, 25, 22, 35]], [35, []], [25, []], [9, [9, 29, 27, 14]], [29, []], [22, []], [1, []], [17, [17, 8, 40, 19]], [27, []], [8, []], [19, []], [15, [15, 32, 18, 36, 26, 5, 10, 34, 13]], [32, []], [40, []], [18, []], [36, []], [10, []], [5, []], [26, []], [34, []], [13, []], [14, []]]], [[[21, [21, 16, 12]]], [[16, [6, 4, 7, 3, 28]]], [[2, [2, 30]]], [[9, [9, 29, 27, 14]]], [[17, [17, 8, 40, 19]]], [[20, [20, 37, 24, 38, 31]]], [[15, [15, 32, 18, 36, 26, 5, 10, 34, 13]]], [[11, [11, 33, 23, 39]]]]]}
{"file_name": "U_40_1", "number_of_trucks": 2, "drone_capacity": 10, "number_of_drones": 2, "iteration": 2, "best_fitness": 421.76667910936015, "runtime": 668.1259694099426, "best_solution": [[[[0, [16, 12, 21]], [16, []], [12, []], [21, []], [2, [2, 19, 14]], [26, [26, 30, 17, 8, 27, 34]], [19, []], [34, []], [8, []], [27, []], [39, [39, 28, 33, 23, 29, 9]], [30, []], [28, []], [17, []], [29, []], [9, []], [33, []], [11, [11]], [23, []], [14, []]], [[0, []], [35, [35, 1, 22, 25]], [22, []], [1, []], [25, []], [3, [3, 4, 6, 40, 7, 37, 24]], [24, []], [37, []], [4, []], [20, [20, 5]], [6, []], [40, []], [18, [18, 38, 31, 10, 32, 36, 13, 15]], [5, []], [38, []], [31, []], [7, []], [10, []], [32, []], [15, []], [36, []], [13, []]]], [[[35, [35, 1, 22, 25]]], [[3, [3, 4, 6, 40, 7, 37, 24]]], [[2, [2, 19, 14]]], [[26, [26, 30, 17, 8, 27, 34]]], [[20, [20, 5]]], [[39, [39, 28, 33, 23, 29, 9]]], [[18, [18, 38, 31, 10, 32, 36, 13, 15]]], [[11, [11]]]]]}
{"file_name": "U_40_1", "number_of_trucks": 2, "drone_capacity": 10, "number_of_drones": 2, "iteration": 3, "best_fitness": 483.6, "runtime": 62.6980516910553, "best_solution": [[[[0, [35, 21]], [35, []], [21, []], [12, [12, 16, 6, 4]], [16, []], [6, []], [4, []], [2, [2, 40, 5, 26, 8, 17, 9, 29]], [40, []], [5, []], [26, []], [8, []], [17, []], [9, []], [29, []], [33, [33, 31, 38, 20, 32, 15, 10, 36, 18, 13]], [31, []], [38, []], [20, []], [32, []], [15, []], [10, []], [36, []], [18, []], [13, []]], [[0, []], [22, [22, 1]], [1, []], [25, [25, 24, 7, 37]], [24, []], [7, []], [37, []], [3, [3, 19, 34, 27, 14]], [19, []], [34, []], [30, [30, 28, 23, 39, 11]], [28, []], [23, []], [39, []], [11, []], [27, []], [14, []]]], [[[22, [22, 1]]], [[25, [25, 24, 7, 37]]], [[12, [12, 16, 6, 4]]], [[2, [2, 40, 5, 26, 8, 17, 9, 29]]], [[3, [3, 19, 34, 27, 14]]], [[30, [30, 28, 23, 39, 11]]], [[33, [33, 31, 38, 20, 32, 15, 10, 36, 18, 13]]]]]}
