{"file_name": "U_40_1", "number_of_trucks": 2, "drone_capacity": 10, "number_of_drones": 2, "iteration": 1, "best_fitness": 434.9316875823745, "runtime": 3736.5929017066956, "best_solution": [[[[0, [8, 37]], [37, []], [8, []], [12, [12, 23, 34, 2, 19, 39, 35, 15]], [34, []], [23, []], [2, []], [19, []], [39, []], [33, [33, 36, 30, 14]], [35, []], [30, []], [36, []], [15, []], [24, [24, 27, 4, 28, 3]], [27, []], [3, []], [14, []], [4, []], [28, []]], [[0, [16, 40, 22, 38]], [18, [18, 31]], [38, []], [16, []], [22, []], [40, []], [31, []], [11, [11, 25, 5, 29, 21]], [29, []], [25, []], [6, [6, 20, 10, 17]], [5, []], [20, []], [21, []], [9, [9, 13, 1, 26, 7, 32]], [13, []], [26, []], [7, []], [32, []], [1, []], [10, []], [17, []]]], [[[12, [12, 23, 34, 2, 19, 39, 35, 15]]], [[18, [18, 31]]], [[11, [11, 25, 5, 29, 21]]], [[33, [33, 36, 30, 14]]], [[6, [6, 20, 10, 17]]], [[24, [24, 27, 4, 28, 3]]], [[9, [9, 13, 1, 26, 7, 32]]]]]}
{"file_name": "U_40_1", "number_of_trucks": 2, "drone_capacity": 10, "number_of_drones": 2, "iteration": 2, "best_fitness": 508.0784751257704, "runtime": 61.2707085609436, "best_solution": [[[[0, []], [12, [12, 8, 40, 19, 21, 31]], [8, []], [40, [25, 5]], [19, []], [21, []], [31, []], [25, []], [5, []], [29, [29, 6, 3, 27, 10, 1, 24, 34, 4, 28]], [6, []], [3, []], [27, []], [10, []], [1, []], [24, []], [34, []], [4, []], [28, []]], [[0, [38, 22]], [38, []], [22, []], [16, [16, 23, 18]], [23, []], [18, []], [39, [39]], [14, [14, 17, 37, 33, 35, 36, 11]], [17, []], [37, []], [33, []], [35, []], [36, []], [30, [30, 15, 2, 32, 7, 26, 13, 20, 9]], [15, []], [2, []], [32, []], [7, []], [26, []], [13, []], [20, []], [9, []], [11, []]]], [[[16, [16, 23, 18]]], [[12, [12, 8, 40, 19, 21, 31]]], [[39, [39]]], [[40, [25, 5]]], [[14, [14, 17, 37, 33, 35, 36, 11]]], [[30, [30, 15, 2, 32, 7, 26, 13, 20, 9]]], [[29, [29, 6, 3, 27, 10, 1, 24, 34, 4, 28]]]]]}
{"file_name": "U_40_1", "number_of_trucks": 2, "drone_capacity": 10, "number_of_drones": 2, "iteration": 3, "best_fitness": 503.21414608823443, "runtime": 63.01622772216797, "best_solution": [[[[0, [8]], [8, []], [31, [31]], [12, [12, 19, 2, 14, 25]], [19, []], [2, []], [14, []], [25, []], [5, [5, 29, 39, 28, 33, 4, 24, 10, 1, 11]], [29, []], [39, []], [28, []], [33, []], [4, []], [24, []], [10, []], [1, []], [11, []]], [[0, []], [18, [18, 37]], [37, [35, 40, 23, 16, 22]], [35, []], [40, []], [23, []], [16, []], [22, []], [34, [34, 17, 38, 3, 15, 30]], [17, []], [38, []], [3, []], [15, []], [30, []], [36, [36, 27, 6, 32, 7, 26, 13, 20, 9, 21]], [27, []], [6, []], [32, []], [7, []], [26, []], [13, []], [20, []], [9, []], [21, []]]], [[[18, [18, 37]]], [[37, [35, 40, 23, 16, 22]]], [[31, [31]]], [[12, [12, 19, 2, 14, 25]]], [[34, [34, 17, 38, 3, 15, 30]]], [[5, [5, 29, 39, 28, 33, 4, 24, 10, 1, 11]]], [[36, [36, 27, 6, 32, 7, 26, 13, 20, 9, 21]]]]]}
