{"file_name": "U_40_1", "number_of_trucks": 2, "drone_capacity": 10, "number_of_drones": 2, "iteration": 1, "best_fitness": 429.61829354964084, "runtime": 3711.6174573898315, "best_solution": [[[[0, []], [19, [19, 39]], [39, [14, 17, 32]], [17, []], [14, []], [32, []], [36, [36, 2, 20, 21, 10, 40]], [2, []], [20, []], [21, []], [10, []], [40, []], [4, [4, 1, 28, 5, 29, 30]], [1, []], [28, []], [8, [8, 35, 33, 15]], [35, []], [5, []], [30, []], [33, []], [15, []], [29, []]], [[0, [7]], [7, []], [9, [9, 37, 26, 6, 25, 3, 34]], [26, []], [6, []], [24, [24, 22, 18, 12]], [22, []], [12, []], [3, []], [18, [13, 38, 27, 11]], [27, []], [11, []], [25, []], [38, []], [37, []], [23, [23, 31, 16]], [16, []], [13, []], [34, []], [31, []]]], [[[19, [19, 39]]], [[39, [14, 17, 32]]], [[36, [36, 2, 20, 21, 10, 40]]], [[9, [9, 37, 26, 6, 25, 3, 34]]], [[24, [24, 22, 18, 12]]], [[4, [4, 1, 28, 5, 29, 30]]], [[18, [13, 38, 27, 11]]], [[8, [8, 35, 33, 15]]], [[23, [23, 31, 16]]]]]}
{"file_name": "U_40_1", "number_of_trucks": 2, "drone_capacity": 10, "number_of_drones": 2, "iteration": 2, "best_fitness": 484.40000000000003, "runtime": 57.73401975631714, "best_solution": [[[[0, []], [39, [39, 7, 32, 17, 34, 14, 37, 40]], [7, []], [32, []], [17, []], [34, []], [14, []], [37, []], [40, []], [38, [38]], [18, [18, 27, 12, 24, 31, 16, 23, 25, 33]], [27, []], [12, []], [24, []], [31, []], [16, []], [23, []], [25, []], [33, []]], [[0, [6, 26]], [6, []], [26, []], [3, [3, 19, 9]], [19, []], [9, []], [22, [22, 2]], [2, [13, 36, 20, 21, 28]], [13, []], [36, []], [20, []], [21, []], [28, []], [11, [11, 30, 5, 35, 8, 10, 1, 4, 15, 29]], [30, []], [5, []], [35, []], [8, []], [10, []], [1, []], [4, []], [15, []], [29, []]]], [[[39, [39, 7, 32, 17, 34, 14, 37, 40]]], [[3, [3, 19, 9]]], [[22, [22, 2]]], [[2, [13, 36, 20, 21, 28]]], [[38, [38]]], [[11, [11, 30, 5, 35, 8, 10, 1, 4, 15, 29]]], [[18, [18, 27, 12, 24, 31, 16, 23, 25, 33]]]]]}
{"file_name": "U_40_1", "number_of_trucks": 2, "drone_capacity": 10, "number_of_drones": 2, "iteration": 3, "best_fitness": 488.62331157302793, "runtime": 61.84085035324097, "best_solution": [[[[0, []], [14, [14]], [40, [40, 21]], [21, []], [10, [10]], [6, [6, 9, 26, 17, 13, 2, 36, 37, 38]], [9, []], [26, []], [17, []], [13, []], [2, []], [36, []], [37, []], [38, []], [25, [25, 20, 28, 30, 5, 35, 1, 8, 15, 33]], [20, []], [28, []], [30, []], [5, []], [35, []], [1, []], [8, []], [15, []], [33, []]], [[0, [19]], [19, [39, 7, 3, 32, 34, 22]], [39, []], [7, []], [3, []], [32, []], [34, []], [22, []], [24, [24, 18]], [18, []], [4, [4, 29, 11]], [29, []], [11, []], [16, [16, 23, 27, 12, 31]], [23, []], [27, []], [12, []], [31, []]]], [[[14, [14]]], [[19, [39, 7, 3, 32, 34, 22]]], [[40, [40, 21]]], [[10, [10]]], [[6, [6, 9, 26, 17, 13, 2, 36, 37, 38]]], [[24, [24, 18]]], [[4, [4, 29, 11]]], [[25, [25, 20, 28, 30, 5, 35, 1, 8, 15, 33]]], [[16, [16, 23, 27, 12, 31]]]]]}
