{"file_name": "U_40_0", "number_of_trucks": 2, "drone_capacity": 10, "number_of_drones": 2, "iteration": 1, "best_fitness": 318.27780271735503, "runtime": 2832.6259388923645, "best_solution": [[[[0, [16, 23, 17]], [16, []], [23, []], [35, [35, 31, 32, 25]], [31, []], [32, []], [39, [39, 4, 14, 3]], [4, []], [14, []], [3, []], [25, []], [38, [38, 22, 6, 37, 40, 24, 2, 21, 20]], [22, []], [6, []], [37, []], [40, []], [17, []], [24, []], [2, []], [21, []], [20, []]], [[0, [19, 33, 8]], [8, []], [33, []], [28, [28, 1, 29, 12, 27, 5, 26]], [29, []], [1, []], [12, []], [27, []], [5, []], [26, []], [9, [9, 11, 13, 7, 15, 10, 36, 30, 18, 34]], [11, []], [13, []], [7, []], [15, []], [10, []], [36, []], [30, []], [18, []], [34, []], [19, []]]], [[[35, [35, 31, 32, 25]]], [[28, [28, 1, 29, 12, 27, 5, 26]]], [[39, [39, 4, 14, 3]]], [[9, [9, 11, 13, 7, 15, 10, 36, 30, 18, 34]]], [[38, [38, 22, 6, 37, 40, 24, 2, 21, 20]]]]]}
{"file_name": "U_40_0", "number_of_trucks": 2, "drone_capacity": 10, "number_of_drones": 2, "iteration": 2, "best_fitness": 339.9992185776227, "runtime": 1009.7710154056549, "best_solution": [[[[0, [19, 35]], [19, []], [35, []], [32, [32, 23, 4, 3, 6]], [23, []], [4, []], [14, [14, 25]], [3, []], [25, []], [38, [38, 22, 37, 40, 21, 29, 2, 24, 10, 34]], [22, []], [37, []], [6, []], [40, []], [21, []], [29, []], [2, []], [24, []], [10, []], [34, []]], [[0, [1, 9, 16, 11, 36]], [16, []], [17, [17, 26, 5, 27, 12, 31, 33, 28, 8]], [33, []], [28, []], [8, []], [26, []], [5, []], [9, []], [27, []], [12, []], [1, []], [7, [7, 13, 15, 18, 39]], [13, []], [11, []], [15, []], [36, []], [30, [30, 20]], [18, []], [31, []], [39, []], [20, []]]], [[[17, [17, 26, 5, 27, 12, 31, 33, 28, 8]]], [[32, [32, 23, 4, 3, 6]]], [[14, [14, 25]]], [[38, [38, 22, 37, 40, 21, 29, 2, 24, 10, 34]]], [[7, [7, 13, 15, 18, 39]]], [[30, [30, 20]]]]]}
{"file_name": "U_40_0", "number_of_trucks": 2, "drone_capacity": 10, "number_of_drones": 2, "iteration": 3, "best_fitness": 363.00861318791084, "runtime": 51.64124512672424, "best_solution": [[[[0, [33, 1]], [33, []], [28, [28, 8, 26, 9, 5, 12]], [8, []], [26, []], [9, []], [5, []], [1, []], [12, []], [27, [27, 14, 23, 3, 25]], [14, []], [23, []], [3, []], [25, []], [37, [37, 22, 38, 6, 40, 21, 2, 39, 4, 20]], [22, []], [38, []], [6, []], [40, []], [21, []], [2, []], [39, []], [4, []], [20, []]], [[0, [16]], [16, []], [17, [17, 29, 35, 31, 32, 18]], [29, []], [35, []], [31, []], [32, []], [18, []], [34, [34, 30, 36, 10, 15, 7, 13, 11, 24, 19]], [30, []], [36, []], [10, []], [15, []], [7, []], [13, []], [11, []], [24, []], [19, []]]], [[[17, [17, 29, 35, 31, 32, 18]]], [[28, [28, 8, 26, 9, 5, 12]]], [[27, [27, 14, 23, 3, 25]]], [[34, [34, 30, 36, 10, 15, 7, 13, 11, 24, 19]]], [[37, [37, 22, 38, 6, 40, 21, 2, 39, 4, 20]]]]]}
