{"file_name": "U_40_1", "number_of_trucks": 2, "drone_capacity": 10, "number_of_drones": 2, "iteration": 1, "best_fitness": 514.8974711994085, "runtime": 3651.9569313526154, "best_solution": [[[[0, [22, 31, 7, 40, 13, 9, 35, 25, 14, 26, 36]], [40, []], [9, []], [14, []], [35, []], [25, []], [26, []], [22, []], [31, []], [13, []], [36, []], [39, [39, 10, 6]], [7, []], [10, []], [6, []], [20, [20, 33, 38, 28, 3, 24]], [33, []], [38, []], [28, []], [8, [8, 5]], [5, []], [3, []], [24, []]], [[0, [30, 15, 2, 19, 12]], [12, []], [2, []], [30, [32, 37]], [15, []], [37, []], [32, [17, 4]], [17, []], [19, []], [4, []], [27, [27, 18, 34, 29, 1]], [18, []], [34, []], [29, []], [23, [23, 11, 16, 21]], [11, []], [16, []], [1, []], [21, []]]], [[[30, [32, 37]]], [[32, [17, 4]]], [[39, [39, 10, 6]]], [[20, [20, 33, 38, 28, 3, 24]]], [[27, [27, 18, 34, 29, 1]]], [[23, [23, 11, 16, 21]]], [[8, [8, 5]]]]]}
{"file_name": "U_40_1", "number_of_trucks": 2, "drone_capacity": 10, "number_of_drones": 2, "iteration": 2, "best_fitness": 607.2009027560106, "runtime": 66.46594715118408, "best_solution": [[[[0, [25]], [25, []], [9, [9]], [36, [36]], [40, [40, 13, 26, 22, 14, 32, 10]], [13, []], [26, []], [22, []], [14, []], [32, []], [10, []], [39, [39, 27, 29, 34, 24, 23, 11, 3, 16, 21]], [27, []], [29, []], [34, []], [24, []], [23, []], [11, []], [3, []], [16, []], [21, []]], [[0, [30]], [30, [19, 7]], [19, []], [7, []], [2, [2]], [15, [15, 12, 31, 35, 37, 4]], [12, []], [31, []], [35, []], [37, []], [4, []], [17, [17, 6, 38, 20, 18, 33, 28, 8, 5, 1]], [6, []], [38, []], [20, []], [18, []], [33, []], [28, []], [8, []], [5, []], [1, []]]], [[[9, [9]]], [[30, [19, 7]]], [[36, [36]]], [[2, [2]]], [[40, [40, 13, 26, 22, 14, 32, 10]]], [[15, [15, 12, 31, 35, 37, 4]]], [[39, [39, 27, 29, 34, 24, 23, 11, 3, 16, 21]]], [[17, [17, 6, 38, 20, 18, 33, 28, 8, 5, 1]]]]]}
{"file_name": "U_40_1", "number_of_trucks": 2, "drone_capacity": 10, "number_of_drones": 2, "iteration": 3, "best_fitness": 591.9609027560105, "runtime": 55.74732851982117, "best_solution": [[[[0, [40, 26, 9, 13, 31, 22, 14, 32]], [40, []], [26, [10]], [9, []], [13, []], [31, []], [22, []], [14, []], [32, []], [10, []], [39, [39, 27, 29, 34, 1, 16, 3, 11, 23, 24]], [27, []], [29, []], [34, []], [1, []], [16, []], [3, []], [11, []], [23, []], [24, []]], [[0, [7, 36]], [7, []], [36, []], [30, [30, 2, 15, 12, 19, 25, 35, 37, 4]], [2, []], [15, []], [12, []], [19, []], [25, []], [35, []], [37, []], [4, []], [17, [17, 6, 38]], [6, []], [38, []], [20, [20, 18, 33, 28, 8, 5, 21]], [18, []], [33, []], [28, []], [8, []], [5, []], [21, []]]], [[[26, [10]]], [[30, [30, 2, 15, 12, 19, 25, 35, 37, 4]]], [[17, [17, 6, 38]]], [[39, [39, 27, 29, 34, 1, 16, 3, 11, 23, 24]]], [[20, [20, 18, 33, 28, 8, 5, 21]]]]]}
