{"file_name": "U_40_1", "number_of_trucks": 2, "drone_capacity": 10, "number_of_drones": 2, "iteration": 1, "best_fitness": 555.74911459352, "runtime": 3578.8125557899475, "best_solution": [[[[0, [35, 34, 38, 10, 36, 37, 22, 40]], [22, []], [37, []], [40, []], [10, []], [35, []], [34, []], [39, [39, 8, 33, 6, 2]], [2, []], [8, []], [24, [24, 12]], [36, []], [38, []], [33, []], [6, []], [5, [5, 23, 13, 1]], [23, []], [13, []], [25, [25, 20]], [20, []], [1, []], [12, []]], [[0, [18, 31, 7, 30, 14]], [28, [21, 28, 29, 32, 15]], [32, []], [14, []], [29, []], [18, []], [7, []], [30, []], [31, []], [15, [26, 27]], [27, []], [26, []], [21, []], [11, [11, 19, 17, 9, 3]], [3, []], [19, []], [17, []], [9, []], [16, [16, 4]], [4, []]]], [[[39, [39, 8, 33, 6, 2]]], [[28, [21, 28, 29, 32, 15]]], [[24, [24, 12]]], [[15, [26, 27]]], [[11, [11, 19, 17, 9, 3]]], [[5, [5, 23, 13, 1]]], [[25, [25, 20]]], [[16, [16, 4]]]]]}
{"file_name": "U_40_1", "number_of_trucks": 2, "drone_capacity": 10, "number_of_drones": 2, "iteration": 2, "best_fitness": 722.1419800039398, "runtime": 52.59877872467041, "best_solution": [[[[0, [30, 18, 10, 28, 21, 15, 34, 36]], [30, []], [18, []], [10, []], [28, []], [21, []], [15, []], [34, []], [36, []], [29, [29]], [26, [26, 39, 8, 13, 24, 12, 11, 25, 20]], [39, []], [8, []], [13, []], [24, []], [12, []], [11, []], [25, []], [20, []]], [[0, [22, 7, 14]], [22, []], [7, []], [14, []], [31, [31, 35, 37, 38, 40, 2, 32, 6]], [35, []], [37, [33]], [38, []], [40, []], [2, []], [32, []], [6, []], [33, []], [27, [27, 19, 9, 17, 5, 1, 23, 16, 3, 4]], [19, []], [9, []], [17, []], [5, []], [1, []], [23, []], [16, []], [3, []], [4, []]]], [[[31, [31, 35, 37, 38, 40, 2, 32, 6]]], [[29, [29]]], [[37, [33]]], [[27, [27, 19, 9, 17, 5, 1, 23, 16, 3, 4]]], [[26, [26, 39, 8, 13, 24, 12, 11, 25, 20]]]]]}
{"file_name": "U_40_1", "number_of_trucks": 2, "drone_capacity": 10, "number_of_drones": 2, "iteration": 3, "best_fitness": 725.1419800039398, "runtime": 51.34459900856018, "best_solution": [[[[0, [22, 10, 30, 28, 21, 15, 34]], [22, []], [10, [36, 29]], [30, []], [28, []], [21, []], [15, []], [34, []], [36, []], [29, []], [26, [26, 39, 8, 13, 24, 12, 11, 23, 25, 20]], [39, []], [8, []], [13, []], [24, []], [12, []], [11, []], [23, []], [25, []], [20, []]], [[0, [18, 7, 14]], [18, []], [7, []], [14, []], [31, [31, 35, 37, 38, 40, 2, 32, 6]], [35, []], [37, []], [38, []], [40, []], [2, []], [32, []], [6, []], [33, [33, 27, 19, 9, 17, 5, 1, 16, 3, 4]], [27, []], [19, []], [9, []], [17, []], [5, []], [1, []], [16, []], [3, []], [4, []]]], [[[10, [36, 29]]], [[31, [31, 35, 37, 38, 40, 2, 32, 6]]], [[33, [33, 27, 19, 9, 17, 5, 1, 16, 3, 4]]], [[26, [26, 39, 8, 13, 24, 12, 11, 23, 25, 20]]]]]}
