{"file_name": "U_40_1", "number_of_trucks": 2, "drone_capacity": 10, "number_of_drones": 2, "iteration": 1, "best_fitness": 525.0305596164833, "runtime": 3762.5344483852386, "best_solution": [[[[0, [8, 26, 29]], [29, []], [26, []], [8, []], [16, [16, 31, 12, 1, 27, 24, 35]], [31, []], [1, []], [12, []], [27, []], [24, []], [35, [19, 20, 39, 4]], [19, []], [20, []], [39, []], [4, []], [34, [34, 13, 7, 11]], [7, []], [13, []], [11, []], [5, [5, 9]], [9, []]], [[0, [21, 22, 6, 40, 17]], [2, [15, 10, 2, 28, 33]], [28, [14, 32, 23, 3, 25, 38, 30]], [33, []], [21, []], [40, []], [14, []], [32, []], [23, []], [3, []], [25, []], [38, []], [22, []], [37, [37]], [6, []], [17, []], [30, []], [15, []], [10, []], [36, [36, 18]], [18, []]]], [[[16, [16, 31, 12, 1, 27, 24, 35]]], [[2, [15, 10, 2, 28, 33]]], [[28, [14, 32, 23, 3, 25, 38, 30]]], [[35, [19, 20, 39, 4]]], [[34, [34, 13, 7, 11]]], [[37, [37]]], [[36, [36, 18]]], [[5, [5, 9]]]]]}
{"file_name": "U_40_1", "number_of_trucks": 2, "drone_capacity": 10, "number_of_drones": 2, "iteration": 2, "best_fitness": 691.8074034393366, "runtime": 49.2675838470459, "best_solution": [[[[0, [8, 26, 10, 21, 25, 40]], [8, []], [26, []], [10, [31, 28, 19, 2, 39]], [21, []], [25, []], [40, []], [31, []], [28, []], [19, []], [2, []], [39, []], [14, [14, 32, 23, 6, 37, 4, 34, 13, 9, 5]], [32, []], [23, []], [6, []], [37, []], [4, []], [34, []], [13, []], [9, []], [5, []]], [[0, [16, 29, 35, 24, 27, 1, 3, 22, 12]], [16, []], [29, []], [35, []], [24, []], [27, []], [1, []], [3, []], [22, []], [12, []], [20, [20, 17, 33, 38, 15, 30, 11, 7, 36, 18]], [17, []], [33, []], [38, []], [15, []], [30, []], [11, []], [7, []], [36, []], [18, []]]], [[[10, [31, 28, 19, 2, 39]]], [[20, [20, 17, 33, 38, 15, 30, 11, 7, 36, 18]]], [[14, [14, 32, 23, 6, 37, 4, 34, 13, 9, 5]]]]]}
{"file_name": "U_40_1", "number_of_trucks": 2, "drone_capacity": 10, "number_of_drones": 2, "iteration": 3, "best_fitness": 736.4001781217156, "runtime": 46.575910329818726, "best_solution": [[[[0, [8, 21, 25, 26, 22, 23, 6, 31, 2, 39, 14]], [8, []], [21, []], [25, []], [26, []], [22, []], [23, []], [6, []], [31, []], [2, []], [39, [30, 4, 19, 34, 10, 13, 9, 5]], [14, []], [30, []], [4, []], [19, []], [34, []], [10, []], [13, []], [9, []], [5, []]], [[0, [16, 29, 35, 24, 27, 40, 3, 20, 17, 1, 12]], [16, []], [29, []], [35, []], [24, []], [27, []], [40, []], [3, []], [20, []], [17, []], [1, []], [12, []], [33, [33, 38, 28, 15, 32, 37, 11, 7, 36, 18]], [38, []], [28, []], [15, []], [32, []], [37, []], [11, []], [7, []], [36, []], [18, []]]], [[[39, [30, 4, 19, 34, 10, 13, 9, 5]]], [[33, [33, 38, 28, 15, 32, 37, 11, 7, 36, 18]]]]]}
