{"file_name": "U_40_0", "number_of_trucks": 2, "drone_capacity": 10, "number_of_drones": 2, "iteration": 1, "best_fitness": 333.83555140564357, "runtime": 3410.8505585193634, "best_solution": [[[[0, []], [16, [16, 4, 31, 32]], [32, []], [4, []], [31, []], [37, [37, 35, 24, 25, 11]], [35, []], [24, []], [25, []], [11, []], [33, [33, 3, 1, 22, 30, 9, 29, 26]], [3, []], [1, []], [22, []], [9, []], [29, []], [30, []], [26, []]], [[0, [14]], [14, []], [23, [8, 23, 19, 28, 39, 2, 18, 40, 15]], [28, []], [39, []], [17, [17, 27, 34, 38]], [27, []], [8, []], [34, []], [19, []], [38, []], [20, [20, 6, 12, 21, 10, 36, 13, 7, 5]], [6, []], [7, []], [15, []], [10, []], [5, []], [21, []], [36, []], [18, []], [40, []], [12, []], [2, []], [13, []]]], [[[16, [16, 4, 31, 32]]], [[23, [8, 23, 19, 28, 39, 2, 18, 40, 15]]], [[17, [17, 27, 34, 38]]], [[37, [37, 35, 24, 25, 11]]], [[20, [20, 6, 12, 21, 10, 36, 13, 7, 5]]], [[33, [33, 3, 1, 22, 30, 9, 29, 26]]]]]}
{"file_name": "U_40_0", "number_of_trucks": 2, "drone_capacity": 10, "number_of_drones": 2, "iteration": 2, "best_fitness": 352.6496664311582, "runtime": 323.8067932128906, "best_solution": [[[[0, [28, 14]], [14, []], [23, [23, 8, 39]], [28, []], [39, []], [8, []], [27, [27, 34, 19, 37, 24, 25, 11, 3, 1, 22]], [34, []], [19, []], [37, []], [24, []], [25, []], [11, []], [33, [33]], [3, []], [1, []], [29, [29, 17, 9, 30]], [17, []], [22, []], [9, []], [30, []]], [[0, []], [16, [18, 40, 16, 15, 2]], [40, []], [15, []], [13, [13, 36, 38, 7, 35]], [36, []], [18, []], [2, []], [12, [12, 32, 20, 6, 4, 31, 10, 5, 21, 26]], [32, []], [20, []], [6, []], [4, []], [31, []], [38, []], [7, []], [35, []], [10, []], [5, []], [21, []], [26, []]]], [[[16, [18, 40, 16, 15, 2]]], [[23, [23, 8, 39]]], [[13, [13, 36, 38, 7, 35]]], [[27, [27, 34, 19, 37, 24, 25, 11, 3, 1, 22]]], [[12, [12, 32, 20, 6, 4, 31, 10, 5, 21, 26]]], [[33, [33]]], [[29, [29, 17, 9, 30]]]]]}
{"file_name": "U_40_0", "number_of_trucks": 2, "drone_capacity": 10, "number_of_drones": 2, "iteration": 3, "best_fitness": 370.8688878469896, "runtime": 60.70654273033142, "best_solution": [[[[0, [2]], [2, []], [16, [16, 18]], [18, []], [32, [32, 4, 19, 31, 37, 24]], [4, []], [19, []], [31, [11, 25]], [37, []], [24, []], [11, []], [25, []], [35, [35, 26, 5, 15, 10, 21, 36, 40, 12, 13]], [26, []], [5, []], [15, []], [10, []], [21, []], [36, []], [40, []], [12, []], [13, []]], [[0, []], [39, [39]], [23, [23, 28, 17, 27, 8, 34, 7, 38, 14]], [28, []], [17, []], [27, []], [8, []], [34, []], [7, []], [38, []], [20, [20, 6, 9, 33, 3, 1, 22, 29, 30]], [6, []], [9, []], [33, []], [3, []], [1, []], [22, []], [29, []], [30, []], [14, []]]], [[[39, [39]]], [[16, [16, 18]]], [[32, [32, 4, 19, 31, 37, 24]]], [[23, [23, 28, 17, 27, 8, 34, 7, 38, 14]]], [[31, [11, 25]]], [[20, [20, 6, 9, 33, 3, 1, 22, 29, 30]]], [[35, [35, 26, 5, 15, 10, 21, 36, 40, 12, 13]]]]]}
