{"file_name": "U_40_1", "number_of_trucks": 2, "drone_capacity": 10, "number_of_drones": 2, "iteration": 1, "best_fitness": 415.60146367506877, "runtime": 3280.9571294784546, "best_solution": [[[[0, [30, 8, 16, 25, 22, 33, 7, 11, 29, 37, 6]], [29, []], [37, []], [7, []], [11, []], [6, []], [22, []], [30, []], [8, []], [26, [26, 9, 27, 32]], [9, []], [16, []], [25, []], [27, []], [33, []], [17, [17, 13, 5, 39]], [5, []], [32, []], [13, []], [39, []]], [[0, [38, 34]], [35, [35, 1, 36]], [34, []], [38, []], [1, []], [36, []], [4, [4, 15, 10, 31, 24, 2]], [15, []], [10, []], [31, []], [14, [14, 18, 20, 3]], [3, []], [24, []], [2, []], [18, []], [20, []], [19, [19, 23, 21, 12, 28, 40]], [23, []], [28, []], [12, []], [21, []], [40, []]]], [[[35, [35, 1, 36]]], [[26, [26, 9, 27, 32]]], [[4, [4, 15, 10, 31, 24, 2]]], [[14, [14, 18, 20, 3]]], [[19, [19, 23, 21, 12, 28, 40]]], [[17, [17, 13, 5, 39]]]]]}
{"file_name": "U_40_1", "number_of_trucks": 2, "drone_capacity": 10, "number_of_drones": 2, "iteration": 2, "best_fitness": 449.0272645107029, "runtime": 464.3187572956085, "best_solution": [[[[0, []], [38, [38]], [33, [33, 36, 29]], [36, []], [29, []], [37, [37, 10, 31, 4, 1, 35, 25, 16]], [10, []], [31, []], [15, [15]], [4, []], [1, []], [35, []], [21, [21, 32, 27, 14, 3]], [32, []], [16, []], [25, []], [5, [5, 17]], [27, []], [17, []], [14, []], [3, []]], [[0, []], [11, [11, 34]], [34, []], [8, [8]], [7, [7, 6, 2, 20, 22, 30]], [6, []], [2, []], [18, [18, 24]], [20, []], [22, []], [26, [26, 19, 9, 23, 28, 12]], [30, []], [19, []], [9, []], [23, []], [28, []], [12, []], [13, [13, 40, 39]], [24, []], [39, []], [40, []]]], [[[38, [38]]], [[11, [11, 34]]], [[8, [8]]], [[33, [33, 36, 29]]], [[7, [7, 6, 2, 20, 22, 30]]], [[37, [37, 10, 31, 4, 1, 35, 25, 16]]], [[15, [15]]], [[18, [18, 24]]], [[26, [26, 19, 9, 23, 28, 12]]], [[21, [21, 32, 27, 14, 3]]], [[5, [5, 17]]], [[13, [13, 40, 39]]]]]}
{"file_name": "U_40_1", "number_of_trucks": 2, "drone_capacity": 10, "number_of_drones": 2, "iteration": 3, "best_fitness": 504.1685311781767, "runtime": 70.67183041572571, "best_solution": [[[[0, [38]], [38, []], [34, [34]], [1, [1, 29]], [29, []], [37, [37, 6, 22, 30, 8, 18, 2]], [6, []], [22, []], [30, []], [8, []], [18, []], [2, []], [35, [35, 11, 7, 4, 3, 14, 27, 17, 21, 40]], [11, []], [7, []], [4, []], [3, []], [14, []], [27, []], [17, []], [21, []], [40, []]], [[0, []], [33, [33, 16]], [36, [36]], [16, []], [25, [10, 31, 15, 24, 20, 25]], [10, []], [31, []], [15, []], [24, []], [20, []], [26, [26, 9, 19, 28, 23, 12, 32, 5, 13, 39]], [9, []], [19, []], [28, []], [23, []], [12, []], [32, []], [5, []], [13, []], [39, []]]], [[[33, [33, 16]]], [[34, [34]]], [[1, [1, 29]]], [[36, [36]]], [[37, [37, 6, 22, 30, 8, 18, 2]]], [[25, [10, 31, 15, 24, 20, 25]]], [[35, [35, 11, 7, 4, 3, 14, 27, 17, 21, 40]]], [[26, [26, 9, 19, 28, 23, 12, 32, 5, 13, 39]]]]]}
