{"file_name": "U_40_1", "number_of_trucks": 2, "drone_capacity": 10, "number_of_drones": 2, "iteration": 1, "best_fitness": 540.00222150235, "runtime": 2936.967453956604, "best_solution": [[[[0, [1, 24, 33]], [24, []], [33, []], [1, []], [10, [6, 32, 10]], [6, []], [32, []], [27, [27, 28, 37, 13, 35, 11, 3]], [3, []], [28, []], [37, []], [13, []], [26, [26, 40, 5, 2, 20, 25]], [35, []], [11, []], [25, []], [40, []], [5, []], [2, []], [30, [30, 23]], [20, []], [23, []], [31, [31]]], [[0, [17, 16, 14, 36, 4, 29, 12, 15, 9]], [12, []], [15, []], [9, []], [17, []], [16, []], [4, []], [29, []], [8, [8, 19, 22]], [14, []], [19, []], [36, []], [22, []], [21, [21, 7, 18, 39, 38, 34]], [7, []], [18, []], [34, []], [38, []], [39, []]]], [[[8, [8, 19, 22]]], [[10, [6, 32, 10]]], [[27, [27, 28, 37, 13, 35, 11, 3]]], [[26, [26, 40, 5, 2, 20, 25]]], [[30, [30, 23]]], [[21, [21, 7, 18, 39, 38, 34]]], [[31, [31]]]]]}
{"file_name": "U_40_1", "number_of_trucks": 2, "drone_capacity": 10, "number_of_drones": 2, "iteration": 2, "best_fitness": 542.12222150235, "runtime": 793.9279906749725, "best_solution": [[[[0, [1, 32]], [1, []], [32, []], [29, [29, 16, 10]], [16, []], [10, []], [14, [14, 11, 36, 37, 12, 35]], [36, []], [37, []], [12, []], [35, []], [25, [25, 19, 5, 13, 26, 40]], [40, []], [11, []], [19, []], [5, []], [18, [18, 7, 34, 38, 39]], [7, []], [13, []], [34, []], [26, []], [38, []], [39, []]], [[0, [4, 24, 33, 15, 9]], [4, []], [24, []], [33, []], [15, []], [9, []], [17, [17, 6, 3]], [3, []], [22, [22]], [27, [27]], [6, [28, 8, 20, 2]], [28, []], [8, []], [20, []], [2, []], [30, [30, 23, 21, 31]], [23, []], [21, []], [31, []]]], [[[29, [29, 16, 10]]], [[17, [17, 6, 3]]], [[14, [14, 11, 36, 37, 12, 35]]], [[22, [22]]], [[27, [27]]], [[6, [28, 8, 20, 2]]], [[25, [25, 19, 5, 13, 26, 40]]], [[18, [18, 7, 34, 38, 39]]], [[30, [30, 23, 21, 31]]]]]}
{"file_name": "U_40_1", "number_of_trucks": 2, "drone_capacity": 10, "number_of_drones": 2, "iteration": 3, "best_fitness": 657.8015753978942, "runtime": 74.54030179977417, "best_solution": [[[[0, [9]], [9, []], [32, [32]], [17, [17]], [16, [16]], [10, [10, 14, 36, 12, 35, 37, 13]], [14, []], [36, []], [12, []], [35, []], [37, []], [13, []], [11, [11, 20, 2, 8, 25, 5, 7, 38, 34, 39]], [20, []], [2, []], [8, []], [25, []], [5, []], [7, []], [38, []], [34, []], [39, []]], [[0, []], [33, [33]], [4, [4, 24]], [24, []], [15, [15]], [29, [29]], [1, [1, 6, 3, 22, 27]], [6, []], [3, []], [22, []], [27, []], [28, [28]], [19, [19, 40, 26, 18, 21, 30, 23, 31]], [40, []], [26, []], [18, []], [21, []], [30, []], [23, []], [31, []]]], [[[33, [33]]], [[4, [4, 24]]], [[32, [32]]], [[15, [15]]], [[17, [17]]], [[29, [29]]], [[16, [16]]], [[1, [1, 6, 3, 22, 27]]], [[10, [10, 14, 36, 12, 35, 37, 13]]], [[28, [28]]], [[11, [11, 20, 2, 8, 25, 5, 7, 38, 34, 39]]], [[19, [19, 40, 26, 18, 21, 30, 23, 31]]]]]}
