{"file_name": "U_40_0", "number_of_trucks": 2, "drone_capacity": 10, "number_of_drones": 2, "iteration": 1, "best_fitness": 355.90132254637575, "runtime": 3618.410566329956, "best_solution": [[[[0, [21, 34, 2]], [2, []], [34, []], [21, []], [40, [40, 13, 32, 17, 25, 5, 27, 33, 1, 14, 4, 37, 7]], [7, []], [24, [24, 16, 29, 39, 38]], [37, []], [38, []], [13, []], [32, []], [16, []], [25, []], [5, []], [27, []], [33, []], [17, []], [14, []], [1, []], [4, []], [29, []], [39, []]], [[0, [36]], [36, []], [10, [10, 3]], [3, [22, 12, 9, 23, 19, 18, 35, 6]], [35, []], [6, []], [22, []], [12, []], [9, []], [23, []], [19, []], [26, [26, 30, 8, 28, 15]], [30, []], [8, []], [28, []], [20, [20, 31, 11]], [18, []], [11, []], [31, []], [15, []]]], [[[10, [10, 3]]], [[3, [22, 12, 9, 23, 19, 18, 35, 6]]], [[40, [40, 13, 32, 25, 5, 27, 33]]], [[40, [17, 1, 14, 4, 37, 7]]], [[24, [24, 16, 29, 39, 38]]], [[26, [26, 30, 8, 28, 15]]], [[20, [20, 31, 11]]]]]}
{"file_name": "U_40_0", "number_of_trucks": 2, "drone_capacity": 10, "number_of_drones": 2, "iteration": 2, "best_fitness": 484.2400000000001, "runtime": 49.425654888153076, "best_solution": [[[[0, [36, 32, 5, 4, 13, 11, 12, 21, 20, 22, 40, 39, 31, 10, 15]], [36, []], [32, []], [5, []], [4, []], [13, []], [11, []], [12, []], [21, []], [20, []], [22, []], [40, []], [39, []], [31, []], [10, []], [15, []]], [[0, [34, 6, 35, 2, 18, 28, 9, 23, 30, 26, 19, 8, 16, 25, 27, 33, 17, 14, 38, 1, 3, 37, 7, 24, 29]], [34, []], [6, []], [35, []], [2, []], [18, []], [28, []], [9, []], [23, []], [30, []], [26, []], [19, []], [8, []], [16, []], [25, []], [27, []], [33, []], [17, []], [14, []], [38, []], [1, []], [3, []], [37, []], [7, []], [24, []], [29, []]]], []]}
{"file_name": "U_40_0", "number_of_trucks": 2, "drone_capacity": 10, "number_of_drones": 2, "iteration": 3, "best_fitness": 463.96000000000004, "runtime": 51.45786237716675, "best_solution": [[[[0, [33, 18, 35, 6, 22, 28, 30, 26, 19]], [33, [8, 16, 25, 27, 5, 1, 4, 29, 39, 40]], [18, []], [35, []], [6, []], [22, []], [28, []], [30, []], [26, []], [19, []], [8, []], [16, []], [25, []], [27, []], [5, []], [1, []], [4, []], [29, []], [39, []], [40, []]], [[0, [34, 21, 23, 9, 32, 13, 24, 2, 12, 20, 11, 7, 37, 3, 38, 17, 14, 36, 31, 10, 15]], [34, []], [21, []], [23, []], [9, []], [32, []], [13, []], [24, []], [2, []], [12, []], [20, []], [11, []], [7, []], [37, []], [3, []], [38, []], [17, []], [14, []], [36, []], [31, []], [10, []], [15, []]]], [[[33, [8, 16, 25, 27, 5, 1, 4, 29, 39, 40]]]]]}
