{"file_name": "U_40_0", "number_of_trucks": 2, "drone_capacity": 10, "number_of_drones": 2, "iteration": 1, "best_fitness": 352.58566482086883, "runtime": 3780.609794616699, "best_solution": [[[[0, [3, 23, 14]], [28, [28]], [18, [18, 22, 27, 15]], [14, []], [22, []], [15, []], [30, [30, 36, 24, 16, 10, 17]], [36, []], [24, []], [16, []], [27, []], [23, []], [10, []], [3, []], [2, [2, 26, 13, 32, 6, 7]], [7, []], [26, []], [32, []], [6, []], [13, []], [17, []]], [[0, [29, 39, 35, 1]], [29, []], [39, []], [31, [31, 21, 9, 20, 5, 38, 8, 12]], [21, []], [9, []], [20, []], [5, []], [25, [25, 34, 33, 4, 40, 19]], [1, []], [19, []], [38, []], [4, []], [40, []], [34, []], [33, []], [35, []], [8, []], [12, []], [37, [37, 11]], [11, []]]], [[[28, [28]]], [[18, [18, 22, 27, 15]]], [[31, [31, 21, 9, 20, 5, 38, 8, 12]]], [[30, [30, 36, 24, 16, 10, 17]]], [[25, [25, 34, 33, 4, 40, 19]]], [[37, [37, 11]]], [[2, [2, 26, 13, 32, 6, 7]]]]]}
{"file_name": "U_40_0", "number_of_trucks": 2, "drone_capacity": 10, "number_of_drones": 2, "iteration": 2, "best_fitness": 394.72, "runtime": 50.74499154090881, "best_solution": [[[[0, []], [23, [23, 22, 6]], [22, []], [38, [38, 18, 40, 17, 31, 21, 13, 37]], [18, []], [40, []], [17, []], [31, []], [21, []], [13, []], [6, []], [32, [32, 7, 26, 2, 25, 10, 14, 4, 34]], [7, []], [26, []], [2, []], [25, []], [10, []], [14, []], [4, []], [34, []], [37, []]], [[0, [28, 39, 29, 20, 9, 5, 1, 19, 3, 27]], [28, []], [39, []], [29, []], [20, []], [9, []], [5, []], [1, []], [19, []], [3, []], [27, []], [24, [24, 16, 36, 30, 15, 35, 33, 8, 12, 11]], [16, []], [36, []], [30, []], [15, []], [35, []], [33, []], [8, []], [12, []], [11, []]]], [[[23, [6]]], [[23, [23, 22]]], [[38, [38, 18, 40, 17, 31, 21, 13, 37]]], [[24, [24, 16, 36, 30, 15, 35, 33, 8, 12, 11]]], [[32, [32, 7, 26, 2, 25, 10, 14, 4, 34]]]]]}
{"file_name": "U_40_0", "number_of_trucks": 2, "drone_capacity": 10, "number_of_drones": 2, "iteration": 3, "best_fitness": 403.8496928161784, "runtime": 54.440014362335205, "best_solution": [[[[0, []], [39, [39, 10, 38]], [10, []], [38, []], [14, [14, 4, 40, 18, 17, 13, 6]], [4, []], [40, []], [18, []], [17, []], [13, []], [6, []], [19, [19, 2, 1, 25, 11, 37, 28, 35, 33, 8]], [2, []], [1, []], [25, []], [11, []], [37, []], [28, []], [35, []], [33, []], [8, []]], [[0, []], [20, [20]], [29, [29, 5, 9, 21]], [5, []], [9, [31, 23, 3, 32, 7]], [21, []], [31, []], [23, []], [3, []], [32, []], [7, []], [26, [26, 27, 24, 16, 36, 30, 15, 22, 34, 12]], [27, []], [24, []], [16, []], [36, []], [30, []], [15, []], [22, []], [34, []], [12, []]]], [[[20, [20]]], [[29, [29, 5, 9, 21]]], [[39, [39, 10, 38]]], [[9, [31, 23, 3, 32, 7]]], [[14, [14, 4, 40, 18, 17, 13, 6]]], [[19, [19, 2, 1, 25, 11, 37, 28, 35, 33, 8]]], [[26, [26, 27, 24, 16, 36, 30, 15, 22, 34, 12]]]]]}
