{"file_name": "U_40_1", "number_of_trucks": 2, "drone_capacity": 10, "number_of_drones": 2, "iteration": 1, "best_fitness": 493.7488878469897, "runtime": 3662.6438133716583, "best_solution": [[[[0, [30, 33]], [16, [16, 12, 15, 21, 26]], [12, []], [15, []], [21, []], [26, []], [30, []], [23, [23, 22, 28, 9, 1, 24]], [28, []], [9, []], [22, []], [1, []], [33, []], [24, []], [37, [37, 5, 13, 34]], [34, []], [5, []], [13, []]], [[0, []], [14, [14]], [7, [7, 31, 35]], [31, []], [35, [11, 29, 17, 3]], [17, []], [3, []], [29, []], [25, [25, 36, 18, 19]], [11, []], [39, [39, 27, 10, 2, 38]], [27, []], [10, []], [36, []], [2, []], [18, []], [40, [40, 32, 6]], [32, [20, 4, 8]], [6, []], [20, []], [4, []], [38, []], [19, []], [8, []]]], [[[16, [16, 12, 15, 21, 26]]], [[14, [14]]], [[7, [7, 31, 35]]], [[35, [11, 29, 17, 3]]], [[25, [25, 36, 18, 19]]], [[39, [39, 27, 10, 2, 38]]], [[40, [40, 32, 6]]], [[23, [23, 22, 28, 9, 1, 24]]], [[32, [20, 4, 8]]], [[37, [37, 5, 13, 34]]]]]}
{"file_name": "U_40_1", "number_of_trucks": 2, "drone_capacity": 10, "number_of_drones": 2, "iteration": 2, "best_fitness": 604.3614961656679, "runtime": 69.28648567199707, "best_solution": [[[[0, []], [29, [29, 3, 17]], [3, []], [17, []], [30, [30]], [12, [12]], [36, [36, 31, 33, 4, 38, 32, 6]], [31, []], [33, []], [4, []], [38, []], [32, []], [6, []], [7, [7, 10, 21, 26, 13, 2, 40, 20, 34, 5]], [10, []], [21, []], [26, []], [13, []], [2, []], [40, []], [20, []], [34, []], [5, []]], [[0, []], [16, [16]], [14, [14]], [15, [15, 19, 18, 35]], [19, [9, 28]], [18, []], [35, []], [9, []], [28, []], [39, [39, 27, 24, 25, 11, 1, 22, 23, 8, 37]], [27, []], [24, []], [25, []], [11, []], [1, []], [22, []], [23, []], [8, []], [37, []]]], [[[16, [16]]], [[14, [14]]], [[29, [29, 3, 17]]], [[15, [15, 19, 18, 35]]], [[30, [30]]], [[12, [12]]], [[19, [9, 28]]], [[36, [36, 31, 33, 4, 38, 32, 6]]], [[39, [39, 27, 24, 25, 11, 1, 22, 23, 8, 37]]], [[7, [7, 10, 21, 26, 13, 2, 40, 20, 34, 5]]]]]}
{"file_name": "U_40_1", "number_of_trucks": 2, "drone_capacity": 10, "number_of_drones": 2, "iteration": 3, "best_fitness": 580.9107971566198, "runtime": 60.868929624557495, "best_solution": [[[[0, [35]], [35, []], [14, [14, 11]], [11, []], [3, [3, 7]], [7, [21, 26, 4, 2, 12, 36]], [21, []], [26, []], [4, []], [2, []], [12, []], [36, []], [10, [10, 32, 6, 38, 33, 24, 37, 34, 5, 13]], [32, []], [6, []], [38, []], [33, []], [24, []], [37, []], [34, []], [5, []], [13, []]], [[0, [16]], [16, []], [17, [17]], [18, [18, 15, 19, 31, 25, 9, 28]], [15, []], [19, []], [31, []], [25, []], [9, []], [28, []], [39, [39, 27, 29, 1, 22, 30, 23, 8, 20, 40]], [27, []], [29, []], [1, []], [22, []], [30, []], [23, []], [8, []], [20, []], [40, []]]], [[[14, [14, 11]]], [[3, [3, 7]]], [[17, [17]]], [[18, [18, 15, 19, 31, 25, 9, 28]]], [[7, [21, 26, 4, 2, 12, 36]]], [[39, [39, 27, 29, 1, 22, 30, 23, 8, 20, 40]]], [[10, [10, 32, 6, 38, 33, 24, 37, 34, 5, 13]]]]]}
