{"file_name": "U_40_1", "number_of_trucks": 2, "drone_capacity": 10, "number_of_drones": 2, "iteration": 1, "best_fitness": 552.5699010758455, "runtime": 3616.880167245865, "best_solution": [[[[0, [30, 19, 28, 13, 20]], [13, []], [22, [4, 3, 38, 22]], [30, []], [19, []], [28, []], [20, []], [6, [6]], [4, []], [3, []], [38, []], [35, [35, 18, 21]], [18, []], [21, []], [26, [26, 23, 8, 12, 7, 11, 24]], [23, []], [8, []], [12, []], [11, []], [7, []], [24, []]], [[0, [5, 16, 32]], [9, [17, 25, 9, 1]], [16, []], [32, []], [5, []], [25, []], [17, []], [1, []], [29, [29, 2, 15, 31, 34]], [2, []], [34, []], [40, [40, 33, 10, 14]], [15, []], [10, []], [31, []], [14, []], [33, []], [27, [27, 36, 37, 39]], [36, []], [37, []], [39, []]]], [[[9, [17, 25, 9, 1]]], [[29, [29, 2, 15, 31, 34]]], [[22, [4, 3, 38, 22]]], [[6, [6]]], [[40, [40, 33, 10, 14]]], [[35, [35, 18, 21]]], [[26, [26, 23, 8, 12, 7, 11, 24]]], [[27, [27, 36, 37, 39]]]]]}
{"file_name": "U_40_1", "number_of_trucks": 2, "drone_capacity": 10, "number_of_drones": 2, "iteration": 2, "best_fitness": 660.1973489054185, "runtime": 56.17719602584839, "best_solution": [[[[0, [5, 32, 3]], [25, [25, 19, 30, 13, 1, 4]], [19, []], [30, []], [13, []], [1, []], [4, []], [5, []], [32, []], [3, []], [37, [37]], [10, [10, 39, 29, 15, 14, 18, 33, 27, 36]], [39, []], [29, []], [15, []], [14, []], [18, []], [33, []], [27, []], [36, []]], [[0, []], [17, [17, 9, 28, 20, 22, 16]], [9, []], [28, []], [20, []], [22, []], [16, []], [31, [31, 2, 34, 38, 6]], [2, []], [34, []], [38, []], [6, []], [40, [40, 35, 7, 11, 21, 8, 23, 26, 12, 24]], [35, []], [7, []], [11, []], [21, []], [8, []], [23, []], [26, []], [12, []], [24, []]]], [[[17, [17, 9, 28, 20, 22, 16]]], [[25, [25, 19, 30, 13, 1, 4]]], [[37, [37]]], [[31, [31, 2, 34, 38, 6]]], [[40, [40, 35, 7, 11, 21, 8, 23, 26, 12, 24]]], [[10, [10, 39, 29, 15, 14, 18, 33, 27, 36]]]]]}
{"file_name": "U_40_1", "number_of_trucks": 2, "drone_capacity": 10, "number_of_drones": 2, "iteration": 3, "best_fitness": 656.5235738409615, "runtime": 58.62324023246765, "best_solution": [[[[0, [9, 1, 32]], [9, []], [1, []], [32, []], [31, [31, 17, 10, 2, 3]], [17, []], [10, [14, 33]], [2, []], [3, []], [14, []], [33, []], [18, [18, 21, 8, 26, 23, 12, 11, 7, 24, 29]], [21, []], [8, []], [26, []], [23, []], [12, []], [11, []], [7, []], [24, []], [29, []]], [[0, [28]], [28, []], [16, [16]], [22, [22, 19, 30, 20, 4, 5, 25, 38]], [19, []], [30, []], [20, []], [4, []], [5, []], [25, []], [38, []], [13, [13, 34]], [34, []], [6, [6, 40, 39, 15, 37, 35, 27, 36]], [40, []], [39, []], [15, []], [37, []], [35, []], [27, []], [36, []]]], [[[16, [16]]], [[22, [22, 19, 30, 20, 4, 5, 25, 38]]], [[31, [31, 17, 10, 2, 3]]], [[13, [13, 34]]], [[10, [14, 33]]], [[18, [18, 21, 8, 26, 23, 12, 11, 7, 24, 29]]], [[6, [6, 40, 39, 15, 37, 35, 27, 36]]]]]}
