{"file_name": "U_40_1", "number_of_trucks": 2, "drone_capacity": 10, "number_of_drones": 2, "iteration": 1, "best_fitness": 535.0645618838902, "runtime": 3130.4363009929657, "best_solution": [[[[0, [11, 29, 3]], [11, []], [3, [26, 4, 30, 14, 2, 32]], [29, []], [32, []], [26, []], [4, []], [30, []], [37, [37, 28, 33, 35, 17, 1]], [28, []], [12, [12, 27]], [22, [22, 34]], [27, []], [33, []], [35, []], [17, []], [14, []], [34, []], [40, [40]], [2, []], [1, []]], [[0, []], [5, [5, 36, 7]], [36, []], [24, [24, 25, 38]], [25, []], [38, []], [13, [6, 20, 13, 21]], [16, [16, 39, 18, 15]], [20, []], [39, []], [18, []], [7, []], [15, []], [21, []], [6, []], [31, [31, 19, 23, 9, 10, 8]], [19, []], [10, []], [23, []], [8, []], [9, []]]], [[[3, [26, 4, 30, 14, 2, 32]]], [[5, [5, 36, 7]]], [[24, [24, 25, 38]]], [[13, [6, 20, 13, 21]]], [[16, [16, 39, 18, 15]]], [[37, [37, 28, 33, 35, 17, 1]]], [[12, [12, 27]]], [[22, [22, 34]]], [[31, [31, 19, 23, 9, 10, 8]]], [[40, [40]]]]]}
{"file_name": "U_40_1", "number_of_trucks": 2, "drone_capacity": 10, "number_of_drones": 2, "iteration": 2, "best_fitness": 534.9445618838902, "runtime": 577.6024408340454, "best_solution": [[[[0, [30, 6, 2, 3, 32, 11]], [32, []], [11, []], [3, []], [30, [13, 28]], [13, []], [6, []], [2, []], [35, [35, 33, 37, 27, 16, 12, 1]], [33, []], [27, []], [28, []], [16, []], [37, []], [12, []], [22, [22, 40]], [40, []], [1, []]], [[0, [7, 5]], [5, []], [7, []], [36, [36, 4]], [24, [24, 29]], [29, []], [26, [26, 38, 25, 20, 14, 21]], [38, []], [25, []], [4, []], [8, [8, 18, 39, 15, 17]], [17, []], [20, []], [14, []], [18, []], [39, []], [15, []], [34, [34, 10]], [19, [19, 23, 31, 9]], [31, []], [10, []], [21, []], [23, []], [9, []]]], [[[36, [36, 4]]], [[24, [24, 29]]], [[26, [26, 38, 25, 20, 14, 21]]], [[30, [13, 28]]], [[8, [8, 18, 39, 15, 17]]], [[35, [35, 33, 37, 27, 16, 12, 1]]], [[34, [34, 10]]], [[19, [19, 23, 31, 9]]], [[22, [22, 40]]]]]}
{"file_name": "U_40_1", "number_of_trucks": 2, "drone_capacity": 10, "number_of_drones": 2, "iteration": 3, "best_fitness": 650.3371133497903, "runtime": 61.02734398841858, "best_solution": [[[[0, []], [7, [7]], [36, [36]], [32, [32, 24, 14, 2, 20, 8, 35, 1]], [24, []], [14, []], [2, []], [20, []], [8, []], [35, []], [1, []], [33, [33]], [16, [16, 29, 28, 37, 27, 22, 9, 12, 40]], [29, []], [28, []], [37, []], [27, []], [22, []], [9, []], [12, []], [40, []]], [[0, []], [5, [5]], [11, [11, 3, 30, 6, 4, 25, 26, 38]], [3, []], [30, [13]], [6, []], [4, []], [25, []], [26, []], [38, []], [13, []], [21, [21, 18, 17, 39, 15, 34, 10, 31, 19, 23]], [18, []], [17, []], [39, []], [15, []], [34, []], [10, []], [31, []], [19, []], [23, []]]], [[[5, [5]]], [[11, [11, 3, 30, 6, 4, 25, 26, 38]]], [[7, [7]]], [[36, [36]]], [[30, [13]]], [[32, [32, 24, 14, 2, 20, 8, 35, 1]]], [[33, [33]]], [[21, [21, 18, 17, 39, 15, 34, 10, 31, 19, 23]]], [[16, [16, 29, 28, 37, 27, 22, 9, 12, 40]]]]]}
