{"file_name": "U_40_1", "number_of_trucks": 2, "drone_capacity": 10, "number_of_drones": 2, "iteration": 1, "best_fitness": 559.0496452152022, "runtime": 3615.4476051330566, "best_solution": [[[[0, [24, 36, 4, 8, 10, 1, 23, 6]], [6, []], [1, []], [10, []], [4, []], [8, []], [23, []], [36, [31, 19]], [17, [17]], [24, []], [31, []], [12, [12, 22, 37]], [22, []], [37, []], [38, [38, 27, 30]], [30, []], [27, []], [19, []]], [[0, []], [29, [26, 33, 29, 9]], [26, []], [9, []], [33, []], [3, [3, 18, 32, 34, 11, 14, 28]], [18, []], [32, []], [34, []], [11, []], [14, [16, 13, 2, 35, 20, 25, 5, 21]], [13, []], [2, []], [16, []], [25, []], [20, []], [5, []], [21, []], [35, []], [40, [40, 15, 7, 39]], [28, []], [15, []], [39, []], [7, []]]], [[[29, [26, 33, 29, 9]]], [[3, [3, 18, 32, 34, 11, 14, 28]]], [[36, [31, 19]]], [[14, [16, 13, 2, 35, 20, 25, 5, 21]]], [[17, [17]]], [[12, [12, 22, 37]]], [[40, [40, 15, 7, 39]]], [[38, [38, 27, 30]]]]]}
{"file_name": "U_40_1", "number_of_trucks": 2, "drone_capacity": 10, "number_of_drones": 2, "iteration": 2, "best_fitness": 703.9488693707929, "runtime": 60.10307574272156, "best_solution": [[[[0, [32, 23]], [32, []], [23, []], [33, [33, 14, 1, 8, 28, 21, 2, 34]], [14, []], [1, []], [8, []], [28, []], [21, []], [2, []], [34, []], [36, [36, 11, 20, 35, 16, 37, 22, 27]], [11, []], [20, []], [35, []], [16, [38, 30]], [37, []], [22, []], [27, []], [38, []], [30, []]], [[0, []], [6, [6]], [10, [10]], [29, [29, 4, 9, 26, 19, 3, 18, 24]], [4, []], [9, []], [26, []], [19, []], [3, []], [18, []], [24, []], [31, [31]], [13, [13, 5, 25, 17, 39, 12, 7, 15, 40]], [5, []], [25, []], [17, []], [39, []], [12, []], [7, []], [15, []], [40, []]]], [[[6, [6]]], [[10, [10]]], [[29, [29, 4, 9, 26, 19, 3, 18, 24]]], [[33, [33, 14, 1, 8, 28, 21, 2, 34]]], [[36, [36, 11, 20, 35, 16, 37, 22, 27]]], [[31, [31]]], [[13, [13, 5, 25, 17, 39, 12, 7, 15, 40]]], [[16, [38, 30]]]]]}
{"file_name": "U_40_1", "number_of_trucks": 2, "drone_capacity": 10, "number_of_drones": 2, "iteration": 3, "best_fitness": 727.4707681930972, "runtime": 56.567450284957886, "best_solution": [[[[0, []], [36, [36]], [24, [24, 23, 1, 29, 33, 21, 28, 18, 34]], [23, []], [1, []], [29, []], [33, []], [21, []], [28, []], [18, []], [34, []], [11, [11, 20, 35, 16, 37, 12, 22, 27, 38, 30]], [20, []], [35, []], [16, []], [37, []], [12, []], [22, []], [27, []], [38, []], [30, []]], [[0, []], [10, [10, 6, 8, 4, 32, 9]], [6, [26, 19, 3, 14]], [8, []], [4, []], [32, []], [9, []], [26, []], [19, []], [3, []], [14, []], [2, [2, 31, 13, 5, 25, 17, 39, 7, 15, 40]], [31, []], [13, []], [5, []], [25, []], [17, []], [39, []], [7, []], [15, []], [40, []]]], [[[10, [10, 6, 8, 4, 32, 9]]], [[36, [36]]], [[6, [26, 19, 3, 14]]], [[24, [24, 23, 1, 29, 33, 21, 28, 18, 34]]], [[2, [2, 31, 13, 5, 25, 17, 39, 7, 15, 40]]], [[11, [11, 20, 35, 16, 37, 12, 22, 27, 38, 30]]]]]}
