{"file_name": "U_40_1", "number_of_trucks": 2, "drone_capacity": 10, "number_of_drones": 2, "iteration": 1, "best_fitness": 435.9891145935199, "runtime": 3293.6889061927795, "best_solution": [[[[0, [8]], [8, []], [23, [23]], [40, [40, 18, 26, 14]], [14, []], [18, []], [37, [37, 2, 34, 35, 39, 20, 5, 15]], [35, []], [39, []], [2, []], [34, []], [25, [25]], [20, []], [13, [13, 33, 6, 36, 24]], [5, []], [36, []], [15, []], [33, []], [6, []], [24, []], [26, []]], [[0, [21]], [12, [12, 1, 17, 38, 16]], [38, []], [1, []], [17, []], [19, [19, 9, 31, 22, 3]], [22, []], [21, []], [3, []], [11, [11, 30, 4, 28, 7, 29]], [31, []], [30, []], [4, []], [28, []], [9, []], [16, []], [7, []], [10, [10, 32, 27]], [29, []], [32, []], [27, []]]], [[[12, [12, 1, 17, 38, 16]]], [[23, [23]]], [[40, [40, 18, 26, 14]]], [[19, [19, 9, 31, 22, 3]]], [[37, [37, 2, 34, 35, 39, 20, 5, 15]]], [[11, [11, 30, 4, 28, 7, 29]]], [[25, [25]]], [[13, [13, 33, 6, 36, 24]]], [[10, [10, 32, 27]]]]]}
{"file_name": "U_40_1", "number_of_trucks": 2, "drone_capacity": 10, "number_of_drones": 2, "iteration": 2, "best_fitness": 443.07541485668867, "runtime": 339.10513734817505, "best_solution": [[[[0, [8, 21]], [8, []], [1, [1]], [21, []], [3, [3, 19, 31, 15, 17, 6]], [19, []], [17, []], [28, [28, 4, 11, 33]], [4, []], [11, []], [31, []], [6, []], [33, []], [5, [5, 25, 20, 13, 36, 24]], [25, []], [20, []], [13, []], [15, []], [36, []], [24, []]], [[0, [16, 38, 12]], [12, []], [16, []], [22, [22, 23, 18, 40]], [38, []], [23, []], [2, [2, 34, 9, 37, 39, 14, 26]], [34, []], [39, []], [40, []], [37, []], [18, []], [14, []], [32, [32, 35, 7, 30, 29]], [9, []], [29, []], [35, []], [10, [10, 27]], [7, []], [27, []], [30, []], [26, []]]], [[[22, [22, 23, 18, 40]]], [[1, [1]]], [[2, [2, 34, 9, 37, 39, 14, 26]]], [[3, [3, 19, 31, 15, 17, 6]]], [[28, [28, 4, 11, 33]]], [[32, [32, 35, 7, 30, 29]]], [[5, [5, 25, 20, 13, 36, 24]]], [[10, [10, 27]]]]]}
{"file_name": "U_40_1", "number_of_trucks": 2, "drone_capacity": 10, "number_of_drones": 2, "iteration": 3, "best_fitness": 506.485859600026, "runtime": 66.30365180969238, "best_solution": [[[[0, []], [8, [8]], [1, [1, 23]], [38, [38]], [23, []], [19, [19, 3, 15, 5, 2, 34]], [3, []], [15, []], [5, []], [2, []], [34, []], [25, [25, 40, 29, 9, 32, 7, 13, 20, 10, 27]], [40, []], [29, []], [9, []], [32, []], [7, []], [13, []], [20, []], [10, []], [27, []]], [[0, [21]], [21, []], [17, [17, 22]], [22, [14]], [14, []], [16, [16, 18, 37, 39, 35, 11]], [18, []], [37, []], [39, []], [35, []], [11, []], [30, [30, 28, 4, 36, 6, 33, 24, 31, 12, 26]], [28, []], [4, []], [36, []], [6, []], [33, []], [24, []], [31, []], [12, []], [26, []]]], [[[17, [17, 22]]], [[8, [8]]], [[1, [1, 23]]], [[38, [38]]], [[22, [14]]], [[19, [19, 3, 15, 5, 2, 34]]], [[16, [16, 18, 37, 39, 35, 11]]], [[30, [30, 28, 4, 36, 6, 33, 24, 31, 12, 26]]], [[25, [25, 40, 29, 9, 32, 7, 13, 20, 10, 27]]]]]}
