{"file_name": "U_40_0", "number_of_trucks": 2, "drone_capacity": 10, "number_of_drones": 2, "iteration": 1, "best_fitness": 353.6983380215245, "runtime": 3303.2443265914917, "best_solution": [[[[0, [37, 38, 30, 6, 10]], [37, []], [38, []], [30, []], [13, [13, 25, 23, 34, 18]], [25, []], [23, []], [15, [15, 7, 19, 9, 36, 31, 21]], [34, []], [7, []], [18, []], [19, []], [31, []], [10, []], [21, []], [6, []], [36, []], [9, []]], [[0, [8, 17, 33, 28, 14, 32]], [33, []], [17, []], [8, []], [27, [27, 11, 12, 2, 4, 40, 39]], [28, []], [11, []], [12, []], [22, [22, 5, 26, 3, 24, 35, 1, 20, 16, 29]], [3, []], [29, []], [16, []], [32, []], [24, []], [26, []], [4, []], [20, []], [14, []], [2, []], [40, []], [39, []], [5, []], [35, []], [1, []]]], [[[13, [13, 25, 23, 34, 18]]], [[27, [27, 11, 12, 2, 4, 40, 39]]], [[22, [22, 5, 26, 3, 24, 35, 1, 20, 16, 29]]], [[15, [15, 7, 19, 9, 36, 31, 21]]]]]}
{"file_name": "U_40_0", "number_of_trucks": 2, "drone_capacity": 10, "number_of_drones": 2, "iteration": 2, "best_fitness": 375.9988187900268, "runtime": 380.0627977848053, "best_solution": [[[[0, [32, 16, 28, 11, 29, 38, 30, 13, 37, 27, 9, 1]], [9, []], [27, []], [28, []], [11, []], [16, [24, 3, 22, 12, 8, 17, 35, 26, 2]], [29, []], [32, []], [30, []], [13, []], [38, []], [37, []], [26, []], [24, []], [3, []], [22, []], [12, []], [8, []], [2, []], [17, []], [35, []], [1, []]], [[0, [39, 10, 33]], [33, []], [39, [6, 40]], [40, []], [5, [5, 4, 25, 34, 23]], [14, [14, 18, 36]], [18, []], [4, []], [25, []], [36, []], [23, []], [6, []], [21, [21, 31, 19, 7, 15, 20]], [10, []], [31, []], [19, []], [7, []], [34, []], [15, []], [20, []]]], [[[39, [6, 40]]], [[5, [5, 4, 25, 34, 23]]], [[14, [14, 18, 36]]], [[16, [24, 3, 22, 12, 8, 17, 35, 26, 2]]], [[21, [21, 31, 19, 7, 15, 20]]]]]}
{"file_name": "U_40_0", "number_of_trucks": 2, "drone_capacity": 10, "number_of_drones": 2, "iteration": 3, "best_fitness": 399.0211633155697, "runtime": 52.23596739768982, "best_solution": [[[[0, [39]], [39, []], [33, [33, 8, 17, 2, 5, 40, 18, 19]], [8, []], [17, [31, 10]], [2, []], [5, []], [40, []], [18, []], [19, []], [31, []], [10, []], [21, [21, 15, 34, 7, 14, 20, 24, 12, 22, 27]], [15, []], [34, []], [7, []], [14, []], [20, []], [24, []], [12, []], [22, []], [27, []]], [[0, [28]], [28, []], [38, [38, 37, 32, 29, 11, 16, 3, 26]], [37, []], [32, []], [29, []], [11, []], [16, []], [3, []], [26, []], [30, [30, 13, 36, 6, 23, 25, 4, 9, 35, 1]], [13, []], [36, []], [6, []], [23, []], [25, []], [4, []], [9, []], [35, []], [1, []]]], [[[38, [38, 37, 32, 29, 11, 16, 3, 26]]], [[33, [33, 8, 17, 2, 5, 40, 18, 19]]], [[17, [31, 10]]], [[30, [30, 13, 36, 6, 23, 25, 4, 9, 35, 1]]], [[21, [21, 15, 34, 7, 14, 20, 24, 12, 22, 27]]]]]}
