{"file_name": "U_40_0", "number_of_trucks": 2, "drone_capacity": 10, "number_of_drones": 2, "iteration": 1, "best_fitness": 344.2882826770562, "runtime": 3234.7157909870148, "best_solution": [[[[0, []], [7, [7, 29, 8, 2, 30, 19, 37]], [29, []], [8, []], [2, []], [30, []], [19, []], [5, [5, 13, 38]], [13, []], [38, []], [37, []], [4, [4, 36, 14, 22, 27, 31, 28, 3, 16, 17]], [36, []], [14, []], [22, []], [27, []], [31, []], [28, []], [3, []], [16, []], [17, []]], [[0, []], [18, [18]], [21, [21, 10, 32, 6, 1, 23, 20, 25, 11]], [10, []], [32, []], [6, []], [1, []], [23, []], [20, []], [25, []], [11, []], [35, [35, 15, 40, 9, 34, 26, 33, 24, 39, 12]], [15, []], [40, []], [9, []], [34, []], [26, []], [33, []], [24, []], [39, []], [12, []]]], [[[18, [18]]], [[7, [7, 29, 8, 2, 30, 19, 37]]], [[21, [21, 10, 32, 6, 1, 23, 20, 25, 11]]], [[5, [5, 13, 38]]], [[4, [4, 36, 14, 22, 27, 31, 28, 3, 16, 17]]], [[35, [35, 15, 40, 9, 34, 26, 33, 24, 39, 12]]]]]}
{"file_name": "U_40_0", "number_of_trucks": 2, "drone_capacity": 10, "number_of_drones": 2, "iteration": 2, "best_fitness": 321.6280465073232, "runtime": 754.779833316803, "best_solution": [[[[0, [7, 18, 33]], [18, [29]], [33, []], [7, []], [29, []], [4, [4, 21, 16, 5, 2, 8]], [5, []], [2, []], [9, [9, 36, 14, 31, 3, 28]], [36, []], [14, []], [8, []], [28, []], [21, []], [27, [27, 17]], [31, []], [3, []], [16, []], [17, []]], [[0, []], [22, [22, 10, 32]], [10, []], [32, []], [6, [6, 1, 23, 30, 20, 19, 35, 13, 37, 25]], [1, []], [23, []], [30, []], [20, []], [19, []], [40, [40, 11, 15, 34, 38, 24, 12, 39, 26]], [25, []], [11, []], [35, []], [15, []], [34, []], [13, []], [26, []], [37, []], [38, []], [24, []], [39, []], [12, []]]], [[[22, [22, 10, 32]]], [[18, [29]]], [[6, [6, 1, 23, 30, 20, 19, 35, 13, 37, 25]]], [[4, [4, 21, 16, 5, 2, 8]]], [[9, [9, 36, 14, 31, 3, 28]]], [[40, [40, 11, 15, 34, 38, 24, 12, 39, 26]]], [[27, [27, 17]]]]]}
{"file_name": "U_40_0", "number_of_trucks": 2, "drone_capacity": 10, "number_of_drones": 2, "iteration": 3, "best_fitness": 332.7101210545902, "runtime": 53.20035982131958, "best_solution": [[[[0, []], [8, [8, 2, 5, 13]], [2, []], [5, []], [13, []], [38, [38, 37, 18, 7, 36]], [37, []], [18, []], [7, []], [36, []], [29, [29, 4, 14, 21, 27, 31, 3, 28, 16, 17]], [4, []], [14, []], [21, []], [27, []], [31, []], [3, []], [28, []], [16, []], [17, []]], [[0, [22]], [22, []], [10, [10, 32, 6, 1, 23, 20, 30, 19, 25, 35]], [32, []], [6, []], [1, []], [23, []], [20, []], [30, []], [19, []], [25, []], [35, []], [15, [15, 11, 40, 9, 34, 26, 33, 24, 39, 12]], [11, []], [40, []], [9, []], [34, []], [26, []], [33, []], [24, []], [39, []], [12, []]]], [[[10, [10, 32, 6, 1, 23, 20, 30, 19, 25, 35]]], [[8, [8, 2, 5, 13]]], [[38, [38, 37, 18, 7, 36]]], [[29, [29, 4, 14, 21, 27, 31, 3, 28, 16, 17]]], [[15, [15, 11, 40, 9, 34, 26, 33, 24, 39, 12]]]]]}
