{"file_name": "U_40_1", "number_of_trucks": 2, "drone_capacity": 10, "number_of_drones": 2, "iteration": 1, "best_fitness": 442.9791720922241, "runtime": 3045.1548006534576, "best_solution": [[[[0, []], [2, [2]], [7, [7]], [24, [24, 32, 6]], [32, []], [13, [13, 31, 34, 21, 9]], [31, []], [34, []], [6, []], [36, [36, 10, 19, 15, 4, 8]], [21, []], [10, []], [19, []], [15, []], [23, [23, 25]], [25, []], [4, []], [8, []], [9, []]], [[0, [3, 35, 22]], [22, []], [3, []], [35, []], [33, [33, 27, 11, 16]], [27, []], [11, []], [28, [28, 1, 29, 26]], [16, []], [12, [12, 30, 38, 14, 5, 20]], [29, []], [26, []], [30, []], [38, []], [37, [37, 18, 39, 40, 17]], [14, []], [20, []], [18, []], [39, []], [40, []], [5, []], [17, []], [1, []]]], [[[2, [2]]], [[7, [7]]], [[24, [24, 32, 6]]], [[33, [33, 27, 11, 16]]], [[13, [13, 31, 34, 21, 9]]], [[28, [28, 1, 29, 26]]], [[12, [12, 30, 38, 14, 5, 20]]], [[36, [36, 10, 19, 15, 4, 8]]], [[37, [37, 18, 39, 40, 17]]], [[23, [23, 25]]]]]}
{"file_name": "U_40_1", "number_of_trucks": 2, "drone_capacity": 10, "number_of_drones": 2, "iteration": 2, "best_fitness": 481.4408691412288, "runtime": 765.3987822532654, "best_solution": [[[[0, [2, 32, 22]], [2, []], [13, [13, 9, 35, 33]], [32, []], [11, [11, 28, 36]], [28, []], [22, []], [4, [4, 20, 30, 38, 15, 14]], [14, []], [20, []], [15, []], [23, [23, 25, 37, 16]], [36, []], [25, []], [30, []], [38, []], [37, []], [16, []], [9, []], [35, []], [33, []]], [[0, [7]], [7, [24, 3]], [24, []], [26, [26, 29, 34]], [29, []], [1, [1, 6, 21, 31, 8, 27]], [6, []], [10, [10, 19, 5, 12]], [21, []], [31, []], [19, []], [34, []], [18, [18, 17, 40, 39]], [39, []], [40, []], [5, []], [17, []], [12, []], [3, []], [8, []], [27, []]]], [[[7, [24, 3]]], [[26, [26, 29, 34]]], [[13, [13, 9, 35, 33]]], [[11, [11, 28, 36]]], [[1, [1, 6, 21, 31, 8, 27]]], [[4, [4, 20, 30, 38, 15, 14]]], [[10, [10, 19, 5, 12]]], [[23, [23, 25, 37, 16]]], [[18, [18, 17, 40, 39]]]]]}
{"file_name": "U_40_1", "number_of_trucks": 2, "drone_capacity": 10, "number_of_drones": 2, "iteration": 3, "best_fitness": 576.6800000000001, "runtime": 56.30687689781189, "best_solution": [[[[0, [2, 35, 22, 24, 32, 29, 33, 1, 9, 27, 28]], [2, []], [35, []], [22, []], [24, []], [32, []], [29, []], [33, []], [1, []], [9, []], [27, []], [28, []], [11, [11, 16, 12, 26, 30, 36, 10, 23, 25, 8]], [16, []], [12, []], [26, []], [30, []], [36, []], [10, []], [23, []], [25, []], [8, []]], [[0, []], [7, [7, 3, 13, 6, 31, 34]], [3, []], [13, [21, 19, 15]], [6, []], [31, []], [34, []], [21, []], [19, []], [15, []], [14, [14, 4, 38, 37, 20, 18, 39, 40, 5, 17]], [4, []], [38, []], [37, []], [20, []], [18, []], [39, []], [40, []], [5, []], [17, []]]], [[[11, [11, 16, 12, 26, 30, 36, 10, 23, 25, 8]]], [[7, [7, 3, 13, 6, 31, 34]]], [[13, [21, 19, 15]]], [[14, [14, 4, 38, 37, 20, 18, 39, 40, 5, 17]]]]]}
