{"file_name": "U_40_1", "number_of_trucks": 2, "drone_capacity": 10, "number_of_drones": 2, "iteration": 1, "best_fitness": 546.4492291941934, "runtime": 3674.5732803344727, "best_solution": [[[[0, [30, 7, 2, 19]], [14, [14, 26, 36]], [36, []], [30, [13, 12, 31, 21]], [7, []], [2, []], [26, []], [19, []], [31, []], [13, []], [21, []], [28, [28, 37, 8, 4, 17]], [37, []], [8, []], [12, []], [4, []], [24, [24, 38, 23]], [23, []], [38, []], [17, []]], [[0, [35, 5, 10, 34, 40, 16, 6, 33, 39]], [33, [18]], [35, []], [34, []], [16, []], [40, []], [18, []], [39, []], [6, []], [5, []], [10, []], [27, [27, 32, 22, 15]], [22, []], [15, []], [32, []], [9, [9, 20, 1, 29]], [20, []], [29, []], [1, []], [3, [3, 25, 11]], [25, []], [11, []]]], [[[33, [18]]], [[14, [14, 26, 36]]], [[30, [13, 12, 31, 21]]], [[27, [27, 32, 22, 15]]], [[28, [28, 37, 8, 4, 17]]], [[9, [9, 20, 1, 29]]], [[24, [24, 38, 23]]], [[3, [3, 25, 11]]]]]}
{"file_name": "U_40_1", "number_of_trucks": 2, "drone_capacity": 10, "number_of_drones": 2, "iteration": 2, "best_fitness": 602.8225223739285, "runtime": 66.71297335624695, "best_solution": [[[[0, []], [5, [5]], [35, [35, 39, 18, 34, 12]], [39, []], [18, []], [34, []], [12, []], [19, [19, 26, 13, 31, 32, 27]], [26, []], [13, []], [31, []], [32, []], [27, []], [17, [17, 20]], [20, []], [1, [1, 29, 9, 3, 38, 23]], [29, []], [9, []], [3, []], [38, []], [23, []]], [[0, []], [33, [33, 16]], [16, []], [40, [40, 10, 6, 2, 7]], [10, []], [6, []], [2, [14, 30, 36, 22]], [7, []], [30, []], [36, []], [22, []], [14, []], [21, [21, 37, 15]], [37, []], [15, []], [8, [8, 28, 4, 24, 25, 11]], [28, []], [4, []], [24, []], [25, []], [11, []]]], [[[33, [33, 16]]], [[5, [5]]], [[35, [35, 39, 18, 34, 12]]], [[40, [40, 10, 6, 2, 7]]], [[2, [14, 30, 36, 22]]], [[19, [19, 26, 13, 31, 32, 27]]], [[21, [21, 37, 15]]], [[17, [17, 20]]], [[8, [8, 28, 4, 24, 25, 11]]], [[1, [1, 29, 9, 3, 38, 23]]]]]}
{"file_name": "U_40_1", "number_of_trucks": 2, "drone_capacity": 10, "number_of_drones": 2, "iteration": 3, "best_fitness": 665.6416821079812, "runtime": 56.15099477767944, "best_solution": [[[[0, [5]], [5, []], [33, [33, 35, 39, 18, 34, 12, 19, 26, 36, 22]], [35, []], [39, []], [18, []], [34, []], [12, []], [19, []], [26, []], [36, []], [22, []], [14, [14, 27, 17, 20, 1, 29, 9]], [27, []], [17, [3, 38, 23]], [20, []], [1, []], [29, []], [9, []], [3, []], [38, []], [23, []]], [[0, []], [40, [40]], [10, [10, 16]], [16, []], [6, [6, 2, 7, 30, 13, 31, 21]], [2, []], [7, []], [30, []], [13, []], [31, []], [21, []], [32, [32]], [37, [37, 15, 8, 28, 4, 24, 25, 11]], [15, []], [8, []], [28, []], [4, []], [24, []], [25, []], [11, []]]], [[[40, [40]]], [[10, [10, 16]]], [[33, [33, 35, 39, 18, 34, 12, 19, 26, 36, 22]]], [[6, [6, 2, 7, 30, 13, 31, 21]]], [[14, [14, 27, 17, 20, 1, 29, 9]]], [[32, [32]]], [[37, [37, 15, 8, 28, 4, 24, 25, 11]]], [[17, [3, 38, 23]]]]]}
