{"file_name": "U_40_0", "number_of_trucks": 2, "drone_capacity": 10, "number_of_drones": 2, "iteration": 1, "best_fitness": 320.1804957043441, "runtime": 3854.5480794906616, "best_solution": [[[[0, [40, 22]], [40, []], [22, []], [24, [24, 9, 23, 14, 29, 7, 39]], [9, []], [23, []], [37, [37, 20, 18]], [14, []], [35, [35, 25, 30, 27, 31, 16, 1]], [25, []], [29, []], [30, []], [27, []], [18, []], [20, []], [7, []], [39, []], [16, []], [1, []], [31, []]], [[0, [13, 26, 4, 34, 15]], [26, []], [13, []], [4, []], [34, []], [15, [10, 19, 5, 8, 33, 32, 12, 17, 6, 28]], [19, []], [12, []], [33, []], [17, []], [32, []], [2, [2, 38, 11, 36, 3, 21]], [6, []], [10, []], [38, []], [28, []], [8, []], [5, []], [3, []], [36, []], [11, []], [21, []]]], [[[15, [10, 19, 5, 8, 33, 32, 12, 17, 6, 28]]], [[24, [24, 9, 23, 14, 29, 7, 39]]], [[37, [37, 20, 18]]], [[35, [35, 25, 30, 27, 31, 16, 1]]], [[2, [2, 38, 11, 36, 3, 21]]]]]}
{"file_name": "U_40_0", "number_of_trucks": 2, "drone_capacity": 10, "number_of_drones": 2, "iteration": 2, "best_fitness": 351.4981593504204, "runtime": 57.51667642593384, "best_solution": [[[[0, [26]], [26, []], [7, [7, 6, 20]], [6, []], [20, []], [18, [18, 17, 33, 32, 30, 15]], [17, []], [33, []], [32, []], [30, []], [15, []], [37, [37, 14, 35, 25, 11, 36, 3, 1, 21, 31]], [14, []], [35, []], [25, []], [11, []], [36, []], [3, []], [1, []], [21, []], [31, []]], [[0, []], [22, [22, 40, 9, 13, 39]], [40, []], [9, [16, 5, 28, 8, 38]], [13, []], [39, []], [16, []], [5, []], [28, []], [8, []], [38, []], [10, [10, 12, 19, 2, 27, 34, 29, 4, 23, 24]], [12, []], [19, []], [2, []], [27, []], [34, []], [29, []], [4, []], [23, []], [24, []]]], [[[22, [22, 40, 9, 13, 39]]], [[7, [7, 6, 20]]], [[9, [16, 5, 28, 8, 38]]], [[18, [18, 17, 33, 32, 30, 15]]], [[37, [37, 14, 35, 25, 11, 36, 3, 1, 21, 31]]], [[10, [10, 12, 19, 2, 27, 34, 29, 4, 23, 24]]]]]}
{"file_name": "U_40_0", "number_of_trucks": 2, "drone_capacity": 10, "number_of_drones": 2, "iteration": 3, "best_fitness": 370.65726368986367, "runtime": 53.673213958740234, "best_solution": [[[[0, [26, 13, 39, 7, 5, 8]], [26, []], [13, []], [39, [38]], [7, []], [5, []], [8, []], [38, []], [6, [6, 20, 18, 27, 29, 36, 3, 16, 1, 21]], [20, []], [18, []], [27, []], [29, []], [36, []], [3, []], [16, []], [1, []], [21, []]], [[0, [40, 22, 28]], [40, []], [22, []], [28, []], [10, [10, 19, 12, 33, 17, 32, 2, 30, 34, 15]], [19, []], [12, []], [33, []], [17, []], [32, []], [2, []], [30, []], [34, []], [15, []], [25, [25, 35, 14, 37, 23, 4, 11, 9, 31, 24]], [35, []], [14, []], [37, []], [23, []], [4, []], [11, []], [9, []], [31, []], [24, []]]], [[[39, [38]]], [[10, [10, 19, 12, 33, 17, 32, 2, 30, 34, 15]]], [[25, [25, 35, 14, 37, 23, 4, 11, 9, 31, 24]]], [[6, [6, 20, 18, 27, 29, 36, 3, 16, 1, 21]]]]]}
