{"file_name": "U_30_1", "number_of_trucks": 2, "drone_capacity": 10, "number_of_drones": 2, "iteration": 1, "best_fitness": 485.95234971378403, "runtime": 800.8676841259003, "best_solution": [[[[0, [4, 5, 11]], [4, []], [11, []], [5, []], [24, [24, 29, 10]], [29, []], [7, [7, 25, 17, 13]], [25, []], [8, [8, 18, 23, 27]], [18, []], [23, []], [17, []], [13, []], [1, [1, 12]], [10, []], [12, []], [27, []], [0, []]], [[0, [28]], [28, []], [0, [26]], [26, []], [0, [16, 20, 19, 2, 14, 22, 30]], [14, []], [22, []], [30, []], [19, []], [9, [9, 15]], [2, []], [15, []], [16, []], [20, []], [21, [21, 3, 6]], [3, []], [6, []]]], [[[24, [24, 29, 10]]], [[7, [7, 25, 17, 13]]], [[8, [8, 18, 23, 27]]], [[9, [9, 15]]], [[1, [1, 12]]], [[21, [21, 3, 6]]]]]}
{"file_name": "U_30_1", "number_of_trucks": 2, "drone_capacity": 10, "number_of_drones": 2, "iteration": 2, "best_fitness": 498.0350849538958, "runtime": 553.1399278640747, "best_solution": [[[[0, [22, 24, 4, 28]], [22, []], [24, []], [4, []], [28, []], [29, [29, 25]], [25, []], [0, [14]], [14, []], [0, [11, 10, 7, 17]], [27, [27, 18]], [18, []], [17, []], [11, []], [10, []], [1, [1, 12]], [12, []], [7, []]], [[0, [20, 16, 5]], [20, []], [16, []], [13, [13]], [2, [2, 19, 26, 30]], [5, []], [19, []], [26, []], [30, []], [9, [9, 15, 8, 23]], [23, []], [15, []], [21, [21, 3, 6]], [3, []], [6, []], [8, []]]], [[[13, [13]]], [[29, [29, 25]]], [[2, [2, 19, 26, 30]]], [[27, [27, 18]]], [[9, [9, 15, 8, 23]]], [[21, [21, 3, 6]]], [[1, [1, 12]]]]]}
{"file_name": "U_30_1", "number_of_trucks": 2, "drone_capacity": 10, "number_of_drones": 2, "iteration": 3, "best_fitness": 497.0518749166078, "runtime": 711.0396599769592, "best_solution": [[[[0, []], [25, [25, 30, 26, 11, 2, 20]], [19, [19]], [30, []], [26, []], [9, [9]], [11, []], [2, []], [20, []], [21, [21, 3, 6]], [3, []], [6, []]], [[0, []], [22, [22, 16, 28, 24]], [28, []], [24, []], [16, []], [17, [5, 29, 17, 13]], [13, []], [14, [7, 14, 4, 10]], [7, []], [29, []], [4, []], [10, []], [15, [15, 23, 18, 27]], [5, []], [23, [1, 8, 12]], [1, []], [12, []], [18, []], [27, []], [8, []]]], [[[22, [22, 16, 28, 24]]], [[25, [25, 30, 26, 11, 2, 20]]], [[17, [5, 29, 17, 13]]], [[19, [19]]], [[14, [7, 14, 4, 10]]], [[9, [9]]], [[15, [15, 23, 18, 27]]], [[23, [1, 8, 12]]], [[21, [21, 3, 6]]]]]}
