{"file_name": "U_30_0", "number_of_trucks": 2, "drone_capacity": 10, "number_of_drones": 2, "iteration": 1, "best_fitness": 324.0746490599197, "runtime": 715.4580895900726, "best_solution": [[[[0, [25, 2, 28, 30, 14, 29, 13]], [13, []], [25, []], [2, []], [28, []], [3, [3, 22, 20, 7, 27, 10, 4, 18, 11, 23]], [22, []], [30, []], [14, []], [7, []], [29, []], [27, []], [18, []], [11, []], [23, []], [20, []], [10, []], [4, []]], [[0, [12, 21, 15, 16, 8, 19, 6]], [12, []], [5, [5, 17, 9, 24, 26, 1]], [21, []], [15, []], [16, []], [8, []], [19, []], [17, []], [9, []], [24, []], [6, []], [1, []], [26, []]]], [[[3, [3, 22, 20, 7, 27, 10, 4, 18, 11, 23]]], [[5, [5, 17, 9, 24, 26, 1]]]]]}
{"file_name": "U_30_0", "number_of_trucks": 2, "drone_capacity": 10, "number_of_drones": 2, "iteration": 2, "best_fitness": 317.8, "runtime": 579.0720162391663, "best_solution": [[[[0, []], [14, [14, 30, 28]], [30, []], [28, []], [23, [23, 20, 18, 11]], [20, []], [18, []], [11, []], [27, [27, 7, 22, 3, 13]], [7, []], [22, []], [3, []], [13, []]], [[0, [25, 2]], [25, []], [2, []], [29, [29, 8, 21, 15, 19, 16]], [8, []], [21, []], [15, []], [19, []], [16, []], [5, [5, 17, 10, 4, 26, 1, 9, 6, 24, 12]], [17, []], [10, []], [4, []], [26, []], [1, []], [9, []], [6, []], [24, []], [12, []]]], [[[29, [29, 8, 21, 15, 19, 16]]], [[14, [14, 30, 28]]], [[23, [23, 20, 18, 11]]], [[5, [5, 17, 10, 4, 26, 1, 9, 6, 24, 12]]], [[27, [27, 7, 22, 3, 13]]]]]}
{"file_name": "U_30_0", "number_of_trucks": 2, "drone_capacity": 10, "number_of_drones": 2, "iteration": 3, "best_fitness": 297.8201702000846, "runtime": 1303.0361759662628, "best_solution": [[[[0, [13, 28, 30, 14, 18, 23]], [13, []], [3, [3]], [28, []], [14, []], [30, []], [22, [22, 7, 29, 27, 10, 4, 26]], [7, []], [29, []], [27, []], [18, []], [23, []], [10, []], [4, []], [26, []]], [[0, [25]], [2, [2]], [25, []], [11, [11, 8, 16, 21, 15, 19]], [8, []], [16, []], [21, []], [15, []], [19, []], [5, [5, 17, 20, 1, 6, 24, 9, 12]], [17, []], [20, []], [1, []], [6, []], [24, []], [9, []], [12, []]]], [[[2, [2]]], [[3, [3]]], [[11, [11, 8, 16, 21, 15, 19]]], [[22, [22, 7, 29, 27, 10, 4, 26]]], [[5, [5, 17, 20, 1, 6, 24, 9, 12]]]]]}
