{"file_name": "U_30_1", "number_of_trucks": 2, "drone_capacity": 10, "number_of_drones": 2, "iteration": 1, "best_fitness": 392.97756927223566, "runtime": 790.0353915691376, "best_solution": [[[[0, [18]], [18, []], [19, [9, 15, 5, 24, 19, 21]], [21, []], [15, []], [5, []], [24, []], [9, []], [1, [1, 11, 27, 14, 30, 22]], [11, []], [27, []], [29, [29, 28, 13]], [14, []], [28, []], [30, []], [22, []], [13, []]], [[0, []], [26, [26, 4, 20, 23]], [4, []], [20, []], [23, [7, 3, 25, 10, 6]], [7, []], [3, []], [25, []], [2, [2, 16, 8]], [10, [17, 12]], [16, []], [8, []], [17, []], [6, []], [12, []]]], [[[26, [26, 4, 20, 23]]], [[19, [9, 15, 5, 24, 19, 21]]], [[23, [7, 3, 25, 10, 6]]], [[1, [1, 11, 27, 14, 30, 22]]], [[2, [2, 16, 8]]], [[10, [17, 12]]], [[29, [29, 28, 13]]]]]}
{"file_name": "U_30_1", "number_of_trucks": 2, "drone_capacity": 10, "number_of_drones": 2, "iteration": 2, "best_fitness": 391.0988242473772, "runtime": 739.7271001338959, "best_solution": [[[[0, [18, 21, 19, 5, 15]], [19, []], [5, []], [21, []], [15, []], [18, []], [11, [11, 27, 7]], [27, []], [7, []], [30, [30, 13, 29, 28, 14, 22]], [22, []], [28, []], [14, []], [29, []], [13, []]], [[0, [23, 20, 4, 3, 26, 24]], [9, [9, 25]], [24, []], [6, [6]], [4, []], [3, []], [26, []], [2, [2, 1]], [25, []], [10, [10, 16, 8, 17, 12]], [23, []], [20, []], [16, []], [8, []], [17, []], [1, []], [12, []]]], [[[9, [9, 25]]], [[6, [6]]], [[11, [11, 27, 7]]], [[2, [2, 1]]], [[10, [10, 16, 8, 17, 12]]], [[30, [30, 13, 29, 28, 14, 22]]]]]}
{"file_name": "U_30_1", "number_of_trucks": 2, "drone_capacity": 10, "number_of_drones": 2, "iteration": 3, "best_fitness": 380.3216252533936, "runtime": 707.5517845153809, "best_solution": [[[[0, [18, 19, 21]], [21, []], [19, []], [18, []], [11, [11, 7]], [7, [27, 15]], [27, []], [15, []], [16, [16, 17, 8, 6, 12]], [8, []], [17, []], [6, []], [12, []]], [[0, [24]], [24, []], [9, [9, 3, 5, 20]], [5, []], [10, [10, 23, 4, 26, 25]], [20, []], [23, []], [4, []], [26, []], [1, [1, 2, 30, 22, 14]], [2, []], [25, []], [3, []], [30, []], [22, []], [28, [28, 29, 13]], [14, []], [29, []], [13, []]]], [[[9, [9, 3, 5, 20]]], [[11, [11, 7]]], [[10, [10, 23, 4, 26, 25]]], [[7, [27, 15]]], [[1, [1, 2, 30, 22, 14]]], [[28, [28, 29, 13]]], [[16, [16, 17, 8, 6, 12]]]]]}
