{"file_name": "U_30_0", "number_of_trucks": 2, "drone_capacity": 10, "number_of_drones": 2, "iteration": 1, "best_fitness": 286.5986797913599, "runtime": 926.2601413726807, "best_solution": [[[[0, [20, 12]], [6, [6, 8]], [20, []], [12, []], [8, []], [18, [18, 14, 10, 21, 19, 13, 7, 27, 1, 25]], [7, []], [19, []], [14, []], [21, []], [10, []], [27, []], [1, []], [13, []], [25, []]], [[0, []], [24, [24, 17, 16, 15]], [17, []], [11, [11, 30, 2, 22, 5]], [30, []], [2, []], [22, []], [4, [4, 9, 26, 28, 3, 23, 29]], [23, []], [29, []], [9, []], [26, []], [28, []], [16, []], [15, []], [3, []], [5, []]]], [[[24, [24, 17, 16, 15]]], [[6, [6, 8]]], [[18, [18, 14, 10, 21, 19, 13, 7, 27, 1, 25]]], [[11, [11, 30, 2, 22, 5]]], [[4, [4, 9, 26, 28, 3, 23, 29]]]]]}
{"file_name": "U_30_0", "number_of_trucks": 2, "drone_capacity": 10, "number_of_drones": 2, "iteration": 2, "best_fitness": 283.41303911081314, "runtime": 1186.6811089515686, "best_solution": [[[[0, [12, 8, 6, 1, 20, 17]], [25, [25]], [6, []], [13, [13, 10, 21, 27]], [1, []], [20, []], [10, []], [27, []], [21, []], [12, []], [8, []], [14, [14, 18, 19]], [18, []], [19, []], [17, []], [0, []]], [[0, []], [24, [24, 30]], [11, [11, 9, 29, 2, 22]], [30, []], [2, []], [22, []], [4, [4, 26, 7, 5, 28, 16, 15, 3, 23]], [29, []], [9, []], [26, []], [28, []], [16, []], [15, []], [3, []], [7, []], [23, []], [5, []]]], [[[24, [24, 30]]], [[25, [25]]], [[11, [11, 9, 29, 2, 22]]], [[13, [13, 10, 21, 27]]], [[4, [4, 26, 7, 5, 28, 16, 15, 3, 23]]], [[14, [14, 18, 19]]]]]}
{"file_name": "U_30_0", "number_of_trucks": 2, "drone_capacity": 10, "number_of_drones": 2, "iteration": 3, "best_fitness": 272.2, "runtime": 743.6017231941223, "best_solution": [[[[0, [20]], [8, [8, 12, 6]], [12, []], [20, []], [6, []], [13, [13, 1, 27, 21, 10, 14, 18, 7, 19]], [1, []], [27, []], [21, []], [10, []], [14, []], [18, []], [7, []], [19, []]], [[0, []], [24, [15, 24]], [11, [11, 30, 2, 22, 29]], [30, []], [2, []], [22, []], [29, []], [15, []], [3, [3, 16, 28, 26, 9, 4, 23, 5, 17, 25]], [16, []], [28, []], [26, []], [9, []], [4, []], [23, []], [5, []], [17, []], [25, []]]], [[[24, [15, 24]]], [[8, [8, 12, 6]]], [[11, [11, 30, 2, 22, 29]]], [[13, [13, 1, 27, 21, 10, 14, 18, 7, 19]]], [[3, [3, 16, 28, 26, 9, 4, 23, 5, 17, 25]]]]]}
