{"file_name": "U_30_1", "number_of_trucks": 2, "drone_capacity": 10, "number_of_drones": 2, "iteration": 1, "best_fitness": 373.39821719811545, "runtime": 977.7954621315002, "best_solution": [[[[0, [2, 1, 5, 11]], [2, []], [1, []], [5, []], [10, [10, 15, 16, 3, 25, 30, 23]], [15, []], [16, []], [11, []], [3, []], [25, []], [23, []], [27, [27, 14, 13]], [14, []], [30, []], [13, []]], [[0, [4]], [4, [8]], [8, []], [0, [6]], [7, [7, 24, 22, 20]], [24, []], [6, []], [22, []], [20, []], [21, [21, 19, 18, 12]], [19, []], [18, []], [12, []], [26, [26, 29, 17, 9, 28]], [29, []], [28, []], [17, []], [9, []]]], [[[4, [8]]], [[7, [7, 24, 22, 20]]], [[10, [10, 15, 16, 3, 25, 30, 23]]], [[21, [21, 19, 18, 12]]], [[26, [26, 29, 17, 9, 28]]], [[27, [27, 14, 13]]]]]}
{"file_name": "U_30_1", "number_of_trucks": 2, "drone_capacity": 10, "number_of_drones": 2, "iteration": 2, "best_fitness": 367.2762214993455, "runtime": 710.661815404892, "best_solution": [[[[0, [1]], [4, [4, 11]], [1, [5]], [11, []], [5, []], [10, [10, 12, 30]], [12, []], [27, [27, 18, 17, 13, 21]], [18, []], [17, []], [21, []], [13, []], [30, []]], [[0, [8, 2, 6]], [8, []], [2, []], [24, [24, 20, 22, 23]], [7, [7]], [20, []], [6, []], [22, []], [19, [19, 14, 25, 3, 16, 15]], [14, []], [23, []], [25, []], [3, []], [26, [26, 28, 29, 9]], [16, []], [15, []], [29, []], [28, []], [9, []]]], [[[4, [4, 11]]], [[1, [5]]], [[24, [24, 20, 22, 23]]], [[7, [7]]], [[19, [19, 14, 25, 3, 16, 15]]], [[10, [10, 12, 30]]], [[27, [27, 18, 17, 13, 21]]], [[26, [26, 28, 29, 9]]]]]}
{"file_name": "U_30_1", "number_of_trucks": 2, "drone_capacity": 10, "number_of_drones": 2, "iteration": 3, "best_fitness": 378.496834904896, "runtime": 897.7715749740601, "best_solution": [[[[0, [4]], [4, []], [1, [1, 2, 8, 6]], [2, []], [8, [22, 24]], [9, [9, 7, 20]], [7, []], [20, []], [22, []], [6, []], [13, [13, 30, 21, 18, 14, 27, 17, 19]], [30, []], [21, []], [19, []], [14, []], [27, []], [18, []], [24, []], [17, []]], [[0, [5, 23, 11]], [5, []], [23, []], [3, [3]], [12, [12, 10, 25, 15, 16]], [25, []], [11, []], [26, [26, 29]], [16, []], [15, []], [29, []], [10, []], [28, [28]]]], [[[1, [1, 2, 8, 6]]], [[8, [22, 24]]], [[9, [9, 7, 20]]], [[3, [3]]], [[12, [12, 10, 25, 15, 16]]], [[13, [13, 30, 21, 18, 14, 27, 17, 19]]], [[26, [26, 29]]], [[28, [28]]]]]}
