{"file_name": "U_30_1", "number_of_trucks": 2, "drone_capacity": 10, "number_of_drones": 2, "iteration": 1, "best_fitness": 394.81862773452934, "runtime": 827.9175913333893, "best_solution": [[[[0, [5, 19, 27]], [19, []], [5, []], [23, [23, 24, 14, 9, 15]], [24, []], [14, []], [9, []], [15, []], [27, []], [4, [4, 21, 29, 2, 28, 16]], [16, []], [21, []], [29, []], [2, []], [28, []]], [[0, []], [3, [3, 10, 8, 17]], [18, [18, 7, 1]], [7, []], [10, [11, 13]], [8, []], [17, []], [11, []], [1, []], [12, [12, 20, 30, 25, 26, 22, 6]], [20, []], [30, []], [25, []], [13, []], [26, []], [22, []], [6, []]]], [[[3, [3, 10, 8, 17]]], [[18, [18, 7, 1]]], [[10, [11, 13]]], [[23, [23, 24, 14, 9, 15]]], [[12, [12, 20, 30, 25, 26, 22, 6]]], [[4, [4, 21, 29, 2, 28, 16]]]]]}
{"file_name": "U_30_1", "number_of_trucks": 2, "drone_capacity": 10, "number_of_drones": 2, "iteration": 2, "best_fitness": 397.6483086784806, "runtime": 1196.3846559524536, "best_solution": [[[[0, [8, 5, 19, 17, 10, 27]], [19, []], [27, []], [17, []], [10, []], [11, [11]], [8, []], [5, []], [26, [26, 22, 6, 20, 12, 30]], [22, []], [6, []], [12, []], [20, []], [30, []], [4, [4, 16]], [16, []]], [[0, [9, 7, 3, 18]], [18, []], [3, []], [14, [14, 23, 24, 15, 13, 1]], [15, []], [9, []], [7, []], [23, []], [24, []], [21, [21, 25, 29, 2, 28]], [1, []], [13, []], [25, []], [29, []], [2, []], [28, []]]], [[[14, [14, 23, 24, 15, 13, 1]]], [[11, [11]]], [[21, [21, 25, 29, 2, 28]]], [[26, [26, 22, 6, 20, 12, 30]]], [[4, [4, 16]]]]]}
{"file_name": "U_30_1", "number_of_trucks": 2, "drone_capacity": 10, "number_of_drones": 2, "iteration": 3, "best_fitness": 390.69594529250196, "runtime": 697.7332832813263, "best_solution": [[[[0, [5, 17]], [5, []], [17, []], [15, [15, 7, 1, 23, 3]], [7, []], [23, []], [3, []], [29, [29, 21, 26, 25, 22, 12]], [22, []], [26, []], [25, []], [12, []], [1, []], [21, []]], [[0, []], [19, [19, 8, 10]], [8, []], [10, []], [27, [27, 13, 9, 18]], [9, []], [14, [14, 6, 24]], [24, []], [18, []], [6, []], [13, []], [20, [20, 11, 30, 4, 16, 2, 28]], [30, []], [11, []], [4, []], [16, []], [2, []], [28, []]]], [[[15, [15, 7, 1, 23, 3]]], [[19, [19, 8, 10]]], [[27, [27, 13, 9, 18]]], [[14, [14, 6, 24]]], [[20, [20, 11, 30, 4, 16, 2, 28]]], [[29, [29, 21, 26, 25, 22, 12]]]]]}
