{"file_name": "U_30_1", "number_of_trucks": 2, "drone_capacity": 10, "number_of_drones": 2, "iteration": 1, "best_fitness": 492.09115038722064, "runtime": 768.9247453212738, "best_solution": [[[[0, [13, 24, 8]], [13, []], [8, []], [24, []], [0, [19, 3, 15, 6, 22]], [15, []], [6, []], [22, []], [19, []], [3, []], [1, [1, 4, 23, 17, 14]], [4, []], [23, []], [17, []], [14, []]], [[0, [26]], [26, []], [20, [20, 5, 11, 28]], [5, []], [28, []], [29, [29, 25, 10]], [11, [9, 18, 7]], [9, []], [25, []], [18, []], [21, [21, 2]], [7, []], [10, []], [27, [27, 16]], [2, []], [16, []], [12, [12, 30]], [30, []]]], [[[20, [20, 5, 11, 28]]], [[29, [29, 25, 10]]], [[11, [9, 18, 7]]], [[21, [21, 2]]], [[27, [27, 16]]], [[1, [1, 4, 23, 17, 14]]], [[12, [12, 30]]]]]}
{"file_name": "U_30_1", "number_of_trucks": 2, "drone_capacity": 10, "number_of_drones": 2, "iteration": 2, "best_fitness": 490.3321574597527, "runtime": 711.1911480426788, "best_solution": [[[[0, [28, 26, 20, 8, 5]], [28, []], [8, []], [26, [11, 18]], [20, []], [5, []], [9, [9, 7, 3, 19, 6, 10]], [11, []], [18, []], [19, []], [6, []], [10, []], [7, []], [27, [27]], [3, []], [17, [17, 14, 23, 4, 1]], [23, []], [4, []], [1, []], [14, []]], [[0, []], [15, [15, 24]], [29, [29, 25, 13]], [25, []], [13, []], [2, [2]], [24, []], [22, [22, 16, 21]], [16, []], [21, []], [30, [30, 12]], [12, []]]], [[[15, [15, 24]]], [[29, [29, 25, 13]]], [[26, [11, 18]]], [[9, [9, 7, 3, 19, 6, 10]]], [[2, [2]]], [[22, [22, 16, 21]]], [[27, [27]]], [[17, [17, 14, 23, 4, 1]]], [[30, [30, 12]]]]]}
{"file_name": "U_30_1", "number_of_trucks": 2, "drone_capacity": 10, "number_of_drones": 2, "iteration": 3, "best_fitness": 489.44132190678005, "runtime": 782.5120837688446, "best_solution": [[[[0, [26, 5, 19]], [26, []], [5, []], [19, []], [24, [18, 28, 25, 24]], [9, [9]], [28, []], [25, []], [21, [21]], [18, []], [27, [27, 22, 2, 16]], [22, []], [2, []], [16, []], [30, [30, 12]], [12, []]], [[0, [20, 15, 11, 10, 7, 8, 13, 29]], [20, []], [6, [6, 3]], [3, []], [15, []], [11, []], [10, []], [7, []], [8, []], [13, []], [29, []], [1, [1, 4, 23, 17, 14]], [4, []], [23, []], [17, []], [14, []]]], [[[24, [18, 28, 25, 24]]], [[6, [6, 3]]], [[9, [9]]], [[21, [21]]], [[27, [27, 22, 2, 16]]], [[1, [1, 4, 23, 17, 14]]], [[30, [30, 12]]]]]}
