{"file_name": "U_30_1", "number_of_trucks": 2, "drone_capacity": 10, "number_of_drones": 2, "iteration": 1, "best_fitness": 359.9415156179698, "runtime": 738.8745985031128, "best_solution": [[[[0, [29, 19]], [29, []], [19, [23, 17, 16, 4, 22]], [16, []], [4, []], [22, [2]], [17, []], [2, []], [6, [6, 18, 27]], [8, [8, 24]], [24, []], [23, []], [18, []], [27, []]], [[0, [14]], [26, [26, 9]], [9, []], [1, [7, 1, 12, 30, 21]], [12, []], [30, []], [3, [3, 10, 28, 11, 5]], [21, []], [10, []], [7, []], [28, []], [11, []], [14, []], [5, []], [13, [13, 25, 20, 15]], [25, []], [20, []], [15, []]]], [[[19, [23, 17, 16, 4, 22]]], [[26, [26, 9]]], [[1, [7, 1, 12, 30, 21]]], [[3, [3, 10, 28, 11, 5]]], [[22, [2]]], [[6, [6, 18, 27]]], [[13, [13, 25, 20, 15]]], [[8, [8, 24]]]]]}
{"file_name": "U_30_1", "number_of_trucks": 2, "drone_capacity": 10, "number_of_drones": 2, "iteration": 2, "best_fitness": 365.9415156179698, "runtime": 895.2174108028412, "best_solution": [[[[0, [29, 4, 30, 23, 12, 3, 1, 16, 21]], [21, []], [16, []], [23, []], [29, []], [30, []], [12, []], [27, [27]], [3, []], [18, [18, 24, 8, 6]], [24, []], [8, []], [4, []], [6, []], [1, []], [0, []]], [[0, [26, 9, 19]], [26, [10, 7]], [9, []], [10, [2, 17, 28, 14, 5, 11, 22]], [19, []], [7, []], [2, []], [17, []], [28, []], [14, []], [5, []], [13, [13, 25, 20, 15]], [11, []], [22, []], [25, []], [20, []], [15, []]]], [[[26, [10, 7]]], [[10, [2, 17, 28, 14, 5, 11, 22]]], [[27, [27]]], [[13, [13, 25, 20, 15]]], [[18, [18, 24, 8, 6]]]]]}
{"file_name": "U_30_1", "number_of_trucks": 2, "drone_capacity": 10, "number_of_drones": 2, "iteration": 3, "best_fitness": 362.9415156179698, "runtime": 871.5077569484711, "best_solution": [[[[0, [12, 9, 26, 17, 19, 7]], [12, []], [9, []], [26, []], [30, [28, 16, 30, 4, 29]], [19, []], [16, []], [28, []], [17, []], [6, [6, 18, 27]], [7, []], [4, []], [8, [8, 24, 23]], [29, []], [24, []], [23, []], [18, []], [27, []]], [[0, [21, 3, 1, 10]], [21, []], [3, []], [1, [11, 14, 5, 22, 2]], [10, []], [2, []], [11, []], [14, []], [5, []], [13, [13, 25, 20, 15]], [22, []], [25, []], [20, []], [15, []]]], [[[1, [11, 14, 5, 22, 2]]], [[30, [28, 16, 30, 4, 29]]], [[6, [6, 18, 27]]], [[13, [13, 25, 20, 15]]], [[8, [8, 24, 23]]]]]}
