{"file_name": "U_30_0", "number_of_trucks": 2, "drone_capacity": 10, "number_of_drones": 2, "iteration": 1, "best_fitness": 276.0698182500372, "runtime": 655.8702037334442, "best_solution": [[[[0, [21, 12]], [21, []], [12, [18, 23, 29]], [18, []], [23, []], [29, []], [24, [24, 16, 7, 28]], [16, []], [7, []], [28, []], [11, [11, 13, 5, 14, 30, 27]], [13, []], [5, []], [14, []], [30, []], [27, []]], [[0, []], [3, [3]], [26, [26, 15, 20, 25]], [15, []], [20, []], [25, []], [22, [22, 17, 2, 6, 8, 4, 19, 10, 9, 1]], [17, []], [2, []], [6, []], [8, []], [4, []], [19, []], [10, []], [9, []], [1, []]]], [[[3, [3]]], [[12, [18, 23, 29]]], [[26, [26, 15, 20, 25]]], [[24, [24, 16, 7, 28]]], [[22, [22, 17, 2, 6, 8, 4, 19, 10, 9, 1]]], [[11, [11, 13, 5, 14, 30, 27]]]]]}
{"file_name": "U_30_0", "number_of_trucks": 2, "drone_capacity": 10, "number_of_drones": 2, "iteration": 2, "best_fitness": 267.351032776355, "runtime": 853.3128371238708, "best_solution": [[[[0, [6]], [26, [26, 16, 21]], [6, []], [16, []], [7, [7, 28, 2, 22, 25, 20, 17, 15]], [28, []], [17, []], [2, []], [22, []], [25, []], [20, []], [15, []], [9, [9, 1, 27]], [1, []], [27, []], [21, []]], [[0, [13, 12, 3]], [12, []], [3, []], [19, [19, 30, 24, 23, 29, 18]], [30, []], [18, []], [24, []], [29, []], [23, []], [14, [14, 5, 11, 8, 4, 10]], [5, []], [13, []], [11, []], [8, []], [4, []], [10, []]]], [[[26, [26, 16, 21]]], [[19, [19, 30, 24, 23, 29, 18]]], [[7, [7, 28, 2, 22, 25, 20, 17, 15]]], [[14, [14, 5, 11, 8, 4, 10]]], [[9, [9, 1, 27]]]]]}
{"file_name": "U_30_0", "number_of_trucks": 2, "drone_capacity": 10, "number_of_drones": 2, "iteration": 3, "best_fitness": 275.82800719586095, "runtime": 851.6293964385986, "best_solution": [[[[0, [6, 4]], [4, []], [8, [8, 16, 26]], [16, []], [6, []], [10, [10, 7, 28, 17, 2, 22, 25, 15, 20]], [7, []], [28, []], [17, []], [2, []], [22, []], [25, []], [20, []], [26, []], [9, [9, 1]], [15, []], [1, []]], [[0, [12, 21]], [3, [19, 3, 18, 29, 23]], [19, []], [18, [24, 5, 13, 11, 30]], [29, []], [24, []], [23, []], [14, [14, 27]], [5, []], [13, []], [11, []], [30, []], [12, []], [27, []], [21, []]]], [[[8, [8, 16, 26]]], [[3, [19, 3, 18, 29, 23]]], [[10, [10, 7, 28, 17, 2, 22, 25, 15, 20]]], [[18, [24, 5, 13, 11, 30]]], [[9, [9, 1]]], [[14, [14, 27]]]]]}
