{"file_name": "U_30_1", "number_of_trucks": 2, "drone_capacity": 10, "number_of_drones": 2, "iteration": 1, "best_fitness": 362.2238941684225, "runtime": 1196.3487293720245, "best_solution": [[[[0, [3, 13, 14]], [3, []], [13, []], [14, []], [23, [23, 7, 22, 16, 4, 18]], [7, []], [22, []], [16, []], [4, []], [18, []], [28, [28, 9, 26, 5, 15, 10]], [10, []], [9, []], [26, []], [5, []], [15, []]], [[0, [24]], [24, []], [27, [27, 29, 2, 1, 11]], [1, []], [2, []], [29, []], [19, [19, 30, 25, 12, 8]], [30, []], [25, []], [12, []], [8, []], [21, [21, 6, 17, 20]], [6, []], [17, []], [20, []], [11, []]]], [[[27, [27, 29, 2, 1, 11]]], [[23, [23, 7, 22, 16, 4, 18]]], [[19, [19, 30, 25, 12, 8]]], [[28, [28, 9, 26, 5, 15, 10]]], [[21, [21, 6, 17, 20]]]]]}
{"file_name": "U_30_1", "number_of_trucks": 2, "drone_capacity": 10, "number_of_drones": 2, "iteration": 2, "best_fitness": 368.6540794973883, "runtime": 891.9820699691772, "best_solution": [[[[0, [13, 3, 14]], [14, []], [13, []], [3, []], [11, [11, 22, 2, 23, 18, 16, 7]], [7, []], [22, []], [5, [5]], [2, []], [23, []], [15, [15, 26, 28, 9, 10]], [26, []], [9, []], [10, []], [28, []], [18, []], [16, []]], [[0, []], [27, [27, 1, 8]], [1, [29, 19, 24, 25, 30, 12]], [29, []], [19, []], [25, []], [24, []], [30, []], [12, []], [8, []], [21, [21, 6, 17, 20, 4]], [6, []], [17, []], [20, []], [4, []]]], [[[27, [27, 1, 8]]], [[1, [29, 19, 24, 25, 30, 12]]], [[11, [11, 22, 2, 23, 18, 16, 7]]], [[5, [5]]], [[21, [21, 6, 17, 20, 4]]], [[15, [15, 26, 28, 9, 10]]]]]}
{"file_name": "U_30_1", "number_of_trucks": 2, "drone_capacity": 10, "number_of_drones": 2, "iteration": 3, "best_fitness": 364.0430130650435, "runtime": 925.7151653766632, "best_solution": [[[[0, [14, 13]], [13, []], [2, [2]], [20, [20, 16, 22, 4, 18, 23]], [16, []], [22, []], [4, []], [14, []], [18, []], [28, [28, 10, 9, 26, 15, 5]], [10, []], [9, []], [26, []], [5, []], [15, []], [23, []]], [[0, [3]], [27, [27]], [1, [1, 29, 12, 19, 24, 30, 25, 8, 11]], [29, []], [12, []], [30, []], [19, []], [24, []], [25, []], [8, []], [3, []], [21, [21, 6, 17, 7]], [6, []], [17, []], [7, []], [11, []]]], [[[2, [2]]], [[27, [27]]], [[1, [1, 29, 12, 19, 24, 30, 25, 8, 11]]], [[20, [20, 16, 22, 4, 18, 23]]], [[28, [28, 10, 9, 26, 15, 5]]], [[21, [21, 6, 17, 7]]]]]}
