{"file_name": "U_30_1", "number_of_trucks": 2, "drone_capacity": 10, "number_of_drones": 2, "iteration": 1, "best_fitness": 444.6043304649052, "runtime": 1340.8197033405304, "best_solution": [[[[0, [6]], [17, [17, 8, 10]], [8, []], [15, [15, 12]], [10, []], [12, []], [6, []], [24, [24]], [13, [13, 27, 21, 14, 18, 30, 11, 23]], [27, []], [21, []], [14, []], [18, []], [23, []], [4, [4]], [30, []], [11, []]], [[0, [7, 20]], [7, []], [20, []], [1, [1, 25, 5]], [25, []], [5, []], [9, [9, 26, 28, 16, 2, 29]], [26, []], [28, []], [16, []], [3, [3]], [2, []], [29, []], [22, [22, 19]], [19, []]]], [[[1, [1, 25, 5]]], [[17, [17, 8, 10]]], [[15, [15, 12]]], [[24, [24]]], [[9, [9, 26, 28, 16, 2, 29]]], [[13, [13, 27, 21, 14, 18, 30, 11, 23]]], [[3, [3]]], [[4, [4]]], [[22, [22, 19]]]]]}
{"file_name": "U_30_1", "number_of_trucks": 2, "drone_capacity": 10, "number_of_drones": 2, "iteration": 2, "best_fitness": 447.6043304649052, "runtime": 777.4225008487701, "best_solution": [[[[0, []], [6, [16, 6, 20, 10, 8, 25]], [1, [1]], [20, []], [10, []], [8, []], [16, []], [25, []], [13, [13, 27, 12]], [27, []], [21, [21, 23, 14, 26, 28]], [14, []], [12, []], [28, []], [26, []], [22, [22, 19]], [23, []], [19, []]], [[0, [7, 17]], [7, []], [17, []], [0, []], [24, [24, 5, 15, 29, 2]], [5, []], [15, []], [29, []], [2, []], [11, [11, 30, 4, 9, 18]], [30, []], [4, []], [9, []], [3, [3]], [18, []]]], [[[6, [16, 6, 20, 10, 8, 25]]], [[24, [24, 5, 15, 29, 2]]], [[1, [1]]], [[13, [13, 27, 12]]], [[21, [21, 23, 14, 26, 28]]], [[11, [11, 30, 4, 9, 18]]], [[3, [3]]], [[22, [22, 19]]]]]}
{"file_name": "U_30_1", "number_of_trucks": 2, "drone_capacity": 10, "number_of_drones": 2, "iteration": 3, "best_fitness": 444.8154158496437, "runtime": 779.9407041072845, "best_solution": [[[[0, [12, 6, 1, 10, 20, 17]], [17, []], [20, []], [10, []], [1, []], [6, []], [24, [24, 13]], [13, []], [21, [21, 28, 26, 29]], [12, []], [28, []], [26, []], [29, []], [22, [22, 4]], [4, []]], [[0, [25, 16, 7, 8]], [25, []], [8, []], [16, []], [15, [15]], [5, [5]], [7, []], [30, [30, 23, 9, 27, 11, 2]], [11, []], [2, []], [23, []], [9, []], [3, [3, 14, 18]], [14, []], [27, []], [18, []], [19, [19]]]], [[[15, [15]]], [[5, [5]]], [[24, [24, 13]]], [[30, [30, 23, 9, 27, 11, 2]]], [[21, [21, 28, 26, 29]]], [[3, [3, 14, 18]]], [[19, [19]]], [[22, [22, 4]]]]]}
