{"file_name": "U_30_1", "number_of_trucks": 2, "drone_capacity": 10, "number_of_drones": 2, "iteration": 1, "best_fitness": 481.4975692722356, "runtime": 747.6300282478333, "best_solution": [[[[0, [13, 18, 8]], [13, []], [18, []], [8, []], [4, [21, 16, 4]], [21, []], [16, []], [5, [5, 11, 7, 25, 22]], [11, []], [7, []], [22, []], [30, [30, 3, 28, 14]], [25, []], [3, []], [14, []], [28, []], [23, [23, 20]], [20, []]], [[0, [10, 24, 9]], [24, []], [9, []], [10, []], [15, [15, 26]], [26, []], [2, [2, 29, 27, 6]], [29, []], [27, []], [19, [19, 12, 17, 1]], [17, []], [6, []], [1, []], [12, []]]], [[[4, [21, 16, 4]]], [[15, [15, 26]]], [[5, [5, 11, 7, 25, 22]]], [[2, [2, 29, 27, 6]]], [[30, [30, 3, 28, 14]]], [[19, [19, 12, 17, 1]]], [[23, [23, 20]]]]]}
{"file_name": "U_30_1", "number_of_trucks": 2, "drone_capacity": 10, "number_of_drones": 2, "iteration": 2, "best_fitness": 465.8697016144005, "runtime": 675.0273554325104, "best_solution": [[[[0, [13, 18]], [13, []], [18, []], [10, [10, 15, 21, 4, 16]], [16, []], [15, []], [21, []], [6, [6, 26, 22, 14]], [4, []], [26, []], [22, []], [30, [30, 28]], [14, []], [28, []], [3, [3, 20]], [20, []], [23, [23]]], [[0, [8]], [8, []], [24, [24]], [9, [9]], [2, [2, 25, 11]], [25, []], [11, []], [7, [7, 29, 27, 5]], [29, []], [27, []], [5, []], [19, [19, 1, 12, 17]], [17, []], [1, []], [12, []]]], [[[10, [10, 15, 21, 4, 16]]], [[24, [24]]], [[9, [9]]], [[2, [2, 25, 11]]], [[7, [7, 29, 27, 5]]], [[6, [6, 26, 22, 14]]], [[30, [30, 28]]], [[3, [3, 20]]], [[19, [19, 1, 12, 17]]], [[23, [23]]]]]}
{"file_name": "U_30_1", "number_of_trucks": 2, "drone_capacity": 10, "number_of_drones": 2, "iteration": 3, "best_fitness": 474.1397297280279, "runtime": 712.2926256656647, "best_solution": [[[[0, [18, 8]], [18, []], [10, [10, 21, 15, 24]], [8, []], [21, []], [15, []], [24, [22, 6, 26, 7, 14]], [6, []], [26, []], [22, []], [3, [3, 28, 30]], [30, []], [28, []], [14, []], [7, []], [23, [23, 20, 12]], [20, []], [12, []]], [[0, [13, 4, 9, 16]], [13, []], [4, []], [9, [25, 2, 11, 29]], [25, []], [2, []], [11, []], [29, []], [27, [27, 19, 5]], [19, []], [16, []], [5, [17, 1]], [17, []], [1, []]]], [[[10, [10, 21, 15, 24]]], [[9, [25, 2, 11, 29]]], [[27, [27, 19, 5]]], [[24, [22, 6, 26, 7, 14]]], [[3, [3, 28, 30]]], [[5, [17, 1]]], [[23, [23, 20, 12]]]]]}
