{"file_name": "U_30_1", "number_of_trucks": 2, "drone_capacity": 10, "number_of_drones": 2, "iteration": 1, "best_fitness": 343.7991875851644, "runtime": 864.8636336326599, "best_solution": [[[[0, [25, 24, 2, 6]], [25, []], [6, []], [24, []], [13, [13, 27, 14]], [27, [3, 22]], [14, []], [3, []], [5, [5, 23, 17, 11, 30, 7, 19]], [23, []], [17, []], [11, []], [30, []], [2, []], [22, []], [4, [4]], [7, []], [19, []]], [[0, []], [15, [15, 29, 18, 20, 1]], [29, []], [20, []], [1, []], [18, []], [9, [9, 26, 16, 12, 28]], [26, []], [28, []], [16, []], [8, [8, 21, 10]], [12, []], [21, []], [10, []]]], [[[15, [15, 29, 18, 20, 1]]], [[13, [13, 27, 14]]], [[27, [3, 22]]], [[5, [5, 23, 17, 11, 30, 7, 19]]], [[9, [9, 26, 16, 12, 28]]], [[8, [8, 21, 10]]], [[4, [4]]]]]}
{"file_name": "U_30_1", "number_of_trucks": 2, "drone_capacity": 10, "number_of_drones": 2, "iteration": 2, "best_fitness": 349.2391875851645, "runtime": 1064.2133276462555, "best_solution": [[[[0, []], [1, [1, 24, 29]], [24, []], [29, []], [28, [28, 12, 26, 3]], [26, []], [9, [9, 16, 7]], [16, []], [3, []], [7, []], [10, [10, 21, 8]], [21, []], [12, []], [8, []]], [[0, [25, 6]], [25, []], [13, [27, 18, 14, 13, 15, 22, 2, 20]], [6, []], [20, []], [27, []], [18, []], [14, []], [15, []], [19, [19, 17, 23, 5, 30, 11]], [17, []], [23, []], [5, []], [4, [4]], [22, []], [2, []], [30, []], [11, []]]], [[[1, [1, 24, 29]]], [[13, [27, 18, 14, 13, 15, 22, 2, 20]]], [[28, [28, 12, 26, 3]]], [[9, [9, 16, 7]]], [[19, [19, 17, 23, 5, 30, 11]]], [[10, [10, 21, 8]]], [[4, [4]]]]]}
{"file_name": "U_30_1", "number_of_trucks": 2, "drone_capacity": 10, "number_of_drones": 2, "iteration": 3, "best_fitness": 342.5422206001621, "runtime": 874.3284969329834, "best_solution": [[[[0, [14, 2]], [14, []], [27, [27, 18, 22, 29, 20]], [20, []], [18, []], [22, []], [2, []], [30, [30, 11, 5, 23]], [11, []], [5, []], [23, []], [4, [4, 9, 28, 16, 7, 17]], [29, []], [9, []], [28, []], [16, []], [7, []], [17, []]], [[0, [24, 6, 1, 25]], [25, []], [24, []], [6, []], [1, []], [13, [13, 19, 15, 3, 26, 12]], [19, []], [15, []], [3, []], [26, []], [8, [8, 21, 10]], [12, []], [21, []], [10, []]]], [[[27, [27, 18, 22, 29, 20]]], [[13, [13, 19, 15, 3, 26, 12]]], [[30, [30, 11, 5, 23]]], [[8, [8, 21, 10]]], [[4, [4, 9, 28, 16, 7, 17]]]]]}
