{"file_name": "U_30_1", "number_of_trucks": 2, "drone_capacity": 10, "number_of_drones": 2, "iteration": 1, "best_fitness": 366.59430461051846, "runtime": 905.6451859474182, "best_solution": [[[[0, [26, 7, 20, 1]], [26, []], [7, []], [21, [21, 17]], [20, []], [17, []], [5, [5, 23, 19, 8, 10]], [10, []], [1, []], [19, []], [23, []], [28, [28, 29, 11]], [8, []], [29, []], [11, []]], [[0, []], [27, [27, 18]], [18, []], [15, [15, 9, 6, 16, 25]], [9, []], [6, []], [25, []], [16, []], [30, [30, 12, 24, 4, 3, 2]], [4, []], [2, []], [3, []], [12, []], [24, []], [14, [14, 13, 22]], [13, []], [22, []]]], [[[21, [21, 17]]], [[27, [27, 18]]], [[15, [15, 9, 6, 16, 25]]], [[30, [30, 12, 24, 4, 3, 2]]], [[5, [5, 23, 19, 8, 10]]], [[14, [14, 13, 22]]], [[28, [28, 29, 11]]]]]}
{"file_name": "U_30_1", "number_of_trucks": 2, "drone_capacity": 10, "number_of_drones": 2, "iteration": 2, "best_fitness": 370.032917280442, "runtime": 731.3459186553955, "best_solution": [[[[0, [26, 20]], [26, []], [9, [9, 6]], [6, []], [15, [15, 2, 3, 8]], [2, []], [20, []], [3, []], [12, [12, 24, 29, 11, 22, 14, 5]], [24, []], [14, []], [5, []], [8, []], [29, []], [11, []], [22, []]], [[0, [1]], [7, [7, 27, 18]], [1, []], [27, []], [30, [30, 25, 21, 16]], [18, []], [16, []], [25, []], [4, [4, 10, 19, 23, 17]], [10, []], [19, []], [21, []], [23, []], [28, [28, 13]], [17, []], [13, []]]], [[[7, [7, 27, 18]]], [[9, [9, 6]]], [[15, [15, 2, 3, 8]]], [[30, [30, 25, 21, 16]]], [[4, [4, 10, 19, 23, 17]]], [[12, [12, 24, 29, 11, 22, 14, 5]]], [[28, [28, 13]]]]]}
{"file_name": "U_30_1", "number_of_trucks": 2, "drone_capacity": 10, "number_of_drones": 2, "iteration": 3, "best_fitness": 366.51291728044197, "runtime": 1435.0420904159546, "best_solution": [[[[0, []], [7, [7, 18]], [9, [9]], [15, [15, 16, 25, 6]], [18, []], [16, []], [25, []], [30, [30, 3, 24, 5, 12, 8]], [12, []], [3, []], [6, []], [24, []], [14, [14, 13, 11, 29]], [5, []], [29, []], [8, []], [11, []], [13, []]], [[0, [27, 1]], [26, [26, 20]], [27, []], [20, []], [17, [17, 19, 2, 21]], [19, []], [2, []], [4, [4, 23, 10]], [10, []], [1, []], [21, []], [23, []], [28, [28, 22]], [22, []]]], [[[26, [26, 20]]], [[7, [7, 18]]], [[9, [9]]], [[15, [15, 16, 25, 6]]], [[17, [17, 19, 2, 21]]], [[30, [30, 3, 24, 5, 12, 8]]], [[4, [4, 23, 10]]], [[14, [14, 13, 11, 29]]], [[28, [28, 22]]]]]}
