{"file_name": "U_30_0", "number_of_trucks": 2, "drone_capacity": 10, "number_of_drones": 2, "iteration": 1, "best_fitness": 295.78151627424074, "runtime": 800.8844945430756, "best_solution": [[[[0, [6, 12]], [6, []], [22, [15, 26, 22, 20]], [20, []], [21, [21, 17, 24, 18, 29]], [17, []], [24, [10, 28, 8, 1, 16, 2, 5]], [18, []], [1, []], [5, []], [12, []], [26, []], [16, []], [2, []], [15, []], [29, []], [10, []], [28, []], [8, []]], [[0, [4, 23, 14, 11]], [13, [13, 30, 9]], [30, []], [9, []], [4, []], [11, []], [3, [3, 19, 25, 27, 7]], [25, []], [23, []], [27, []], [14, []], [19, []], [7, []]]], [[[13, [13, 30, 9]]], [[22, [15, 26, 22, 20]]], [[21, [21, 17, 24, 18, 29]]], [[24, [10, 28, 8, 1, 16, 2, 5]]], [[3, [3, 19, 25, 27, 7]]]]]}
{"file_name": "U_30_0", "number_of_trucks": 2, "drone_capacity": 10, "number_of_drones": 2, "iteration": 2, "best_fitness": 301.55368924038794, "runtime": 933.227237701416, "best_solution": [[[[0, [29, 4, 15]], [4, []], [29, []], [10, [3, 10, 17, 1, 16, 11, 26, 12]], [15, []], [2, [2, 5, 25]], [16, []], [11, []], [5, []], [1, []], [25, []], [3, []], [26, []], [12, []], [17, []]], [[0, []], [28, [28]], [8, [13, 20, 6, 22, 8, 9, 30]], [9, []], [30, []], [13, []], [20, []], [6, []], [22, []], [19, [19, 27, 23, 14, 18]], [27, []], [23, []], [14, []], [18, []], [24, [24, 7, 21]], [21, []], [7, []]]], [[[28, [28]]], [[8, [13, 20, 6, 22, 8, 9, 30]]], [[10, [3, 10, 17, 1, 16, 11, 26, 12]]], [[2, [2, 5, 25]]], [[19, [19, 27, 23, 14, 18]]], [[24, [24, 7, 21]]]]]}
{"file_name": "U_30_0", "number_of_trucks": 2, "drone_capacity": 10, "number_of_drones": 2, "iteration": 3, "best_fitness": 298.2400619193562, "runtime": 1052.4981889724731, "best_solution": [[[[0, [4, 26, 12, 11]], [8, [8, 28, 15, 29]], [28, []], [12, []], [3, [3, 16, 9]], [26, []], [11, []], [16, []], [2, [2, 10, 7]], [15, []], [29, []], [10, []], [9, []], [4, []], [7, []], [0, []]], [[0, []], [13, [13, 21, 20, 22, 30, 6, 14, 23]], [30, []], [21, []], [20, []], [6, []], [22, []], [19, [19, 27, 25, 5, 1, 24, 17, 18]], [14, []], [23, []], [27, []], [25, []], [1, []], [5, []], [18, []], [24, []], [17, []]]], [[[13, [13, 21, 20, 22, 30, 6, 14, 23]]], [[8, [8, 28, 15, 29]]], [[3, [3, 16, 9]]], [[19, [19, 27, 25, 5, 1, 24, 17, 18]]], [[2, [2, 10, 7]]]]]}
