{"file_name": "U_30_0", "number_of_trucks": 2, "drone_capacity": 10, "number_of_drones": 2, "iteration": 1, "best_fitness": 305.8800000000001, "runtime": 1019.4796006679535, "best_solution": [[[[0, [13, 3, 14, 24]], [14, []], [24, []], [18, [18, 21, 30]], [21, []], [22, [22, 6, 25, 20, 12, 29, 26]], [6, []], [26, []], [13, []], [25, []], [20, []], [30, []], [12, []], [3, []], [29, []]], [[0, [19]], [2, [2]], [19, []], [16, [16, 7, 9]], [7, []], [9, []], [1, [1, 5, 8, 17, 11, 4, 10, 27, 15, 28]], [5, []], [8, []], [17, []], [11, []], [4, []], [10, []], [27, []], [15, []], [23, [23]], [28, []]]], [[[2, [2]]], [[16, [16, 7, 9]]], [[18, [18, 21, 30]]], [[22, [22, 6, 25, 20, 12, 29, 26]]], [[1, [1, 5, 8, 17, 11, 4, 10, 27, 15, 28]]], [[23, [23]]]]]}
{"file_name": "U_30_0", "number_of_trucks": 2, "drone_capacity": 10, "number_of_drones": 2, "iteration": 2, "best_fitness": 303.88015834812506, "runtime": 1098.639419555664, "best_solution": [[[[0, []], [28, [28, 2, 19, 15, 27, 10, 11, 4, 9, 7]], [2, []], [19, []], [15, []], [27, []], [10, []], [8, [8, 17, 23, 29, 16]], [11, []], [17, []], [4, []], [9, []], [7, []], [23, []], [16, []], [29, []]], [[0, []], [3, [3]], [14, [14, 24, 18, 13]], [24, []], [18, [5, 26, 30]], [5, []], [12, [12, 20, 22, 6, 21, 25, 1]], [30, []], [20, []], [25, []], [13, []], [26, []], [22, []], [6, []], [1, []], [21, []]]], [[[3, [3]]], [[14, [14, 24, 18, 13]]], [[28, [28, 2, 19, 15, 27, 10, 11, 4, 9, 7]]], [[18, [5, 26, 30]]], [[12, [12, 20, 22, 6, 21, 25, 1]]], [[8, [8, 17, 23, 29, 16]]]]]}
{"file_name": "U_30_0", "number_of_trucks": 2, "drone_capacity": 10, "number_of_drones": 2, "iteration": 3, "best_fitness": 298.495061277451, "runtime": 1151.5004851818085, "best_solution": [[[[0, []], [2, [2, 27, 13]], [27, []], [22, [22, 5]], [6, [6, 12]], [12, []], [5, []], [1, [1, 30, 26, 20, 25, 29]], [30, []], [20, []], [25, []], [13, []], [26, []], [29, []]], [[0, [19]], [3, [3, 11]], [14, [14, 24, 18, 15, 10, 4, 9, 7, 21]], [24, []], [21, []], [19, []], [18, []], [15, []], [10, []], [4, []], [8, [8, 17, 23, 16, 28]], [17, []], [11, []], [9, []], [7, []], [23, []], [16, []], [28, []]]], [[[3, [3, 11]]], [[2, [2, 27, 13]]], [[14, [14, 24, 18, 15, 10, 4, 9, 7, 21]]], [[22, [22, 5]]], [[6, [6, 12]]], [[1, [1, 30, 26, 20, 25, 29]]], [[8, [8, 17, 23, 16, 28]]]]]}
