{"file_name": "U_30_1", "number_of_trucks": 2, "drone_capacity": 10, "number_of_drones": 2, "iteration": 1, "best_fitness": 434.4097454862618, "runtime": 1005.6259758472443, "best_solution": [[[[0, []], [3, [3, 30]], [30, []], [0, [21]], [21, []], [0, []], [27, [27, 8]], [10, [10, 6, 2, 22, 25]], [6, []], [2, []], [22, []], [25, []], [17, [17, 28]], [28, []], [11, [11, 16, 7]], [7, []], [16, []], [8, []]], [[0, [29]], [18, [18, 5, 13]], [24, [24, 23]], [23, []], [29, []], [5, []], [13, []], [14, [14, 4, 19, 26]], [12, [12, 15, 1]], [4, []], [19, []], [20, [20, 9]], [26, []], [15, []], [9, []], [1, []], [0, []]]], [[[3, [3, 30]]], [[18, [18, 5, 13]]], [[24, [24, 23]]], [[27, [27, 8]]], [[10, [10, 6, 2, 22, 25]]], [[14, [14, 4, 19, 26]]], [[17, [17, 28]]], [[12, [12, 15, 1]]], [[11, [11, 16, 7]]], [[20, [20, 9]]]]]}
{"file_name": "U_30_1", "number_of_trucks": 2, "drone_capacity": 10, "number_of_drones": 2, "iteration": 2, "best_fitness": 435.8161838146312, "runtime": 763.2017676830292, "best_solution": [[[[0, [21, 3, 30, 8, 5, 13]], [21, []], [3, []], [30, []], [8, [25]], [6, [6]], [5, [14, 28, 22]], [13, []], [14, []], [28, []], [22, []], [25, []], [17, [17, 11, 12]], [11, []], [12, []]], [[0, []], [18, [18, 24, 23, 2, 29]], [24, []], [23, []], [29, []], [2, []], [4, [10, 26, 4, 27]], [27, []], [1, [1, 9, 19, 15]], [15, []], [9, []], [26, []], [20, [20, 7, 16]], [10, []], [7, []], [16, []], [19, []]]], [[[8, [25]]], [[18, [18, 24, 23, 2, 29]]], [[6, [6]]], [[5, [14, 28, 22]]], [[4, [10, 26, 4, 27]]], [[1, [1, 9, 19, 15]]], [[17, [17, 11, 12]]], [[20, [20, 7, 16]]]]]}
{"file_name": "U_30_1", "number_of_trucks": 2, "drone_capacity": 10, "number_of_drones": 2, "iteration": 3, "best_fitness": 437.90046212408345, "runtime": 791.6114249229431, "best_solution": [[[[0, [5]], [5, [13, 21, 30, 8]], [13, []], [10, [10]], [21, []], [30, []], [8, [27, 6, 4, 19, 26]], [27, []], [26, []], [6, []], [4, []], [19, []], [20, [20, 9, 1, 15]], [15, []], [9, []], [1, []]], [[0, []], [3, [18, 29, 23, 24, 3]], [24, []], [18, []], [29, []], [23, []], [14, [14, 22, 25, 2, 28]], [22, []], [25, []], [2, []], [17, [17, 12, 7]], [28, []], [11, [11, 16]], [16, []], [7, []], [12, []]]], [[[3, [18, 29, 23, 24, 3]]], [[5, [13, 21, 30, 8]]], [[10, [10]]], [[14, [14, 22, 25, 2, 28]]], [[8, [27, 6, 4, 19, 26]]], [[17, [17, 12, 7]]], [[11, [11, 16]]], [[20, [20, 9, 1, 15]]]]]}
