{"file_name": "U_30_1", "number_of_trucks": 2, "drone_capacity": 10, "number_of_drones": 2, "iteration": 1, "best_fitness": 373.6273434975336, "runtime": 935.8299376964569, "best_solution": [[[[0, [16, 9, 18, 26, 4]], [18, []], [26, []], [16, []], [9, []], [4, []], [24, [24, 6, 29]], [27, [27, 21, 17, 12]], [21, []], [6, []], [29, []], [13, [13, 14, 30, 5, 11, 20, 19]], [14, []], [30, []], [17, []], [12, []], [5, []], [11, []], [20, []], [19, []]], [[0, [2, 3]], [3, []], [15, [15, 28, 8]], [28, []], [8, []], [2, []], [7, [7, 10, 23]], [23, []], [10, []], [25, [25, 1]], [1, []], [22, [22]]]], [[[15, [15, 28, 8]]], [[24, [24, 6, 29]]], [[27, [27, 21, 17, 12]]], [[7, [7, 10, 23]]], [[13, [13, 14, 30, 5, 11, 20, 19]]], [[25, [25, 1]]], [[22, [22]]]]]}
{"file_name": "U_30_1", "number_of_trucks": 2, "drone_capacity": 10, "number_of_drones": 2, "iteration": 2, "best_fitness": 377.88003041359724, "runtime": 1093.990353345871, "best_solution": [[[[0, [16, 26, 9, 4]], [16, []], [26, []], [9, []], [4, []], [27, [27, 6, 23]], [6, []], [5, [5, 8, 7, 20, 10, 19]], [23, []], [1, [1, 25]], [25, []], [10, []], [8, []], [7, []], [19, []], [20, []]], [[0, []], [2, [2]], [28, [28, 3, 18]], [3, []], [18, [24, 29, 12, 15]], [24, []], [21, [21, 13, 14, 30, 17, 11]], [29, []], [13, []], [14, []], [30, []], [12, []], [17, []], [22, [22]], [11, []], [15, []]]], [[[2, [2]]], [[28, [28, 3, 18]]], [[27, [27, 6, 23]]], [[18, [24, 29, 12, 15]]], [[21, [21, 13, 14, 30, 17, 11]]], [[5, [5, 8, 7, 20, 10, 19]]], [[1, [1, 25]]], [[22, [22]]]]]}
{"file_name": "U_30_1", "number_of_trucks": 2, "drone_capacity": 10, "number_of_drones": 2, "iteration": 3, "best_fitness": 381.3442969442784, "runtime": 870.9996078014374, "best_solution": [[[[0, [9, 4, 26, 8]], [9, []], [24, [24]], [4, []], [26, []], [21, [21, 6, 12, 10, 27, 28]], [27, []], [6, []], [12, []], [1, [1, 25, 20, 7]], [25, []], [10, []], [8, []], [7, []], [28, []], [20, []]], [[0, [2, 18, 16, 15, 3]], [16, []], [15, []], [18, []], [3, []], [19, [19, 29]], [2, []], [23, [23, 5, 13, 30, 17, 11, 14]], [5, []], [14, []], [29, []], [13, []], [30, []], [17, []], [22, [22]], [11, []]]], [[[24, [24]]], [[19, [19, 29]]], [[21, [21, 6, 12, 10, 27, 28]]], [[23, [23, 5, 13, 30, 17, 11, 14]]], [[1, [1, 25, 20, 7]]], [[22, [22]]]]]}
