{"file_name": "U_30_1", "number_of_trucks": 2, "drone_capacity": 10, "number_of_drones": 2, "iteration": 1, "best_fitness": 498.50956470677266, "runtime": 599.330055475235, "best_solution": [[[[0, [19, 17, 20, 21, 10, 25, 27, 4, 3]], [3, []], [25, []], [27, []], [4, []], [19, []], [10, []], [17, []], [20, []], [1, [1, 23, 7, 13]], [21, []], [23, []], [7, [29, 5]], [29, []], [5, []], [13, []]], [[0, [11]], [11, []], [15, [15]], [8, [22, 8, 28]], [28, []], [22, []], [0, [2, 24]], [14, [14, 12, 9]], [9, []], [24, []], [2, []], [16, [16, 18, 30, 6, 26]], [18, []], [30, []], [12, []], [6, []], [26, []]]], [[[15, [15]]], [[8, [22, 8, 28]]], [[14, [14, 12, 9]]], [[1, [1, 23, 7, 13]]], [[16, [16, 18, 30, 6, 26]]], [[7, [29, 5]]]]]}
{"file_name": "U_30_1", "number_of_trucks": 2, "drone_capacity": 10, "number_of_drones": 2, "iteration": 2, "best_fitness": 488.576645868145, "runtime": 1149.7076857089996, "best_solution": [[[[0, [19, 25, 15, 21, 9, 3, 24, 28]], [9, []], [15, []], [3, []], [24, []], [25, []], [21, []], [28, []], [7, [7, 23]], [23, []], [19, []], [1, [1, 29, 5]], [29, []], [5, []]], [[0, [2, 20]], [2, []], [26, [26, 11, 4, 17]], [11, []], [27, [27]], [4, []], [17, [10, 22, 8]], [10, []], [20, []], [13, [13, 30, 14]], [22, []], [8, []], [30, []], [18, [18, 16, 12, 6]], [16, []], [12, []], [6, []], [14, []]]], [[[26, [26, 11, 4, 17]]], [[27, [27]]], [[17, [10, 22, 8]]], [[13, [13, 30, 14]]], [[18, [18, 16, 12, 6]]], [[7, [7, 23]]], [[1, [1, 29, 5]]]]]}
{"file_name": "U_30_1", "number_of_trucks": 2, "drone_capacity": 10, "number_of_drones": 2, "iteration": 3, "best_fitness": 498.50873651954765, "runtime": 1092.8453679084778, "best_solution": [[[[0, [15, 26]], [15, []], [26, []], [0, [24, 3, 25]], [8, [8, 9, 13]], [9, []], [24, []], [13, []], [14, [14, 6, 30]], [6, []], [3, []], [25, []], [30, []], [18, [18, 5, 16, 12]], [16, []], [12, []], [5, []]], [[0, [11]], [11, []], [0, [4, 17, 2, 20, 19]], [22, [22, 28, 21, 27]], [28, []], [21, []], [10, [10, 7]], [27, []], [4, []], [2, []], [20, []], [17, []], [19, []], [1, [1, 23, 29]], [23, []], [7, []], [29, []]]], [[[22, [22, 28, 21, 27]]], [[10, [10, 7]]], [[8, [8, 9, 13]]], [[14, [14, 6, 30]]], [[1, [1, 23, 29]]], [[18, [18, 5, 16, 12]]]]]}
