{"file_name": "U_30_1", "number_of_trucks": 2, "drone_capacity": 10, "number_of_drones": 2, "iteration": 1, "best_fitness": 481.79246594764993, "runtime": 743.8087122440338, "best_solution": [[[[0, [27]], [27, []], [0, []], [24, [24, 21]], [9, [9]], [7, [7, 17]], [17, []], [20, [20, 6, 22, 12]], [6, []], [22, []], [12, []], [23, [23, 19]], [19, []], [21, []]], [[0, []], [13, [13]], [0, [18, 14, 30]], [18, []], [14, []], [30, []], [0, [29, 2, 15, 5]], [8, [8, 10, 16]], [10, []], [29, []], [28, [28, 11, 26, 25]], [2, []], [16, []], [15, []], [11, []], [26, []], [3, [3, 1, 4]], [25, []], [5, []], [1, []], [4, []]]], [[[13, [13]]], [[24, [24, 21]]], [[9, [9]]], [[7, [7, 17]]], [[8, [8, 10, 16]]], [[28, [28, 11, 26, 25]]], [[20, [20, 6, 22, 12]]], [[3, [3, 1, 4]]], [[23, [23, 19]]]]]}
{"file_name": "U_30_1", "number_of_trucks": 2, "drone_capacity": 10, "number_of_drones": 2, "iteration": 2, "best_fitness": 476.9657367139764, "runtime": 1062.388832807541, "best_solution": [[[[0, [30, 24, 21, 14, 9, 13, 5]], [9, []], [13, []], [30, []], [14, []], [5, []], [24, []], [21, []], [20, [12, 20, 6, 22, 25]], [6, []], [22, []], [12, []], [25, []], [3, [3, 1, 4]], [1, []], [4, []]], [[0, [18, 27, 2, 15, 29]], [29, []], [2, []], [18, []], [27, []], [7, [7, 28]], [17, [17, 8, 10, 16, 11, 26]], [28, []], [8, []], [10, []], [15, []], [16, []], [11, []], [26, []], [23, [23, 19]], [19, []]]], [[[7, [7, 28]]], [[17, [17, 8, 10, 16, 11, 26]]], [[20, [12, 20, 6, 22, 25]]], [[3, [3, 1, 4]]], [[23, [23, 19]]]]]}
{"file_name": "U_30_1", "number_of_trucks": 2, "drone_capacity": 10, "number_of_drones": 2, "iteration": 3, "best_fitness": 477.6810297758698, "runtime": 708.2801389694214, "best_solution": [[[[0, [29, 15, 2]], [13, [13, 10]], [10, []], [2, []], [29, []], [15, []], [28, [28]], [8, [8, 17]], [17, []], [16, [16, 11, 26, 12, 25]], [11, []], [26, []], [12, []], [25, []], [3, [3, 1, 4]], [1, []], [4, []]], [[0, [14, 27, 18, 30]], [30, []], [14, []], [18, []], [9, [9, 5, 24, 21]], [7, [7]], [5, []], [24, []], [21, []], [6, [6, 20, 22]], [22, []], [20, []], [27, []], [23, [23, 19]], [19, []]]], [[[13, [13, 10]]], [[9, [9, 5, 24, 21]]], [[7, [7]]], [[28, [28]]], [[8, [8, 17]]], [[16, [16, 11, 26, 12, 25]]], [[6, [6, 20, 22]]], [[3, [3, 1, 4]]], [[23, [23, 19]]]]]}
