{"file_name": "U_30_0", "number_of_trucks": 2, "drone_capacity": 10, "number_of_drones": 2, "iteration": 1, "best_fitness": 279.16407147543396, "runtime": 1026.1096003055573, "best_solution": [[[[0, []], [27, [27, 5]], [5, []], [15, [15, 23, 1, 2, 19]], [23, []], [1, []], [2, []], [29, [29, 30, 25, 24, 10, 28, 12]], [19, []], [24, []], [30, []], [25, []], [12, []], [10, []], [28, []]], [[0, [14, 6]], [16, [16, 4, 9, 13, 18, 3]], [4, []], [9, []], [26, [26]], [18, []], [8, [8, 20, 7, 11, 22, 17, 21]], [3, []], [21, []], [6, []], [13, []], [17, []], [14, []], [20, []], [7, []], [11, []], [22, []]]], [[[27, [27, 5]]], [[16, [16, 4, 9, 13, 18, 3]]], [[26, [26]]], [[15, [15, 23, 1, 2, 19]]], [[8, [8, 20, 7, 11, 22, 17, 21]]], [[29, [29, 30, 25, 24, 10, 28, 12]]]]]}
{"file_name": "U_30_0", "number_of_trucks": 2, "drone_capacity": 10, "number_of_drones": 2, "iteration": 2, "best_fitness": 293.5812966634994, "runtime": 1434.8123888969421, "best_solution": [[[[0, [28]], [1, [1, 27]], [23, [23, 15, 2, 5, 26, 9, 19, 25, 10]], [27, []], [15, []], [2, []], [5, []], [26, []], [9, []], [29, [29, 30, 12, 24]], [19, []], [24, []], [30, []], [25, []], [12, []], [10, []], [28, []]], [[0, [14, 13, 6, 17, 3, 21, 16, 22, 4, 18]], [16, []], [22, []], [20, [20, 11, 7, 8]], [11, []], [7, []], [14, []], [17, []], [13, []], [6, []], [8, []], [3, []], [21, []], [18, []], [4, []]]], [[[1, [1, 27]]], [[23, [23, 15, 2, 5, 26, 9, 19, 25, 10]]], [[20, [20, 11, 7, 8]]], [[29, [29, 30, 12, 24]]]]]}
{"file_name": "U_30_0", "number_of_trucks": 2, "drone_capacity": 10, "number_of_drones": 2, "iteration": 3, "best_fitness": 291.44000000000005, "runtime": 887.3094115257263, "best_solution": [[[[0, [2]], [27, [27, 22, 1, 25, 28, 18, 4, 9]], [1, []], [2, []], [25, []], [12, [12, 20, 11, 10, 26, 7]], [26, []], [9, []], [10, []], [28, []], [18, []], [4, []], [20, []], [7, []], [11, []], [22, []]], [[0, [13, 16, 5]], [16, []], [14, [8, 21, 19, 6, 3, 14, 17]], [17, []], [13, []], [6, []], [8, []], [3, []], [21, []], [30, [30, 24, 29, 15, 23]], [24, []], [19, []], [29, []], [5, []], [15, []], [23, []]]], [[[27, [27, 22, 1, 25, 28, 18, 4, 9]]], [[14, [8, 21, 19, 6, 3, 14, 17]]], [[12, [12, 20, 11, 10, 26, 7]]], [[30, [30, 24, 29, 15, 23]]]]]}
