{"file_name": "U_30_1", "number_of_trucks": 2, "drone_capacity": 10, "number_of_drones": 2, "iteration": 1, "best_fitness": 461.5599999999999, "runtime": 1010.3231818675995, "best_solution": [[[[0, [18]], [13, [13, 6]], [6, []], [21, [21]], [18, []], [0, [17, 11, 27, 23, 8, 4, 24, 2, 28, 19]], [24, []], [19, []], [8, []], [17, []], [11, []], [4, []], [27, []], [15, [15, 9]], [9, []], [23, []], [2, []], [28, []]], [[0, []], [30, [30, 29]], [29, []], [0, [7, 16, 14, 10, 1]], [14, []], [7, []], [16, []], [10, []], [1, []], [22, [22, 26, 12]], [26, []], [25, [25, 20]], [20, []], [5, [5, 3]], [12, []], [3, []]]], [[[30, [30, 29]]], [[13, [13, 6]]], [[21, [21]]], [[22, [22, 26, 12]]], [[25, [25, 20]]], [[5, [5, 3]]], [[15, [15, 9]]]]]}
{"file_name": "U_30_1", "number_of_trucks": 2, "drone_capacity": 10, "number_of_drones": 2, "iteration": 2, "best_fitness": 467.16458448307225, "runtime": 679.2016415596008, "best_solution": [[[[0, [29, 16]], [16, []], [6, [6]], [29, []], [0, []], [1, [1, 21, 27, 8]], [21, []], [23, [23, 19, 28, 24, 4]], [27, []], [8, []], [4, []], [9, [9, 15]], [15, []], [19, []], [24, []], [28, []]], [[0, [7, 10, 17, 11, 30, 2, 14, 18, 13]], [2, []], [14, []], [18, []], [7, []], [10, []], [17, []], [11, []], [30, []], [13, []], [25, [25, 26, 22, 12]], [26, []], [22, []], [12, []], [20, [20, 5, 3]], [5, []], [3, []]]], [[[6, [6]]], [[25, [25, 26, 22, 12]]], [[1, [1, 21, 27, 8]]], [[23, [23, 19, 28, 24, 4]]], [[9, [9, 15]]], [[20, [20, 5, 3]]]]]}
{"file_name": "U_30_1", "number_of_trucks": 2, "drone_capacity": 10, "number_of_drones": 2, "iteration": 3, "best_fitness": 458.83059813121355, "runtime": 640.3954403400421, "best_solution": [[[[0, [29]], [29, []], [14, [14, 2]], [2, []], [0, [10, 18]], [18, []], [1, [1]], [10, []], [27, [27, 13, 6, 22, 26]], [6, []], [22, []], [26, []], [25, [25, 12, 20]], [13, []], [12, []], [20, []], [5, [5]], [0, []]], [[0, [7, 16, 30]], [7, []], [16, []], [17, [11, 17]], [30, []], [11, []], [8, [8]], [24, [24, 28, 23, 19, 21, 4]], [28, []], [23, []], [4, []], [9, [9, 3, 15]], [15, []], [19, []], [21, []], [3, []]]], [[[14, [14, 2]]], [[17, [11, 17]]], [[1, [1]]], [[8, [8]]], [[27, [27, 13, 6, 22, 26]]], [[24, [24, 28, 23, 19, 21, 4]]], [[25, [25, 12, 20]]], [[9, [9, 3, 15]]], [[5, [5]]]]]}
