{"file_name": "U_30_0", "number_of_trucks": 2, "drone_capacity": 10, "number_of_drones": 2, "iteration": 1, "best_fitness": 310.919894557445, "runtime": 854.6426837444305, "best_solution": [[[[0, [22, 18]], [18, []], [22, []], [11, [11, 19, 28, 3, 10, 25, 1, 7, 15]], [19, []], [28, []], [3, []], [10, []], [25, []], [1, []], [2, [2, 8, 20, 23]], [23, []], [8, []], [7, []], [20, []], [15, []]], [[0, [27, 29, 5]], [27, []], [29, []], [4, [4, 21, 30, 6, 13]], [21, []], [6, []], [30, []], [17, [17, 12, 24, 9, 14, 16, 26]], [12, []], [5, []], [14, []], [13, []], [24, []], [9, []], [16, []], [26, []]]], [[[11, [11, 19, 28, 3, 10, 25, 1, 7, 15]]], [[4, [4, 21, 30, 6, 13]]], [[17, [17, 12, 24, 9, 14, 16, 26]]], [[2, [2, 8, 20, 23]]]]]}
{"file_name": "U_30_0", "number_of_trucks": 2, "drone_capacity": 10, "number_of_drones": 2, "iteration": 2, "best_fitness": 317.58975344156397, "runtime": 1085.8179941177368, "best_solution": [[[[0, []], [22, [22, 18, 28]], [18, []], [15, [15, 19, 3, 10, 11, 21]], [19, []], [28, []], [3, []], [8, [8, 25, 2, 23, 20, 26, 16]], [10, []], [25, []], [2, []], [23, []], [20, []], [11, []], [21, []], [26, []], [16, []]], [[0, [27, 29, 13, 5]], [27, []], [29, []], [13, []], [6, [6, 7, 1, 30, 14, 4]], [7, []], [1, []], [17, [17, 12, 24, 9]], [12, []], [5, []], [30, []], [14, []], [4, []], [24, []], [9, []]]], [[[22, [22, 18, 28]]], [[6, [6, 7, 1, 30, 14, 4]]], [[15, [15, 19, 3, 10, 11, 21]]], [[8, [8, 25, 2, 23, 20, 26, 16]]], [[17, [17, 12, 24, 9]]]]]}
{"file_name": "U_30_0", "number_of_trucks": 2, "drone_capacity": 10, "number_of_drones": 2, "iteration": 3, "best_fitness": 300.8642969442784, "runtime": 965.5492331981659, "best_solution": [[[[0, [14, 13, 29, 22]], [22, []], [6, [6, 3, 15, 7, 10, 28]], [14, []], [13, []], [29, []], [23, [23, 2, 25, 1, 8, 20, 19]], [2, []], [1, []], [25, []], [10, []], [8, []], [7, []], [3, []], [28, []], [19, []], [20, []], [15, []]], [[0, [18, 27, 5]], [18, []], [27, []], [21, [21, 30, 11, 4]], [11, []], [5, []], [12, [12, 17, 24, 16, 26, 9]], [17, []], [30, []], [4, []], [24, []], [9, []], [16, []], [26, []]]], [[[21, [21, 30, 11, 4]]], [[6, [6, 3, 15, 7, 10, 28]]], [[23, [23, 2, 25, 1, 8, 20, 19]]], [[12, [12, 17, 24, 16, 26, 9]]]]]}
