{"file_name": "U_30_0", "number_of_trucks": 2, "drone_capacity": 10, "number_of_drones": 2, "iteration": 1, "best_fitness": 313.96, "runtime": 922.9211022853851, "best_solution": [[[[0, [2, 4, 30]], [2, []], [4, []], [30, []], [25, [25, 18, 16]], [18, []], [16, []], [20, [20, 1, 19, 27, 3, 6, 14, 15, 26, 10]], [10, []], [1, []], [19, []], [27, []], [3, []], [6, []], [14, []], [15, []], [26, []]], [[0, [13]], [9, [9, 24, 12]], [24, []], [12, []], [5, [5, 8, 29, 17, 21, 23, 28, 7, 22, 11]], [8, []], [29, []], [17, []], [21, []], [23, []], [28, []], [7, []], [22, []], [11, []], [13, []]]], [[[9, [9, 24, 12]]], [[25, [25, 18, 16]]], [[5, [5, 8, 29, 17, 21, 23, 28, 7, 22, 11]]], [[20, [20, 1, 19, 27, 3, 6, 14, 15, 26, 10]]]]]}
{"file_name": "U_30_0", "number_of_trucks": 2, "drone_capacity": 10, "number_of_drones": 2, "iteration": 2, "best_fitness": 316.2000000000001, "runtime": 1065.972039937973, "best_solution": [[[[0, [9, 2, 30, 18]], [9, []], [24, [24, 12, 4]], [12, []], [30, []], [16, [16, 25]], [18, []], [25, []], [4, []], [27, [27, 10, 15, 6, 14, 26, 3]], [10, []], [2, []], [3, []], [6, []], [14, []], [15, []], [26, []]], [[0, [13]], [13, []], [22, [22, 7, 8]], [7, []], [11, [11, 29, 17, 5, 20]], [29, []], [17, []], [20, []], [19, [19, 21, 23, 28, 1]], [1, []], [21, []], [23, []], [28, []], [8, []], [5, []]]], [[[24, [24, 12, 4]]], [[22, [22, 7, 8]]], [[16, [16, 25]]], [[11, [11, 29, 17, 5, 20]]], [[27, [27, 10, 15, 6, 14, 26, 3]]], [[19, [19, 21, 23, 28, 1]]]]]}
{"file_name": "U_30_0", "number_of_trucks": 2, "drone_capacity": 10, "number_of_drones": 2, "iteration": 3, "best_fitness": 323.06122535924715, "runtime": 1066.948408126831, "best_solution": [[[[0, [18, 30, 12, 25, 8, 9, 24]], [15, [15, 14, 3, 16]], [9, []], [14, []], [24, []], [3, []], [25, []], [16, []], [18, []], [30, []], [12, []], [6, [6, 29, 11, 26]], [29, []], [8, []], [11, []], [26, []]], [[0, [4]], [13, [13, 2]], [22, [22, 7]], [7, []], [2, []], [4, []], [27, [27, 10, 1, 21, 23, 28, 17, 20, 5, 19]], [10, []], [1, []], [21, []], [23, []], [28, []], [17, []], [19, []], [20, []], [5, []]]], [[[15, [15, 14, 3, 16]]], [[13, [13, 2]]], [[22, [22, 7]]], [[27, [27, 10, 1, 21, 23, 28, 17, 20, 5, 19]]], [[6, [6, 29, 11, 26]]]]]}
