{"file_name": "U_20_0", "number_of_trucks": 2, "drone_capacity": 2, "number_of_drones": 2, "iteration": 1, "best_fitness": 232.99302442054136, "runtime": 249.30978441238403, "best_solution": [[[[0, [3, 16, 4, 2]], [4, []], [14, [14, 1]], [1, []], [16, []], [12, [12, 8]], [3, []], [2, []], [8, []], [20, [20, 19]], [19, []]], [[0, []], [10, [10]], [5, [5, 18]], [11, [11, 6]], [6, []], [18, []], [17, [17, 9]], [7, [7, 15]], [15, []], [13, [13]], [9, []]]], [[[10, [10]]], [[5, [5, 18]]], [[11, [11, 6]]], [[14, [14, 1]]], [[12, [12, 8]]], [[17, [17, 9]]], [[7, [7, 15]]], [[13, [13]]], [[20, [20, 19]]]]]}
{"file_name": "U_20_0", "number_of_trucks": 2, "drone_capacity": 2, "number_of_drones": 2, "iteration": 2, "best_fitness": 239.88000000000002, "runtime": 227.97519207000732, "best_solution": [[[[0, [10, 16, 2, 3]], [10, []], [20, [20, 4]], [2, []], [8, [8, 12]], [3, []], [12, []], [16, []], [4, []], [1, [1, 14]], [14, []]], [[0, []], [5, [5]], [11, [11, 6, 15]], [6, []], [17, [17, 18]], [18, []], [7, [7, 13]], [15, []], [13, []], [9, [9, 19]], [19, []]]], [[[20, [20, 4]]], [[5, [5]]], [[11, [11, 6]]], [[11, [15]]], [[8, [8, 12]]], [[17, [17, 18]]], [[7, [7, 13]]], [[1, [1, 14]]], [[9, [9, 19]]]]]}
{"file_name": "U_20_0", "number_of_trucks": 2, "drone_capacity": 2, "number_of_drones": 2, "iteration": 3, "best_fitness": 234.32276298185002, "runtime": 36.769198417663574, "best_solution": [[[[0, []], [5, [5]], [11, [11, 18]], [18, []], [17, [17, 6]], [6, []], [7, [7, 15, 9]], [15, []], [13, [13, 19]], [9, []], [19, []]], [[0, [4, 16, 2, 10]], [10, []], [20, [20, 1, 14, 3]], [8, [8, 12]], [3, []], [2, []], [4, []], [1, []], [14, []], [16, []], [12, []]]], [[[20, [20, 3]]], [[5, [5]]], [[11, [11, 18]]], [[20, [1, 14]]], [[8, [8, 12]]], [[17, [17, 6]]], [[7, [7, 15]]], [[7, [9]]], [[13, [13, 19]]]]]}
