{"file_name": "U_20_1", "number_of_trucks": 2, "drone_capacity": 2, "number_of_drones": 2, "iteration": 1, "best_fitness": 298.84534507471426, "runtime": 235.65742921829224, "best_solution": [[[[0, [4]], [4, []], [16, [16]], [0, [2, 11, 18, 15]], [14, [14, 5]], [5, []], [11, []], [1, [1]], [18, []], [15, []], [2, []], [9, [9, 6]], [6, []]], [[0, [20]], [20, []], [0, [19, 7, 12, 3]], [19, []], [7, []], [10, [10, 17]], [17, []], [8, [8, 13]], [12, []], [13, []], [3, []]]], [[[16, [16]]], [[14, [14, 5]]], [[1, [1]]], [[10, [10, 17]]], [[8, [8, 13]]], [[9, [9, 6]]]]]}
{"file_name": "U_20_1", "number_of_trucks": 2, "drone_capacity": 2, "number_of_drones": 2, "iteration": 2, "best_fitness": 300.87291500998305, "runtime": 186.73046445846558, "best_solution": [[[[0, [12, 20, 3]], [3, []], [14, [14]], [5, [5]], [10, [10, 17]], [20, []], [17, []], [8, [8, 13]], [12, []], [13, []]], [[0, [4]], [4, []], [0, [2, 19, 11, 7, 15, 16]], [16, []], [7, []], [15, []], [1, [1, 18]], [18, []], [2, []], [9, [9, 6]], [19, []], [6, []], [11, []]]], [[[1, [1, 18]]], [[14, [14]]], [[5, [5]]], [[10, [10, 17]]], [[8, [8, 13]]], [[9, [9, 6]]]]]}
{"file_name": "U_20_1", "number_of_trucks": 2, "drone_capacity": 2, "number_of_drones": 2, "iteration": 3, "best_fitness": 299.60534507471425, "runtime": 352.39542603492737, "best_solution": [[[[0, [12, 11, 3, 4, 16]], [16, []], [11, []], [3, []], [4, []], [12, []], [13, [13, 1]], [8, [8, 17]], [17, []], [1, []]], [[0, []], [20, [20]], [7, [7]], [14, [14]], [0, [15, 5, 10, 18, 19, 2]], [10, []], [18, []], [15, []], [2, []], [19, []], [9, [9, 6]], [6, []], [5, []]]], [[[20, [20]]], [[7, [7]]], [[14, [14]]], [[13, [13, 1]]], [[8, [8, 17]]], [[9, [9, 6]]]]]}
