{"file_name": "U_20_0", "number_of_trucks": 2, "drone_capacity": 2, "number_of_drones": 2, "iteration": 1, "best_fitness": 195.83999999999997, "runtime": 221.3899405002594, "best_solution": [[[[0, [10]], [10, []], [19, [19]], [18, [18, 15, 7, 9]], [9, []], [15, []], [6, [6, 2]], [7, []], [12, [12]], [2, []]], [[0, [13, 3, 14, 17, 4]], [13, []], [17, []], [3, []], [4, []], [20, [11, 16, 20, 5]], [11, []], [16, []], [1, [1, 8]], [8, []], [5, []], [14, []]]], [[[19, [19]]], [[18, [15, 7]]], [[18, [18, 9]]], [[20, [11, 16]]], [[20, [20, 5]]], [[6, [6, 2]]], [[1, [1, 8]]], [[12, [12]]]]]}
{"file_name": "U_20_0", "number_of_trucks": 2, "drone_capacity": 2, "number_of_drones": 2, "iteration": 2, "best_fitness": 197.39879381350747, "runtime": 249.67717814445496, "best_solution": [[[[0, [9, 7, 13, 14, 15]], [15, []], [9, []], [7, []], [6, [6, 2]], [2, []], [13, []], [14, []], [12, [12]]], [[0, [4, 3]], [17, [10, 17]], [4, []], [3, []], [5, [5, 20, 19, 18]], [20, []], [11, [11, 16]], [16, []], [1, [1, 8]], [8, []], [10, []], [19, []], [18, []]]], [[[17, [10, 17]]], [[5, [19, 18]]], [[5, [5, 20]]], [[6, [6, 2]]], [[11, [11, 16]]], [[1, [1, 8]]], [[12, [12]]]]]}
{"file_name": "U_20_0", "number_of_trucks": 2, "drone_capacity": 2, "number_of_drones": 2, "iteration": 3, "best_fitness": 192.77609268055937, "runtime": 283.5584387779236, "best_solution": [[[[0, [17, 3, 4]], [17, []], [3, []], [4, [15, 9]], [6, [6, 7]], [7, []], [15, []], [9, []], [2, [2, 12]], [12, []]], [[0, []], [10, [10]], [0, [14, 13, 11, 16, 19, 18]], [14, []], [13, []], [5, [5, 20]], [20, []], [11, []], [16, []], [1, [1, 8]], [8, []], [19, []], [18, []]]], [[[10, [10]]], [[4, [15, 9]]], [[5, [5, 20]]], [[6, [6, 7]]], [[2, [2, 12]]], [[1, [1, 8]]]]]}
