{"file_name": "U_20_1", "number_of_trucks": 2, "drone_capacity": 2, "number_of_drones": 2, "iteration": 1, "best_fitness": 334.83182366187856, "runtime": 285.48706555366516, "best_solution": [[[[0, []], [10, [10, 2]], [2, []], [4, [4, 1]], [1, []], [16, [16, 13]], [13, []], [5, [5, 19]], [19, []], [3, [3, 17]], [17, []], [7, [7]]], [[0, [15, 18]], [18, []], [14, [14]], [15, []], [8, [8, 12]], [20, [20, 11]], [12, []], [11, []], [9, [9, 6]], [6, []]]], [[[14, [14]]], [[10, [10, 2]]], [[4, [4, 1]]], [[8, [8, 12]]], [[16, [16, 13]]], [[20, [20, 11]]], [[5, [5, 19]]], [[3, [3, 17]]], [[9, [9, 6]]], [[7, [7]]]]]}
{"file_name": "U_20_1", "number_of_trucks": 2, "drone_capacity": 2, "number_of_drones": 2, "iteration": 2, "best_fitness": 345.4171575890653, "runtime": 229.31065821647644, "best_solution": [[[[0, [10, 2, 15]], [10, []], [2, []], [15, []], [1, [1, 16]], [11, [11, 12]], [16, []], [12, []], [9, [9, 3]], [13, [13, 19]], [19, []], [3, []], [5, [5]]], [[0, [18]], [18, []], [14, [14]], [8, [8, 4]], [4, []], [20, [20, 6]], [6, []], [17, [17, 7]], [7, []]]], [[[14, [14]]], [[1, [1, 16]]], [[8, [8, 4]]], [[11, [11, 12]]], [[20, [20, 6]]], [[9, [9, 3]]], [[13, [13, 19]]], [[5, [5]]], [[17, [17, 7]]]]]}
{"file_name": "U_20_1", "number_of_trucks": 2, "drone_capacity": 2, "number_of_drones": 2, "iteration": 3, "best_fitness": 336.13076964933896, "runtime": 167.60806107521057, "best_solution": [[[[0, [14, 10]], [14, []], [8, [8, 4]], [4, []], [10, []], [17, [17, 7]], [7, []], [0, []], [20, [20]]], [[0, [18, 2, 15]], [2, []], [15, []], [18, []], [16, [16, 1]], [1, []], [5, [5, 13]], [13, []], [3, [3, 19]], [19, []], [9, [9, 12]], [11, [11, 6]], [12, []], [6, []]]], [[[16, [16, 1]]], [[8, [8, 4]]], [[5, [5, 13]]], [[17, [17, 7]]], [[3, [3, 19]]], [[9, [9, 12]]], [[11, [11, 6]]], [[20, [20]]]]]}
