{"file_name": "U_20_1", "number_of_trucks": 2, "drone_capacity": 2, "number_of_drones": 2, "iteration": 1, "best_fitness": 296.24, "runtime": 219.16936421394348, "best_solution": [[[[0, [7, 6, 4, 20, 5, 13]], [7, []], [6, []], [4, []], [20, []], [5, []], [13, []]], [[0, [8, 15, 16, 9, 17, 12, 19]], [15, []], [9, []], [19, []], [8, []], [16, []], [11, [11]], [18, [18]], [10, [10, 1]], [1, []], [17, [3, 2, 14]], [3, []], [14, []], [12, []], [2, []]]], [[[11, [11]]], [[18, [18]]], [[10, [10, 1]]], [[17, [14]]], [[17, [3, 2]]]]]}
{"file_name": "U_20_1", "number_of_trucks": 2, "drone_capacity": 2, "number_of_drones": 2, "iteration": 2, "best_fitness": 299.10273637615774, "runtime": 225.14475226402283, "best_solution": [[[[0, [19, 16, 9]], [9, []], [19, [17, 8]], [16, []], [8, []], [7, [7, 6]], [6, []], [14, [14, 3]], [3, []], [17, []], [13, [13, 2]], [2, []]], [[0, [12, 4, 15]], [15, []], [12, []], [4, []], [11, [11, 18]], [18, []], [10, [10, 1]], [1, []], [5, [5, 20]], [20, []]]], [[[19, [17, 8]]], [[11, [11, 18]]], [[7, [7, 6]]], [[10, [10, 1]]], [[14, [14, 3]]], [[5, [5, 20]]], [[13, [13, 2]]]]]}
{"file_name": "U_20_1", "number_of_trucks": 2, "drone_capacity": 2, "number_of_drones": 2, "iteration": 3, "best_fitness": 300.6530627203463, "runtime": 122.19970726966858, "best_solution": [[[[0, []], [9, [9]], [0, [19, 16, 15, 12, 8]], [15, []], [12, []], [8, [11]], [19, []], [18, [18, 10]], [10, []], [1, [1, 5]], [16, []], [11, []], [20, [20, 2]], [5, []], [2, []]], [[0, []], [4, [4]], [17, [17]], [0, []], [6, [6, 7]], [7, []], [0, [13, 14, 3]], [14, []], [3, []], [13, []]]], [[[4, [4]]], [[9, [9]]], [[17, [17]]], [[8, [11]]], [[18, [18, 10]]], [[6, [6, 7]]], [[1, [1, 5]]], [[20, [20, 2]]]]]}
