{"file_name": "U_20_0", "number_of_trucks": 2, "drone_capacity": 2, "number_of_drones": 2, "iteration": 1, "best_fitness": 276.6309591501534, "runtime": 280.3942697048187, "best_solution": [[[[0, [19, 13, 15, 16, 2, 3, 20, 9, 8]], [19, []], [13, []], [15, []], [16, []], [2, []], [3, []], [8, []], [20, []], [9, []]], [[0, [10]], [10, []], [5, [5, 4]], [11, [11, 1]], [7, [7, 6]], [6, []], [17, [17, 18]], [18, []], [14, [14, 12]], [1, []], [4, []], [12, []]]], [[[5, [5, 4]]], [[11, [11, 1]]], [[7, [7, 6]]], [[17, [17, 18]]], [[14, [14, 12]]]]]}
{"file_name": "U_20_0", "number_of_trucks": 2, "drone_capacity": 2, "number_of_drones": 2, "iteration": 2, "best_fitness": 281.8889599648271, "runtime": 261.59731435775757, "best_solution": [[[[0, [3, 8, 14, 2, 20, 13, 15, 16]], [13, []], [15, []], [14, []], [16, []], [2, []], [3, []], [8, []], [20, []]], [[0, [4]], [10, [10]], [5, [5, 18]], [11, [11, 6]], [6, []], [7, [7, 1]], [17, [17, 12]], [18, []], [1, []], [4, []], [12, []], [9, [9, 19]], [19, []]]], [[[10, [10]]], [[5, [5, 18]]], [[11, [11, 6]]], [[7, [7, 1]]], [[17, [17, 12]]], [[9, [9, 19]]]]]}
{"file_name": "U_20_0", "number_of_trucks": 2, "drone_capacity": 2, "number_of_drones": 2, "iteration": 3, "best_fitness": 282.80107831948123, "runtime": 86.3559501171112, "best_solution": [[[[0, [13, 19, 20, 12, 14, 18, 17, 1, 16]], [20, []], [12, []], [16, []], [1, []], [18, []], [17, []], [14, []], [13, []], [19, []]], [[0, [4, 10]], [10, []], [5, [5, 3]], [6, [6, 11]], [7, [7, 15]], [11, []], [15, []], [8, [8, 9, 2]], [3, []], [2, []], [4, []], [9, []]]], [[[5, [5, 3]]], [[6, [6, 11]]], [[7, [7, 15]]], [[8, [2]]], [[8, [8, 9]]]]]}
