{"file_name": "U_20_1", "number_of_trucks": 2, "drone_capacity": 2, "number_of_drones": 2, "iteration": 1, "best_fitness": 389.52700685529993, "runtime": 113.65079498291016, "best_solution": [[[[0, [3]], [10, [10, 15]], [3, []], [15, []], [5, [5, 13]], [13, []], [7, [7, 6]], [6, []], [11, [11]], [8, [8, 20]], [20, []]], [[0, []], [1, [1]], [17, [17]], [18, [18, 16]], [16, []], [19, [19, 9]], [9, []], [14, [14, 2]], [2, []], [4, [4, 12]], [12, []]]], [[[10, [10, 15]]], [[1, [1]]], [[17, [17]]], [[18, [18, 16]]], [[5, [5, 13]]], [[19, [19, 9]]], [[14, [14, 2]]], [[7, [7, 6]]], [[11, [11]]], [[4, [4, 12]]], [[8, [8, 20]]]]]}
{"file_name": "U_20_1", "number_of_trucks": 2, "drone_capacity": 2, "number_of_drones": 2, "iteration": 2, "best_fitness": 389.52700685529993, "runtime": 191.62110829353333, "best_solution": [[[[0, []], [5, [5]], [0, []], [9, [9]], [19, [19]], [7, [7, 6]], [6, []], [11, [11, 13]], [13, []], [8, [8, 20]], [20, []]], [[0, [15, 10, 17, 18, 1, 16, 3]], [15, []], [10, []], [17, []], [18, []], [1, []], [14, [14, 2]], [16, []], [3, []], [2, []], [4, [4, 12]], [12, []]]], [[[5, [5]]], [[9, [9]]], [[19, [19]]], [[14, [14, 2]]], [[7, [7, 6]]], [[4, [4, 12]]], [[11, [11, 13]]], [[8, [8, 20]]]]]}
{"file_name": "U_20_1", "number_of_trucks": 2, "drone_capacity": 2, "number_of_drones": 2, "iteration": 3, "best_fitness": 389.52700685529993, "runtime": 233.8494634628296, "best_solution": [[[[0, [18]], [15, [15, 17]], [18, []], [17, []], [19, [19]], [6, [6, 7]], [7, []], [11, [11]], [8, [8, 20]], [20, []]], [[0, []], [3, [3]], [0, []], [5, [5]], [0, [10, 1, 16]], [9, [9, 13]], [10, []], [13, []], [16, []], [2, [2, 14]], [1, []], [14, []], [4, [4, 12]], [12, []]]], [[[15, [15, 17]]], [[3, [3]]], [[5, [5]]], [[9, [9, 13]]], [[19, [19]]], [[2, [2, 14]]], [[6, [6, 7]]], [[11, [11]]], [[4, [4, 12]]], [[8, [8, 20]]]]]}
