{"file_name": "U_20_0", "number_of_trucks": 2, "drone_capacity": 2, "number_of_drones": 2, "iteration": 1, "best_fitness": 228.32000000000002, "runtime": 27.22051215171814, "best_solution": [[[[0, [15]], [15, []], [0, [7]], [7, []], [0, [8, 17, 20, 10, 6, 9, 19, 2]], [6, []], [19, []], [9, []], [2, []], [8, []], [17, []], [20, []], [10, []]], [[0, [13]], [13, []], [0, [3, 4, 5, 14, 18]], [12, [12, 16]], [3, []], [4, []], [16, []], [5, []], [14, []], [11, [11, 1]], [1, []], [18, []]]], [[[12, [12, 16]]], [[11, [11, 1]]]]]}
{"file_name": "U_20_0", "number_of_trucks": 2, "drone_capacity": 2, "number_of_drones": 2, "iteration": 2, "best_fitness": 216.25466365782984, "runtime": 187.31657528877258, "best_solution": [[[[0, [3, 4, 13, 15]], [15, []], [14, [14, 5]], [5, []], [11, [11, 16, 12, 18]], [16, []], [3, []], [4, []], [13, []], [12, []], [1, [1]], [18, []]], [[0, []], [7, [7]], [0, [8, 20, 10, 9, 2, 6]], [10, []], [6, []], [19, [19, 17]], [9, []], [2, []], [8, []], [17, []], [20, []]]], [[[7, [7]]], [[14, [14, 5]]], [[11, [12, 18]]], [[11, [11, 16]]], [[19, [19, 17]]], [[1, [1]]]]]}
{"file_name": "U_20_0", "number_of_trucks": 2, "drone_capacity": 2, "number_of_drones": 2, "iteration": 3, "best_fitness": 208.54330980112377, "runtime": 226.6904158592224, "best_solution": [[[[0, [8, 9, 15, 7]], [15, []], [7, [2]], [9, []], [2, []], [6, [6, 19]], [19, []], [8, [17, 10]], [17, []], [10, []]], [[0, [20]], [20, []], [0, [13, 4, 3, 14, 5, 18]], [12, [12, 16]], [13, []], [4, []], [3, []], [14, []], [5, []], [16, []], [11, [11, 1]], [1, []], [18, []]]], [[[7, [2]]], [[12, [12, 16]]], [[11, [11, 1]]], [[6, [6, 19]]], [[8, [17, 10]]]]]}
