{"file_name": "U_20_0", "number_of_trucks": 2, "drone_capacity": 2, "number_of_drones": 2, "iteration": 1, "best_fitness": 225.62103409851701, "runtime": 338.65857887268066, "best_solution": [[[[0, [17, 4, 3]], [17, [7, 15, 13]], [4, []], [3, []], [5, [5, 2]], [13, []], [2, []], [12, [12, 6]], [6, []], [7, []], [15, []]], [[0, [14, 11, 16, 19, 9, 10]], [14, []], [20, [20, 8]], [11, []], [16, []], [1, [1, 18]], [8, []], [19, []], [10, []], [18, []], [9, []]]], [[[17, [13]]], [[17, [7, 15]]], [[5, [5, 2]]], [[20, [20, 8]]], [[1, [1, 18]]], [[12, [12, 6]]]]]}
{"file_name": "U_20_0", "number_of_trucks": 2, "drone_capacity": 2, "number_of_drones": 2, "iteration": 2, "best_fitness": 223.15999999999994, "runtime": 190.00585103034973, "best_solution": [[[[0, [10, 16, 11, 19, 15]], [9, [9, 18]], [18, []], [10, []], [16, []], [11, []], [1, [1, 8]], [8, []], [19, []], [2, [2]], [15, []]], [[0, [3, 4, 17]], [14, [13, 14]], [4, []], [3, []], [5, [5, 20, 7]], [13, []], [17, []], [20, []], [12, [12, 6]], [6, []], [7, []]]], [[[14, [13, 14]]], [[9, [9, 18]]], [[5, [7]]], [[5, [5, 20]]], [[12, [12, 6]]], [[1, [1, 8]]], [[2, [2]]]]]}
{"file_name": "U_20_0", "number_of_trucks": 2, "drone_capacity": 2, "number_of_drones": 2, "iteration": 3, "best_fitness": 230.0, "runtime": 99.46628665924072, "best_solution": [[[[0, [9]], [9, []], [15, [15]], [0, [13, 18, 2, 7, 6, 12, 14]], [7, []], [6, []], [12, []], [14, []], [13, []], [18, []], [2, []]], [[0, [10, 3, 4]], [4, []], [5, [5, 20, 17, 19]], [17, []], [3, []], [20, []], [11, [11, 16, 1, 8]], [16, []], [1, []], [8, []], [19, []], [10, []]]], [[[15, [15]]], [[5, [17, 19]]], [[5, [5, 20]]], [[11, [11, 16]]], [[11, [1, 8]]]]]}
