{"file_name": "U_20_1", "number_of_trucks": 2, "drone_capacity": 2, "number_of_drones": 2, "iteration": 1, "best_fitness": 387.5723101331736, "runtime": 91.41632390022278, "best_solution": [[[[0, [6, 4, 13, 14, 5, 18, 12]], [18, []], [12, []], [14, []], [13, []], [5, []], [4, []], [6, []], [7, [7, 2]], [3, [3, 17]], [17, []], [2, []]], [[0, [20, 16]], [20, []], [16, []], [15, [15]], [0, []], [9, [9, 11]], [19, [19, 1]], [1, []], [11, []], [8, [8, 10]], [10, []]]], [[[15, [15]]], [[9, [9, 11]]], [[19, [19, 1]]], [[7, [7, 2]]], [[8, [8, 10]]], [[3, [3, 17]]]]]}
{"file_name": "U_20_1", "number_of_trucks": 2, "drone_capacity": 2, "number_of_drones": 2, "iteration": 2, "best_fitness": 392.5658552089368, "runtime": 101.24808478355408, "best_solution": [[[[0, [20]], [14, [16, 14]], [20, []], [16, []], [18, [18, 5]], [5, []], [15, [15]], [9, [9, 11]], [1, [1, 19]], [11, []], [19, []], [8, [8, 10]], [10, []]], [[0, []], [6, [6]], [0, [4, 13, 12]], [13, []], [4, []], [12, []], [7, [7, 2]], [3, [3, 17]], [17, []], [2, []]]], [[[14, [16, 14]]], [[6, [6]]], [[18, [18, 5]]], [[15, [15]]], [[9, [9, 11]]], [[1, [1, 19]]], [[7, [7, 2]]], [[8, [8, 10]]], [[3, [3, 17]]]]]}
{"file_name": "U_20_1", "number_of_trucks": 2, "drone_capacity": 2, "number_of_drones": 2, "iteration": 3, "best_fitness": 411.52711253197367, "runtime": 183.73424458503723, "best_solution": [[[[0, [16]], [16, []], [18, [18]], [0, []], [15, [15, 11]], [9, [9, 19]], [1, [1, 8]], [8, []], [11, []], [19, []], [10, [10]]], [[0, [13, 4, 12, 14, 6]], [20, [20, 5]], [5, []], [13, []], [4, []], [12, []], [14, []], [6, []], [7, [7, 17]], [17, []], [3, [3, 2]], [2, []]]], [[[18, [18]]], [[20, [20, 5]]], [[15, [15, 11]]], [[9, [9, 19]]], [[1, [1, 8]]], [[7, [7, 17]]], [[3, [3, 2]]], [[10, [10]]]]]}
