{"file_name": "U_20_1", "number_of_trucks": 2, "drone_capacity": 2, "number_of_drones": 2, "iteration": 1, "best_fitness": 389.22637185952885, "runtime": 121.49031209945679, "best_solution": [[[[0, [15, 18, 14]], [2, [2, 10]], [15, []], [18, []], [14, []], [16, [16, 11]], [11, []], [9, [9, 3]], [13, [13, 19]], [19, []], [3, []], [10, []], [17, [17, 4]], [4, []]], [[0, [20, 8, 1, 12, 5, 7, 6]], [20, []], [8, []], [12, []], [1, []], [5, []], [7, []], [6, []]]], [[[2, [2, 10]]], [[16, [16, 11]]], [[9, [9, 3]]], [[13, [13, 19]]], [[17, [17, 4]]]]]}
{"file_name": "U_20_1", "number_of_trucks": 2, "drone_capacity": 2, "number_of_drones": 2, "iteration": 2, "best_fitness": 409.79999999999995, "runtime": 65.47191524505615, "best_solution": [[[[0, [12, 20, 8, 13, 9, 1, 6]], [20, []], [8, []], [12, []], [13, []], [9, []], [1, []], [6, []]], [[0, []], [15, [15, 14]], [18, [18]], [14, []], [0, [2, 10]], [11, [11, 16]], [16, []], [19, [19, 3]], [3, []], [5, [5, 17]], [2, []], [17, []], [10, []], [7, [7, 4]], [4, []]]], [[[15, [15, 14]]], [[18, [18]]], [[11, [11, 16]]], [[19, [19, 3]]], [[5, [5, 17]]], [[7, [7, 4]]]]]}
{"file_name": "U_20_1", "number_of_trucks": 2, "drone_capacity": 2, "number_of_drones": 2, "iteration": 3, "best_fitness": 376.30310467636326, "runtime": 267.7432494163513, "best_solution": [[[[0, [20, 6, 8, 4, 17, 7]], [20, []], [8, []], [6, []], [17, []], [7, []], [4, []]], [[0, [15, 18, 14]], [10, [10, 2]], [2, []], [15, []], [18, []], [14, [16, 1]], [12, [12, 11]], [16, []], [11, []], [9, [9, 13]], [13, []], [19, [19, 3]], [3, []], [5, [5]], [1, []]]], [[[10, [10, 2]]], [[14, [16, 1]]], [[12, [12, 11]]], [[9, [9, 13]]], [[19, [19, 3]]], [[5, [5]]]]]}
