{"file_name": "U_20_1", "number_of_trucks": 2, "drone_capacity": 2, "number_of_drones": 2, "iteration": 1, "best_fitness": 341.48597921607274, "runtime": 245.08029079437256, "best_solution": [[[[0, []], [14, [14]], [1, [1]], [0, []], [11, [11, 4]], [4, []], [13, [13, 8]], [12, [12, 17]], [8, []], [17, []], [3, [3]]], [[0, []], [2, [2, 19]], [6, [6, 9]], [9, []], [19, []], [15, [15, 10]], [10, []], [20, [20, 18]], [7, [7]], [18, [16, 5]], [16, []], [5, []]]], [[[14, [14]]], [[2, [2, 19]]], [[1, [1]]], [[6, [6, 9]]], [[11, [11, 4]]], [[13, [13, 8]]], [[15, [15, 10]]], [[20, [20, 18]]], [[12, [12, 17]]], [[7, [7]]], [[18, [16, 5]]], [[3, [3]]]]]}
{"file_name": "U_20_1", "number_of_trucks": 2, "drone_capacity": 2, "number_of_drones": 2, "iteration": 2, "best_fitness": 333.422125181817, "runtime": 273.1333432197571, "best_solution": [[[[0, []], [1, [1, 19]], [19, []], [15, [15, 10]], [10, []], [20, [20, 18]], [7, [7, 11]], [18, []], [11, []], [16, [16, 5]], [5, []]], [[0, [2]], [14, [14]], [6, [6]], [9, [9, 8]], [2, []], [8, []], [17, [17, 4]], [13, [13]], [4, []], [12, [12, 3]], [3, []]]], [[[1, [1, 19]]], [[14, [14]]], [[6, [6]]], [[9, [9, 8]]], [[15, [15, 10]]], [[20, [20, 18]]], [[17, [17, 4]]], [[7, [7, 11]]], [[13, [13]]], [[12, [12, 3]]], [[16, [16, 5]]]]]}
{"file_name": "U_20_1", "number_of_trucks": 2, "drone_capacity": 2, "number_of_drones": 2, "iteration": 3, "best_fitness": 335.1929150099831, "runtime": 212.57853412628174, "best_solution": [[[[0, []], [14, [14, 2]], [2, []], [9, [9, 8]], [8, []], [17, [17, 13]], [12, [12, 3]], [13, []], [3, []], [4, [4, 11]], [11, []]], [[0, []], [1, [1, 19]], [19, []], [6, [6, 10]], [10, []], [20, [20, 18]], [7, [7, 15]], [18, []], [15, []], [16, [16, 5]], [5, []]]], [[[14, [14, 2]]], [[1, [1, 19]]], [[6, [6, 10]]], [[9, [9, 8]]], [[20, [20, 18]]], [[17, [17, 13]]], [[12, [12, 3]]], [[7, [7, 15]]], [[4, [4, 11]]], [[16, [16, 5]]]]]}
