{"file_name": "U_20_1", "number_of_trucks": 2, "drone_capacity": 2, "number_of_drones": 2, "iteration": 1, "best_fitness": 422.56804838058923, "runtime": 161.86589980125427, "best_solution": [[[[0, [3]], [3, []], [5, [5, 1]], [9, [9, 13]], [13, []], [1, []], [11, [11, 2]], [2, []], [8, [8, 20]], [20, []]], [[0, []], [10, [18, 10, 15]], [15, []], [18, []], [17, [17, 16]], [16, []], [19, [19, 14]], [7, [7, 6]], [6, []], [14, []], [4, [4, 12]], [12, []]]], [[[10, [15]]], [[10, [18, 10]]], [[5, [5, 1]]], [[17, [17, 16]]], [[9, [9, 13]]], [[19, [19, 14]]], [[7, [7, 6]]], [[11, [11, 2]]], [[8, [8, 20]]], [[4, [4, 12]]]]]}
{"file_name": "U_20_1", "number_of_trucks": 2, "drone_capacity": 2, "number_of_drones": 2, "iteration": 2, "best_fitness": 422.56804838058923, "runtime": 351.02957820892334, "best_solution": [[[[0, [10, 5, 16, 13, 15]], [16, []], [13, []], [15, []], [10, []], [5, []], [11, [11, 2]], [2, []], [8, [8, 20]], [20, []]], [[0, []], [3, [3]], [1, [1]], [18, [18, 17]], [17, []], [9, [9]], [19, [19, 14]], [7, [7, 6]], [6, []], [14, []], [4, [4, 12]], [12, []]]], [[[3, [3]]], [[1, [1]]], [[18, [18, 17]]], [[9, [9]]], [[19, [19, 14]]], [[7, [7, 6]]], [[11, [11, 2]]], [[8, [8, 20]]], [[4, [4, 12]]]]]}
{"file_name": "U_20_1", "number_of_trucks": 2, "drone_capacity": 2, "number_of_drones": 2, "iteration": 3, "best_fitness": 430.87023650938886, "runtime": 71.80714440345764, "best_solution": [[[[0, [5, 17, 18, 1, 3, 16]], [5, []], [17, []], [18, []], [14, [14, 2]], [1, []], [3, []], [2, []], [12, [12, 4]], [4, []], [16, []]], [[0, [15]], [15, []], [0, [10]], [13, [13, 9]], [10, []], [9, []], [19, [19, 7]], [7, []], [6, [6, 11]], [11, []], [8, [8, 20]], [20, []]]], [[[13, [13, 9]]], [[19, [19, 7]]], [[14, [14, 2]]], [[6, [6, 11]]], [[12, [12, 4]]], [[8, [8, 20]]]]]}
