{"file_name": "U_20_1", "number_of_trucks": 2, "drone_capacity": 2, "number_of_drones": 2, "iteration": 1, "best_fitness": 325.54822129923895, "runtime": 135.49091124534607, "best_solution": [[[[0, []], [14, [14]], [10, [10]], [0, []], [11, [11, 13]], [12, [12, 4]], [13, []], [4, []], [3, [3, 5]], [5, []], [16, [16, 18]], [18, []]], [[0, []], [1, [1, 2]], [2, []], [9, [9, 6]], [6, []], [8, [8, 19]], [17, [17, 20]], [20, []], [7, [7, 15]], [19, []], [15, []]]], [[[1, [1, 2]]], [[14, [14]]], [[10, [10]]], [[9, [9, 6]]], [[8, [8, 19]]], [[11, [11, 13]]], [[17, [17, 20]]], [[12, [12, 4]]], [[3, [3, 5]]], [[7, [7, 15]]], [[16, [16, 18]]]]]}
{"file_name": "U_20_1", "number_of_trucks": 2, "drone_capacity": 2, "number_of_drones": 2, "iteration": 2, "best_fitness": 318.7833098011237, "runtime": 234.00642919540405, "best_solution": [[[[0, []], [14, [14]], [2, [2, 19]], [6, [6, 9]], [9, []], [19, []], [20, [20, 17]], [17, []], [7, [7, 10]], [15, [15, 18]], [18, []], [10, []]], [[0, []], [1, [1]], [8, [8, 4]], [4, []], [13, [13, 5]], [12, [12, 3]], [3, []], [5, []], [16, [16, 11]], [11, []]]], [[[14, [14]]], [[2, [2, 19]]], [[1, [1]]], [[6, [6, 9]]], [[8, [8, 4]]], [[13, [13, 5]]], [[20, [20, 17]]], [[12, [12, 3]]], [[7, [7, 10]]], [[16, [16, 11]]], [[15, [15, 18]]]]]}
{"file_name": "U_20_1", "number_of_trucks": 2, "drone_capacity": 2, "number_of_drones": 2, "iteration": 3, "best_fitness": 318.7833098011237, "runtime": 302.1381793022156, "best_solution": [[[[0, []], [14, [14]], [19, [19, 9]], [9, []], [6, [6, 8]], [8, []], [17, [17, 20]], [20, []], [7, [7, 15]], [15, []], [18, [18]]], [[0, []], [2, [2, 1]], [1, []], [10, [10, 4]], [4, []], [13, [13, 5]], [12, [12, 3]], [3, []], [5, []], [16, [16, 11]], [11, []]]], [[[14, [14]]], [[2, [2, 1]]], [[10, [10, 4]]], [[19, [19, 9]]], [[6, [6, 8]]], [[13, [13, 5]]], [[17, [17, 20]]], [[12, [12, 3]]], [[16, [16, 11]]], [[7, [7, 15]]], [[18, [18]]]]]}
