{"file_name": "U_20_1", "number_of_trucks": 2, "drone_capacity": 2, "number_of_drones": 2, "iteration": 1, "best_fitness": 357.0281223736881, "runtime": 88.34203433990479, "best_solution": [[[[0, [13, 19]], [13, []], [19, []], [18, [18]], [2, [2, 5]], [5, []], [10, [10]], [17, [17]], [3, [3, 7]], [7, []]], [[0, [15, 6]], [15, []], [6, [16, 11, 14]], [11, []], [14, []], [16, []], [1, [1, 9]], [9, []], [0, []], [8, [8, 4]], [4, []], [20, [20, 12]], [12, []]]], [[[6, [11, 14]]], [[6, [16]]], [[18, [18]]], [[1, [1, 9]]], [[2, [2, 5]]], [[8, [8, 4]]], [[10, [10]]], [[17, [17]]], [[20, [20, 12]]], [[3, [3, 7]]]]]}
{"file_name": "U_20_1", "number_of_trucks": 2, "drone_capacity": 2, "number_of_drones": 2, "iteration": 2, "best_fitness": 357.0281223736881, "runtime": 50.98069715499878, "best_solution": [[[[0, [15]], [15, []], [16, [16, 19]], [19, []], [18, [18]], [0, []], [9, [9]], [4, [4, 8]], [8, []], [20, [20, 12]], [12, []]], [[0, [14, 13, 11, 6]], [6, []], [14, [1]], [13, []], [11, []], [1, []], [2, [2, 5]], [5, []], [10, [10]], [17, [17]], [3, [3, 7]], [7, []]]], [[[14, [1]]], [[16, [16, 19]]], [[18, [18]]], [[2, [2, 5]]], [[9, [9]]], [[10, [10]]], [[4, [4, 8]]], [[17, [17]]], [[20, [20, 12]]], [[3, [3, 7]]]]]}
{"file_name": "U_20_1", "number_of_trucks": 2, "drone_capacity": 2, "number_of_drones": 2, "iteration": 3, "best_fitness": 357.0281223736881, "runtime": 147.62955737113953, "best_solution": [[[[0, [13, 11, 16, 1, 19]], [13, []], [11, []], [16, []], [1, []], [19, []], [0, []], [8, [8, 4]], [4, []], [20, [20, 12]], [12, []]], [[0, [15]], [15, []], [0, [14, 6]], [14, []], [6, []], [9, [9, 18]], [18, []], [5, [5, 2]], [10, [10]], [2, []], [17, [17]], [3, [3, 7]], [7, []]]], [[[9, [9, 18]]], [[5, [5, 2]]], [[8, [8, 4]]], [[10, [10]]], [[17, [17]]], [[20, [20, 12]]], [[3, [3, 7]]]]]}
