{"file_name": "U_20_0", "number_of_trucks": 2, "drone_capacity": 2, "number_of_drones": 2, "iteration": 1, "best_fitness": 213.42800163517433, "runtime": 234.14503145217896, "best_solution": [[[[0, [3, 4, 13, 8, 20, 15]], [3, []], [4, []], [13, []], [12, [12, 10, 18]], [8, []], [17, [17, 1]], [20, []], [10, []], [15, []], [18, []], [1, []]], [[0, [7, 9, 14]], [14, []], [5, [5, 2]], [7, []], [9, []], [2, []], [19, [19, 6]], [6, []], [11, [11, 16]], [16, []]]], [[[5, [2]]], [[5, [5]]], [[12, [18]]], [[12, [12, 10]]], [[17, [17, 1]]], [[19, [19, 6]]], [[11, [11, 16]]]]]}
{"file_name": "U_20_0", "number_of_trucks": 2, "drone_capacity": 2, "number_of_drones": 2, "iteration": 2, "best_fitness": 229.45493230582798, "runtime": 172.71452164649963, "best_solution": [[[[0, [14, 20, 8, 13, 4, 3]], [14, []], [16, [16, 10]], [10, []], [20, []], [17, [17, 12]], [8, []], [12, []], [13, []], [4, []], [3, []]], [[0, [7, 2, 15, 18, 5, 9]], [5, []], [7, []], [19, [19, 6]], [9, []], [6, []], [2, []], [15, []], [18, []], [1, [1, 11]], [11, []]]], [[[16, [16, 10]]], [[17, [17, 12]]], [[19, [19, 6]]], [[1, [1, 11]]]]]}
{"file_name": "U_20_0", "number_of_trucks": 2, "drone_capacity": 2, "number_of_drones": 2, "iteration": 3, "best_fitness": 211.99380306552635, "runtime": 164.40472769737244, "best_solution": [[[[0, [3, 13, 4, 20, 8]], [3, []], [4, [18]], [13, []], [12, [12, 10]], [8, []], [17, [17, 1]], [20, []], [10, []], [18, []], [1, []]], [[0, [7, 9, 14, 15]], [14, []], [7, [2]], [9, []], [19, [19, 6]], [2, []], [6, []], [15, []], [11, [11, 16, 5]], [16, []], [5, []]]], [[[4, [18]]], [[7, [2]]], [[12, [12, 10]]], [[19, [19, 6]]], [[17, [17, 1]]], [[11, [16, 5]]], [[11, [11]]]]]}
