{"file_name": "U_20_1", "number_of_trucks": 2, "drone_capacity": 2, "number_of_drones": 2, "iteration": 1, "best_fitness": 276.2261851051149, "runtime": 55.13791012763977, "best_solution": [[[[0, [18, 16]], [18, []], [16, []], [0, [10, 9, 1, 8, 14, 15]], [14, []], [10, []], [9, []], [15, []], [1, []], [8, []], [17, [17, 19]], [19, []]], [[0, []], [2, [2, 3]], [3, []], [11, [11, 12]], [12, []], [4, [4, 20]], [13, [13]], [20, []], [5, [5, 6, 7]], [7, []], [6, []]]], [[[2, [2, 3]]], [[11, [11, 12]]], [[4, [4, 20]]], [[13, [13]]], [[5, [7]]], [[5, [5, 6]]], [[17, [17, 19]]]]]}
{"file_name": "U_20_1", "number_of_trucks": 2, "drone_capacity": 2, "number_of_drones": 2, "iteration": 2, "best_fitness": 268.5578842710531, "runtime": 183.32298612594604, "best_solution": [[[[0, [15, 18]], [18, []], [15, []], [8, [8, 1, 11, 12]], [1, []], [13, [13, 4]], [4, []], [11, []], [12, []], [5, [5, 19]], [19, []]], [[0, [16, 14, 3, 2]], [2, []], [16, []], [14, [10, 9]], [10, []], [3, []], [20, [20]], [9, []], [7, [7, 17]], [17, []], [6, [6]], [0, []]]], [[[8, [11, 12]]], [[8, [8, 1]]], [[14, [10, 9]]], [[13, [13, 4]]], [[20, [20]]], [[5, [5, 19]]], [[7, [7, 17]]], [[6, [6]]]]]}
{"file_name": "U_20_1", "number_of_trucks": 2, "drone_capacity": 2, "number_of_drones": 2, "iteration": 3, "best_fitness": 270.4463456900497, "runtime": 238.64475274085999, "best_solution": [[[[0, [16, 2, 12]], [16, [11]], [2, []], [13, [13, 4, 10, 3]], [4, []], [12, []], [11, []], [10, []], [3, []], [5, [5, 19]], [19, []]], [[0, [15, 18]], [15, []], [18, []], [0, [14, 8]], [1, [1, 9]], [9, []], [20, [20, 6]], [14, []], [7, [7, 17]], [6, []], [17, []], [8, []]]], [[[16, [11]]], [[1, [1, 9]]], [[13, [10, 3]]], [[13, [13, 4]]], [[20, [20, 6]]], [[7, [7, 17]]], [[5, [5, 19]]]]]}
