{"file_name": "U_20_0", "number_of_trucks": 2, "drone_capacity": 2, "number_of_drones": 2, "iteration": 1, "best_fitness": 207.03934127758419, "runtime": 242.53384494781494, "best_solution": [[[[0, [4]], [4, []], [2, [2, 3]], [3, []], [0, [7, 17, 18, 14, 12, 1, 6, 16]], [7, []], [6, []], [17, []], [18, []], [14, []], [1, []], [16, []], [12, []]], [[0, [10]], [10, []], [5, [5]], [11, [11, 15]], [15, []], [8, [8, 20, 9]], [20, []], [19, [19, 13]], [9, []], [13, []]]], [[[2, [2, 3]]], [[5, [5]]], [[11, [11, 15]]], [[8, [8, 20]]], [[8, [9]]], [[19, [19, 13]]]]]}
{"file_name": "U_20_0", "number_of_trucks": 2, "drone_capacity": 2, "number_of_drones": 2, "iteration": 2, "best_fitness": 217.12000000000003, "runtime": 35.556845903396606, "best_solution": [[[[0, [10]], [10, []], [5, [5]], [0, [9, 19, 20, 8, 2, 12, 13]], [9, []], [19, []], [20, []], [8, []], [2, []], [12, []], [13, []]], [[0, [4]], [4, []], [3, [3]], [0, [16, 18, 6, 7, 11, 15, 17]], [16, []], [1, [1, 14]], [14, []], [17, []], [18, []], [6, []], [7, []], [11, []], [15, []]]], [[[3, [3]]], [[5, [5]]], [[1, [1, 14]]]]]}
{"file_name": "U_20_0", "number_of_trucks": 2, "drone_capacity": 2, "number_of_drones": 2, "iteration": 3, "best_fitness": 237.79999999999998, "runtime": 46.424607276916504, "best_solution": [[[[0, [16]], [16, []], [0, []], [1, [1, 14]], [14, []], [18, [18, 19]], [17, [17, 6]], [6, []], [7, [7, 15]], [15, []], [13, [13, 9]], [19, []], [9, []]], [[0, [4]], [4, []], [2, [2, 3]], [3, []], [0, [20, 12, 8, 5, 11, 10]], [12, []], [8, []], [20, []], [10, []], [5, []], [11, []]]], [[[2, [2, 3]]], [[1, [1, 14]]], [[18, [18, 19]]], [[17, [17, 6]]], [[7, [7, 15]]], [[13, [13, 9]]]]]}
