{"file_name": "U_20_1", "number_of_trucks": 2, "drone_capacity": 2, "number_of_drones": 2, "iteration": 1, "best_fitness": 345.28, "runtime": 228.09180426597595, "best_solution": [[[[0, []], [19, [19, 12]], [8, [8, 4]], [4, [15]], [7, [7, 14]], [6, [6, 17]], [17, []], [3, [3, 2]], [14, []], [12, []], [2, []], [15, []]], [[0, [20, 10, 5, 16, 1, 11, 13, 9, 18]], [13, []], [5, []], [20, []], [11, []], [16, []], [1, []], [10, []], [18, []], [9, []]]], [[[19, [19, 12]]], [[8, [8, 4]]], [[4, [15]]], [[7, [7, 14]]], [[6, [6, 17]]], [[3, [3, 2]]]]]}
{"file_name": "U_20_1", "number_of_trucks": 2, "drone_capacity": 2, "number_of_drones": 2, "iteration": 2, "best_fitness": 340.0220450543553, "runtime": 54.19659185409546, "best_solution": [[[[0, [15, 17, 9]], [15, []], [9, []], [7, [7, 6]], [6, []], [14, [14, 20]], [17, []], [20, []], [13, [13, 2]], [2, []]], [[0, [8, 19]], [12, [12, 4, 16]], [4, []], [19, []], [18, [18, 11]], [11, []], [16, []], [10, [10, 1]], [8, []], [1, []], [3, [3, 5]], [5, []]]], [[[12, [16]]], [[12, [12, 4]]], [[18, [18, 11]]], [[7, [7, 6]]], [[10, [10, 1]]], [[14, [14, 20]]], [[3, [3, 5]]], [[13, [13, 2]]]]]}
{"file_name": "U_20_1", "number_of_trucks": 2, "drone_capacity": 2, "number_of_drones": 2, "iteration": 3, "best_fitness": 348.49385125838774, "runtime": 62.90644717216492, "best_solution": [[[[0, [9, 16, 19]], [9, []], [16, []], [19, []], [7, [7, 6, 13]], [6, []], [14, [14, 3, 4, 17]], [4, []], [3, []], [17, []], [5, [5, 2]], [13, []], [2, []]], [[0, []], [12, [12, 8]], [8, []], [0, [15, 10, 18, 11, 1, 20]], [15, []], [18, []], [10, []], [1, []], [11, []], [20, []]]], [[[12, [12, 8]]], [[7, [13]]], [[7, [7, 6]]], [[14, [4, 17]]], [[14, [14, 3]]], [[5, [5, 2]]]]]}
