{"file_name": "U_20_1", "number_of_trucks": 2, "drone_capacity": 2, "number_of_drones": 2, "iteration": 1, "best_fitness": 426.49383481640393, "runtime": 42.25253772735596, "best_solution": [[[[0, [6, 15, 11]], [6, []], [15, []], [11, []], [19, [19, 18]], [18, []], [2, [2, 5]], [5, []], [17, [17, 10]], [10, []], [7, [7, 20]], [20, []]], [[0, [14, 13]], [14, [16]], [13, []], [16, []], [1, [1, 9]], [9, []], [8, [8, 4]], [4, []], [3, [3, 12]], [12, []]]], [[[14, [16]]], [[19, [19, 18]]], [[1, [1, 9]]], [[2, [2, 5]]], [[8, [8, 4]]], [[17, [17, 10]]], [[7, [7, 20]]], [[3, [3, 12]]]]]}
{"file_name": "U_20_1", "number_of_trucks": 2, "drone_capacity": 2, "number_of_drones": 2, "iteration": 2, "best_fitness": 411.15454875430316, "runtime": 99.55325627326965, "best_solution": [[[[0, [11, 14]], [14, []], [11, []], [15, [15]], [9, [9, 18]], [18, []], [8, [8, 2]], [2, []], [7, [7]], [20, [20]]], [[0, [1, 16, 13, 6, 19]], [1, []], [16, []], [13, []], [6, []], [19, []], [5, [5]], [4, [4, 10, 17]], [10, []], [17, []], [3, [3, 12]], [12, []]]], [[[15, [15]]], [[9, [9, 18]]], [[5, [5]]], [[8, [8, 2]]], [[4, [10, 17]]], [[4, [4]]], [[7, [7]]], [[3, [3, 12]]], [[20, [20]]]]]}
{"file_name": "U_20_1", "number_of_trucks": 2, "drone_capacity": 2, "number_of_drones": 2, "iteration": 3, "best_fitness": 420.73383481640394, "runtime": 108.97716164588928, "best_solution": [[[[0, [1, 16, 15, 19, 6]], [1, []], [16, []], [15, []], [19, []], [5, [5, 2]], [6, []], [2, []], [17, [17, 10]], [10, []], [3, [3, 7]], [7, []]], [[0, [14, 13, 11]], [14, []], [18, [18, 9]], [9, []], [13, []], [11, []], [4, [4, 8]], [12, [12, 20]], [8, []], [20, []]]], [[[18, [18, 9]]], [[4, [4, 8]]], [[5, [5, 2]]], [[17, [17, 10]]], [[12, [12, 20]]], [[3, [3, 7]]]]]}
