{"file_name": "U_20_1", "number_of_trucks": 2, "drone_capacity": 2, "number_of_drones": 2, "iteration": 1, "best_fitness": 334.2887616039331, "runtime": 159.56640148162842, "best_solution": [[[[0, [2, 15, 11, 18, 19, 14, 7]], [11, []], [18, []], [15, []], [7, []], [19, []], [2, []], [9, [9, 6]], [6, []], [14, []]], [[0, [4, 16, 20, 12, 3]], [3, []], [4, []], [5, [5, 13]], [16, []], [1, [1, 10]], [10, []], [20, []], [17, [17, 8]], [8, []], [12, []], [13, []]]], [[[5, [5, 13]]], [[1, [1, 10]]], [[17, [17, 8]]], [[9, [9, 6]]]]]}
{"file_name": "U_20_1", "number_of_trucks": 2, "drone_capacity": 2, "number_of_drones": 2, "iteration": 2, "best_fitness": 343.89048189490677, "runtime": 169.3039665222168, "best_solution": [[[[0, [4, 7, 19, 2]], [4, []], [5, [5, 14]], [14, []], [18, [18, 15]], [15, []], [7, []], [19, []], [9, [9, 6]], [2, []], [6, []]], [[0, [20]], [20, []], [3, [3, 11, 12]], [11, []], [16, [16, 10]], [13, [13, 17]], [12, []], [8, [8, 1]], [17, []], [10, []], [1, []]]], [[[3, [12]]], [[3, [3, 11]]], [[5, [5, 14]]], [[16, [16, 10]]], [[18, [18, 15]]], [[13, [13, 17]]], [[8, [8, 1]]], [[9, [9, 6]]]]]}
{"file_name": "U_20_1", "number_of_trucks": 2, "drone_capacity": 2, "number_of_drones": 2, "iteration": 3, "best_fitness": 337.16507708684026, "runtime": 248.06806564331055, "best_solution": [[[[0, [11, 3, 4, 12]], [14, [14]], [3, []], [4, []], [13, [13, 17]], [12, []], [17, []], [8, [8, 1]], [1, []], [11, []]], [[0, [20, 7, 2, 16, 19]], [16, []], [15, [15, 18]], [18, []], [20, []], [10, [10, 5]], [7, []], [19, []], [2, []], [9, [9, 6]], [6, []], [5, []]]], [[[15, [15, 18]]], [[14, [14]]], [[10, [10, 5]]], [[13, [13, 17]]], [[8, [8, 1]]], [[9, [9, 6]]]]]}
