{"file_name": "U_20_1", "number_of_trucks": 2, "drone_capacity": 2, "number_of_drones": 2, "iteration": 1, "best_fitness": 323.043589209627, "runtime": 298.1116876602173, "best_solution": [[[[0, [7]], [7, []], [11, [11]], [0, []], [12, [12, 3]], [3, []], [9, [9, 5]], [20, [20, 10]], [5, []], [10, []], [14, [14, 16]], [16, []]], [[0, [13]], [13, []], [8, [8, 1]], [1, []], [15, [15, 19]], [19, []], [6, [6, 17]], [17, []], [18, [18, 4]], [4, []], [2, [2]]]], [[[11, [11]]], [[8, [8, 1]]], [[12, [12, 3]]], [[15, [15, 19]]], [[6, [6, 17]]], [[9, [9, 5]]], [[18, [18, 4]]], [[20, [20, 10]]], [[14, [14, 16]]], [[2, [2]]]]]}
{"file_name": "U_20_1", "number_of_trucks": 2, "drone_capacity": 2, "number_of_drones": 2, "iteration": 2, "best_fitness": 323.043589209627, "runtime": 244.10629391670227, "best_solution": [[[[0, [13, 7]], [13, []], [7, [12, 3, 11, 19]], [3, []], [11, []], [12, []], [4, [4, 18]], [18, []], [19, []], [2, [2]]], [[0, []], [8, [8, 1]], [1, []], [15, [15, 6]], [6, []], [17, [17]], [9, [9, 5]], [5, []], [20, [20, 10]], [10, []], [14, [14, 16]], [16, []]]], [[[8, [8, 1]]], [[7, [11, 19]]], [[7, [12, 3]]], [[15, [15, 6]]], [[17, [17]]], [[9, [9, 5]]], [[4, [4, 18]]], [[20, [20, 10]]], [[14, [14, 16]]], [[2, [2]]]]]}
{"file_name": "U_20_1", "number_of_trucks": 2, "drone_capacity": 2, "number_of_drones": 2, "iteration": 3, "best_fitness": 323.043589209627, "runtime": 237.4647741317749, "best_solution": [[[[0, [13]], [13, []], [0, []], [1, [1, 8]], [8, []], [6, [6, 15]], [15, []], [17, [17]], [9, [9, 5]], [5, []], [10, [10, 20]], [20, []], [14, [14, 16]], [16, []]], [[0, [7]], [7, []], [0, [11]], [11, []], [3, [3, 12]], [12, []], [0, []], [4, [4, 19]], [19, []], [18, [18]], [2, [2]]]], [[[1, [1, 8]]], [[6, [6, 15]]], [[3, [3, 12]]], [[17, [17]]], [[9, [9, 5]]], [[4, [4, 19]]], [[10, [10, 20]]], [[18, [18]]], [[14, [14, 16]]], [[2, [2]]]]]}
