{"file_name": "U_20_1", "number_of_trucks": 2, "drone_capacity": 2, "number_of_drones": 2, "iteration": 1, "best_fitness": 312.4612220562865, "runtime": 266.36247420310974, "best_solution": [[[[0, [15, 18, 14]], [18, []], [14, []], [15, []], [4, [4, 8]], [7, [7]], [8, []], [20, [20, 17]], [17, []]], [[0, [10, 2]], [10, []], [2, []], [0, []], [1, [1]], [16, [16]], [11, [11, 12]], [12, []], [5, [5, 19]], [3, [3, 13]], [19, []], [13, []], [9, [9, 6]], [6, []]]], [[[1, [1]]], [[4, [4, 8]]], [[16, [16]]], [[7, [7]]], [[11, [11, 12]]], [[5, [5, 19]]], [[20, [20, 17]]], [[3, [3, 13]]], [[9, [9, 6]]]]]}
{"file_name": "U_20_1", "number_of_trucks": 2, "drone_capacity": 2, "number_of_drones": 2, "iteration": 2, "best_fitness": 311.0232958405819, "runtime": 207.79538750648499, "best_solution": [[[[0, [15]], [15, []], [2, [2, 10]], [10, []], [0, []], [1, [1]], [13, [13]], [12, [12, 11]], [11, []], [9, [9, 19]], [19, []], [3, [3, 17]], [17, []]], [[0, [14, 18]], [18, []], [14, []], [16, [16, 4]], [5, [5, 7]], [7, []], [4, []], [20, [20, 8]], [8, []], [6, [6]]]], [[[2, [2, 10]]], [[16, [16, 4]]], [[1, [1]]], [[13, [13]]], [[5, [5, 7]]], [[12, [12, 11]]], [[9, [9, 19]]], [[20, [20, 8]]], [[3, [3, 17]]], [[6, [6]]]]]}
{"file_name": "U_20_1", "number_of_trucks": 2, "drone_capacity": 2, "number_of_drones": 2, "iteration": 3, "best_fitness": 315.97652806677183, "runtime": 37.25944185256958, "best_solution": [[[[0, [14]], [14, []], [0, []], [1, [1]], [0, []], [16, [16, 13]], [12, [12, 11]], [11, []], [9, [9, 19]], [13, []], [19, []], [3, [3, 17]], [17, []]], [[0, [15]], [15, []], [0, [18]], [18, []], [0, [2, 10]], [2, []], [10, []], [5, [5, 7]], [7, []], [4, [4, 8]], [20, [20, 6]], [8, []], [6, []]]], [[[1, [1]]], [[16, [16, 13]]], [[5, [5, 7]]], [[4, [4, 8]]], [[12, [12, 11]]], [[9, [9, 19]]], [[20, [20, 6]]], [[3, [3, 17]]]]]}
