{"file_name": "U_20_1", "number_of_trucks": 2, "drone_capacity": 2, "number_of_drones": 2, "iteration": 1, "best_fitness": 397.6739672393981, "runtime": 47.029486894607544, "best_solution": [[[[0, [2]], [14, [19, 9, 14]], [19, []], [9, []], [2, []], [6, [6, 5]], [5, []], [11, [11, 15]], [7, [7, 18]], [15, []], [18, []], [16, [16]]], [[0, []], [1, [1, 8, 4]], [13, [13, 12]], [12, []], [3, [3, 17]], [4, []], [8, []], [17, []], [20, [20, 10]], [10, []]]], [[[14, [14]]], [[14, [19, 9]]], [[1, [1]]], [[1, [8, 4]]], [[6, [6, 5]]], [[13, [13, 12]]], [[3, [3, 17]]], [[11, [11, 15]]], [[7, [7, 18]]], [[20, [20, 10]]], [[16, [16]]]]]}
{"file_name": "U_20_1", "number_of_trucks": 2, "drone_capacity": 2, "number_of_drones": 2, "iteration": 2, "best_fitness": 399.80542673728223, "runtime": 163.47749853134155, "best_solution": [[[[0, [10, 1, 11, 13, 4, 20, 5, 12, 17, 18]], [4, []], [13, []], [12, []], [17, []], [20, []], [10, []], [18, []], [1, []], [11, []], [16, [16]], [5, []]], [[0, []], [14, [14, 2]], [2, []], [19, [19, 9]], [9, []], [6, [6, 8]], [8, []], [3, [3, 15]], [7, [7]], [15, []]]], [[[14, [14, 2]]], [[19, [19, 9]]], [[6, [6, 8]]], [[3, [3, 15]]], [[16, [16]]], [[7, [7]]]]]}
{"file_name": "U_20_1", "number_of_trucks": 2, "drone_capacity": 2, "number_of_drones": 2, "iteration": 3, "best_fitness": 377.455191003956, "runtime": 250.94273447990417, "best_solution": [[[[0, []], [1, [1, 2]], [2, []], [9, [9, 6]], [6, []], [8, [8, 11]], [17, [17, 20]], [20, []], [7, [7, 16]], [15, [15, 5]], [11, []], [16, []], [5, []]], [[0, []], [14, [14]], [19, [19]], [0, [10, 4, 3, 12, 13, 18]], [10, []], [18, []], [12, []], [13, []], [4, []], [3, []]]], [[[14, [14]]], [[1, [1, 2]]], [[19, [19]]], [[9, [9, 6]]], [[8, [8, 11]]], [[17, [17, 20]]], [[7, [7, 16]]], [[15, [15, 5]]]]]}
