{"file_name": "U_20_1", "number_of_trucks": 2, "drone_capacity": 2, "number_of_drones": 2, "iteration": 1, "best_fitness": 366.94756888647214, "runtime": 205.5692057609558, "best_solution": [[[[0, [10]], [10, []], [0, []], [18, [18, 17]], [17, []], [5, [5, 13]], [19, [19, 9]], [9, []], [13, []], [14, [14, 2]], [2, []], [4, [4, 12]], [12, []]], [[0, [3]], [1, [1, 15, 16]], [15, []], [16, []], [3, []], [6, [6, 7]], [7, []], [11, [11]], [20, [20, 8]], [8, []]]], [[[18, [18, 17]]], [[1, [1]]], [[1, [15, 16]]], [[5, [5, 13]]], [[19, [19, 9]]], [[6, [6, 7]]], [[14, [14, 2]]], [[11, [11]]], [[20, [20, 8]]], [[4, [4, 12]]]]]}
{"file_name": "U_20_1", "number_of_trucks": 2, "drone_capacity": 2, "number_of_drones": 2, "iteration": 2, "best_fitness": 366.94756888647214, "runtime": 187.72367882728577, "best_solution": [[[[0, [3]], [3, []], [0, [10]], [10, []], [0, []], [13, [13]], [0, []], [1, [1, 16]], [16, []], [17, [17, 18]], [18, []], [6, [6, 7]], [7, []], [11, [11]], [20, [20, 8]], [8, []]], [[0, [15]], [15, []], [0, []], [5, [5]], [9, [9]], [0, []], [19, [19]], [0, []], [14, [14, 2]], [2, []], [4, [4, 12]], [12, []]]], [[[5, [5]]], [[13, [13]]], [[1, [1, 16]]], [[9, [9]]], [[17, [17, 18]]], [[19, [19]]], [[14, [14, 2]]], [[6, [6, 7]]], [[11, [11]]], [[20, [20, 8]]], [[4, [4, 12]]]]]}
{"file_name": "U_20_1", "number_of_trucks": 2, "drone_capacity": 2, "number_of_drones": 2, "iteration": 3, "best_fitness": 366.94756888647214, "runtime": 201.20874571800232, "best_solution": [[[[0, []], [5, [5]], [0, []], [9, [9]], [0, []], [19, [19, 13]], [13, []], [14, [14, 2]], [2, []], [4, [4, 12]], [12, []]], [[0, [10, 3]], [3, []], [10, []], [0, [15, 16, 1, 17, 18]], [15, []], [1, []], [16, []], [17, []], [18, []], [6, [6, 7]], [7, []], [11, [11]], [20, [20, 8]], [8, []]]], [[[5, [5]]], [[9, [9]]], [[19, [19, 13]]], [[14, [14, 2]]], [[6, [6, 7]]], [[11, [11]]], [[20, [20, 8]]], [[4, [4, 12]]]]]}
