{"file_name": "U_20_0", "number_of_trucks": 2, "drone_capacity": 2, "number_of_drones": 2, "iteration": 1, "best_fitness": 205.28000000000003, "runtime": 139.69868755340576, "best_solution": [[[[0, [3, 1, 15, 17, 5, 18, 20, 6]], [18, []], [20, []], [5, []], [10, [10, 9]], [3, []], [9, []], [15, []], [17, []], [8, [8]], [1, []], [6, []]], [[0, [19, 11, 12, 7, 2, 13, 4]], [19, []], [2, []], [13, []], [4, []], [11, []], [12, []], [16, [16, 14]], [14, []], [7, []]]], [[[10, [10, 9]]], [[8, [8]]], [[16, [16, 14]]]]]}
{"file_name": "U_20_0", "number_of_trucks": 2, "drone_capacity": 2, "number_of_drones": 2, "iteration": 2, "best_fitness": 207.04634569004966, "runtime": 139.7529172897339, "best_solution": [[[[0, [9, 7, 5, 17, 20, 3, 6, 10, 18]], [18, []], [20, []], [5, []], [10, []], [3, []], [9, []], [7, []], [17, []], [6, []]], [[0, [19, 2, 15, 1]], [19, []], [2, []], [13, [13, 4, 12, 11]], [4, []], [11, []], [12, []], [16, [16, 14]], [14, []], [15, []], [8, [8]], [1, []]]], [[[13, [12, 11]]], [[13, [13, 4]]], [[16, [16, 14]]], [[8, [8]]]]]}
{"file_name": "U_20_0", "number_of_trucks": 2, "drone_capacity": 2, "number_of_drones": 2, "iteration": 3, "best_fitness": 204.1840115957224, "runtime": 203.09039163589478, "best_solution": [[[[0, [1, 19]], [19, []], [2, [2, 11, 15]], [13, [13, 4, 17, 12]], [4, []], [12, []], [11, []], [16, [16, 8, 18]], [18, []], [15, []], [17, []], [8, []], [1, []]], [[0, [20, 9, 7, 6, 10, 3, 5]], [6, []], [7, []], [9, []], [3, []], [10, []], [5, []], [20, []], [14, [14]]]], [[[2, [15]]], [[2, [2, 11]]], [[13, [17, 12]]], [[13, [13, 4]]], [[16, [18]]], [[16, [16, 8]]], [[14, [14]]]]]}
