{"file_name": "U_20_1", "number_of_trucks": 2, "drone_capacity": 2, "number_of_drones": 2, "iteration": 1, "best_fitness": 306.90269805784715, "runtime": 57.20716714859009, "best_solution": [[[[0, []], [18, [18, 2, 16]], [2, []], [14, [14, 12]], [16, []], [12, []], [11, [11, 4]], [13, [13, 20]], [4, []], [7, [7, 5]], [5, []], [20, []]], [[0, [3, 9, 15, 10, 8, 1]], [10, []], [3, []], [9, []], [15, []], [17, [17, 6]], [1, []], [8, []], [6, []], [19, [19]]]], [[[18, [18, 2]]], [[18, [16]]], [[14, [14, 12]]], [[11, [11, 4]]], [[13, [13, 20]]], [[7, [7, 5]]], [[17, [17, 6]]], [[19, [19]]]]]}
{"file_name": "U_20_1", "number_of_trucks": 2, "drone_capacity": 2, "number_of_drones": 2, "iteration": 2, "best_fitness": 314.1679876156342, "runtime": 216.9360692501068, "best_solution": [[[[0, [18, 2, 11, 12, 16, 14, 15]], [18, []], [2, []], [13, [13, 4]], [4, []], [11, []], [12, []], [16, []], [14, []], [15, []], [17, [17, 19]], [19, []]], [[0, []], [1, [1, 3]], [8, [8, 9]], [20, [20, 10]], [9, []], [3, []], [10, []], [5, [5, 7]], [7, []], [6, [6]]]], [[[1, [1, 3]]], [[8, [8, 9]]], [[13, [13, 4]]], [[20, [20, 10]]], [[17, [17, 19]]], [[5, [5, 7]]], [[6, [6]]]]]}
{"file_name": "U_20_1", "number_of_trucks": 2, "drone_capacity": 2, "number_of_drones": 2, "iteration": 3, "best_fitness": 306.57413116025856, "runtime": 83.04528450965881, "best_solution": [[[[0, [15, 3, 10, 14, 9, 1, 8]], [1, []], [8, []], [15, []], [14, []], [9, []], [10, []], [3, []], [5, [5, 20]], [20, []]], [[0, [18]], [18, []], [16, [12, 16]], [12, [11, 2]], [11, []], [4, [4, 13]], [13, []], [2, []], [19, [19, 17]], [17, []], [7, [7, 6]], [6, []]]], [[[16, [12, 16]]], [[12, [11, 2]]], [[4, [4, 13]]], [[5, [5, 20]]], [[19, [19, 17]]], [[7, [7, 6]]]]]}
