{"file_name": "U_20_1", "number_of_trucks": 2, "drone_capacity": 2, "number_of_drones": 2, "iteration": 1, "best_fitness": 375.890769649339, "runtime": 224.54051113128662, "best_solution": [[[[0, [11, 1, 19, 13, 16]], [19, []], [13, []], [16, []], [11, []], [2, [2, 5]], [1, []], [5, []], [10, [10, 17]], [17, []], [3, [3, 7]], [7, []]], [[0, [6, 14, 15]], [6, []], [14, []], [9, [9, 18]], [15, []], [18, []], [8, [8, 4]], [4, []], [12, [12, 20]], [20, []]]], [[[9, [9, 18]]], [[2, [2, 5]]], [[8, [8, 4]]], [[10, [10, 17]]], [[12, [12, 20]]], [[3, [3, 7]]]]]}
{"file_name": "U_20_1", "number_of_trucks": 2, "drone_capacity": 2, "number_of_drones": 2, "iteration": 2, "best_fitness": 375.890769649339, "runtime": 180.58295154571533, "best_solution": [[[[0, [6]], [6, []], [0, [15, 14, 13, 16]], [15, []], [14, []], [13, []], [9, [9, 18]], [18, []], [16, []], [5, [5, 2]], [2, []], [17, [17, 10]], [10, []], [3, [3, 7]], [7, []]], [[0, [11]], [11, []], [0, [19, 1]], [19, []], [8, [8, 4]], [4, []], [1, []], [12, [12, 20]], [20, []]]], [[[9, [9, 18]]], [[8, [8, 4]]], [[5, [5, 2]]], [[17, [17, 10]]], [[12, [12, 20]]], [[3, [3, 7]]]]]}
{"file_name": "U_20_1", "number_of_trucks": 2, "drone_capacity": 2, "number_of_drones": 2, "iteration": 3, "best_fitness": 375.890769649339, "runtime": 214.7774531841278, "best_solution": [[[[0, [11, 1, 13, 19]], [11, []], [1, []], [13, []], [19, []], [4, [4]], [5, [5, 10]], [10, []], [17, [17, 2]], [2, []], [3, [3, 7]], [7, []]], [[0, [6, 15, 16, 14, 9]], [6, []], [16, []], [14, []], [9, []], [15, []], [18, [18, 8]], [12, [12, 20]], [8, []], [20, []]]], [[[4, [4]]], [[18, [18, 8]]], [[5, [5, 10]]], [[17, [17, 2]]], [[12, [12, 20]]], [[3, [3, 7]]]]]}
