{"file_name": "U_20_1", "number_of_trucks": 2, "drone_capacity": 2, "number_of_drones": 2, "iteration": 1, "best_fitness": 284.4513358572714, "runtime": 219.87474489212036, "best_solution": [[[[0, [18, 10]], [10, []], [18, []], [4, [4, 14]], [16, [16, 1]], [1, []], [12, [12, 7]], [14, []], [17, [17, 5]], [7, []], [5, []]], [[0, []], [11, [11]], [6, [6]], [15, [15, 13]], [13, []], [0, []], [9, [9, 8]], [8, []], [2, [2, 3]], [3, []], [20, [20]], [19, [19]]]], [[[11, [11]]], [[6, [6]]], [[15, [15, 13]]], [[4, [4, 14]]], [[16, [16, 1]]], [[9, [9, 8]]], [[12, [12, 7]]], [[2, [2, 3]]], [[17, [17, 5]]], [[20, [20]]], [[19, [19]]]]]}
{"file_name": "U_20_1", "number_of_trucks": 2, "drone_capacity": 2, "number_of_drones": 2, "iteration": 2, "best_fitness": 282.5384451672444, "runtime": 193.56951689720154, "best_solution": [[[[0, [10, 14, 15, 4, 8]], [10, []], [15, []], [14, []], [1, [1, 16]], [4, []], [16, []], [12, [12, 3]], [3, []], [2, [2, 19]], [8, []], [19, []]], [[0, []], [11, [11]], [6, [6, 18]], [13, [13]], [20, [20, 9]], [9, []], [7, [7, 17]], [18, []], [17, []], [5, [5]]]], [[[11, [11]]], [[6, [6, 18]]], [[13, [13]]], [[20, [20, 9]]], [[1, [1, 16]]], [[7, [7, 17]]], [[12, [12, 3]]], [[2, [2, 19]]], [[5, [5]]]]]}
{"file_name": "U_20_1", "number_of_trucks": 2, "drone_capacity": 2, "number_of_drones": 2, "iteration": 3, "best_fitness": 280.96820504673224, "runtime": 183.20103478431702, "best_solution": [[[[0, [15, 10]], [15, []], [10, []], [0, [6, 18, 14, 9]], [5, [5, 7]], [6, []], [7, []], [17, [17, 19]], [18, []], [14, []], [9, []], [19, []]], [[0, []], [11, [11]], [8, [8]], [13, [13, 1, 16, 20]], [16, []], [12, [12, 4]], [1, []], [4, []], [2, [2, 3]], [3, []], [20, []]]], [[[11, [11]]], [[8, [8]]], [[13, [16, 20]]], [[13, [13, 1]]], [[5, [5, 7]]], [[12, [12, 4]]], [[17, [17, 19]]], [[2, [2, 3]]]]]}
