{"file_name": "U_20_1", "number_of_trucks": 2, "drone_capacity": 2, "number_of_drones": 2, "iteration": 1, "best_fitness": 340.3063789283731, "runtime": 287.703773021698, "best_solution": [[[[0, [12, 11, 3, 7, 15]], [15, []], [3, []], [7, []], [12, []], [11, []], [4, [4, 18]], [2, [2]], [18, []]], [[0, []], [13, [13]], [8, [8, 1]], [1, []], [6, [6, 19]], [19, []], [17, [17]], [9, [9, 5]], [5, []], [10, [10, 20]], [20, []], [16, [16, 14]], [14, []]]], [[[13, [13]]], [[8, [8, 1]]], [[6, [6, 19]]], [[17, [17]]], [[9, [9, 5]]], [[10, [10, 20]]], [[4, [4, 18]]], [[16, [16, 14]]], [[2, [2]]]]]}
{"file_name": "U_20_1", "number_of_trucks": 2, "drone_capacity": 2, "number_of_drones": 2, "iteration": 2, "best_fitness": 340.3063789283731, "runtime": 95.77902102470398, "best_solution": [[[[0, [7, 11]], [7, []], [12, [12, 3]], [11, []], [3, []], [5, [5, 9]], [9, []], [10, [10, 20]], [20, []], [2, [2]]], [[0, [13]], [13, []], [6, [6, 8]], [8, []], [1, [1, 19]], [19, []], [17, [17, 15]], [15, []], [18, [18, 4]], [4, []], [16, [16, 14]], [14, []]]], [[[6, [6, 8]]], [[1, [1, 19]]], [[12, [12, 3]]], [[17, [17, 15]]], [[5, [5, 9]]], [[18, [18, 4]]], [[10, [10, 20]]], [[16, [16, 14]]], [[2, [2]]]]]}
{"file_name": "U_20_1", "number_of_trucks": 2, "drone_capacity": 2, "number_of_drones": 2, "iteration": 3, "best_fitness": 343.5063789283731, "runtime": 287.61593413352966, "best_solution": [[[[0, [13]], [13, []], [0, []], [15, [15, 8]], [8, []], [0, [12, 11, 17]], [17, []], [4, [4]], [12, []], [11, []], [16, [16]], [2, [2]]], [[0, []], [19, [19, 6, 7]], [6, []], [1, [1, 3]], [7, []], [9, [9, 5]], [3, []], [5, []], [20, [20, 10]], [10, []], [14, [14, 18]], [18, []]]], [[[19, [7]]], [[19, [19, 6]]], [[15, [15, 8]]], [[1, [1, 3]]], [[9, [9, 5]]], [[4, [4]]], [[20, [20, 10]]], [[16, [16]]], [[14, [14, 18]]], [[2, [2]]]]]}
