{"file_name": "U_20_0", "number_of_trucks": 2, "drone_capacity": 2, "number_of_drones": 2, "iteration": 1, "best_fitness": 250.59472174864675, "runtime": 272.59624552726746, "best_solution": [[[[0, [13, 3, 4]], [3, [8, 20]], [4, []], [13, []], [12, [12, 10]], [8, []], [17, [17, 18]], [20, []], [10, []], [18, []], [1, [1, 11]], [11, []]], [[0, [15, 9, 7]], [14, [5, 14]], [5, []], [15, [2, 6]], [7, []], [9, []], [2, []], [6, []], [19, [19, 16]], [16, []]]], [[[14, [5, 14]]], [[3, [8, 20]]], [[12, [12, 10]]], [[15, [2, 6]]], [[17, [17, 18]]], [[19, [19, 16]]], [[1, [1, 11]]]]]}
{"file_name": "U_20_0", "number_of_trucks": 2, "drone_capacity": 2, "number_of_drones": 2, "iteration": 2, "best_fitness": 257.88000000000005, "runtime": 198.61393547058105, "best_solution": [[[[0, [7, 9, 2, 5, 15, 18, 14]], [5, []], [14, []], [7, []], [9, []], [6, [6, 19]], [2, []], [19, []], [15, []], [18, []]], [[0, [4, 13]], [3, [8, 20, 3]], [4, []], [13, []], [12, [12, 10]], [8, []], [17, [17, 1]], [20, []], [10, []], [1, []], [11, [11, 16]], [16, []]]], [[[3, [20, 3]]], [[3, [8]]], [[12, [12, 10]]], [[17, [17, 1]]], [[6, [6, 19]]], [[11, [11, 16]]]]]}
{"file_name": "U_20_0", "number_of_trucks": 2, "drone_capacity": 2, "number_of_drones": 2, "iteration": 3, "best_fitness": 258.1810262410096, "runtime": 269.5229287147522, "best_solution": [[[[0, [5, 9, 7, 15]], [5, [2, 18]], [15, []], [7, []], [9, []], [2, []], [6, [6, 19]], [19, []], [18, []], [1, [1, 11]], [11, []]], [[0, [14, 20, 8, 3, 4, 13]], [14, []], [16, [16, 10]], [10, []], [20, []], [17, [17, 12]], [8, []], [12, []], [13, []], [4, []], [3, []]]], [[[5, [2, 18]]], [[16, [16, 10]]], [[17, [17, 12]]], [[6, [6, 19]]], [[1, [1, 11]]]]]}
