{"file_name": "U_20_0", "number_of_trucks": 2, "drone_capacity": 2, "number_of_drones": 2, "iteration": 1, "best_fitness": 209.21340917475138, "runtime": 163.42741584777832, "best_solution": [[[[0, [7, 5]], [5, []], [7, []], [0, [2, 13, 16, 6, 10, 3, 9, 12]], [6, []], [10, []], [17, [17, 19]], [2, []], [3, []], [19, []], [13, []], [9, []], [16, []], [12, []]], [[0, []], [1, [1]], [0, [11, 15, 18, 4]], [11, []], [15, []], [18, []], [14, [14]], [8, [8, 20]], [20, []], [4, []]]], [[[17, [17, 19]]], [[1, [1]]], [[14, [14]]], [[8, [8, 20]]]]]}
{"file_name": "U_20_0", "number_of_trucks": 2, "drone_capacity": 2, "number_of_drones": 2, "iteration": 2, "best_fitness": 208.79999999999995, "runtime": 177.4105830192566, "best_solution": [[[[0, []], [4, [4]], [0, [7, 6]], [6, []], [7, []], [0, [10, 2, 3, 19, 13, 9, 16, 17]], [10, []], [17, []], [2, []], [3, []], [19, []], [13, []], [9, []], [16, []]], [[0, [5, 1, 11, 15, 18]], [5, []], [1, []], [12, [12]], [11, []], [15, []], [18, []], [14, [14, 8]], [8, []], [20, [20]]]], [[[4, [4]]], [[12, [12]]], [[14, [14, 8]]], [[20, [20]]]]]}
{"file_name": "U_20_0", "number_of_trucks": 2, "drone_capacity": 2, "number_of_drones": 2, "iteration": 3, "best_fitness": 206.0273265983211, "runtime": 198.22539043426514, "best_solution": [[[[0, [1, 15]], [5, [5]], [1, []], [12, [12, 11, 18]], [11, []], [15, []], [18, []], [14, [14, 8]], [8, []], [20, [20, 6]], [6, []]], [[0, []], [4, [4]], [0, [10, 13, 9, 16, 3, 7, 2]], [7, []], [17, [17, 19]], [10, []], [2, []], [3, []], [19, []], [13, []], [9, []], [16, []]]], [[[4, [4]]], [[5, [5]]], [[12, [18]]], [[12, [12, 11]]], [[17, [17, 19]]], [[14, [14, 8]]], [[20, [20, 6]]]]]}
