{"file_name": "U_20_0", "number_of_trucks": 2, "drone_capacity": 2, "number_of_drones": 2, "iteration": 1, "best_fitness": 193.52000000000004, "runtime": 161.8615427017212, "best_solution": [[[[0, [20, 5, 9, 3, 10, 11, 12]], [20, []], [5, []], [9, []], [3, []], [10, []], [11, []], [12, []], [16, [16]]], [[0, [18, 6, 1, 17, 19, 15]], [4, [13, 4, 2]], [13, []], [2, []], [19, []], [18, []], [6, []], [1, []], [8, [8, 14, 7]], [17, []], [15, []], [7, []], [14, []]]], [[[4, [13, 4]]], [[4, [2]]], [[8, [7]]], [[8, [8, 14]]], [[16, [16]]]]]}
{"file_name": "U_20_0", "number_of_trucks": 2, "drone_capacity": 2, "number_of_drones": 2, "iteration": 2, "best_fitness": 197.99429105522938, "runtime": 255.64086365699768, "best_solution": [[[[0, [3, 11, 12, 20, 5]], [20, []], [9, [9, 10]], [5, []], [3, []], [10, []], [11, []], [12, []], [16, [16, 14]], [14, []]], [[0, [17, 6, 1, 18, 19, 2, 15, 7, 13, 4]], [7, []], [17, []], [15, []], [6, []], [1, []], [8, [8]], [18, []], [19, []], [2, []], [13, []], [4, []]]], [[[9, [9, 10]]], [[16, [16, 14]]], [[8, [8]]]]]}
{"file_name": "U_20_0", "number_of_trucks": 2, "drone_capacity": 2, "number_of_drones": 2, "iteration": 3, "best_fitness": 195.5938972940778, "runtime": 77.11335134506226, "best_solution": [[[[0, [19, 18, 2, 15, 1, 17, 6]], [2, []], [19, []], [18, []], [17, []], [15, []], [6, []], [1, []], [8, [8, 9, 7]], [9, []], [7, []]], [[0, [20, 11, 3, 5]], [4, [4, 12]], [13, [13, 10]], [12, []], [11, []], [10, []], [3, []], [5, []], [20, []], [14, [14, 16]], [16, []]]], [[[4, [4, 12]]], [[13, [13, 10]]], [[8, [9, 7]]], [[8, [8]]], [[14, [14, 16]]]]]}
