{"file_name": "U_20_1", "number_of_trucks": 2, "drone_capacity": 2, "number_of_drones": 2, "iteration": 1, "best_fitness": 326.0, "runtime": 264.18716287612915, "best_solution": [[[[0, [14, 1, 4, 20, 13, 9, 15, 8]], [9, []], [13, []], [15, []], [14, []], [1, []], [4, []], [2, [2, 3]], [3, []], [8, []], [20, []], [19, [19]]], [[0, []], [10, [10]], [0, [6, 18]], [11, [16, 11]], [12, [12, 5]], [16, [17, 7]], [18, []], [17, []], [6, []], [7, []], [5, []]]], [[[10, [10]]], [[11, [16, 11]]], [[12, [12, 5]]], [[16, [17, 7]]], [[2, [2, 3]]], [[19, [19]]]]]}
{"file_name": "U_20_1", "number_of_trucks": 2, "drone_capacity": 2, "number_of_drones": 2, "iteration": 2, "best_fitness": 331.9536930624301, "runtime": 149.25884413719177, "best_solution": [[[[0, [15]], [10, [8, 10]], [15, [4, 14]], [16, [16, 1]], [4, []], [14, []], [1, []], [12, [12, 3]], [3, []], [2, [2, 20]], [8, []], [20, []]], [[0, [13, 18, 11, 6, 9]], [5, [5, 7]], [11, [17, 19]], [17, []], [18, []], [6, []], [7, []], [13, []], [9, []], [19, []]]], [[[10, [8, 10]]], [[15, [4, 14]]], [[16, [16, 1]]], [[5, [5, 7]]], [[11, [17, 19]]], [[12, [12, 3]]], [[2, [2, 20]]]]]}
{"file_name": "U_20_1", "number_of_trucks": 2, "drone_capacity": 2, "number_of_drones": 2, "iteration": 3, "best_fitness": 321.52107831948126, "runtime": 227.89948415756226, "best_solution": [[[[0, [11]], [10, [10, 18]], [11, [6, 15]], [15, []], [6, [14]], [5, [5, 1]], [7, [7, 17]], [17, []], [18, []], [14, []], [1, []], [12, [12, 19]], [19, []]], [[0, [4, 20, 13, 8, 9, 16]], [20, []], [13, []], [8, []], [3, [3, 2]], [2, []], [4, []], [16, []], [9, []]]], [[[10, [10, 18]]], [[11, [6, 15]]], [[6, [14]]], [[5, [5, 1]]], [[7, [7, 17]]], [[3, [3, 2]]], [[12, [12, 19]]]]]}
