{"file_name": "U_20_0", "number_of_trucks": 2, "drone_capacity": 2, "number_of_drones": 2, "iteration": 1, "best_fitness": 218.55647910299604, "runtime": 238.26392531394958, "best_solution": [[[[0, [6, 12, 15, 18, 16, 11]], [6, []], [16, []], [11, []], [12, []], [15, []], [18, []], [14, [14, 20]], [8, [8]], [20, []]], [[0, [4]], [7, [7, 2, 5, 1]], [5, []], [1, []], [13, [13, 10]], [9, [9, 3]], [19, [19, 17]], [3, []], [2, []], [17, []], [10, []], [4, []]]], [[[7, [2, 1]]], [[7, [7, 5]]], [[13, [13, 10]]], [[9, [9, 3]]], [[19, [19, 17]]], [[14, [14, 20]]], [[8, [8]]]]]}
{"file_name": "U_20_0", "number_of_trucks": 2, "drone_capacity": 2, "number_of_drones": 2, "iteration": 2, "best_fitness": 219.35647910299605, "runtime": 213.80138492584229, "best_solution": [[[[0, [6, 12, 11, 18, 16, 15]], [6, []], [12, []], [16, []], [11, []], [15, []], [18, []], [14, [14, 8]], [8, []], [20, [20]]], [[0, [4, 5, 1, 13, 2]], [4, []], [5, []], [1, []], [13, [10, 7]], [9, [9, 3]], [19, [19, 17]], [3, []], [2, []], [10, []], [17, []], [7, []]]], [[[13, [10, 7]]], [[9, [9, 3]]], [[19, [19, 17]]], [[14, [14, 8]]], [[20, [20]]]]]}
{"file_name": "U_20_0", "number_of_trucks": 2, "drone_capacity": 2, "number_of_drones": 2, "iteration": 3, "best_fitness": 230.48, "runtime": 98.87620043754578, "best_solution": [[[[0, [13, 7, 4, 2]], [4, []], [7, []], [2, []], [10, [10, 3]], [17, [17, 19]], [3, []], [19, []], [13, []], [9, [9, 12]], [12, []], [0, []]], [[0, [6, 5, 1, 16, 11, 15, 18]], [6, []], [5, []], [1, []], [16, []], [11, []], [15, []], [18, []], [14, [14, 8]], [8, []], [20, [20]]]], [[[10, [10, 3]]], [[17, [17, 19]]], [[9, [9, 12]]], [[14, [14, 8]]], [[20, [20]]]]]}
