{"file_name": "U_20_1", "number_of_trucks": 2, "drone_capacity": 2, "number_of_drones": 2, "iteration": 1, "best_fitness": 269.67999999999995, "runtime": 73.16971755027771, "best_solution": [[[[0, [18, 20, 11, 8, 1, 16, 5, 10, 19]], [18, []], [10, []], [19, []], [8, []], [1, []], [16, []], [11, []], [20, []], [5, []]], [[0, [12]], [4, [4, 17]], [17, []], [12, []], [0, [9, 15]], [9, []], [15, []], [7, [7, 6, 13, 14]], [6, []], [14, []], [3, [3, 2]], [13, []], [2, []]]], [[[4, [4, 17]]], [[7, [7, 6]]], [[7, [13, 14]]], [[3, [3, 2]]]]]}
{"file_name": "U_20_1", "number_of_trucks": 2, "drone_capacity": 2, "number_of_drones": 2, "iteration": 2, "best_fitness": 271.22323640048404, "runtime": 234.7630136013031, "best_solution": [[[[0, [15, 9, 17, 4]], [9, []], [15, []], [17, []], [4, []], [7, [7, 6]], [6, []], [2, [2, 14]], [14, []]], [[0, [16, 12, 8, 19]], [8, []], [19, []], [16, []], [12, []], [18, [18, 11]], [10, [10, 13]], [1, [1, 5]], [11, []], [20, [20, 3]], [3, []], [5, []], [13, []]]], [[[18, [18, 11]]], [[10, [10, 13]]], [[1, [1, 5]]], [[7, [7, 6]]], [[2, [2, 14]]], [[20, [20, 3]]]]]}
{"file_name": "U_20_1", "number_of_trucks": 2, "drone_capacity": 2, "number_of_drones": 2, "iteration": 3, "best_fitness": 266.1652934334832, "runtime": 58.53734111785889, "best_solution": [[[[0, [19, 16, 8]], [9, [9]], [19, []], [8, []], [16, []], [11, [11]], [18, [18, 10]], [10, []], [1, [1, 5]], [20, [20, 2]], [5, []], [2, []]], [[0, [12]], [12, []], [4, [4]], [17, [17, 15]], [15, []], [7, [7]], [6, [6, 14]], [14, []], [3, [3, 13]], [13, []]]], [[[9, [9]]], [[4, [4]]], [[17, [17, 15]]], [[7, [7]]], [[11, [11]]], [[18, [18, 10]]], [[6, [6, 14]]], [[1, [1, 5]]], [[3, [3, 13]]], [[20, [20, 2]]]]]}
