{"file_name": "U_20_0", "number_of_trucks": 2, "drone_capacity": 2, "number_of_drones": 2, "iteration": 1, "best_fitness": 268.8399999999999, "runtime": 273.6260201931, "best_solution": [[[[0, [10, 16, 11, 20, 5, 14, 18, 15, 13]], [15, []], [18, []], [10, []], [16, []], [11, []], [20, [12, 2]], [5, []], [13, []], [14, []], [12, []], [2, []]], [[0, [9, 4, 19, 17, 3]], [9, []], [19, []], [8, [8, 7]], [1, [1, 6]], [17, []], [3, []], [4, []], [6, []], [7, []]]], [[[8, [8, 7]]], [[1, [1, 6]]], [[20, [12, 2]]]]]}
{"file_name": "U_20_0", "number_of_trucks": 2, "drone_capacity": 2, "number_of_drones": 2, "iteration": 2, "best_fitness": 278.73101772239187, "runtime": 160.6122064590454, "best_solution": [[[[0, [17, 11, 16, 19, 14, 13, 3]], [14, []], [3, []], [17, []], [5, [5, 20]], [20, []], [11, []], [16, []], [19, []], [13, []], [12, [12, 2]], [2, []]], [[0, [4, 10, 15, 9]], [7, [7, 18]], [6, [6, 8]], [4, []], [1, [1]], [8, []], [10, []], [18, []], [9, []], [15, []]]], [[[7, [7, 18]]], [[6, [6, 8]]], [[5, [5, 20]]], [[1, [1]]], [[12, [12, 2]]]]]}
{"file_name": "U_20_0", "number_of_trucks": 2, "drone_capacity": 2, "number_of_drones": 2, "iteration": 3, "best_fitness": 263.31837622644343, "runtime": 234.98329329490662, "best_solution": [[[[0, [11, 16, 17, 19, 10]], [5, [5, 20]], [17, []], [20, []], [11, []], [16, []], [1, [1, 8, 18, 2]], [8, []], [19, []], [10, []], [18, []], [2, []]], [[0, [4, 14, 9]], [15, [15, 3, 7, 13]], [7, []], [6, [6, 12]], [4, []], [3, []], [13, []], [14, []], [12, []], [9, []]]], [[[15, [15, 13]]], [[15, [3, 7]]], [[5, [5, 20]]], [[6, [6, 12]]], [[1, [18, 2]]], [[1, [1, 8]]]]]}
