{"file_name": "U_20_1", "number_of_trucks": 2, "drone_capacity": 2, "number_of_drones": 2, "iteration": 1, "best_fitness": 339.68350280805697, "runtime": 199.15510392189026, "best_solution": [[[[0, [20, 16]], [5, [5]], [20, []], [16, [11, 4]], [11, []], [4, []], [7, [7]], [3, [3, 17]], [17, []]], [[0, [12, 18]], [18, []], [14, [14, 13]], [13, [15, 6]], [12, []], [15, []], [6, []], [9, [9]], [19, [19, 1]], [1, []], [8, [8]], [10, [10, 2]], [2, []]]], [[[14, [14, 13]]], [[13, [15, 6]]], [[5, [5]]], [[16, [11, 4]]], [[9, [9]]], [[7, [7]]], [[19, [19, 1]]], [[8, [8]]], [[10, [10, 2]]], [[3, [3, 17]]]]]}
{"file_name": "U_20_1", "number_of_trucks": 2, "drone_capacity": 2, "number_of_drones": 2, "iteration": 2, "best_fitness": 339.68350280805697, "runtime": 196.37000727653503, "best_solution": [[[[0, []], [6, [6]], [0, [12]], [15, [15, 5]], [5, []], [12, []], [9, [9]], [7, [7]], [3, [3, 17]], [17, []]], [[0, []], [20, [20]], [0, [4]], [4, []], [0, [13, 14]], [13, []], [14, []], [0, [18]], [18, []], [0, [16]], [19, [19, 11]], [11, []], [16, []], [1, [1, 8]], [8, []], [10, [10, 2]], [2, []]]], [[[20, [20]]], [[6, [6]]], [[15, [15, 5]]], [[9, [9]]], [[7, [7]]], [[19, [19, 11]]], [[1, [1, 8]]], [[10, [10, 2]]], [[3, [3, 17]]]]]}
{"file_name": "U_20_1", "number_of_trucks": 2, "drone_capacity": 2, "number_of_drones": 2, "iteration": 3, "best_fitness": 339.68350280805697, "runtime": 153.17440104484558, "best_solution": [[[[0, [12]], [12, []], [0, [20]], [20, []], [0, [13, 4, 6, 14]], [14, []], [13, []], [4, []], [6, []], [0, []], [7, [7]], [3, [3, 17]], [17, []]], [[0, [16]], [16, []], [0, [18]], [18, []], [0, []], [5, [5, 15]], [11, [11]], [9, [9]], [15, []], [2, [2, 19]], [8, [8, 1]], [1, []], [19, [10]], [10, []]]], [[[5, [5, 15]]], [[11, [11]]], [[9, [9]]], [[2, [2, 19]]], [[7, [7]]], [[8, [8, 1]]], [[19, [10]]], [[3, [3, 17]]]]]}
