{"file_name": "U_20_0", "number_of_trucks": 2, "drone_capacity": 2, "number_of_drones": 2, "iteration": 1, "best_fitness": 240.68, "runtime": 272.16850090026855, "best_solution": [[[[0, [20, 5, 10, 3, 9, 7, 6, 18]], [18, []], [20, []], [5, []], [10, []], [3, []], [9, []], [7, []], [6, []]], [[0, [2, 19]], [19, []], [2, []], [13, [13, 4, 11, 12]], [4, []], [11, []], [12, []], [16, [16, 14, 17, 15]], [14, []], [15, []], [17, []], [8, [8, 1]], [1, []]]], [[[13, [11, 12]]], [[13, [13, 4]]], [[16, [17, 15]]], [[16, [16, 14]]], [[8, [8, 1]]]]]}
{"file_name": "U_20_0", "number_of_trucks": 2, "drone_capacity": 2, "number_of_drones": 2, "iteration": 2, "best_fitness": 254.04, "runtime": 226.6371910572052, "best_solution": [[[[0, [13, 4, 18, 2, 20, 12, 11, 19, 5]], [19, []], [2, []], [13, []], [4, []], [16, [16, 14]], [12, []], [11, []], [5, []], [20, []], [14, []], [18, []]], [[0, [7, 15, 17, 1, 6, 10, 9, 3]], [10, []], [3, []], [9, []], [7, []], [15, []], [17, []], [8, [8]], [1, []], [6, []]]], [[[8, [8]]], [[16, [16, 14]]]]]}
{"file_name": "U_20_0", "number_of_trucks": 2, "drone_capacity": 2, "number_of_drones": 2, "iteration": 3, "best_fitness": 252.76, "runtime": 200.1015989780426, "best_solution": [[[[0, [12, 13, 1, 6, 11, 7, 4]], [13, []], [4, []], [12, []], [11, []], [16, [16, 8]], [7, []], [6, []], [8, []], [1, []]], [[0, [3, 20, 5, 15, 2, 19]], [18, [17, 18]], [15, [9, 10]], [17, []], [9, []], [3, []], [10, []], [5, []], [20, []], [14, [14]], [2, []], [19, []]]], [[[18, [17, 18]]], [[15, [9, 10]]], [[16, [16, 8]]], [[14, [14]]]]]}
