{"file_name": "U_20_1", "number_of_trucks": 2, "drone_capacity": 2, "number_of_drones": 2, "iteration": 1, "best_fitness": 282.40522047106015, "runtime": 242.67439699172974, "best_solution": [[[[0, [12, 4, 7, 2]], [12, []], [4, []], [3, [3, 16]], [5, [5]], [16, []], [14, [14, 10]], [7, []], [9, [9, 6]], [2, []], [6, []], [10, []]], [[0, [19]], [19, []], [0, [20]], [20, []], [15, [15, 11]], [11, []], [18, [18, 13]], [1, [1]], [13, []], [8, [8, 17]], [17, []]]], [[[3, [3, 16]]], [[15, [15, 11]]], [[18, [18, 13]]], [[5, [5]]], [[1, [1]]], [[14, [14, 10]]], [[8, [8, 17]]], [[9, [9, 6]]]]]}
{"file_name": "U_20_1", "number_of_trucks": 2, "drone_capacity": 2, "number_of_drones": 2, "iteration": 2, "best_fitness": 277.4546636578298, "runtime": 122.10182046890259, "best_solution": [[[[0, [4, 12]], [16, [16, 3]], [11, [11, 14]], [14, []], [5, [5, 13]], [3, []], [4, []], [13, []], [12, []], [8, [8, 17]], [17, []]], [[0, [19, 20]], [7, [7]], [19, []], [20, []], [0, []], [10, [10]], [0, [2, 15, 18, 1]], [18, []], [1, []], [2, []], [9, [9, 6]], [6, []], [15, []]]], [[[7, [7]]], [[16, [16, 3]]], [[11, [11, 14]]], [[10, [10]]], [[5, [5, 13]]], [[8, [8, 17]]], [[9, [9, 6]]]]]}
{"file_name": "U_20_1", "number_of_trucks": 2, "drone_capacity": 2, "number_of_drones": 2, "iteration": 3, "best_fitness": 282.0, "runtime": 242.45338582992554, "best_solution": [[[[0, [19]], [19, []], [0, []], [7, [7]], [0, [2, 11, 10, 15, 18]], [10, []], [15, []], [18, []], [11, []], [1, [1]], [9, [9, 6]], [2, []], [6, []]], [[0, [20]], [20, []], [0, [4, 12, 16, 3]], [16, []], [14, [14]], [5, [5]], [3, []], [4, []], [13, [13, 17]], [12, []], [8, [8]], [17, []]]], [[[14, [14]]], [[7, [7]]], [[5, [5]]], [[1, [1]]], [[13, [13, 17]]], [[8, [8]]], [[9, [9, 6]]]]]}
