{"file_name": "U_20_0", "number_of_trucks": 2, "drone_capacity": 2, "number_of_drones": 2, "iteration": 1, "best_fitness": 272.28000000000003, "runtime": 114.40353107452393, "best_solution": [[[[0, [2, 1, 5, 15]], [7, [7, 10, 18]], [10, []], [2, []], [5, []], [1, []], [15, []], [18, []], [14, [14, 8]], [8, []], [20, [20]]], [[0, [4]], [4, []], [0, [13, 12, 6, 3, 9, 16, 11]], [17, [17, 19]], [3, []], [19, []], [13, []], [9, []], [16, []], [11, []], [12, []], [6, []]]], [[[7, [18]]], [[7, [7, 10]]], [[17, [17, 19]]], [[14, [14, 8]]], [[20, [20]]]]]}
{"file_name": "U_20_0", "number_of_trucks": 2, "drone_capacity": 2, "number_of_drones": 2, "iteration": 2, "best_fitness": 265.7024168102878, "runtime": 242.21338486671448, "best_solution": [[[[0, [5, 1, 12, 18, 4, 16]], [4, []], [5, []], [1, []], [16, []], [12, []], [18, []], [14, [14, 8]], [8, []], [20, [20]]], [[0, [2, 15, 6, 13, 11, 7, 10]], [7, []], [10, []], [17, [17, 3, 19, 9]], [2, []], [3, []], [19, []], [13, []], [9, []], [11, []], [15, []], [6, []]]], [[[17, [3, 9]]], [[17, [17, 19]]], [[14, [14, 8]]], [[20, [20]]]]]}
{"file_name": "U_20_0", "number_of_trucks": 2, "drone_capacity": 2, "number_of_drones": 2, "iteration": 3, "best_fitness": 266.6417477603968, "runtime": 238.42380332946777, "best_solution": [[[[0, [4, 13, 2, 7]], [4, []], [7, []], [2, []], [10, [10, 3]], [17, [17, 19]], [3, []], [13, []], [19, []], [9, [9, 16]], [16, []]], [[0, [5, 1, 11, 15]], [6, [6, 18, 12]], [12, []], [5, []], [1, []], [11, []], [15, []], [18, []], [14, [14, 8]], [8, []], [20, [20]]]], [[[6, [6, 12]]], [[6, [18]]], [[10, [10, 3]]], [[17, [17, 19]]], [[14, [14, 8]]], [[9, [9, 16]]], [[20, [20]]]]]}
