{"file_name": "U_20_1", "number_of_trucks": 2, "drone_capacity": 2, "number_of_drones": 2, "iteration": 1, "best_fitness": 371.2303761943732, "runtime": 42.72693133354187, "best_solution": [[[[0, [18, 5, 6, 14, 20]], [6, []], [14, []], [20, []], [18, []], [5, []], [19, [19, 11]], [11, []], [1, [1, 8]], [8, []], [10, [10, 2]], [2, []]], [[0, [16, 12]], [16, [4]], [12, [13, 15]], [4, []], [13, []], [15, []], [9, [9]], [7, [7]], [3, [3, 17]], [17, []]]], [[[16, [4]]], [[12, [13, 15]]], [[19, [19, 11]]], [[9, [9]]], [[7, [7]]], [[1, [1, 8]]], [[3, [3, 17]]], [[10, [10, 2]]]]]}
{"file_name": "U_20_1", "number_of_trucks": 2, "drone_capacity": 2, "number_of_drones": 2, "iteration": 2, "best_fitness": 360.86893724073013, "runtime": 252.00019645690918, "best_solution": [[[[0, [20, 13, 6, 18, 12, 5, 14]], [18, []], [14, []], [12, []], [5, []], [20, []], [13, []], [6, []], [7, [7, 2]], [3, [3, 17]], [17, []], [2, []]], [[0, []], [16, [16, 4]], [4, []], [11, [11]], [15, [15]], [9, [9, 19]], [8, [8, 1]], [1, []], [19, []], [10, [10]]]], [[[16, [16, 4]]], [[11, [11]]], [[15, [15]]], [[7, [7, 2]]], [[9, [9, 19]]], [[8, [8, 1]]], [[3, [3, 17]]], [[10, [10]]]]]}
{"file_name": "U_20_1", "number_of_trucks": 2, "drone_capacity": 2, "number_of_drones": 2, "iteration": 3, "best_fitness": 360.86893724073013, "runtime": 197.50133442878723, "best_solution": [[[[0, [5, 18, 13, 9, 15]], [15, []], [13, []], [5, []], [18, []], [19, [19, 1]], [1, []], [8, [8, 10]], [10, []], [9, []]], [[0, [14, 16, 12, 6, 4]], [14, [20]], [4, []], [16, []], [11, [11]], [20, []], [12, []], [6, []], [7, [7, 2]], [3, [3, 17]], [17, []], [2, []]]], [[[14, [20]]], [[11, [11]]], [[19, [19, 1]]], [[7, [7, 2]]], [[8, [8, 10]]], [[3, [3, 17]]]]]}
