{"file_name": "U_20_1", "number_of_trucks": 2, "drone_capacity": 2, "number_of_drones": 2, "iteration": 1, "best_fitness": 267.0700519356611, "runtime": 176.63342332839966, "best_solution": [[[[0, [10]], [10, []], [0, [15]], [15, []], [0, []], [14, [14, 4]], [4, []], [16, [16, 1]], [1, []], [12, [12, 3]], [2, [2, 8]], [3, []], [8, []], [20, [20, 9]], [9, []]], [[0, [6, 13, 11, 18]], [11, []], [13, []], [6, []], [7, [7, 5]], [18, []], [17, [17, 19]], [5, []], [19, []]]], [[[14, [14, 4]]], [[16, [16, 1]]], [[7, [7, 5]]], [[12, [12, 3]]], [[17, [17, 19]]], [[2, [2, 8]]], [[20, [20, 9]]]]]}
{"file_name": "U_20_1", "number_of_trucks": 2, "drone_capacity": 2, "number_of_drones": 2, "iteration": 2, "best_fitness": 268.2703471494449, "runtime": 205.1600308418274, "best_solution": [[[[0, [15, 13, 8]], [15, []], [13, []], [8, [20]], [20, []], [0, [5, 9, 19, 6, 7, 11]], [9, []], [19, []], [5, []], [6, []], [7, []], [11, []]], [[0, [10]], [10, []], [0, [18]], [4, [4, 14]], [1, [1, 16]], [16, []], [14, []], [18, []], [17, [17, 3]], [2, [2, 12]], [3, []], [12, []]]], [[[4, [4, 14]]], [[8, [20]]], [[1, [1, 16]]], [[17, [17, 3]]], [[2, [2, 12]]]]]}
{"file_name": "U_20_1", "number_of_trucks": 2, "drone_capacity": 2, "number_of_drones": 2, "iteration": 3, "best_fitness": 268.99129760793096, "runtime": 88.3443660736084, "best_solution": [[[[0, [6, 15]], [6, []], [15, []], [0, [10]], [13, [13, 9]], [9, []], [10, []], [5, [5, 7]], [7, []], [17, [17, 14]], [14, []]], [[0, [11, 18]], [11, []], [18, []], [4, [4]], [16, [16, 8]], [1, [1, 20]], [19, [19, 12]], [20, []], [8, []], [3, [3, 2]], [2, []], [12, []]]], [[[4, [4]]], [[16, [16, 8]]], [[1, [1, 20]]], [[13, [13, 9]]], [[5, [5, 7]]], [[19, [19, 12]]], [[17, [17, 14]]], [[3, [3, 2]]]]]}
