{"file_name": "U_100_1", "number_of_trucks": 2, "drone_capacity": 10, "number_of_drones": 20, "iteration": 1, "best_fitness": 748.58108577219, "runtime": 10841.405848741531, "best_solution": [[[[0, [9, 70, 11, 99, 76]], [9, [96, 2]], [70, []], [76, []], [11, []], [99, []], [96, []], [2, []], [0, [18, 43, 46, 88, 45, 6]], [18, []], [43, []], [46, []], [88, []], [45, []], [6, []], [0, [3, 26]], [34, [34, 80]], [26, []], [80, []], [3, []], [0, [97, 89, 84, 75, 72, 67, 57, 59, 47, 19, 30, 4, 78, 95, 81, 73, 91, 52, 90, 21, 31, 39, 93, 36, 27, 51, 85, 100]], [57, []], [19, []], [97, []], [89, []], [39, []], [93, []], [27, []], [78, []], [51, []], [4, []], [47, []], [67, []], [73, []], [84, []], [75, []], [30, []], [72, []], [59, []], [95, []], [81, []], [36, []], [85, []], [91, []], [52, []], [90, []], [21, []], [31, []], [100, []]], [[0, []], [10, [74, 40, 10]], [40, []], [64, [64, 13, 92, 77]], [13, []], [92, []], [77, []], [63, [63, 32, 82, 20, 94, 35, 38]], [32, []], [82, []], [20, []], [94, []], [35, []], [38, []], [65, [79, 12, 61, 28, 71, 65, 44, 42, 56, 24, 14, 7, 8]], [24, []], [14, []], [7, []], [74, []], [8, []], [56, []], [79, []], [12, []], [71, []], [61, []], [15, [15, 25, 41, 22, 17, 60, 87, 49, 1]], [1, []], [17, []], [87, []], [60, []], [49, []], [42, []], [28, []], [25, []], [41, []], [22, []], [44, []], [0, [5, 66, 33, 86, 55, 53, 98, 69, 68, 37, 54, 29, 23, 62, 83, 58, 48, 50, 16]], [69, []], [5, []], [98, []], [66, []], [33, []], [37, []], [54, []], [29, []], [23, []], [62, []], [86, []], [55, []], [83, []], [68, []], [58, []], [48, []], [53, []], [50, []], [16, []]]], [[[9, [96, 2]]], [[10, [74, 40, 10]]], [[64, [64, 13, 92, 77]]], [[63, [63, 32, 82, 20, 94, 35, 38]]], [[65, [79, 12, 61, 28, 71, 24, 14, 7, 8]]], [[65, [65, 44, 42, 56]]], [[34, [34, 80]]], [[15, [17, 60, 87, 49, 1]]], [[15, [15, 25, 41, 22]]]]]}
{"file_name": "U_100_1", "number_of_trucks": 2, "drone_capacity": 10, "number_of_drones": 20, "iteration": 2, "best_fitness": 1071.2000000000003, "runtime": 1500.9056215286255, "best_solution": [[[[0, [96, 35, 94, 33, 91, 36, 20, 81, 85, 3, 88, 57, 19, 16, 70, 45, 26, 44, 22, 41, 97, 89, 51, 24, 47, 4, 78, 27, 46, 93, 39, 25, 98, 49, 15, 23, 86, 95, 99, 80, 9]], [96, []], [35, []], [94, []], [33, []], [91, []], [36, []], [20, []], [81, []], [85, []], [3, []], [88, []], [57, []], [19, []], [16, []], [70, []], [45, []], [26, []], [44, []], [22, []], [41, []], [97, []], [89, []], [51, []], [24, []], [47, []], [4, []], [78, []], [27, []], [46, []], [93, []], [39, []], [25, []], [98, []], [49, []], [15, []], [23, []], [86, []], [95, []], [99, []], [80, []], [9, []]], [[0, [64, 5, 2, 10, 76, 6, 43, 18, 32, 82, 66, 28, 71, 11, 77, 67, 63, 73, 13, 8, 74, 56, 12, 79]], [64, [72, 61, 69, 42, 60]], [5, []], [2, []], [10, []], [76, []], [6, []], [43, []], [18, []], [32, []], [82, []], [66, []], [28, []], [71, []], [11, []], [77, []], [67, []], [63, []], [73, []], [13, []], [8, []], [74, []], [56, []], [12, []], [79, []], [72, []], [61, []], [69, []], [42, []], [60, []], [87, [87, 17, 59, 55, 1, 29, 40, 54, 38, 65]], [17, []], [59, []], [55, []], [1, []], [29, []], [40, []], [54, []], [38, []], [65, []], [30, [30, 14, 7, 75, 92, 84, 37, 62, 83, 68]], [14, []], [7, []], [75, []], [92, []], [84, []], [37, []], [62, []], [83, []], [68, []], [58, [58, 48, 53, 52, 50, 90, 31, 21, 100, 34]], [48, []], [53, []], [52, []], [50, []], [90, []], [31, []], [21, []], [100, []], [34, []]]], [[[64, [72, 61, 69, 42, 60]]], [[87, [87, 17, 59, 55, 1, 29, 40, 54, 38, 65]]], [[30, [30, 14, 7, 75, 92, 84, 37, 62, 83, 68]]], [[58, [58, 48, 53, 52, 50, 90, 31, 21, 100, 34]]]]]}
{"file_name": "U_100_1", "number_of_trucks": 2, "drone_capacity": 10, "number_of_drones": 20, "iteration": 3, "best_fitness": 748.542988902377, "runtime": 1877.0322411060333, "best_solution": [[[[0, []], [38, [38]], [33, [33]], [46, [46, 6, 18, 9, 64, 86, 70]], [6, []], [18, []], [9, []], [64, []], [86, []], [20, [20]], [36, [36, 32, 71, 28, 26, 45, 93, 19]], [32, [57]], [71, []], [28, []], [26, []], [45, []], [93, []], [19, []], [57, []], [16, [16, 15, 94, 55, 1, 59, 72, 25, 69, 98]], [15, []], [94, []], [55, []], [1, []], [59, []], [72, []], [25, []], [69, []], [98, []], [42, [42, 29, 35, 23, 62, 83, 68, 58, 85, 81]], [29, []], [35, []], [23, []], [62, []], [83, []], [68, []], [58, []], [85, []], [81, []], [95, [95, 48, 53, 52, 50, 90, 31, 21, 100]], [48, []], [53, []], [52, []], [50, []], [90, []], [31, []], [21, []], [100, []], [70, []]], [[0, []], [99, [10, 99, 40, 66, 5]], [40, []], [66, []], [5, []], [11, [11, 96]], [96, []], [91, [91]], [3, [3, 2, 82, 76, 79]], [2, []], [82, []], [76, []], [79, []], [65, [65, 77, 63, 73, 74, 8, 14, 92, 30, 24]], [77, []], [63, []], [73, []], [74, []], [8, []], [14, []], [92, []], [30, []], [24, []], [12, [12, 61, 56, 67, 47, 78, 4, 51, 97, 89]], [61, []], [56, []], [67, []], [47, []], [78, []], [4, []], [51, []], [97, []], [89, []], [41, [41, 44, 43, 88, 80, 49, 60, 87, 17]], [44, []], [43, []], [88, []], [80, []], [49, []], [60, []], [87, []], [17, []], [10, []], [54, [54, 37, 84, 7, 75, 13, 27, 39, 22, 34]], [37, []], [84, []], [7, []], [75, []], [13, []], [27, []], [39, []], [22, []], [34, []]]], [[[99, [10, 99, 40, 66, 5]]], [[38, [38]]], [[33, [33]]], [[11, [11, 96]]], [[46, [46, 6, 18, 9, 64, 86, 70]]], [[20, [20]]], [[36, [36, 32, 71, 28, 26, 45, 93, 19]]], [[91, [91]]], [[3, [3, 2, 82, 76, 79]]], [[65, [65, 77, 63, 73, 74, 8, 14, 92, 30, 24]]], [[32, [57]]], [[12, [12, 61, 56, 67, 47, 78, 4, 51, 97, 89]]], [[41, [41, 44, 43, 88, 80, 49, 60, 87, 17]]], [[16, [16, 15, 94, 55, 1, 59, 72, 25, 69, 98]]], [[42, [42, 29, 35, 23, 62, 83, 68, 58, 85, 81]]], [[95, [95, 48, 53, 52, 50, 90, 31, 21, 100]]], [[54, [54, 37, 84, 7, 75, 13, 27, 39, 22, 34]]]]]}
