{"file_name": "U_100_1", "number_of_trucks": 2, "drone_capacity": 10, "number_of_drones": 20, "iteration": 1, "best_fitness": 781.7999999999998, "runtime": 6717.7063274383545, "best_solution": [[[[0, [99, 100, 72]], [99, []], [94, [36, 17, 90, 91, 94, 20, 47]], [91, []], [72, []], [47, []], [20, []], [90, []], [17, []], [36, []], [19, [19, 70, 71, 35, 81, 46]], [100, []], [70, []], [71, []], [81, []], [35, []], [73, [73, 8, 1]], [8, []], [46, []], [1, []], [0, [64, 3, 48, 50, 21, 78, 4, 14, 79, 51, 96, 43, 74, 33, 12, 52, 86, 25, 13, 66, 30, 97, 31, 88, 92, 34, 44, 58, 98, 10]], [48, []], [21, []], [78, []], [64, []], [50, []], [3, []], [98, []], [4, []], [14, []], [79, []], [51, []], [96, []], [43, []], [74, []], [33, []], [12, []], [52, []], [86, []], [25, []], [13, []], [10, []], [66, []], [30, []], [97, []], [31, []], [88, []], [92, []], [34, []], [44, []], [58, []]], [[0, [56, 39, 57, 55, 59, 95, 60]], [56, []], [39, []], [57, []], [95, [9, 49, 53, 16, 83, 87]], [55, []], [59, [29, 42, 68, 61, 5]], [9, []], [49, []], [53, []], [29, []], [42, []], [16, []], [83, []], [60, []], [87, []], [68, []], [38, [38, 84]], [84, []], [61, []], [5, []], [0, [67, 7, 18, 62, 40, 69, 54, 85, 45, 41, 82, 89, 37, 93, 76, 75, 15, 26, 32, 77, 6, 24, 65, 28, 2, 80, 63, 27, 23, 22, 11]], [67, []], [11, []], [7, []], [18, []], [62, []], [40, []], [69, []], [54, []], [85, []], [45, []], [41, []], [82, []], [89, []], [37, []], [93, []], [76, []], [75, []], [15, []], [26, []], [32, []], [27, []], [23, []], [77, []], [6, []], [24, []], [65, []], [28, []], [2, []], [80, []], [63, []], [22, []]]], [[[95, [9, 49, 53, 16, 83, 87]]], [[94, [36, 17, 90, 91, 94, 20, 47]]], [[59, [29, 42, 68, 61, 5]]], [[19, [19, 70, 71, 35, 81, 46]]], [[73, [73, 8, 1]]], [[38, [38, 84]]]]]}
{"file_name": "U_100_1", "number_of_trucks": 2, "drone_capacity": 10, "number_of_drones": 20, "iteration": 2, "best_fitness": 1093.0399999999997, "runtime": 1381.5483033657074, "best_solution": [[[[0, [60, 53, 19, 93, 49, 71, 16, 29, 70, 2, 17, 36, 32, 23, 24, 77, 46, 91, 1, 59, 83, 87, 84, 38, 12, 42, 33, 43, 8, 37, 89, 62, 22, 7, 66, 67, 78, 21, 35, 54, 98, 48, 34, 92, 58]], [60, []], [53, []], [19, []], [93, []], [49, []], [71, []], [16, []], [29, []], [70, []], [2, []], [17, []], [36, []], [32, []], [23, []], [24, []], [77, []], [46, []], [91, []], [1, []], [59, []], [83, []], [87, []], [84, []], [38, []], [12, []], [42, []], [33, []], [43, []], [8, []], [37, []], [89, []], [62, []], [22, []], [7, []], [66, []], [67, []], [78, []], [21, []], [35, []], [54, []], [98, []], [48, []], [34, []], [92, []], [58, []]], [[0, [99, 10, 56, 57, 47, 20, 72, 90, 74, 95, 94, 9, 31, 61, 18, 44, 40, 69, 64, 3, 73, 55, 11, 14, 5, 97, 30, 13, 68, 25, 86, 52, 79, 51, 39, 96, 81, 15, 45]], [99, []], [10, []], [56, [85, 50, 82, 41, 75, 76]], [57, []], [47, []], [20, []], [72, []], [90, []], [74, []], [95, []], [94, []], [9, []], [31, []], [61, []], [18, []], [44, []], [40, []], [69, []], [64, []], [3, []], [73, []], [55, []], [11, []], [14, []], [5, []], [97, []], [30, []], [13, []], [68, []], [25, []], [86, []], [52, []], [79, []], [51, []], [39, []], [96, []], [81, []], [15, []], [45, []], [85, []], [50, []], [82, []], [41, []], [75, []], [76, []], [26, [26, 27, 6, 28, 100, 65, 80, 63, 4, 88]], [27, []], [6, []], [28, []], [100, []], [65, []], [80, []], [63, []], [4, []], [88, []]]], [[[56, [85, 50, 82, 41, 75, 76]]], [[26, [26, 27, 6, 28, 100, 65, 80, 63, 4, 88]]]]]}
{"file_name": "U_100_1", "number_of_trucks": 2, "drone_capacity": 10, "number_of_drones": 20, "iteration": 3, "best_fitness": 789.72, "runtime": 1699.3375885486603, "best_solution": [[[[0, [20, 60, 53, 71]], [20, []], [60, []], [53, []], [71, []], [83, [83, 54, 3, 57, 70, 90, 51, 29, 42, 47]], [54, []], [3, []], [57, []], [70, []], [90, []], [51, []], [29, []], [42, []], [47, []], [79, [79, 12, 52, 25, 68, 84, 38, 10, 33, 43]], [12, []], [52, []], [25, []], [68, []], [84, []], [38, []], [10, []], [33, []], [43, []], [96, [96, 76, 41, 85, 64, 50, 35, 78, 21, 48]], [76, []], [41, []], [85, []], [64, []], [50, []], [35, []], [78, []], [21, []], [48, []], [69, [69, 34, 58, 44, 92, 31, 67, 7, 62, 88]], [34, []], [58, []], [44, []], [92, []], [31, []], [67, []], [7, []], [62, []], [88, []]], [[0, [91, 13]], [91, []], [13, []], [56, [56, 74, 19, 95]], [74, []], [19, []], [95, []], [22, [22, 59, 49, 14, 87, 86, 72, 9, 94, 61]], [59, []], [49, []], [14, []], [87, []], [86, []], [72, []], [9, []], [94, []], [61, []], [11, [11, 66, 30, 99, 97, 5, 40, 18, 55, 98]], [66, []], [30, []], [99, []], [97, []], [5, []], [40, []], [18, []], [55, []], [98, []], [73, [73, 45, 75, 93, 82, 89, 8, 46, 1, 39, 27, 23, 24, 28]], [45, []], [75, []], [93, []], [82, []], [89, []], [8, []], [46, []], [1, []], [39, []], [2, [2, 16, 81, 37, 6, 17, 36, 77, 26, 15, 100, 65, 80, 63, 4, 32]], [16, []], [81, []], [37, []], [6, []], [17, []], [36, []], [77, []], [26, []], [15, []], [32, []], [27, []], [23, []], [24, []], [28, []], [100, []], [65, []], [80, []], [63, []], [4, []]]], [[[56, [56, 74, 19, 95]]], [[22, [22, 59, 49, 14, 87, 86, 72, 9, 94, 61]]], [[83, [83, 54, 3, 57, 70, 90, 51, 29, 42, 47]]], [[11, [11, 66, 30, 99, 97, 5, 40, 18, 55, 98]]], [[73, [73, 45, 75, 93, 82, 89, 8, 46, 1, 39]]], [[79, [79, 12, 52, 25, 68, 84, 38, 10, 33, 43]]], [[96, [96, 76, 41, 85, 64, 50, 35, 78, 21, 48]]], [[73, [27, 23, 24, 28]]], [[2, [2, 16, 81, 37, 6, 17, 36, 77, 26, 15]]], [[2, [100, 65, 80, 63, 4, 32]]], [[69, [69, 34, 58, 44, 92, 31, 67, 7, 62, 88]]]]]}
