{"file_name": "U_75_1", "number_of_trucks": 2, "drone_capacity": 10, "number_of_drones": 20, "iteration": 1, "best_fitness": 703.5939243435183, "runtime": 4744.590432167053, "best_solution": [[[[0, []], [64, [64, 21, 27, 72, 47, 16, 7, 59, 40]], [16, []], [7, []], [59, []], [40, []], [27, []], [72, []], [47, [73, 58]], [73, []], [58, []], [71, [71, 35, 74, 65, 12, 1]], [74, []], [65, []], [57, [57, 53, 46, 4, 26, 49, 75, 22, 2, 31]], [53, []], [46, []], [4, []], [26, []], [12, []], [67, [67, 8, 66, 24]], [49, []], [75, []], [8, [20, 37, 55, 62, 5, 54, 52, 43, 41, 6]], [22, []], [20, []], [2, []], [1, []], [37, []], [55, []], [62, []], [5, []], [54, []], [31, []], [21, []], [52, []], [43, []], [41, []], [6, []], [66, []], [24, []], [35, []]], [[0, [68, 9]], [9, []], [29, [10, 29, 63, 33]], [63, []], [33, []], [68, []], [10, []], [30, [30, 56]], [56, []], [0, [36, 70, 13, 34, 28, 3, 14]], [15, [15, 19, 25, 61, 17, 39]], [19, []], [25, []], [61, []], [36, []], [17, []], [39, []], [51, [51, 38, 11, 18, 44, 23, 50]], [38, []], [11, []], [18, []], [70, []], [44, []], [13, []], [34, []], [23, []], [28, []], [45, [45, 48, 60, 32, 42, 69]], [48, []], [50, []], [60, []], [32, []], [69, []], [42, []], [3, []], [14, []]]], [[[64, [21, 27, 72, 47, 16, 7, 59, 40]]], [[29, [10, 29, 63, 33]]], [[64, [64]]], [[47, [73, 58]]], [[30, [30, 56]]], [[15, [15, 19, 25, 61, 17, 39]]], [[51, [51, 38, 11, 18, 44, 23, 50]]], [[71, [71, 35, 74, 65, 12, 1]]], [[57, [57, 53, 46, 4, 26, 49, 75, 22, 2, 31]]], [[45, [45, 48, 60, 32, 42, 69]]], [[67, [67, 8, 66, 24]]], [[8, [20, 37, 55, 62, 5, 54, 52, 43, 41, 6]]]]]}
{"file_name": "U_75_1", "number_of_trucks": 2, "drone_capacity": 10, "number_of_drones": 20, "iteration": 2, "best_fitness": 693.6595818784873, "runtime": 642.0518982410431, "best_solution": [[[[0, []], [14, [14]], [64, [64, 70, 72, 63, 10, 68]], [70, []], [72, []], [63, []], [10, []], [68, []], [9, [9, 75, 56, 28, 15, 39, 29]], [75, [17, 61, 25]], [56, []], [28, []], [15, []], [39, []], [29, []], [17, []], [61, []], [25, []], [22, [22, 71, 49, 67, 34, 50, 30, 23, 48]], [71, []], [49, []], [67, []], [34, []], [50, []], [30, []], [23, []], [48, []], [45, [45, 19, 41, 20, 69, 8, 43, 6, 66, 60]], [19, []], [41, []], [20, []], [69, []], [8, []], [43, []], [6, []], [66, []], [60, []]], [[0, [36, 59]], [36, []], [59, []], [7, [7]], [13, [13, 16]], [16, []], [12, [12, 47, 3, 65, 74]], [47, []], [3, []], [65, []], [74, []], [33, [33]], [2, [2, 58, 1, 27, 73, 11, 18, 21]], [58, []], [1, []], [27, []], [73, []], [11, []], [18, []], [21, []], [44, [44, 57, 40, 53, 46, 4, 26, 54, 31, 51]], [57, []], [40, []], [53, []], [46, []], [4, []], [26, []], [54, []], [31, []], [51, []], [52, [52, 24, 38, 5, 62, 55, 37, 42, 32, 35]], [24, []], [38, []], [5, []], [62, []], [55, []], [37, []], [42, []], [32, []], [35, []]]], [[[14, [14]]], [[64, [64, 70, 72, 63, 10, 68]]], [[9, [9, 75, 56, 28, 15, 39, 29]]], [[7, [7]]], [[13, [13, 16]]], [[12, [12, 47, 3, 65, 74]]], [[75, [17, 61, 25]]], [[33, [33]]], [[2, [2, 58, 1, 27, 73, 11, 18, 21]]], [[44, [44, 57, 40, 53, 46, 4, 26, 54, 31, 51]]], [[52, [52, 24, 38, 5, 62, 55, 37, 42, 32, 35]]], [[22, [22, 71, 49, 67, 34, 50, 30, 23, 48]]], [[45, [45, 19, 41, 20, 69, 8, 43, 6, 66, 60]]]]]}
{"file_name": "U_75_1", "number_of_trucks": 2, "drone_capacity": 10, "number_of_drones": 20, "iteration": 3, "best_fitness": 712.2728316019093, "runtime": 539.0101680755615, "best_solution": [[[[0, []], [72, [47, 72, 7, 68, 3, 33, 75, 9, 25]], [7, []], [68, []], [3, []], [33, []], [75, []], [9, []], [25, []], [39, [39, 30, 34, 74, 65, 58, 2, 1, 73]], [30, []], [34, []], [74, []], [65, []], [58, []], [2, []], [1, []], [73, []], [47, []], [40, [40, 11, 18, 51, 24, 23, 71, 17, 50, 48]], [11, []], [18, []], [51, []], [24, []], [23, []], [71, []], [17, []], [50, []], [48, []], [45, [45, 41, 20, 22, 69, 8, 43, 6, 66, 60]], [41, []], [20, []], [22, []], [69, []], [8, []], [43, []], [6, []], [66, []], [60, []]], [[0, [63, 36, 29]], [63, [10, 64, 16, 14]], [36, []], [29, []], [10, []], [64, []], [16, []], [14, []], [56, [56, 15, 28, 19, 61, 53, 70, 38, 31, 13]], [15, []], [28, []], [19, []], [61, []], [53, []], [70, []], [38, []], [31, []], [13, []], [44, [44, 21, 12, 67, 49, 26, 46, 4, 59, 27]], [21, []], [12, []], [67, []], [49, []], [26, []], [46, []], [4, []], [59, []], [27, []], [42, [42, 37, 55, 62, 57, 5, 54, 32, 52, 35]], [37, []], [55, []], [62, []], [57, []], [5, []], [54, []], [32, []], [52, []], [35, []]]], [[[63, [10, 64, 16, 14]]], [[72, [47, 72, 7, 68, 3, 33, 75, 9, 25]]], [[56, [56, 15, 28, 19, 61, 53, 70, 38, 31, 13]]], [[39, [39, 30, 34, 74, 65, 58, 2, 1, 73]]], [[44, [44, 21, 12, 67, 49, 26, 46, 4, 59, 27]]], [[40, [40, 11, 18, 51, 24, 23, 71, 17, 50, 48]]], [[45, [45, 41, 20, 22, 69, 8, 43, 6, 66, 60]]], [[42, [42, 37, 55, 62, 57, 5, 54, 32, 52, 35]]]]]}
