{"file_name": "U_100_1", "number_of_trucks": 2, "drone_capacity": 10, "number_of_drones": 20, "iteration": 1, "best_fitness": 740.28, "runtime": 11119.161652326584, "best_solution": [[[[0, [13, 96, 55, 14, 44, 37, 34, 32]], [34, []], [14, [25, 69, 86, 53, 27, 29, 52, 63]], [55, []], [32, []], [13, []], [96, []], [37, []], [44, []], [53, []], [27, []], [29, []], [52, []], [63, []], [25, []], [69, []], [86, []], [0, [56, 48, 12, 89, 65, 75, 23, 28, 35, 99, 17, 98, 90, 43, 6, 24, 10, 100, 79, 87, 57, 21, 1]], [57, []], [100, []], [79, []], [56, []], [48, []], [12, []], [89, []], [65, []], [75, []], [23, []], [28, []], [87, []], [35, []], [99, []], [17, []], [98, []], [90, []], [43, []], [6, []], [24, []], [21, []], [1, []], [10, []]], [[0, []], [67, [67, 2, 74, 80, 47, 60, 54, 8]], [50, [50, 3, 19, 85]], [3, []], [19, []], [85, []], [2, []], [74, []], [80, []], [47, []], [60, []], [30, [30, 51, 70, 18, 91, 38, 15, 78, 33, 31]], [51, []], [70, []], [18, []], [91, []], [38, []], [15, []], [78, []], [33, []], [31, []], [71, [71, 42, 72, 93, 88, 59, 41, 76, 58, 62, 7, 97, 77, 81, 94, 95, 4]], [42, []], [72, []], [93, []], [88, []], [59, []], [41, []], [76, []], [64, [64, 66, 39, 36, 16, 82]], [58, []], [26, [26, 9, 11, 73, 46, 22, 45, 84, 83, 20, 92, 68, 61, 49, 5, 40]], [20, []], [54, []], [8, []], [62, []], [7, []], [95, []], [94, []], [97, []], [77, []], [81, []], [9, []], [11, []], [73, []], [83, []], [66, []], [39, []], [4, []], [36, []], [16, []], [82, []], [92, []], [68, []], [61, []], [49, []], [5, []], [46, []], [22, []], [45, []], [84, []], [40, []]]], [[[14, [25, 69, 86, 53, 27, 29, 52, 63]]], [[67, [2, 74, 80, 47, 60, 54, 8]]], [[67, [67]]], [[50, [50, 3, 19, 85]]], [[30, [30, 51, 70, 18, 91, 38, 15, 78, 33, 31]]], [[71, [71, 42, 72, 93, 88, 59, 41, 76, 58, 4]]], [[71, [62, 7, 97, 77, 81, 94, 95]]], [[64, [64, 66, 39, 36, 16, 82]]], [[26, [46, 22, 45, 84, 83, 20]]], [[26, [26, 9, 11, 73, 92, 68, 61, 49, 5, 40]]]]]}
{"file_name": "U_100_1", "number_of_trucks": 2, "drone_capacity": 10, "number_of_drones": 20, "iteration": 2, "best_fitness": 1049.9600000000003, "runtime": 1372.3562092781067, "best_solution": [[[[0, [18, 71, 24, 67, 69, 34, 33, 63, 25, 42, 93, 88, 31, 50, 3, 9, 97, 95, 94, 7, 62, 20, 41, 76, 26, 58, 59, 72, 54, 8, 35, 87, 28, 17, 98, 90, 64, 6, 79, 100, 57, 10]], [18, []], [71, []], [24, []], [67, []], [69, []], [34, []], [33, []], [63, []], [25, []], [42, []], [93, []], [88, []], [31, []], [50, []], [3, []], [9, []], [97, []], [95, []], [94, []], [7, []], [62, []], [20, []], [41, []], [76, []], [26, []], [58, []], [59, []], [72, []], [54, []], [8, []], [35, []], [87, []], [28, []], [17, []], [98, []], [90, []], [64, []], [6, []], [79, []], [100, []], [57, []], [10, []]], [[0, [19, 14, 74, 13, 99, 23, 85, 2, 32, 80, 55, 78, 30, 51, 44, 4, 70, 15, 91, 1, 21, 52, 43, 56, 48, 29, 38, 89, 68, 27, 5, 49, 77, 81, 66, 83, 73, 11, 60, 47, 75, 96, 37, 53, 36, 16, 39, 82]], [19, []], [14, []], [74, []], [13, []], [99, []], [23, [92, 84, 45, 65, 46, 86, 22, 61, 12, 40]], [85, []], [2, []], [32, []], [80, []], [55, []], [78, []], [30, []], [51, []], [44, []], [4, []], [70, []], [15, []], [91, []], [1, []], [21, []], [52, []], [43, []], [56, []], [48, []], [29, []], [38, []], [89, []], [68, []], [27, []], [5, []], [49, []], [77, []], [81, []], [66, []], [83, []], [73, []], [11, []], [60, []], [47, []], [75, []], [96, []], [37, []], [53, []], [36, []], [16, []], [39, []], [82, []], [92, []], [84, []], [45, []], [65, []], [46, []], [86, []], [22, []], [61, []], [12, []], [40, []]]], [[[23, [92, 84, 45, 65, 46, 86, 22, 61, 12, 40]]]]]}
{"file_name": "U_100_1", "number_of_trucks": 2, "drone_capacity": 10, "number_of_drones": 20, "iteration": 3, "best_fitness": 996.52, "runtime": 1431.0329196453094, "best_solution": [[[[0, [74, 99, 55, 32, 2, 23, 13, 71, 93, 88, 31, 63, 34, 24, 42, 69, 25, 18, 61, 21, 1, 78, 14, 48, 56, 100, 79, 29, 89, 16, 36, 4]], [74, []], [99, [39, 87, 85]], [55, []], [32, []], [2, []], [23, []], [13, []], [71, []], [93, []], [88, []], [31, []], [63, []], [34, []], [24, []], [42, []], [69, []], [25, []], [18, []], [61, []], [21, []], [1, []], [78, []], [14, []], [48, []], [56, []], [100, []], [79, []], [29, []], [89, []], [16, []], [36, []], [4, []], [39, []], [87, []], [85, []], [35, [35, 28, 9, 98, 90, 6, 43, 64, 57, 10]], [28, []], [9, []], [98, []], [90, []], [6, []], [43, []], [64, []], [57, []], [10, []]], [[0, [67, 50, 3, 33, 52, 91, 15, 38, 86, 70, 27, 37, 47, 80, 81, 95, 62, 17, 7, 94, 77, 97, 20, 19, 41, 59, 72, 58, 76, 26, 54, 8, 49, 11, 73, 83, 66, 60, 96, 75, 30, 51, 44, 53, 82]], [67, []], [50, []], [3, []], [33, []], [52, []], [91, []], [15, []], [38, []], [86, []], [70, []], [27, []], [37, []], [47, []], [80, []], [81, []], [95, []], [62, []], [17, []], [7, []], [94, []], [77, []], [97, []], [20, []], [19, []], [41, []], [59, []], [72, []], [58, []], [76, []], [26, []], [54, []], [8, []], [49, []], [11, []], [73, []], [83, []], [66, []], [60, []], [96, []], [75, []], [30, []], [51, []], [44, []], [53, []], [82, []], [92, [92, 68, 5, 46, 22, 65, 45, 84, 12, 40]], [68, []], [5, []], [46, []], [22, []], [65, []], [45, []], [84, []], [12, []], [40, []]]], [[[99, [39, 87, 85]]], [[92, [92, 68, 5, 46, 22, 65, 45, 84, 12, 40]]], [[35, [35, 28, 9, 98, 90, 6, 43, 64, 57, 10]]]]]}
