{"file_name": "U_75_1", "number_of_trucks": 2, "drone_capacity": 10, "number_of_drones": 20, "iteration": 1, "best_fitness": 651.3754298002543, "runtime": 6755.963825941086, "best_solution": [[[[0, [26]], [47, [47, 19, 64, 12, 36, 2]], [49, [49, 7]], [7, []], [26, []], [19, []], [64, []], [63, [63, 55, 31]], [55, []], [31, [43, 17, 24, 13, 42]], [42, []], [43, []], [16, [16, 61, 10, 75, 52, 50, 35, 20, 40, 74, 34, 22, 9, 68, 62, 44, 28]], [34, []], [50, []], [12, []], [36, []], [10, []], [24, []], [44, []], [75, []], [17, []], [61, []], [52, []], [22, []], [74, []], [2, []], [28, []], [32, [32, 6, 33, 66, 25]], [40, []], [6, []], [33, []], [25, []], [13, []], [35, []], [9, []], [20, []], [68, []], [62, []], [66, []]], [[0, [29, 69, 58, 51]], [58, []], [73, [73, 59, 54, 37, 1, 65, 30, 60, 4, 38]], [5, [5, 23]], [23, []], [71, [71, 72, 46, 3, 21, 57, 48, 18]], [72, []], [69, []], [46, []], [15, [15, 45, 11, 53, 39]], [45, []], [29, []], [11, []], [53, []], [39, []], [1, []], [65, []], [30, [27, 8, 41, 14, 56, 67, 70]], [60, []], [4, []], [59, []], [54, []], [37, []], [27, []], [8, []], [41, []], [3, []], [21, []], [57, []], [48, []], [18, []], [14, []], [56, []], [67, []], [70, []], [51, []], [38, []]]], [[[47, [47, 19, 64, 12, 36, 2]]], [[49, [49, 7]]], [[63, [63, 55, 31]]], [[31, [43, 17, 24, 13, 42]]], [[16, [75, 34, 22, 9, 68, 62, 44]]], [[73, [59, 54, 37, 1, 65, 30, 60, 4, 38]]], [[73, [73]]], [[5, [5, 23]]], [[71, [71, 72, 46, 3, 21, 57, 48, 18]]], [[15, [15, 45, 11, 53, 39]]], [[16, [61, 52, 50, 35, 20, 28]]], [[16, [16, 10, 40, 74]]], [[30, [27, 8, 41, 14, 56, 67, 70]]], [[32, [32, 6, 33, 66, 25]]]]]}
{"file_name": "U_75_1", "number_of_trucks": 2, "drone_capacity": 10, "number_of_drones": 20, "iteration": 2, "best_fitness": 674.0055700156239, "runtime": 689.7876908779144, "best_solution": [[[[0, []], [36, [36]], [47, [47, 29, 2, 31, 46]], [29, [55, 8]], [2, []], [31, []], [46, []], [55, []], [8, []], [63, [63, 71, 39, 23, 17, 53, 73, 38]], [71, []], [39, []], [23, []], [17, []], [53, []], [73, []], [38, []], [16, [16, 11, 61, 15, 34, 28, 50, 54, 59, 13]], [11, []], [61, []], [15, []], [34, []], [28, []], [50, []], [54, []], [59, []], [13, []], [41, [41, 3, 25, 27, 32, 40, 6, 33, 4, 1]], [3, []], [25, []], [27, []], [32, []], [40, []], [6, []], [33, []], [4, []], [1, []]], [[0, []], [69, [69]], [64, [64, 30, 12]], [72, [72, 19, 26]], [19, []], [26, []], [5, [5, 58, 57]], [58, []], [30, []], [12, []], [57, []], [18, [18]], [48, [48]], [37, [37, 7, 49, 35, 21, 60, 43]], [7, []], [49, []], [35, []], [21, []], [60, []], [43, []], [42, [42, 45, 74, 22, 52, 75, 44, 62, 68, 9]], [45, []], [74, []], [22, []], [52, []], [75, []], [44, []], [62, []], [68, []], [9, []], [20, [20, 14, 10, 24, 56, 67, 70, 51, 66, 65]], [14, []], [10, []], [24, []], [56, []], [67, []], [70, []], [51, []], [66, []], [65, []]]], [[[69, [69]]], [[64, [64, 30, 12]]], [[72, [72, 19, 26]]], [[5, [5, 58, 57]]], [[36, [36]]], [[47, [47, 29, 2, 31, 46]]], [[18, [18]]], [[48, [48]]], [[29, [55, 8]]], [[63, [63, 71, 39, 23, 17, 53, 73, 38]]], [[37, [37, 7, 49, 35, 21, 60, 43]]], [[16, [16, 11, 61, 15, 34, 28, 50, 54, 59, 13]]], [[42, [42, 45, 74, 22, 52, 75, 44, 62, 68, 9]]], [[20, [20, 14, 10, 24, 56, 67, 70, 51, 66, 65]]], [[41, [41, 3, 25, 27, 32, 40, 6, 33, 4, 1]]]]]}
{"file_name": "U_75_1", "number_of_trucks": 2, "drone_capacity": 10, "number_of_drones": 20, "iteration": 3, "best_fitness": 674.9316747507007, "runtime": 630.858110666275, "best_solution": [[[[0, []], [48, [48]], [29, [29, 23, 58, 73, 5, 72]], [23, []], [58, []], [73, []], [5, []], [30, [30]], [51, [51, 62, 20, 18, 10, 56]], [62, [38, 71]], [20, []], [18, []], [10, []], [56, []], [38, []], [71, []], [72, []], [22, [22, 19, 52, 61, 11, 39, 17, 75, 44, 66]], [19, []], [52, []], [61, []], [11, []], [39, []], [17, []], [75, []], [44, []], [66, []], [24, [24, 14, 6, 40, 32, 33, 59, 50, 16, 1]], [14, []], [6, []], [40, []], [32, []], [33, []], [59, []], [50, []], [16, []], [1, []]], [[0, []], [47, [47]], [64, [64, 31]], [31, []], [2, [2, 26, 69, 45, 49, 8]], [26, []], [69, []], [45, []], [49, []], [8, []], [37, [37]], [21, [21, 57, 36, 12, 4, 54, 7, 13, 3]], [57, []], [36, []], [12, []], [4, []], [54, []], [7, []], [13, []], [3, []], [60, [60, 42, 63, 55, 28, 43, 34, 46, 15, 74]], [42, []], [63, []], [55, []], [28, []], [43, []], [34, []], [46, []], [15, []], [74, []], [27, [27, 41, 25, 35, 9, 68, 67, 70, 65, 53]], [41, []], [25, []], [35, []], [9, []], [68, []], [67, []], [70, []], [65, []], [53, []]]], [[[48, [48]]], [[47, [47]]], [[29, [29, 23, 58, 73, 5, 72]]], [[64, [64, 31]]], [[2, [2, 26, 69, 45, 49, 8]]], [[30, [30]]], [[51, [51, 62, 20, 18, 10, 56]]], [[37, [37]]], [[62, [38, 71]]], [[21, [21, 57, 36, 12, 4, 54, 7, 13, 3]]], [[60, [60, 42, 63, 55, 28, 43, 34, 46, 15, 74]]], [[22, [22, 19, 52, 61, 11, 39, 17, 75, 44, 66]]], [[24, [24, 14, 6, 40, 32, 33, 59, 50, 16, 1]]], [[27, [27, 41, 25, 35, 9, 68, 67, 70, 65, 53]]]]]}
