{"file_name": "U_100_1", "number_of_trucks": 2, "drone_capacity": 10, "number_of_drones": 20, "iteration": 1, "best_fitness": 824.48, "runtime": 5618.679574728012, "best_solution": [[[[0, [9, 60]], [63, []], [85, []], [90, []], [9, []], [60, []], [0, [26, 14, 47, 49, 32, 6, 98, 48, 86, 40, 58, 90, 63, 85]], [26, []], [14, []], [47, []], [58, []], [49, []], [32, []], [40, []], [6, []], [98, []], [48, []], [86, []], [0, [44, 39, 52, 97, 31, 21, 3, 69, 64, 91, 23, 67, 80, 33, 77, 89, 37, 74, 36, 28, 2, 41, 45, 73, 78, 96, 51, 92, 46, 16, 4, 55, 66, 5, 82, 95]], [45, []], [44, []], [39, []], [16, []], [78, []], [52, []], [97, []], [31, []], [73, []], [21, []], [3, []], [69, []], [64, []], [91, []], [23, []], [28, []], [2, []], [67, []], [41, []], [36, []], [80, []], [33, []], [77, []], [89, []], [37, []], [74, []], [66, []], [96, []], [5, []], [4, []], [82, []], [95, []], [51, []], [92, []], [55, []], [46, []]], [[0, [27]], [99, [1, 99]], [27, []], [1, []], [0, [29, 8, 18, 12, 59]], [59, []], [29, []], [8, []], [18, []], [12, []], [0, [57]], [57, []], [0, [93]], [93, []], [0, [68, 24, 50, 100, 20, 70, 71, 72, 15, 19, 10, 35, 54, 94, 56, 30, 34, 65, 43, 79, 84, 62, 75, 81, 61, 7, 83, 53, 76, 42, 25, 38, 17, 11, 88]], [61, []], [53, []], [42, []], [68, []], [87, [87, 22, 13]], [24, []], [50, []], [100, []], [11, []], [22, []], [81, []], [20, []], [70, []], [71, []], [72, []], [15, []], [19, []], [10, []], [35, []], [54, []], [13, []], [94, []], [56, []], [30, []], [25, []], [38, []], [76, []], [34, []], [17, []], [7, []], [83, []], [65, []], [43, []], [88, []], [79, []], [84, []], [62, []], [75, []]]], [[[99, [1, 99]]], [[87, [87, 22, 13]]]]]}
{"file_name": "U_100_1", "number_of_trucks": 2, "drone_capacity": 10, "number_of_drones": 20, "iteration": 2, "best_fitness": 1117.52, "runtime": 1329.1301720142365, "best_solution": [[[[0, [57, 32, 85, 53, 60, 96, 41, 70, 49, 58, 1, 24, 17, 100, 50, 25, 42, 68, 30, 26, 7, 47, 20, 94, 71, 15, 10, 54, 35, 78, 95, 97, 52, 73, 3, 21, 86, 43, 38, 87, 76, 37, 74, 66, 34, 61]], [57, []], [32, []], [85, []], [53, []], [60, []], [96, []], [41, []], [70, []], [49, []], [58, []], [1, []], [24, []], [17, []], [100, []], [50, []], [25, []], [42, []], [68, []], [30, []], [26, []], [7, []], [47, []], [20, []], [94, []], [71, []], [15, []], [10, []], [54, []], [35, []], [78, []], [95, []], [97, []], [52, []], [73, []], [3, []], [21, []], [86, []], [43, []], [38, []], [87, []], [76, []], [37, []], [74, []], [66, []], [34, []], [61, []]], [[0, [90, 80, 9, 39, 40, 81, 72, 19, 67, 2, 44, 6, 23, 98, 82, 79, 88, 92, 99, 14, 65, 27, 59, 62, 93, 48, 63, 12, 45, 18, 8, 31, 4, 29, 91, 64, 69, 28, 16, 22, 11, 56, 13, 36, 33, 77, 89, 83, 5, 84, 51, 75, 55, 46]], [90, []], [80, []], [9, []], [39, []], [40, []], [81, []], [72, []], [19, []], [67, []], [2, []], [44, []], [6, []], [23, []], [98, []], [82, []], [79, []], [88, []], [92, []], [99, []], [14, []], [65, []], [27, []], [59, []], [62, []], [93, []], [48, []], [63, []], [12, []], [45, []], [18, []], [8, []], [31, []], [4, []], [29, []], [91, []], [64, []], [69, []], [28, []], [16, []], [22, []], [11, []], [56, []], [13, []], [36, []], [33, []], [77, []], [89, []], [83, []], [5, []], [84, []], [51, []], [75, []], [55, []], [46, []]]], []]}
{"file_name": "U_100_1", "number_of_trucks": 2, "drone_capacity": 10, "number_of_drones": 20, "iteration": 3, "best_fitness": 1074.48, "runtime": 1323.1834995746613, "best_solution": [[[[0, [47, 10, 19, 72, 49, 41, 70, 67, 58, 9, 80, 100, 42, 53, 60, 25, 68, 17, 50, 24, 27, 30, 88, 26, 92, 43, 85, 29, 69, 8, 91, 84, 83, 7, 66, 34, 74, 37, 89, 77, 56, 94, 13, 36, 33, 76, 87, 38, 99, 61]], [47, []], [10, []], [19, []], [72, []], [49, []], [41, []], [70, []], [67, []], [58, []], [9, []], [80, []], [100, []], [42, []], [53, []], [60, []], [25, []], [68, []], [17, []], [50, []], [24, []], [27, []], [30, []], [88, []], [26, []], [92, []], [43, []], [85, []], [29, []], [69, []], [8, []], [91, []], [84, []], [83, []], [7, []], [66, []], [34, []], [74, []], [37, []], [89, []], [77, []], [56, []], [94, []], [13, []], [36, []], [33, []], [76, []], [87, []], [38, []], [99, []], [61, []]], [[0, [57, 59, 18, 12, 63, 93, 96, 1, 90, 23, 39, 44, 82, 15, 71, 32, 81, 40, 79, 65, 14, 20, 28, 6, 98, 48, 31, 86, 75, 62, 11, 54, 35, 2, 22, 16, 78, 4, 5, 51, 73, 95, 52, 97, 64, 45, 21, 3, 55, 46]], [57, []], [59, []], [18, []], [12, []], [63, []], [93, []], [96, []], [1, []], [90, []], [23, []], [39, []], [44, []], [82, []], [15, []], [71, []], [32, []], [81, []], [40, []], [79, []], [65, []], [14, []], [20, []], [28, []], [6, []], [98, []], [48, []], [31, []], [86, []], [75, []], [62, []], [11, []], [54, []], [35, []], [2, []], [22, []], [16, []], [78, []], [4, []], [5, []], [51, []], [73, []], [95, []], [52, []], [97, []], [64, []], [45, []], [21, []], [3, []], [55, []], [46, []]]], []]}
