{"file_name": "U_100_1", "number_of_trucks": 2, "drone_capacity": 10, "number_of_drones": 20, "iteration": 1, "best_fitness": 818.9599999999998, "runtime": 6501.773854732513, "best_solution": [[[[0, [63, 19, 43]], [63, []], [43, []], [19, []], [0, [52, 14, 79, 27, 64, 2, 58, 50]], [73, [73]], [58, []], [52, []], [14, []], [79, []], [50, []], [27, []], [64, []], [2, []], [67, [67, 94, 26]], [26, []], [94, []], [28, [28]], [0, [53, 10, 7, 83, 66, 91, 18, 99, 3, 92, 51, 68, 42, 45, 61, 65, 82, 96, 12, 81, 39, 87, 59, 30, 78, 40, 75, 38, 17, 90, 97, 80, 46]], [39, []], [75, []], [38, []], [40, []], [53, []], [10, []], [7, []], [83, []], [29, [29]], [59, []], [30, []], [66, []], [80, []], [46, []], [91, []], [90, []], [18, []], [99, []], [3, []], [92, []], [78, []], [51, []], [68, []], [87, []], [42, []], [45, []], [61, []], [65, []], [82, []], [96, []], [12, []], [81, []], [97, []], [17, []]], [[0, [22, 76, 84]], [22, []], [76, []], [84, []], [0, [74, 21, 15, 89, 5]], [74, []], [21, []], [15, []], [89, []], [5, []], [0, []], [62, [62]], [0, [41, 6, 72, 25, 16, 77, 24, 36, 13, 47, 33, 57, 54, 100, 34]], [77, []], [54, []], [24, []], [72, []], [36, []], [13, []], [98, [98, 86, 93, 88, 49, 32, 55, 85, 4, 35]], [47, []], [100, []], [34, []], [33, []], [11, [11, 56, 1, 69, 23, 9]], [41, []], [86, []], [93, []], [88, []], [56, []], [57, []], [49, []], [32, []], [55, []], [85, []], [4, []], [35, []], [1, []], [8, [8, 60, 70, 37, 95, 71, 48, 44, 20, 31]], [69, []], [60, []], [70, []], [6, []], [37, []], [95, []], [71, []], [48, []], [44, []], [9, []], [25, []], [16, []], [23, []], [20, []], [31, []]]], [[[73, [73]]], [[62, [62]]], [[67, [67, 94, 26]]], [[28, [28]]], [[98, [98, 86, 93, 88, 49, 32, 55, 85, 4, 35]]], [[29, [29]]], [[11, [11, 56, 1, 69, 23, 9]]], [[8, [8, 60, 70, 37, 95, 71, 48, 44, 20, 31]]]]]}
{"file_name": "U_100_1", "number_of_trucks": 2, "drone_capacity": 10, "number_of_drones": 20, "iteration": 2, "best_fitness": 1151.9999999999998, "runtime": 1323.9948196411133, "best_solution": [[[[0, [78, 64, 6, 41, 14, 52, 2, 27, 33, 50, 47, 34, 59, 96, 65, 87, 53, 10, 57, 85, 55, 79, 4, 12, 82, 42, 60, 98, 48, 54, 24, 71, 95, 37, 70, 93, 88, 86, 56, 11, 49, 32, 69, 8, 35, 39]], [78, []], [64, []], [6, []], [41, []], [14, []], [52, []], [2, []], [27, []], [33, []], [50, []], [47, []], [34, []], [59, []], [96, []], [65, []], [87, []], [53, []], [10, []], [57, []], [85, []], [55, []], [79, []], [4, []], [12, []], [82, []], [42, []], [60, []], [98, []], [48, []], [54, []], [24, []], [71, []], [95, []], [37, []], [70, []], [93, []], [88, []], [86, []], [56, []], [11, []], [49, []], [32, []], [69, []], [8, []], [35, []], [39, []]], [[0, [63, 77, 90, 43, 22, 5, 72, 15, 89, 84, 36, 13, 100, 58, 76, 21, 73, 62, 74, 1, 46, 25, 97, 19, 23, 94, 26, 67, 75, 80, 30, 66, 92, 29, 40, 7, 83, 51, 61, 45, 68, 38, 81, 9, 91, 3, 99, 18, 16, 20, 31, 28, 44, 17]], [63, []], [77, []], [90, []], [43, []], [22, []], [5, []], [72, []], [15, []], [89, []], [84, []], [36, []], [13, []], [100, []], [58, []], [76, []], [21, []], [73, []], [62, []], [74, []], [1, []], [46, []], [25, []], [97, []], [19, []], [23, []], [94, []], [26, []], [67, []], [75, []], [80, []], [30, []], [66, []], [92, []], [29, []], [40, []], [7, []], [83, []], [51, []], [61, []], [45, []], [68, []], [38, []], [81, []], [9, []], [91, []], [3, []], [99, []], [18, []], [16, []], [20, []], [31, []], [28, []], [44, []], [17, []]]], []]}
{"file_name": "U_100_1", "number_of_trucks": 2, "drone_capacity": 10, "number_of_drones": 20, "iteration": 3, "best_fitness": 1128.04, "runtime": 1348.1020216941833, "best_solution": [[[[0, [22, 64, 41, 27, 75, 6, 33, 50, 47, 100, 79, 82, 59, 96, 83, 7, 10, 53, 57, 52, 14, 55, 32, 49, 40, 51, 30, 66, 12, 8, 34, 95, 37, 70, 93, 88, 86, 56, 60]], [22, [11, 69, 85, 4, 38, 81, 99, 18, 23, 62]], [64, []], [41, []], [27, []], [75, []], [6, []], [33, []], [50, []], [47, []], [100, []], [79, []], [82, []], [59, []], [96, []], [83, []], [7, []], [10, []], [53, []], [57, []], [52, []], [14, []], [55, []], [32, []], [49, []], [40, []], [51, []], [30, []], [66, []], [12, []], [8, []], [34, []], [95, []], [37, []], [70, []], [93, []], [88, []], [86, []], [56, []], [60, []], [11, []], [69, []], [85, []], [4, []], [38, []], [81, []], [99, []], [18, []], [23, []], [62, []]], [[0, [84, 76, 90, 77, 15, 63, 72, 89, 21, 87, 65, 78, 2, 74, 54, 13, 36, 98, 97, 19, 3, 43, 91, 9, 16, 25, 73, 20, 31, 46, 80, 92, 29, 68, 42, 61, 45, 67, 39, 35, 1, 58, 26, 94, 28, 24, 71, 48, 44, 5, 17]], [84, []], [76, []], [90, []], [77, []], [15, []], [63, []], [72, []], [89, []], [21, []], [87, []], [65, []], [78, []], [2, []], [74, []], [54, []], [13, []], [36, []], [98, []], [97, []], [19, []], [3, []], [43, []], [91, []], [9, []], [16, []], [25, []], [73, []], [20, []], [31, []], [46, []], [80, []], [92, []], [29, []], [68, []], [42, []], [61, []], [45, []], [67, []], [39, []], [35, []], [1, []], [58, []], [26, []], [94, []], [28, []], [24, []], [71, []], [48, []], [44, []], [5, []], [17, []]]], [[[22, [11, 69, 85, 4, 38, 81, 99, 18, 23, 62]]]]]}
