{"file_name": "U_100_1", "number_of_trucks": 2, "drone_capacity": 10, "number_of_drones": 20, "iteration": 1, "best_fitness": 762.4399999999997, "runtime": 10196.994428634644, "best_solution": [[[[0, [27, 4, 50, 25, 61, 74, 68, 99]], [61, []], [25, []], [28, [28, 42, 83, 86, 54, 24]], [74, []], [42, []], [83, []], [54, []], [24, []], [50, []], [4, []], [27, []], [68, []], [99, []], [86, [41, 78, 64, 47, 18, 20, 39, 9, 70, 1, 30, 77, 96, 52, 51, 81]], [97, [97]], [30, []], [77, []], [51, []], [81, []], [47, []], [18, []], [20, []], [39, []], [9, []], [70, []], [96, []], [1, []], [52, []], [41, []], [78, []], [64, []], [36, [36, 22, 6, 100, 31, 76, 32, 80, 37, 92]], [22, []], [6, []], [100, []], [31, []], [76, []], [32, []], [80, []], [37, []], [92, []], [12, [12, 90, 48, 43, 13, 84, 15, 82, 5, 34]], [90, []], [48, []], [5, []], [34, []], [43, []], [13, []], [84, []], [15, []], [82, []]], [[0, []], [10, [10, 58]], [16, [17, 7, 73, 93, 60, 56, 45, 16, 3, 23, 14, 79, 87, 35, 21, 67, 8, 59]], [59, []], [67, []], [8, []], [35, []], [21, []], [17, []], [7, []], [87, []], [23, []], [73, []], [58, []], [14, []], [93, []], [3, []], [60, []], [56, []], [45, []], [79, []], [33, [33]], [0, [65, 89, 95, 49, 57, 29, 44, 53, 46, 11, 94, 63, 71, 75, 85, 19, 66, 38, 55, 2, 72, 88, 98, 91, 62, 40, 26, 69]], [62, []], [40, []], [26, []], [69, []], [91, []], [65, []], [89, []], [95, []], [49, []], [57, []], [29, []], [44, []], [53, []], [46, []], [11, []], [94, []], [63, []], [71, []], [75, []], [85, []], [19, []], [66, []], [38, []], [55, []], [2, []], [72, []], [88, []], [98, []]]], [[[10, [10, 58]]], [[16, [17, 7, 73, 93, 60, 56, 45]]], [[28, [28, 42, 83, 86, 54, 24]]], [[16, [3, 23, 14, 79, 87, 35, 21, 67, 8, 59]]], [[16, [16]]], [[33, [33]]], [[86, [41, 78, 64, 30, 77, 96, 52, 51, 81]]], [[86, [47, 18, 20, 39, 9, 70, 1]]], [[97, [97]]], [[36, [36, 22, 6, 100, 31, 76, 32, 80, 37, 92]]], [[12, [12, 90, 48, 43, 13, 84, 15, 82, 5, 34]]]]]}
{"file_name": "U_100_1", "number_of_trucks": 2, "drone_capacity": 10, "number_of_drones": 20, "iteration": 2, "best_fitness": 785.6449800304147, "runtime": 1705.930585384369, "best_solution": [[[[0, []], [77, [77, 27, 68, 86, 62, 25, 28]], [27, []], [68, []], [86, []], [62, []], [25, []], [28, []], [40, [40, 59, 61, 16, 69, 99, 60, 91, 56, 45]], [59, []], [61, []], [16, []], [69, []], [99, []], [60, []], [91, []], [56, []], [45, []], [30, [30, 95, 10, 57, 14, 53, 44, 46, 18, 41]], [95, []], [10, []], [57, []], [14, []], [53, []], [44, []], [46, []], [18, []], [41, []], [78, [78, 64, 36, 6, 22, 15, 31, 21, 33, 84]], [64, []], [36, []], [6, []], [22, []], [15, []], [31, []], [21, []], [33, []], [84, []], [47, [47, 37, 92, 66, 55, 72, 88, 98, 26, 32]], [37, []], [92, []], [66, []], [55, []], [72, []], [88, []], [98, []], [26, []], [32, []]], [[0, [50, 54, 73]], [50, []], [54, []], [73, []], [58, [58, 4]], [4, []], [17, [17, 67, 8, 100, 74, 42, 81, 51]], [67, []], [8, []], [100, []], [74, []], [42, []], [81, []], [51, []], [80, [80, 7, 35, 23, 83, 1, 70, 96, 9, 87]], [7, []], [35, []], [23, []], [83, []], [1, []], [70, []], [96, []], [9, []], [87, []], [24, [24, 75, 19, 20, 49, 38, 2, 97, 65, 3, 48, 5, 52, 34]], [75, []], [19, []], [20, []], [49, []], [38, []], [2, []], [97, []], [65, []], [3, []], [89, [89, 93, 94, 11, 63, 71, 29, 85, 12, 90, 43, 13, 79, 76, 82, 39]], [93, []], [94, []], [11, []], [63, []], [71, []], [29, []], [85, []], [12, []], [90, []], [39, []], [48, []], [5, []], [52, []], [34, []], [43, []], [13, []], [79, []], [76, []], [82, []]]], [[[58, [58, 4]]], [[17, [17, 67, 8, 100, 74, 42, 81, 51]]], [[77, [77, 27, 68, 86, 62, 25, 28]]], [[80, [80, 7, 35, 23, 83, 1, 70, 96, 9, 87]]], [[40, [40, 59, 61, 16, 69, 99, 60, 91, 56, 45]]], [[30, [30, 95, 10, 57, 14, 53, 44, 46, 18, 41]]], [[24, [24, 75, 19, 20, 49, 38, 2, 97, 65, 3]]], [[78, [78, 64, 36, 6, 22, 15, 31, 21, 33, 84]]], [[24, [48, 5, 52, 34]]], [[89, [89, 93, 94, 11, 63, 71, 29, 85, 12, 90]]], [[89, [43, 13, 79, 76, 82, 39]]], [[47, [47, 37, 92, 66, 55, 72, 88, 98, 26, 32]]]]]}
{"file_name": "U_100_1", "number_of_trucks": 2, "drone_capacity": 10, "number_of_drones": 20, "iteration": 3, "best_fitness": 1148.56, "runtime": 1326.2673354148865, "best_solution": [[[[0, [60, 10, 77, 62, 88, 16, 67, 18, 51, 57, 27, 93, 30, 20, 87, 1, 81, 42, 47, 80, 41, 78, 64, 36, 22, 6, 15, 82, 76, 37, 92, 52, 34, 5, 43, 13, 84, 31, 32, 98, 45, 56]], [60, []], [10, []], [77, []], [62, []], [88, []], [16, []], [67, []], [18, []], [51, []], [57, []], [27, []], [93, []], [30, []], [20, []], [87, []], [1, []], [81, []], [42, []], [47, []], [80, []], [41, []], [78, []], [64, []], [36, []], [22, []], [6, []], [15, []], [82, []], [76, []], [37, []], [92, []], [52, []], [34, []], [5, []], [43, []], [13, []], [84, []], [31, []], [32, []], [98, []], [45, []], [56, []]], [[0, [50, 58, 53, 91, 28, 25, 61, 100, 9, 54, 24, 73, 96, 70, 83, 23, 4, 14, 44, 95, 65, 89, 3, 68, 99, 97, 69, 86, 79, 26, 8, 59, 21, 33, 74, 35, 17, 7, 39, 48, 90, 12, 19, 29, 49, 38, 2, 72, 55, 63, 94, 46, 11, 71, 75, 85, 66, 40]], [50, []], [58, []], [53, []], [91, []], [28, []], [25, []], [61, []], [100, []], [9, []], [54, []], [24, []], [73, []], [96, []], [70, []], [83, []], [23, []], [4, []], [14, []], [44, []], [95, []], [65, []], [89, []], [3, []], [68, []], [99, []], [97, []], [69, []], [86, []], [79, []], [26, []], [8, []], [59, []], [21, []], [33, []], [74, []], [35, []], [17, []], [7, []], [39, []], [48, []], [90, []], [12, []], [19, []], [29, []], [49, []], [38, []], [2, []], [72, []], [55, []], [63, []], [94, []], [46, []], [11, []], [71, []], [75, []], [85, []], [66, []], [40, []]]], []]}
