{"file_name": "U_75_1", "number_of_trucks": 2, "drone_capacity": 10, "number_of_drones": 20, "iteration": 1, "best_fitness": 651.6752300497132, "runtime": 3907.2812266349792, "best_solution": [[[[0, []], [70, [70, 73]], [73, []], [13, [24, 13, 54, 4, 57]], [54, []], [4, []], [57, []], [24, []], [47, [47, 28, 23, 36, 1, 42]], [28, []], [42, []], [23, []], [36, []], [1, []], [49, [49, 9, 65, 14, 67, 18, 53, 6, 56, 22]], [9, []], [65, []], [14, []], [67, []], [18, []], [53, []], [6, []], [56, []], [22, []], [60, [60, 48, 37, 8, 5, 68, 71, 34, 39, 31]], [48, []], [37, []], [8, []], [5, []], [68, []], [71, []], [34, []], [39, []], [31, []]], [[0, [69]], [51, [51, 11, 45, 10]], [11, []], [45, []], [10, []], [69, []], [72, [72, 20, 46, 40, 2, 3, 66, 44]], [20, []], [46, []], [40, []], [2, []], [3, []], [66, []], [38, [38, 74, 25, 30, 59]], [74, []], [25, []], [30, []], [59, []], [33, [63, 35, 12, 55, 26, 75, 50, 19, 7, 21, 33, 15, 61, 41]], [15, []], [61, []], [41, []], [63, []], [35, []], [12, []], [55, []], [26, []], [75, []], [50, []], [19, []], [7, []], [21, []], [58, [58, 52, 16, 32, 29, 43, 17, 62, 64, 27]], [52, []], [16, []], [32, []], [29, []], [43, []], [17, []], [62, []], [64, []], [44, []], [27, []]]], [[[70, [70, 73]]], [[51, [51, 11, 45, 10]]], [[72, [72, 20, 46, 40, 2, 3, 66, 44]]], [[38, [38, 74, 25, 30, 59]]], [[33, [33, 15, 61, 41]]], [[13, [24, 13, 54, 4, 57]]], [[33, [63, 35, 12, 55, 26, 75, 50, 19, 7, 21]]], [[47, [47, 28, 23, 36, 1, 42]]], [[49, [49, 9, 65, 14, 67, 18, 53, 6, 56, 22]]], [[58, [58, 52, 16, 32, 29, 43, 17, 62, 64, 27]]], [[60, [60, 48, 37, 8, 5, 68, 71, 34, 39, 31]]]]]}
{"file_name": "U_75_1", "number_of_trucks": 2, "drone_capacity": 10, "number_of_drones": 20, "iteration": 2, "best_fitness": 659.4310258948578, "runtime": 733.7722680568695, "best_solution": [[[[0, []], [11, [45, 11, 47]], [47, []], [51, [51]], [69, [69]], [64, [64]], [42, [42, 19, 54, 50, 21, 33]], [19, []], [54, []], [50, []], [21, []], [33, []], [70, [70, 22, 40, 46, 14, 56, 27, 31, 39, 60]], [22, []], [40, []], [46, []], [14, []], [56, []], [27, []], [31, []], [39, []], [60, []], [71, [71, 68, 35, 37, 8, 5, 53, 6, 34]], [68, []], [35, []], [37, []], [8, []], [5, []], [53, []], [6, []], [34, []], [45, []]], [[0, []], [29, [29]], [73, [73]], [49, [49]], [28, [28, 15, 9]], [9, []], [10, [10, 4, 3, 2, 20, 65, 72, 44]], [4, []], [3, []], [2, []], [20, []], [65, []], [72, []], [44, []], [30, [30, 25, 59, 57, 18, 67, 74, 24, 38, 66, 23, 1]], [25, []], [59, []], [57, []], [18, []], [67, []], [74, []], [24, []], [38, []], [66, []], [15, []], [63, [63, 41, 61, 26, 12, 55, 13, 32, 16, 52, 17, 43, 36, 62, 48, 58, 7, 75]], [41, []], [61, []], [26, []], [12, []], [55, []], [13, []], [32, []], [16, []], [52, []], [58, []], [7, []], [75, []], [23, []], [1, []], [17, []], [43, []], [36, []], [62, []], [48, []]]], [[[29, [29]]], [[73, [73]]], [[49, [49]]], [[28, [28, 15, 9]]], [[11, [45, 11, 47]]], [[10, [10, 4, 3, 2, 20, 65, 72, 44]]], [[51, [51]]], [[30, [30, 25, 59, 57, 18, 67, 74, 24, 38, 66]]], [[69, [69]]], [[64, [64]]], [[30, [23, 1]]], [[42, [42, 19, 54, 50, 21, 33]]], [[63, [63, 41, 61, 26, 12, 55, 13, 32, 16, 52]]], [[70, [70, 22, 40, 46, 14, 56, 27, 31, 39, 60]]], [[71, [71, 68, 35, 37, 8, 5, 53, 6, 34]]], [[63, [17, 43, 36, 62, 48, 58, 7, 75]]]]]}
{"file_name": "U_75_1", "number_of_trucks": 2, "drone_capacity": 10, "number_of_drones": 20, "iteration": 3, "best_fitness": 667.8374136234955, "runtime": 649.3980226516724, "best_solution": [[[[0, [4, 11, 49]], [4, []], [11, []], [49, []], [51, [51]], [45, [45]], [44, [44]], [59, [59, 57, 66, 54, 38, 24, 67]], [57, []], [66, []], [54, []], [38, []], [24, []], [67, []], [25, [25, 30, 18, 39, 31, 27, 29, 43, 36]], [30, [62]], [18, []], [39, []], [31, []], [27, []], [29, []], [43, []], [36, []], [62, []], [17, [17, 26, 55, 37, 6, 56, 14, 22, 60, 48]], [26, []], [55, []], [37, []], [6, []], [56, []], [14, []], [22, []], [60, []], [48, []]], [[0, []], [13, [13]], [70, [70, 15, 73]], [15, []], [73, []], [10, [10]], [69, [69, 3, 2, 46, 40, 72, 65]], [3, []], [2, []], [46, []], [40, []], [72, []], [65, []], [20, [20, 9, 28, 47, 1, 23, 42, 12, 35, 41]], [9, []], [28, []], [47, []], [1, []], [23, []], [42, []], [12, []], [35, []], [41, []], [63, [63, 61, 16, 50, 19, 21, 33, 8, 32, 75]], [61, []], [16, []], [50, []], [19, []], [21, []], [33, []], [8, []], [32, []], [75, []], [7, [7, 52, 58, 53, 74, 5, 68, 71, 34, 64]], [52, []], [58, []], [53, []], [74, []], [5, []], [68, []], [71, []], [34, []], [64, []]]], [[[51, [51]]], [[13, [13]]], [[70, [70, 15, 73]]], [[45, [45]]], [[44, [44]]], [[10, [10]]], [[69, [69, 3, 2, 46, 40, 72, 65]]], [[59, [59, 57, 66, 54, 38, 24, 67]]], [[25, [25, 30, 18, 39, 31, 27, 29, 43, 36]]], [[20, [20, 9, 28, 47, 1, 23, 42, 12, 35, 41]]], [[63, [63, 61, 16, 50, 19, 21, 33, 8, 32, 75]]], [[30, [62]]], [[17, [17, 26, 55, 37, 6, 56, 14, 22, 60, 48]]], [[7, [7, 52, 58, 53, 74, 5, 68, 71, 34, 64]]]]]}
