{"file_name": "U_100_1", "number_of_trucks": 2, "drone_capacity": 10, "number_of_drones": 20, "iteration": 1, "best_fitness": 829.5919628479528, "runtime": 9442.065231084824, "best_solution": [[[[0, []], [33, [33, 68]], [68, []], [0, [8, 20, 86, 74, 50, 67, 96, 79]], [8, []], [20, []], [86, []], [79, []], [74, []], [50, []], [67, []], [96, []], [0, [27, 72, 93, 63, 19, 45, 44, 34, 65, 37, 36, 82, 55, 9, 94, 80, 98, 15, 75, 84, 90, 26, 29, 2, 31, 81, 56, 62, 4, 46, 1]], [7, [7, 41, 91, 100, 10]], [36, []], [82, []], [55, []], [27, []], [9, []], [41, []], [94, []], [80, []], [72, []], [91, []], [93, []], [100, []], [63, []], [10, []], [19, []], [45, []], [44, []], [34, []], [65, []], [37, []], [1, []], [98, []], [15, []], [75, []], [84, []], [90, []], [26, []], [29, []], [2, []], [31, []], [81, []], [56, []], [62, []], [4, []], [46, []]], [[0, [11, 16, 49]], [6, [6]], [30, [30]], [21, [21, 51, 22, 28, 60, 76]], [49, []], [51, []], [22, []], [28, []], [60, []], [76, []], [11, []], [16, []], [66, [66, 13]], [13, [5, 18]], [5, []], [18, []], [0, [78, 95, 42, 61]], [61, []], [78, []], [95, []], [42, []], [0, [54, 39, 73, 52, 38, 24, 40, 57, 77, 99, 53, 48, 43, 85, 71, 83, 87, 3, 92, 58, 12, 59, 47, 25, 89, 23, 32, 97, 88, 69, 35, 17]], [77, []], [99, []], [53, []], [48, []], [57, []], [43, []], [14, [14, 64, 70]], [85, []], [71, []], [83, []], [54, []], [39, []], [73, []], [52, []], [40, []], [64, []], [38, []], [70, []], [24, []], [17, []], [87, []], [3, []], [92, []], [58, []], [12, []], [59, []], [47, []], [25, []], [89, []], [23, []], [32, []], [97, []], [88, []], [69, []], [35, []]]], [[[6, [6]]], [[30, [30]]], [[21, [21, 51, 22, 28, 60, 76]]], [[66, [66, 13]]], [[33, [33, 68]]], [[13, [5, 18]]], [[14, [14, 64, 70]]], [[7, [7, 41, 91, 100, 10]]]]]}
{"file_name": "U_100_1", "number_of_trucks": 2, "drone_capacity": 10, "number_of_drones": 20, "iteration": 2, "best_fitness": 1142.8800000000003, "runtime": 1345.0604689121246, "best_solution": [[[[0, [76, 51, 6, 57, 84, 28, 16, 13, 20, 4, 30, 62, 56, 87, 17, 36, 14, 85, 43, 83, 71, 31, 64, 38, 24, 70, 74, 29, 2, 40, 26, 90, 82, 98, 15, 75, 80, 94, 63, 100, 93, 91, 72, 65, 7, 58, 77, 35, 61]], [76, []], [51, []], [6, []], [57, []], [84, []], [28, []], [16, []], [13, []], [20, []], [4, []], [30, []], [62, []], [56, []], [87, []], [17, []], [36, []], [14, []], [85, []], [43, []], [83, []], [71, []], [31, []], [64, []], [38, []], [24, []], [70, []], [74, []], [29, []], [2, []], [40, []], [26, []], [90, []], [82, []], [98, []], [15, []], [75, []], [80, []], [94, []], [63, []], [100, []], [93, []], [91, []], [72, []], [65, []], [7, []], [58, []], [77, []], [35, []], [61, []]], [[0, [66, 11, 27, 67, 54, 22, 50, 60, 39, 73, 52, 68, 92, 42, 88, 34, 5, 33, 1, 37, 49, 48, 96, 12, 18, 8, 95, 78, 69, 44, 19, 45, 32, 25, 47, 89, 23, 10, 9, 41, 79, 55, 21, 86, 3, 81, 53, 99, 59, 97, 46]], [66, []], [11, []], [27, []], [67, []], [54, []], [22, []], [50, []], [60, []], [39, []], [73, []], [52, []], [68, []], [92, []], [42, []], [88, []], [34, []], [5, []], [33, []], [1, []], [37, []], [49, []], [48, []], [96, []], [12, []], [18, []], [8, []], [95, []], [78, []], [69, []], [44, []], [19, []], [45, []], [32, []], [25, []], [47, []], [89, []], [23, []], [10, []], [9, []], [41, []], [79, []], [55, []], [21, []], [86, []], [3, []], [81, []], [53, []], [99, []], [59, []], [97, []], [46, []]]], []]}
{"file_name": "U_100_1", "number_of_trucks": 2, "drone_capacity": 10, "number_of_drones": 20, "iteration": 3, "best_fitness": 1142.2800000000002, "runtime": 1353.9124836921692, "best_solution": [[[[0, [92, 27, 68, 73, 74, 39, 57, 54, 63, 93, 72, 89, 23, 49, 96, 17, 48, 83, 71, 21, 36, 43, 98, 82, 55, 87, 3, 70, 64, 2, 40, 52, 41, 100, 10, 19, 91, 45, 7, 99, 46]], [92, []], [27, []], [68, []], [73, []], [74, []], [39, []], [57, []], [54, []], [63, []], [93, []], [72, []], [89, []], [23, []], [49, []], [96, []], [17, []], [48, []], [83, []], [71, []], [21, []], [36, []], [43, []], [98, []], [82, []], [55, []], [87, []], [3, []], [70, []], [64, []], [2, []], [40, []], [52, []], [41, []], [100, []], [10, []], [19, []], [91, []], [45, []], [7, []], [99, []], [46, []]], [[0, [30, 6, 86, 51, 11, 50, 76, 67, 22, 28, 8, 33, 18, 62, 4, 78, 42, 95, 88, 47, 44, 34, 13, 75, 84, 90, 60, 85, 14, 16, 66, 1, 37, 53, 58, 12, 61, 35, 77, 20, 56, 81, 24, 38, 31, 29, 26, 9, 94, 80, 79, 15, 65, 5, 32, 25, 59, 97, 69]], [30, []], [6, []], [86, []], [51, []], [11, []], [50, []], [76, []], [67, []], [22, []], [28, []], [8, []], [33, []], [18, []], [62, []], [4, []], [78, []], [42, []], [95, []], [88, []], [47, []], [44, []], [34, []], [13, []], [75, []], [84, []], [90, []], [60, []], [85, []], [14, []], [16, []], [66, []], [1, []], [37, []], [53, []], [58, []], [12, []], [61, []], [35, []], [77, []], [20, []], [56, []], [81, []], [24, []], [38, []], [31, []], [29, []], [26, []], [9, []], [94, []], [80, []], [79, []], [15, []], [65, []], [5, []], [32, []], [25, []], [59, []], [97, []], [69, []]]], []]}
