{"file_name": "U_100_1", "number_of_trucks": 2, "drone_capacity": 10, "number_of_drones": 20, "iteration": 1, "best_fitness": 777.48, "runtime": 8105.343394041061, "best_solution": [[[[0, [36, 74, 73]], [73, []], [74, []], [36, []], [39, [70, 39]], [70, []], [0, [95, 65, 49, 44, 92, 2, 22, 47, 4, 98, 96, 37, 1, 54, 34, 52]], [34, []], [52, []], [54, []], [37, []], [1, []], [92, []], [2, []], [22, []], [47, []], [4, []], [98, []], [96, []], [95, []], [65, []], [49, []], [44, []], [0, [32, 81, 31, 58, 94, 40, 18, 57, 15, 43, 86, 9, 14, 75, 25, 78, 89, 46, 60, 13, 12, 35, 80, 76, 11, 45, 42, 99, 91]], [25, []], [78, []], [89, []], [46, []], [60, []], [13, []], [45, []], [42, []], [80, []], [99, []], [12, []], [76, []], [35, []], [32, []], [81, []], [11, []], [31, []], [58, []], [94, []], [40, []], [18, []], [57, []], [15, []], [43, []], [86, []], [9, []], [14, []], [75, []], [91, []]], [[0, [97, 90, 50]], [97, []], [90, [41]], [50, []], [41, []], [0, [88, 79, 63, 26, 17]], [62, [62, 66, 8]], [88, []], [66, []], [17, []], [8, []], [72, [72]], [79, []], [63, []], [26, []], [0, [23, 59, 30, 24, 5, 56, 38, 100, 61, 84, 64, 53, 51, 67, 28, 7, 93, 3, 55, 87, 82, 71, 69, 29, 21, 19, 68, 6, 85, 16, 48]], [64, []], [53, []], [51, []], [67, []], [20, [20, 10, 27, 33, 77, 83]], [28, []], [10, []], [27, []], [23, []], [59, []], [33, []], [7, []], [30, []], [93, []], [3, []], [24, []], [16, []], [77, []], [19, []], [83, []], [68, []], [6, []], [21, []], [82, []], [84, []], [71, []], [5, []], [55, []], [87, []], [48, []], [56, []], [69, []], [29, []], [38, []], [100, []], [61, []], [85, []]]], [[[39, [70, 39]]], [[90, [41]]], [[62, [62, 66, 8]]], [[72, [72]]], [[20, [20, 10, 27, 33, 77, 83]]]]]}
{"file_name": "U_100_1", "number_of_trucks": 2, "drone_capacity": 10, "number_of_drones": 20, "iteration": 2, "best_fitness": 1131.4, "runtime": 1335.9871418476105, "best_solution": [[[[0, [73, 74, 52, 88, 50, 90, 41, 44, 21, 48, 97, 84, 71, 43, 14, 81, 9, 98, 57, 47, 22, 2, 37, 86, 65, 18, 58, 49, 32, 12, 38, 5, 87, 75, 35, 76, 99, 6, 68, 26, 67, 17, 20, 10, 28, 78, 66, 25, 61, 91, 82, 69, 100, 55, 85]], [73, []], [74, []], [52, []], [88, []], [50, []], [90, []], [41, []], [44, []], [21, []], [48, []], [97, []], [84, []], [71, []], [43, []], [14, []], [81, []], [9, []], [98, []], [57, []], [47, []], [22, []], [2, []], [37, []], [86, []], [65, []], [18, []], [58, []], [49, []], [32, []], [12, []], [38, []], [5, []], [87, []], [75, []], [35, []], [76, []], [99, []], [6, []], [68, []], [26, []], [67, []], [17, []], [20, []], [10, []], [28, []], [78, []], [66, []], [25, []], [61, []], [91, []], [82, []], [69, []], [100, []], [55, []], [85, []]], [[0, [24, 30, 36, 39, 59, 70, 34, 62, 29, 56, 40, 95, 1, 92, 96, 4, 46, 54, 7, 8, 3, 79, 63, 83, 45, 72, 16, 23, 27, 89, 77, 19, 42, 80, 11, 31, 94, 15, 60, 13, 33, 93, 51, 53, 64]], [24, []], [30, []], [36, []], [39, []], [59, []], [70, []], [34, []], [62, []], [29, []], [56, []], [40, []], [95, []], [1, []], [92, []], [96, []], [4, []], [46, []], [54, []], [7, []], [8, []], [3, []], [79, []], [63, []], [83, []], [45, []], [72, []], [16, []], [23, []], [27, []], [89, []], [77, []], [19, []], [42, []], [80, []], [11, []], [31, []], [94, []], [15, []], [60, []], [13, []], [33, []], [93, []], [51, []], [53, []], [64, []]]], []]}
{"file_name": "U_100_1", "number_of_trucks": 2, "drone_capacity": 10, "number_of_drones": 20, "iteration": 3, "best_fitness": 1126.1199999999994, "runtime": 1330.6479649543762, "best_solution": [[[[0, [84, 21, 48, 65, 8, 2, 98, 4, 47, 22, 57, 9, 31, 14, 96, 95, 49, 68, 44, 12, 32, 43, 6, 99, 75, 77, 46, 54, 45, 83, 80, 42, 72, 11, 94, 40, 18, 15, 81, 27, 10, 20, 66, 25, 88, 64]], [84, []], [21, []], [48, []], [65, []], [8, []], [2, []], [98, []], [4, []], [47, []], [22, []], [57, []], [9, []], [31, []], [14, []], [96, []], [95, []], [49, []], [68, []], [44, []], [12, []], [32, []], [43, []], [6, []], [99, []], [75, []], [77, []], [46, []], [54, []], [45, []], [83, []], [80, []], [42, []], [72, []], [11, []], [94, []], [40, []], [18, []], [15, []], [81, []], [27, []], [10, []], [20, []], [66, []], [25, []], [88, []], [64, []]], [[0, [92, 36, 30, 59, 74, 24, 79, 37, 1, 70, 39, 17, 52, 26, 90, 50, 97, 71, 62, 41, 34, 63, 19, 73, 16, 23, 28, 78, 5, 55, 87, 76, 35, 58, 86, 60, 13, 33, 7, 93, 3, 89, 67, 51, 53, 61, 91, 100, 38, 69, 56, 29, 82, 85]], [92, []], [36, []], [30, []], [59, []], [74, []], [24, []], [79, []], [37, []], [1, []], [70, []], [39, []], [17, []], [52, []], [26, []], [90, []], [50, []], [97, []], [71, []], [62, []], [41, []], [34, []], [63, []], [19, []], [73, []], [16, []], [23, []], [28, []], [78, []], [5, []], [55, []], [87, []], [76, []], [35, []], [58, []], [86, []], [60, []], [13, []], [33, []], [7, []], [93, []], [3, []], [89, []], [67, []], [51, []], [53, []], [61, []], [91, []], [100, []], [38, []], [69, []], [56, []], [29, []], [82, []], [85, []]]], []]}
