{"file_name": "U_75_1", "number_of_trucks": 2, "drone_capacity": 10, "number_of_drones": 20, "iteration": 1, "best_fitness": 623.1511990819569, "runtime": 5072.819216012955, "best_solution": [[[[0, [48, 62, 30, 21]], [21, []], [30, []], [48, []], [36, [36, 28, 71]], [28, []], [62, []], [71, []], [51, [51, 42, 25, 72, 35, 41]], [25, []], [72, [16, 65, 32]], [32, []], [42, []], [35, []], [41, []], [16, []], [65, []], [47, [47, 74, 18, 3, 2, 46, 23, 11, 54, 7]], [74, []], [18, []], [3, []], [2, []], [46, []], [23, []], [11, []], [54, []], [7, []], [19, [19, 45, 73, 44, 60, 10, 59, 9, 20]], [45, []], [73, []], [44, []], [60, []], [10, []], [59, []], [9, []], [20, []]], [[0, []], [29, [29, 12]], [12, []], [34, [34, 1]], [1, []], [17, [17, 63, 68, 31]], [63, []], [68, []], [31, []], [61, [61, 66, 55]], [39, [39, 50, 38, 75, 40, 5, 52, 53, 70, 57]], [50, []], [38, []], [75, []], [40, []], [5, []], [52, []], [53, []], [70, []], [57, []], [13, [13, 6, 26, 14, 33, 37, 67, 8, 43]], [6, []], [26, []], [14, []], [33, []], [37, []], [66, []], [67, []], [8, []], [43, []], [4, [4, 69, 24, 56, 58, 27, 15, 64, 49, 22]], [69, []], [24, []], [56, []], [58, []], [55, []], [27, []], [15, []], [64, []], [49, []], [22, []]]], [[[29, [29, 12]]], [[36, [36, 28, 71]]], [[34, [34, 1]]], [[17, [17, 63, 68, 31]]], [[61, [61, 66, 55]]], [[39, [39, 50, 38, 75, 40, 5, 52, 53, 70, 57]]], [[51, [51, 42, 25, 72, 35, 41]]], [[13, [13, 6, 26, 14, 33, 37, 67, 8, 43]]], [[72, [16, 65, 32]]], [[47, [47, 74, 18, 3, 2, 46, 23, 11, 54, 7]]], [[4, [4, 69, 24, 56, 58, 27, 15, 64, 49, 22]]], [[19, [19, 45, 73, 44, 60, 10, 59, 9, 20]]]]]}
{"file_name": "U_75_1", "number_of_trucks": 2, "drone_capacity": 10, "number_of_drones": 20, "iteration": 2, "best_fitness": 659.5549034122508, "runtime": 640.3819510936737, "best_solution": [[[[0, [30, 36, 35]], [30, []], [36, []], [35, []], [17, [17]], [63, [63]], [51, [51, 55, 12, 29, 72, 28, 25, 32]], [55, []], [12, []], [29, []], [72, []], [28, []], [25, []], [32, []], [65, [65, 16, 41, 11, 23, 18, 74, 47, 71, 73]], [16, []], [41, []], [11, []], [23, []], [18, []], [74, []], [47, []], [71, []], [73, []], [45, [45, 43, 54, 8, 67, 60, 10, 3, 70, 20]], [43, []], [54, []], [8, []], [67, []], [60, []], [10, []], [3, []], [70, []], [20, []]], [[0, [48]], [48, []], [42, [42]], [44, [44, 62, 75, 21]], [62, []], [21, []], [75, []], [1, [1, 50, 61, 34, 40, 14]], [50, []], [61, []], [34, []], [40, []], [14, []], [5, [5, 39, 31, 19, 2, 46, 7, 66, 4, 68]], [39, []], [31, []], [19, []], [2, []], [46, []], [7, []], [66, []], [4, []], [68, []], [38, [38, 13, 6, 9, 59, 53, 57, 37, 52, 33]], [13, []], [6, []], [9, []], [59, []], [53, []], [57, []], [37, []], [52, []], [33, []], [69, [69, 24, 56, 58, 26, 27, 15, 64, 49, 22]], [24, []], [56, []], [58, []], [26, []], [27, []], [15, []], [64, []], [49, []], [22, []]]], [[[42, [42]]], [[44, [44, 62, 75, 21]]], [[17, [17]]], [[63, [63]]], [[1, [1, 50, 61, 34, 40, 14]]], [[51, [51, 55, 12, 29, 72, 28, 25, 32]]], [[5, [5, 39, 31, 19, 2, 46, 7, 66, 4, 68]]], [[65, [65, 16, 41, 11, 23, 18, 74, 47, 71, 73]]], [[38, [38, 13, 6, 9, 59, 53, 57, 37, 52, 33]]], [[69, [69, 24, 56, 58, 26, 27, 15, 64, 49, 22]]], [[45, [45, 43, 54, 8, 67, 60, 10, 3, 70, 20]]]]]}
{"file_name": "U_75_1", "number_of_trucks": 2, "drone_capacity": 10, "number_of_drones": 20, "iteration": 3, "best_fitness": 662.5410380360087, "runtime": 627.1919882297516, "best_solution": [[[[0, []], [34, [34, 42]], [42, []], [62, [62]], [28, [28, 9, 55, 70]], [9, []], [55, []], [70, []], [13, [13, 57, 40, 14, 5, 50, 52, 53, 26, 65]], [57, []], [40, []], [14, []], [5, []], [50, []], [52, []], [53, []], [26, []], [65, []], [47, [47, 12, 74, 51, 32, 49, 64, 25, 44, 73]], [12, []], [74, []], [51, []], [32, []], [49, []], [64, []], [25, []], [44, []], [73, []], [16, [16, 41, 35, 45, 60, 10, 59, 37, 33, 20]], [41, []], [35, []], [45, []], [60, []], [10, []], [59, []], [37, []], [33, []], [20, []]], [[0, [21]], [21, []], [2, [2, 19, 48]], [19, []], [72, [72, 36, 58, 30]], [48, []], [36, []], [58, []], [30, []], [29, [29, 71, 75, 38, 17, 63, 61, 39, 68, 1]], [71, []], [75, []], [38, []], [17, []], [63, []], [61, []], [39, []], [68, []], [1, []], [4, [4, 31, 43, 23, 11, 3, 18, 46, 7, 8]], [31, []], [43, []], [23, []], [11, []], [3, []], [18, []], [46, []], [7, []], [8, []], [54, [54, 67, 66, 69, 24, 56, 6, 27, 15, 22]], [67, []], [66, []], [69, []], [24, []], [56, []], [6, []], [27, []], [15, []], [22, []]]], [[[34, [34, 42]]], [[2, [2, 19, 48]]], [[62, [62]]], [[72, [72, 36, 58, 30]]], [[28, [28, 9, 55, 70]]], [[29, [29, 71, 75, 38, 17, 63, 61, 39, 68, 1]]], [[13, [13, 57, 40, 14, 5, 50, 52, 53, 26, 65]]], [[47, [47, 12, 74, 51, 32, 49, 64, 25, 44, 73]]], [[4, [4, 31, 43, 23, 11, 3, 18, 46, 7, 8]]], [[54, [54, 67, 66, 69, 24, 56, 6, 27, 15, 22]]], [[16, [16, 41, 35, 45, 60, 10, 59, 37, 33, 20]]]]]}
