{"file_name": "U_75_1", "number_of_trucks": 2, "drone_capacity": 10, "number_of_drones": 20, "iteration": 1, "best_fitness": 595.4054819289203, "runtime": 6962.312502384186, "best_solution": [[[[0, [28]], [67, [17, 32, 44, 2, 63, 56, 48, 67, 72, 7, 15, 47, 66, 11, 70, 38, 69]], [28, []], [72, []], [7, []], [15, []], [6, [1, 68, 75, 43, 13, 41, 42, 6]], [1, []], [47, []], [66, []], [11, []], [68, []], [75, []], [43, []], [13, []], [41, [49, 74, 14]], [74, []], [14, []], [42, []], [49, []], [70, [50, 25, 12, 27, 8, 33, 45, 5, 58]], [38, []], [69, []], [50, []], [25, []], [12, []], [32, []], [44, []], [27, []], [2, []], [63, []], [56, []], [48, []], [8, []], [33, []], [17, []], [45, []], [5, []], [58, []]], [[0, [57, 52, 62, 29]], [26, [26, 46, 24, 55, 3, 61, 21, 64, 65, 34, 35, 10, 4]], [64, []], [65, []], [21, []], [3, []], [61, []], [4, []], [62, []], [46, []], [24, []], [10, []], [34, []], [35, []], [55, []], [20, [20, 60, 40, 53, 16, 54, 9, 22]], [57, []], [52, []], [9, []], [16, []], [40, []], [19, [51, 19, 39, 31, 73, 18, 59]], [39, []], [60, [36, 30, 23, 37, 71]], [22, []], [31, []], [73, []], [54, []], [36, []], [53, []], [29, []], [30, []], [18, []], [23, []], [59, []], [37, []], [71, []], [51, []]]], [[[26, [26, 46, 24, 55, 3, 61, 10, 4]]], [[26, [21, 64, 65, 34, 35]]], [[67, [67, 72, 7, 15, 47, 66, 11, 70, 38, 69]]], [[20, [9, 22]]], [[67, [32, 44, 2, 63, 56, 48]]], [[67, [17]]], [[6, [1, 68, 75, 43, 13, 41, 42, 6]]], [[41, [49, 74, 14]]], [[20, [20, 60, 40, 53, 16, 54]]], [[19, [51, 19, 39, 31, 73, 18, 59]]], [[70, [50, 25, 12, 27, 8, 33, 45, 5, 58]]], [[60, [36, 30, 23, 37, 71]]]]]}
{"file_name": "U_75_1", "number_of_trucks": 2, "drone_capacity": 10, "number_of_drones": 20, "iteration": 2, "best_fitness": 685.967023228593, "runtime": 575.2858073711395, "best_solution": [[[[0, []], [54, [54]], [38, [38, 75, 47, 6, 66, 1]], [75, []], [47, []], [6, []], [66, []], [1, []], [42, [42, 15, 67, 64, 70, 41, 13, 28, 63, 55]], [15, []], [67, []], [64, []], [70, []], [41, []], [13, []], [28, []], [63, []], [55, []], [20, [20, 72, 7, 27, 71, 50, 59, 53, 22, 31]], [72, []], [7, []], [27, []], [71, []], [50, []], [59, []], [53, []], [22, []], [31, []], [32, [32, 3, 19, 60, 39, 48, 8, 33, 45, 51]], [3, []], [19, []], [60, []], [39, []], [48, []], [8, []], [33, []], [45, []], [51, []]], [[0, [26, 65, 21, 57]], [26, []], [65, [35, 56, 62, 52, 4]], [21, []], [57, []], [35, []], [56, []], [62, []], [52, []], [4, []], [10, [10, 17, 24, 46, 34, 43, 68, 2, 9]], [17, []], [24, []], [46, []], [34, []], [43, []], [68, []], [2, []], [9, []], [16, [16, 40, 61, 44, 29, 11, 14, 74, 49, 36]], [40, []], [61, []], [44, []], [29, []], [11, []], [14, []], [74, []], [49, []], [36, []], [73, [73, 30, 23, 12, 18, 25, 37, 69, 5, 58]], [30, []], [23, []], [12, []], [18, []], [25, []], [37, []], [69, []], [5, []], [58, []]]], [[[54, [54]]], [[38, [38, 75, 47, 6, 66, 1]]], [[65, [35, 56, 62, 52, 4]]], [[10, [10, 17, 24, 46, 34, 43, 68, 2, 9]]], [[42, [42, 15, 67, 64, 70, 41, 13, 28, 63, 55]]], [[20, [20, 72, 7, 27, 71, 50, 59, 53, 22, 31]]], [[16, [16, 40, 61, 44, 29, 11, 14, 74, 49, 36]]], [[32, [32, 3, 19, 60, 39, 48, 8, 33, 45, 51]]], [[73, [73, 30, 23, 12, 18, 25, 37, 69, 5, 58]]]]]}
{"file_name": "U_75_1", "number_of_trucks": 2, "drone_capacity": 10, "number_of_drones": 20, "iteration": 3, "best_fitness": 663.8481380046474, "runtime": 551.5472395420074, "best_solution": [[[[0, [26]], [26, []], [47, [47, 54, 3, 4, 15]], [54, []], [3, []], [4, []], [15, [13, 41]], [13, []], [41, []], [42, [42, 6, 1, 75, 29, 22, 53, 20, 72, 55]], [6, []], [1, []], [75, []], [29, []], [22, []], [53, []], [20, []], [72, []], [55, []], [63, [63, 2, 12, 18, 59, 25, 50, 27, 71, 34]], [2, []], [12, []], [18, []], [59, []], [25, []], [50, []], [27, []], [71, []], [34, []], [52, [52, 19, 60, 39, 48, 8, 33, 51, 45, 58]], [19, []], [60, []], [39, []], [48, []], [8, []], [33, []], [51, []], [45, []], [58, []]], [[0, [67, 64, 65, 7, 56, 57, 21]], [67, []], [64, []], [65, []], [7, []], [56, []], [57, []], [21, []], [17, [17, 28, 38, 66, 11, 43, 68, 9, 16, 46]], [28, []], [38, []], [66, []], [11, []], [43, []], [68, []], [9, []], [16, []], [46, []], [10, [10, 24, 35, 62, 61, 40, 44, 69, 70, 74]], [24, []], [35, []], [62, []], [61, []], [40, []], [44, []], [69, []], [70, []], [74, []], [14, [14, 49, 30, 23, 31, 73, 36, 32, 37, 5]], [49, []], [30, []], [23, []], [31, []], [73, []], [36, []], [32, []], [37, []], [5, []]]], [[[47, [47, 54, 3, 4, 15]]], [[17, [17, 28, 38, 66, 11, 43, 68, 9, 16, 46]]], [[15, [13, 41]]], [[42, [42, 6, 1, 75, 29, 22, 53, 20, 72, 55]]], [[10, [10, 24, 35, 62, 61, 40, 44, 69, 70, 74]]], [[63, [63, 2, 12, 18, 59, 25, 50, 27, 71, 34]]], [[14, [14, 49, 30, 23, 31, 73, 36, 32, 37, 5]]], [[52, [52, 19, 60, 39, 48, 8, 33, 51, 45, 58]]]]]}
