{"file_name": "U_75_1", "number_of_trucks": 2, "drone_capacity": 10, "number_of_drones": 20, "iteration": 1, "best_fitness": 646.3999071523857, "runtime": 8461.937473773956, "best_solution": [[[[0, [31, 21, 71, 51, 60, 47, 22, 43, 7, 20]], [7, []], [22, []], [51, []], [60, []], [20, []], [47, []], [6, [6]], [58, [58, 14, 41, 57, 39, 26, 53, 74, 1, 18, 59, 17]], [71, []], [17, []], [43, []], [68, [40, 68, 66, 35, 69]], [66, []], [35, []], [30, [30, 54, 8]], [54, []], [14, []], [8, []], [41, []], [57, []], [39, []], [26, []], [53, []], [74, []], [1, []], [18, []], [59, []], [31, []], [21, []], [69, []], [40, []]], [[0, [27, 11]], [2, [61, 23, 5, 48, 2, 28]], [5, []], [28, []], [48, []], [27, []], [11, []], [72, [19, 72, 45, 73, 55, 4, 25, 36]], [45, []], [73, []], [37, [37, 33, 9, 50, 49, 29, 56, 16, 15]], [55, []], [33, []], [16, []], [9, [10, 46, 75, 70, 52, 67, 62]], [46, []], [19, []], [24, [24, 13, 32]], [67, []], [50, []], [29, []], [62, [3, 64, 12, 42, 63, 34, 44, 38, 65]], [49, []], [56, []], [61, []], [23, []], [4, []], [32, []], [3, []], [75, []], [70, []], [25, []], [64, []], [12, []], [36, []], [42, []], [63, []], [34, []], [44, []], [10, []], [52, []], [38, []], [65, []], [13, []], [15, []]]], [[[2, [61, 23, 5, 48, 2, 28]]], [[72, [19, 72, 45, 73, 55, 4, 25, 36]]], [[6, [6]]], [[37, [37, 33, 9, 50, 49, 29, 56, 16, 15]]], [[9, [10, 46, 75, 70, 52, 67, 62]]], [[58, [41, 57, 39, 26, 53, 74, 1, 18, 59, 17]]], [[24, [24, 13, 32]]], [[58, [58, 14]]], [[68, [40, 68, 66, 35, 69]]], [[30, [30, 54, 8]]], [[62, [3, 64, 12, 42, 63, 34, 44, 38, 65]]]]]}
{"file_name": "U_75_1", "number_of_trucks": 2, "drone_capacity": 10, "number_of_drones": 20, "iteration": 2, "best_fitness": 673.5200000000001, "runtime": 610.1109669208527, "best_solution": [[[[0, [22, 4, 23, 53]], [22, []], [4, []], [23, []], [53, []], [31, [31]], [21, [21]], [74, [74, 18, 56, 7]], [18, [37, 6, 55, 33]], [56, []], [7, []], [37, []], [6, []], [55, []], [33, []], [70, [70, 75, 26, 41, 59, 1, 57, 39, 52, 17]], [75, []], [26, []], [41, []], [59, []], [1, []], [57, []], [39, []], [52, []], [17, []], [64, [64, 3, 32, 12, 36, 42, 63, 44, 34, 10]], [3, []], [32, []], [12, []], [36, []], [42, []], [63, []], [44, []], [34, []], [10, []]], [[0, [11, 20, 48]], [11, []], [20, []], [48, []], [58, [58]], [28, [28, 25, 5]], [25, []], [5, []], [71, [71, 61, 73, 45]], [61, []], [73, []], [45, []], [15, [15, 47, 2, 16, 19, 67, 29, 68, 66, 62]], [47, []], [2, []], [16, []], [19, []], [67, []], [29, []], [68, []], [66, []], [62, []], [60, [60, 72, 35, 27, 50, 13, 24, 40, 51, 69]], [72, []], [35, []], [27, []], [50, []], [13, []], [24, []], [40, []], [51, []], [69, []], [49, [49, 46, 9, 54, 14, 8, 65, 38, 30, 43]], [46, []], [9, []], [54, []], [14, []], [8, []], [65, []], [38, []], [30, []], [43, []]]], [[[58, [58]]], [[28, [28, 25, 5]]], [[31, [31]]], [[21, [21]]], [[74, [74, 18, 56, 7]]], [[71, [71, 61, 73, 45]]], [[15, [15, 47, 2, 16, 19, 67, 29, 68, 66, 62]]], [[18, [37, 6, 55, 33]]], [[70, [70, 75, 26, 41, 59, 1, 57, 39, 52, 17]]], [[60, [60, 72, 35, 27, 50, 13, 24, 40, 51, 69]]], [[64, [64, 3, 32, 12, 36, 42, 63, 44, 34, 10]]], [[49, [49, 46, 9, 54, 14, 8, 65, 38, 30, 43]]]]]}
{"file_name": "U_75_1", "number_of_trucks": 2, "drone_capacity": 10, "number_of_drones": 20, "iteration": 3, "best_fitness": 678.6332548452051, "runtime": 636.0290777683258, "best_solution": [[[[0, [48, 31]], [48, []], [31, []], [21, [21]], [36, [36, 33, 16]], [33, []], [16, []], [56, [56, 51, 49, 60, 65, 58, 55, 37, 47, 10]], [51, []], [49, []], [60, []], [65, []], [58, []], [55, []], [37, []], [47, []], [10, []], [42, [42, 73, 63, 34, 52, 24, 45, 67, 11, 66]], [73, []], [63, []], [34, []], [52, []], [24, []], [45, []], [67, []], [11, []], [66, []], [68, [68, 30, 40, 46, 17, 64, 3, 12, 6, 44]], [30, []], [40, []], [46, []], [17, []], [64, []], [3, []], [12, []], [6, []], [44, []]], [[0, []], [22, [22]], [5, [5]], [28, [28, 53, 4]], [53, []], [4, [32, 61, 23, 25, 7]], [32, []], [61, []], [23, []], [25, []], [7, []], [71, [71]], [2, [2, 43, 27, 29, 72, 20, 9, 75]], [43, []], [27, []], [29, []], [72, []], [20, []], [9, []], [75, []], [70, [70, 62, 69, 35, 50, 14, 8, 59, 18, 74]], [62, []], [69, []], [35, []], [50, []], [14, []], [8, []], [59, []], [18, []], [74, []], [1, [1, 26, 39, 57, 41, 54, 19, 38, 13, 15]], [26, []], [39, []], [57, []], [41, []], [54, []], [19, []], [38, []], [13, []], [15, []]]], [[[21, [21]]], [[22, [22]]], [[5, [5]]], [[28, [28, 53, 4]]], [[4, [32, 61, 23, 25, 7]]], [[71, [71]]], [[36, [36, 33, 16]]], [[2, [2, 43, 27, 29, 72, 20, 9, 75]]], [[56, [56, 51, 49, 60, 65, 58, 55, 37, 47, 10]]], [[70, [70, 62, 69, 35, 50, 14, 8, 59, 18, 74]]], [[42, [42, 73, 63, 34, 52, 24, 45, 67, 11, 66]]], [[68, [68, 30, 40, 46, 17, 64, 3, 12, 6, 44]]], [[1, [1, 26, 39, 57, 41, 54, 19, 38, 13, 15]]]]]}
