{"file_name": "U_75_1", "number_of_trucks": 2, "drone_capacity": 10, "number_of_drones": 20, "iteration": 1, "best_fitness": 679.5328588835109, "runtime": 3953.040111541748, "best_solution": [[[[0, [26, 70, 37]], [26, []], [70, []], [37, []], [10, [10, 52, 51, 57, 9]], [52, []], [51, []], [57, []], [9, []], [43, [43, 29, 41, 35, 47, 2, 63, 16, 40, 34]], [29, []], [41, []], [35, []], [47, []], [2, []], [63, []], [16, []], [40, []], [34, []], [27, [27, 69, 13, 61, 48, 33, 19, 24, 18, 74]], [69, []], [13, []], [61, []], [48, []], [33, []], [19, []], [24, []], [18, []], [74, []], [45, [45, 20, 5, 54, 36, 50, 23, 25, 28, 59]], [20, []], [5, []], [54, []], [36, []], [50, []], [23, []], [25, []], [28, []], [59, []]], [[0, [67, 62, 15]], [6, [6, 64, 3, 12]], [64, []], [3, []], [12, []], [67, []], [62, []], [15, []], [4, [4, 21, 17, 22, 56, 11, 55, 7, 58, 44]], [21, []], [17, []], [22, []], [56, []], [11, []], [55, []], [7, []], [58, []], [44, []], [68, [68, 73, 71, 72, 14, 49, 42, 53, 39, 30]], [73, []], [71, []], [72, []], [14, []], [49, []], [42, []], [53, []], [39, []], [30, []], [38, [38, 32, 75, 60, 1, 66, 65, 46, 8, 31]], [32, []], [75, []], [60, []], [1, []], [66, []], [65, []], [46, []], [8, []], [31, []]]], [[[6, [6, 64, 3, 12]]], [[10, [10, 52, 51, 57, 9]]], [[4, [4, 21, 17, 22, 56, 11, 55, 7, 58, 44]]], [[43, [43, 29, 41, 35, 47, 2, 63, 16, 40, 34]]], [[27, [27, 69, 13, 61, 48, 33, 19, 24, 18, 74]]], [[68, [68, 73, 71, 72, 14, 49, 42, 53, 39, 30]]], [[45, [45, 20, 5, 54, 36, 50, 23, 25, 28, 59]]], [[38, [38, 32, 75, 60, 1, 66, 65, 46, 8, 31]]]]]}
{"file_name": "U_75_1", "number_of_trucks": 2, "drone_capacity": 10, "number_of_drones": 20, "iteration": 2, "best_fitness": 708.4842995700857, "runtime": 593.9537556171417, "best_solution": [[[[0, []], [11, [11, 9, 43]], [9, [35, 31]], [43, []], [35, []], [59, [59, 64, 12, 3, 58, 17, 4, 63, 36, 74]], [64, []], [12, []], [3, []], [58, []], [17, []], [4, []], [63, []], [36, []], [74, []], [55, [55, 2, 45, 5, 7, 21, 20, 44, 19, 33]], [2, []], [45, []], [5, []], [7, []], [21, []], [20, []], [44, []], [19, []], [33, []], [61, [61, 38, 32, 53, 71, 46, 18, 10, 54]], [38, []], [32, []], [53, []], [71, []], [46, []], [18, []], [10, []], [54, []], [31, []]], [[0, [52, 37]], [52, []], [37, []], [22, [22]], [14, [14, 70, 24, 15, 16, 67, 62, 48]], [70, []], [24, []], [15, []], [16, []], [67, []], [62, []], [48, []], [26, [26, 40, 41, 47, 6, 27, 34, 29, 57, 51]], [40, []], [41, []], [47, []], [6, []], [27, []], [34, []], [29, []], [57, []], [51, []], [69, [69, 13, 42, 49, 73, 30, 72, 60, 1, 75]], [13, []], [42, []], [49, []], [73, []], [30, []], [72, []], [60, []], [1, []], [75, []], [65, [65, 66, 39, 56, 68, 8, 50, 23, 28, 25]], [66, []], [39, []], [56, []], [68, []], [8, []], [50, []], [23, []], [28, []], [25, []]]], [[[11, [11, 9, 43]]], [[22, [22]]], [[9, [35, 31]]], [[14, [14, 70, 24, 15, 16, 67, 62, 48]]], [[26, [26, 40, 41, 47, 6, 27, 34, 29, 57, 51]]], [[59, [59, 64, 12, 3, 58, 17, 4, 63, 36, 74]]], [[55, [55, 2, 45, 5, 7, 21, 20, 44, 19, 33]]], [[61, [61, 38, 32, 53, 71, 46, 18, 10, 54]]], [[69, [69, 13, 42, 49, 73, 30, 72, 60, 1, 75]]], [[65, [65, 66, 39, 56, 68, 8, 50, 23, 28, 25]]]]]}
{"file_name": "U_75_1", "number_of_trucks": 2, "drone_capacity": 10, "number_of_drones": 20, "iteration": 3, "best_fitness": 670.8476420922673, "runtime": 563.3370187282562, "best_solution": [[[[0, [6]], [6, []], [64, [64, 70]], [70, []], [41, [41, 47, 59, 12, 40]], [47, []], [59, []], [12, []], [40, []], [29, [29, 35, 26, 14, 53, 71, 72, 52, 11, 22]], [35, []], [26, []], [14, []], [53, []], [71, []], [72, []], [52, []], [11, []], [22, []], [55, [55, 5, 74, 45, 58, 18, 20, 36, 63, 16]], [5, []], [74, []], [45, []], [58, []], [18, []], [20, []], [36, []], [63, []], [16, []], [8, [8, 33, 19, 61, 23, 25, 28, 54, 7, 2]], [33, []], [19, []], [61, []], [23, []], [25, []], [28, []], [54, []], [7, []], [2, []]], [[0, [31, 62, 67, 3, 15, 37, 73]], [31, []], [62, []], [67, []], [3, []], [15, []], [37, []], [73, []], [44, [44, 4, 21, 24, 10, 56, 17, 48, 38, 9]], [4, []], [21, []], [24, []], [10, []], [56, []], [17, []], [48, []], [38, []], [9, []], [51, [51, 57, 27, 34, 43, 69, 13, 49, 42, 30]], [57, []], [27, []], [34, []], [43, []], [69, []], [13, []], [49, []], [42, []], [30, []], [39, [39, 1, 60, 75, 32, 66, 65, 46, 68, 50]], [1, []], [60, []], [75, []], [32, []], [66, []], [65, []], [46, []], [68, []], [50, []]]], [[[44, [44, 4, 21, 24, 10, 56, 17, 48, 38, 9]]], [[64, [64, 70]]], [[41, [41, 47, 59, 12, 40]]], [[29, [29, 35, 26, 14, 53, 71, 72, 52, 11, 22]]], [[55, [55, 5, 74, 45, 58, 18, 20, 36, 63, 16]]], [[51, [51, 57, 27, 34, 43, 69, 13, 49, 42, 30]]], [[8, [8, 33, 19, 61, 23, 25, 28, 54, 7, 2]]], [[39, [39, 1, 60, 75, 32, 66, 65, 46, 68, 50]]]]]}
