{"file_name": "U_15_1", "number_of_trucks": 2, "drone_capacity": 2, "number_of_drones": 2, "iteration": 1, "best_fitness": 383.73221758442077, "runtime": 34.76711559295654, "best_solution": [[[[0, [15]], [11, [11]], [15, []], [8, [8, 13]], [14, [14, 10]], [13, []], [10, []], [2, [2]]], [[0, [1]], [1, []], [3, [3]], [0, [7, 9, 12]], [5, [5]], [7, []], [4, [4, 6]], [12, []], [9, []], [6, []]]], [[[11, [11]]], [[3, [3]]], [[5, [5]]], [[8, [8, 13]]], [[14, [14, 10]]], [[4, [4, 6]]], [[2, [2]]]]]}
{"file_name": "U_15_1", "number_of_trucks": 2, "drone_capacity": 2, "number_of_drones": 2, "iteration": 2, "best_fitness": 383.73221758442077, "runtime": 33.989808082580566, "best_solution": [[[[0, [1]], [1, []], [12, [12, 5]], [5, []], [13, [13, 6]], [6, []], [14, [14, 8]], [8, []]], [[0, []], [11, [11, 15]], [3, [7, 9, 3]], [15, []], [7, []], [9, []], [4, [4, 10]], [10, []], [2, [2]]]], [[[11, [11, 15]]], [[3, [3]]], [[3, [7, 9]]], [[12, [12, 5]]], [[13, [13, 6]]], [[4, [4, 10]]], [[14, [14, 8]]], [[2, [2]]]]]}
{"file_name": "U_15_1", "number_of_trucks": 2, "drone_capacity": 2, "number_of_drones": 2, "iteration": 3, "best_fitness": 383.73221758442077, "runtime": 36.273916482925415, "best_solution": [[[[0, [15, 1, 3, 7]], [15, [9]], [7, []], [1, []], [9, []], [4, [4, 8]], [6, [6, 14]], [3, []], [8, []], [14, []]], [[0, []], [11, [11]], [12, [12, 5]], [10, [10, 13]], [5, []], [13, []], [2, [2]]]], [[[11, [11]]], [[15, [9]]], [[12, [12, 5]]], [[4, [4, 8]]], [[10, [10, 13]]], [[6, [6, 14]]], [[2, [2]]]]]}
