{"file_name": "U_15_1", "number_of_trucks": 2, "drone_capacity": 2, "number_of_drones": 2, "iteration": 1, "best_fitness": 302.06302355444905, "runtime": 38.95551824569702, "best_solution": [[[[0, []], [2, [2, 8]], [8, []], [6, [6]], [5, [5, 3]], [3, []], [13, [13, 10]], [10, []], [12, [12]]], [[0, []], [9, [9]], [4, [4, 15]], [15, []], [11, [11, 7]], [7, []], [14, [14, 1]], [1, []]]], [[[2, [2, 8]]], [[9, [9]]], [[4, [4, 15]]], [[6, [6]]], [[11, [11, 7]]], [[5, [5, 3]]], [[14, [14, 1]]], [[13, [13, 10]]], [[12, [12]]]]]}
{"file_name": "U_15_1", "number_of_trucks": 2, "drone_capacity": 2, "number_of_drones": 2, "iteration": 2, "best_fitness": 296.1788369746117, "runtime": 72.50449061393738, "best_solution": [[[[0, []], [2, [2, 8]], [4, [4, 15]], [8, []], [12, [12, 5]], [15, []], [5, []], [10, [10, 3]], [3, []], [13, [13]]], [[0, []], [9, [9, 6]], [6, []], [11, [11, 7]], [7, []], [14, [14, 1]], [1, []]]], [[[2, [2, 8]]], [[9, [9, 6]]], [[4, [4, 15]]], [[12, [12, 5]]], [[11, [11, 7]]], [[10, [10, 3]]], [[14, [14, 1]]], [[13, [13]]]]]}
{"file_name": "U_15_1", "number_of_trucks": 2, "drone_capacity": 2, "number_of_drones": 2, "iteration": 3, "best_fitness": 296.1788369746117, "runtime": 42.40356755256653, "best_solution": [[[[0, []], [9, [9, 8, 2]], [8, []], [12, [12, 6]], [6, []], [2, []], [13, [13, 3]], [3, []], [10, [10, 5]], [5, []]], [[0, []], [4, [4, 15]], [15, []], [11, [11, 7]], [7, []], [14, [14, 1]], [1, []]]], [[[9, [2]]], [[9, [9, 8]]], [[4, [4, 15]]], [[12, [12, 6]]], [[11, [11, 7]]], [[13, [13, 3]]], [[14, [14, 1]]], [[10, [10, 5]]]]]}
