{"file_name": "U_15_0", "number_of_trucks": 2, "drone_capacity": 2, "number_of_drones": 2, "iteration": 1, "best_fitness": 188.99775030945443, "runtime": 38.255516052246094, "best_solution": [[[[0, [2, 3]], [2, []], [3, [6, 12]], [12, []], [6, []], [15, [15, 7]], [7, []], [11, [11, 10]], [10, []]], [[0, [14]], [13, [13, 8]], [8, []], [5, [5, 9]], [9, []], [14, []], [1, [1, 4]], [4, []]]], [[[3, [6, 12]]], [[13, [13, 8]]], [[5, [5, 9]]], [[15, [15, 7]]], [[1, [1, 4]]], [[11, [11, 10]]]]]}
{"file_name": "U_15_0", "number_of_trucks": 2, "drone_capacity": 2, "number_of_drones": 2, "iteration": 2, "best_fitness": 182.1418468028184, "runtime": 46.49359440803528, "best_solution": [[[[0, [2, 3]], [2, []], [3, []], [12, [12, 10]], [10, []], [7, [7, 11]], [11, []], [15, [15, 5]], [5, []]], [[0, [13, 8]], [13, [14]], [8, []], [6, [6, 9]], [1, [1, 4]], [14, []], [9, []], [4, []]]], [[[13, [14]]], [[6, [6, 9]]], [[12, [12, 10]]], [[1, [1, 4]]], [[7, [7, 11]]], [[15, [15, 5]]]]]}
{"file_name": "U_15_0", "number_of_trucks": 2, "drone_capacity": 2, "number_of_drones": 2, "iteration": 3, "best_fitness": 185.25507703891628, "runtime": 47.40432286262512, "best_solution": [[[[0, [2, 14]], [2, []], [3, [3]], [5, [5, 9]], [9, []], [14, [4, 1]], [1, []], [4, []]], [[0, []], [13, [13, 8]], [8, []], [12, [12, 10]], [7, [7, 11]], [11, []], [10, []], [6, [6, 15]], [15, []]]], [[[13, [13, 8]]], [[3, [3]]], [[5, [5, 9]]], [[12, [12, 10]]], [[7, [7, 11]]], [[14, [4, 1]]], [[6, [6, 15]]]]]}
