{"file_name": "U_15_1", "number_of_trucks": 2, "drone_capacity": 2, "number_of_drones": 2, "iteration": 1, "best_fitness": 353.8387835268729, "runtime": 31.36864137649536, "best_solution": [[[[0, [9, 11, 1, 3, 8]], [9, []], [11, []], [1, []], [13, [13, 5]], [5, []], [14, [14, 6]], [3, []], [8, []], [6, []]], [[0, [7, 15, 12]], [7, []], [12, []], [15, []], [10, [10, 4]], [4, []], [2, [2]]]], [[[13, [13, 5]]], [[10, [10, 4]]], [[14, [14, 6]]], [[2, [2]]]]]}
{"file_name": "U_15_1", "number_of_trucks": 2, "drone_capacity": 2, "number_of_drones": 2, "iteration": 2, "best_fitness": 353.8387835268729, "runtime": 30.750426530838013, "best_solution": [[[[0, [1, 15, 7, 9]], [1, []], [15, []], [7, []], [9, []], [4, [4, 12]], [12, []], [2, [2]]], [[0, [11, 3]], [11, []], [3, []], [8, [8]], [5, [5, 13]], [13, []], [10, [10, 14]], [14, []], [6, [6]]]], [[[8, [8]]], [[5, [5, 13]]], [[4, [4, 12]]], [[10, [10, 14]]], [[6, [6]]], [[2, [2]]]]]}
{"file_name": "U_15_1", "number_of_trucks": 2, "drone_capacity": 2, "number_of_drones": 2, "iteration": 3, "best_fitness": 353.8387835268729, "runtime": 31.476086139678955, "best_solution": [[[[0, [1]], [1, []], [0, []], [12, [12, 5]], [5, []], [8, [8, 13]], [14, [14, 10]], [13, []], [10, []], [2, [2]]], [[0, [11, 3, 15, 7]], [11, []], [3, [9]], [15, []], [7, []], [9, []], [4, [4, 6]], [6, []]]], [[[3, [9]]], [[12, [12, 5]]], [[8, [8, 13]]], [[14, [14, 10]]], [[4, [4, 6]]], [[2, [2]]]]]}
