{"file_name": "U_15_1", "number_of_trucks": 2, "drone_capacity": 2, "number_of_drones": 2, "iteration": 1, "best_fitness": 268.93186874558364, "runtime": 52.659366846084595, "best_solution": [[[[0, [2, 11]], [11, []], [2, []], [6, [6]], [4, [4]], [9, [9, 7]], [7, []], [8, [8, 10]], [10, []], [14, [14]]], [[0, [5, 1]], [1, [12, 13]], [13, []], [12, []], [5, []], [15, [15]], [3, [3]]]], [[[1, [12, 13]]], [[6, [6]]], [[4, [4]]], [[9, [9, 7]]], [[8, [8, 10]]], [[15, [15]]], [[14, [14]]], [[3, [3]]]]]}
{"file_name": "U_15_1", "number_of_trucks": 2, "drone_capacity": 2, "number_of_drones": 2, "iteration": 2, "best_fitness": 271.0855152147996, "runtime": 44.54414200782776, "best_solution": [[[[0, [1, 11, 6]], [6, []], [1, []], [11, []], [0, [7, 13]], [13, []], [7, []], [8, [8]], [14, [14, 10]], [10, []]], [[0, [2, 5, 12]], [5, []], [12, []], [9, [9]], [2, []], [4, [4]], [15, [15]], [3, [3]]]], [[[9, [9]]], [[4, [4]]], [[15, [15]]], [[8, [8]]], [[14, [14, 10]]], [[3, [3]]]]]}
{"file_name": "U_15_1", "number_of_trucks": 2, "drone_capacity": 2, "number_of_drones": 2, "iteration": 3, "best_fitness": 277.5881405406647, "runtime": 40.077839374542236, "best_solution": [[[[0, [13, 12]], [13, [4]], [12, []], [15, [15]], [4, []], [3, [3]]], [[0, []], [5, [5]], [0, [11]], [11, []], [0, [1, 2, 6]], [6, []], [1, []], [2, []], [9, [9, 7]], [7, []], [10, [10]], [8, [8, 14]], [14, []]]], [[[5, [5]]], [[13, [4]]], [[9, [9, 7]]], [[15, [15]]], [[10, [10]]], [[8, [8, 14]]], [[3, [3]]]]]}
