{"file_name": "U_15_1", "number_of_trucks": 2, "drone_capacity": 2, "number_of_drones": 2, "iteration": 1, "best_fitness": 354.2895791651548, "runtime": 55.622260332107544, "best_solution": [[[[0, [7, 5]], [5, []], [7, []], [9, [9, 10]], [11, [11, 1]], [1, []], [10, []], [4, [4]]], [[0, [12, 2]], [12, []], [2, []], [13, [13]], [8, [8, 6]], [15, [15, 14]], [14, []], [6, []], [3, [3]]]], [[[13, [13]]], [[9, [9, 10]]], [[8, [8, 6]]], [[11, [11, 1]]], [[15, [15, 14]]], [[4, [4]]], [[3, [3]]]]]}
{"file_name": "U_15_1", "number_of_trucks": 2, "drone_capacity": 2, "number_of_drones": 2, "iteration": 2, "best_fitness": 354.2895791651548, "runtime": 44.55384182929993, "best_solution": [[[[0, [2, 12]], [12, []], [5, [13, 10, 5]], [2, []], [8, [8, 6]], [6, []], [13, []], [10, []], [4, [4]]], [[0, [7]], [7, []], [9, [9, 1]], [14, [14, 11]], [11, []], [1, []], [3, [3, 15]], [15, []]]], [[[5, [5]]], [[5, [13, 10]]], [[9, [9, 1]]], [[8, [8, 6]]], [[14, [14, 11]]], [[3, [3, 15]]], [[4, [4]]]]]}
{"file_name": "U_15_1", "number_of_trucks": 2, "drone_capacity": 2, "number_of_drones": 2, "iteration": 3, "best_fitness": 354.2895791651548, "runtime": 42.57089328765869, "best_solution": [[[[0, []], [13, [13, 10]], [11, [11, 1]], [1, []], [10, []], [4, [4]]], [[0, []], [12, [12]], [0, [2, 7]], [5, [5]], [2, []], [7, []], [9, [9, 8]], [14, [14, 6]], [8, []], [6, []], [3, [3, 15]], [15, []]]], [[[12, [12]]], [[5, [5]]], [[13, [13, 10]]], [[9, [9, 8]]], [[11, [11, 1]]], [[14, [14, 6]]], [[3, [3, 15]]], [[4, [4]]]]]}
