{"file_name": "U_15_1", "number_of_trucks": 2, "drone_capacity": 2, "number_of_drones": 2, "iteration": 1, "best_fitness": 238.7441292040953, "runtime": 48.08355236053467, "best_solution": [[[[0, [2]], [9, [9]], [4, [4]], [2, []], [3, [3, 12]], [12, []], [13, [13, 11]], [11, []], [10, [10]]], [[0, [8, 6]], [6, []], [15, [15]], [8, []], [7, [7, 5]], [14, [14, 1]], [1, []], [5, []]]], [[[9, [9]]], [[4, [4]]], [[15, [15]]], [[3, [3, 12]]], [[7, [7, 5]]], [[13, [13, 11]]], [[14, [14, 1]]], [[10, [10]]]]]}
{"file_name": "U_15_1", "number_of_trucks": 2, "drone_capacity": 2, "number_of_drones": 2, "iteration": 2, "best_fitness": 240.80374221283083, "runtime": 43.226003646850586, "best_solution": [[[[0, []], [9, [9]], [4, [4]], [0, []], [11, [11, 7]], [7, []], [14, [14, 1]], [1, []]], [[0, []], [2, [2]], [0, []], [6, [6, 8]], [15, [15]], [3, [3, 12]], [12, []], [8, []], [13, [13]], [10, [10, 5]], [5, []]]], [[[2, [2]]], [[9, [9]]], [[6, [6, 8]]], [[4, [4]]], [[15, [15]]], [[3, [3, 12]]], [[11, [11, 7]]], [[14, [14, 1]]], [[13, [13]]], [[10, [10, 5]]]]]}
{"file_name": "U_15_1", "number_of_trucks": 2, "drone_capacity": 2, "number_of_drones": 2, "iteration": 3, "best_fitness": 238.7441292040953, "runtime": 43.84196734428406, "best_solution": [[[[0, []], [9, [9]], [4, [4]], [7, [7, 5]], [14, [14, 1]], [1, []], [5, []]], [[0, [2]], [2, []], [0, []], [15, [15, 8]], [6, [6]], [8, []], [3, [3, 12]], [12, []], [13, [13, 11]], [11, []], [10, [10]]]], [[[9, [9]]], [[4, [4]]], [[15, [15, 8]]], [[6, [6]]], [[3, [3, 12]]], [[7, [7, 5]]], [[14, [14, 1]]], [[13, [13, 11]]], [[10, [10]]]]]}
