{"file_name": "U_15_1", "number_of_trucks": 2, "drone_capacity": 2, "number_of_drones": 2, "iteration": 1, "best_fitness": 328.1951942890778, "runtime": 46.75260615348816, "best_solution": [[[[0, []], [6, [6, 10]], [13, [13, 9]], [14, [14, 5]], [12, [12, 15]], [15, []], [5, []], [9, []], [10, []], [8, [8, 11]], [11, []]], [[0, []], [2, [2]], [3, [3, 1]], [1, []], [7, [7, 4]], [4, []]]], [[[6, [6, 10]]], [[13, [13, 9]]], [[14, [14, 5]]], [[2, [2]]], [[12, [12, 15]]], [[3, [3, 1]]], [[7, [7, 4]]], [[8, [8, 11]]]]]}
{"file_name": "U_15_1", "number_of_trucks": 2, "drone_capacity": 2, "number_of_drones": 2, "iteration": 2, "best_fitness": 318.28, "runtime": 44.68283748626709, "best_solution": [[[[0, [6]], [6, []], [10, [10]], [2, [2, 3]], [3, []], [8, [8, 11]], [11, []], [4, [4]]], [[0, [5, 14, 9, 15, 12, 13]], [14, []], [13, []], [15, []], [12, []], [9, []], [5, []], [7, [7, 1]], [1, []]]], [[[10, [10]]], [[2, [2, 3]]], [[8, [8, 11]]], [[7, [7, 1]]], [[4, [4]]]]]}
{"file_name": "U_15_1", "number_of_trucks": 2, "drone_capacity": 2, "number_of_drones": 2, "iteration": 3, "best_fitness": 331.09557114373126, "runtime": 55.76041579246521, "best_solution": [[[[0, [6]], [10, [10]], [6, []], [14, [14]], [2, [2, 3]], [3, []], [11, [11, 8]], [8, []]], [[0, []], [13, [13, 9]], [9, []], [12, [12, 5]], [15, [15, 1]], [5, []], [1, []], [7, [7, 4]], [4, []]]], [[[10, [10]]], [[13, [13, 9]]], [[14, [14]]], [[12, [12, 5]]], [[15, [15, 1]]], [[2, [2, 3]]], [[7, [7, 4]]], [[11, [11, 8]]]]]}
