{"file_name": "U_15_0", "number_of_trucks": 2, "drone_capacity": 2, "number_of_drones": 2, "iteration": 1, "best_fitness": 179.72858045541318, "runtime": 53.63597345352173, "best_solution": [[[[0, [8, 2]], [8, []], [2, []], [7, [7, 14, 9, 13]], [9, []], [5, [5, 12]], [14, []], [12, []], [13, []]], [[0, [15]], [15, []], [0, [11, 1, 6]], [11, []], [1, []], [3, [3, 4]], [4, []], [10, [10]], [6, []]]], [[[7, [9, 13]]], [[7, [7, 14]]], [[3, [3, 4]]], [[5, [5, 12]]], [[10, [10]]]]]}
{"file_name": "U_15_0", "number_of_trucks": 2, "drone_capacity": 2, "number_of_drones": 2, "iteration": 2, "best_fitness": 177.43607807587074, "runtime": 35.75193238258362, "best_solution": [[[[0, []], [8, [8]], [15, [15, 1]], [1, []], [3, [3, 4]], [10, [10, 13]], [4, []], [13, []]], [[0, [11]], [11, []], [0, [6, 2, 9]], [2, []], [7, [7, 14]], [9, []], [5, [5, 12]], [14, []], [12, []], [6, []]]], [[[8, [8]]], [[15, [15, 1]]], [[7, [7, 14]]], [[3, [3, 4]]], [[5, [5, 12]]], [[10, [10, 13]]]]]}
{"file_name": "U_15_0", "number_of_trucks": 2, "drone_capacity": 2, "number_of_drones": 2, "iteration": 3, "best_fitness": 175.26880080354667, "runtime": 34.30876326560974, "best_solution": [[[[0, [8]], [8, [15]], [15, []], [12, [12, 14]], [14, [7, 5]], [5, []], [9, [9, 2]], [2, []], [7, []]], [[0, [11]], [11, []], [1, [1, 6]], [3, [3, 4]], [4, []], [10, [10, 13]], [13, []], [6, []]]], [[[8, [15]]], [[12, [12, 14]]], [[1, [1, 6]]], [[3, [3, 4]]], [[10, [10, 13]]], [[14, [7, 5]]], [[9, [9, 2]]]]]}
