{"file_name": "U_15_1", "number_of_trucks": 2, "drone_capacity": 2, "number_of_drones": 2, "iteration": 1, "best_fitness": 297.5603336173614, "runtime": 43.264793157577515, "best_solution": [[[[0, [5, 11]], [11, []], [12, [12, 13]], [5, []], [6, [6, 2]], [2, []], [13, []], [8, [8, 10]], [10, []], [15, [15]]], [[0, [14]], [14, [3]], [3, []], [7, [7, 9]], [1, [1]], [9, []], [4, [4]]]], [[[12, [12, 13]]], [[14, [3]]], [[6, [6, 2]]], [[7, [7, 9]]], [[1, [1]]], [[8, [8, 10]]], [[4, [4]]], [[15, [15]]]]]}
{"file_name": "U_15_1", "number_of_trucks": 2, "drone_capacity": 2, "number_of_drones": 2, "iteration": 2, "best_fitness": 296.4641032211624, "runtime": 44.30291152000427, "best_solution": [[[[0, [5]], [5, []], [0, [14]], [14, []], [0, []], [12, [12, 3]], [3, []], [0, []], [9, [9]], [6, [6, 2]], [2, []], [8, [8, 10]], [10, []], [15, [15]]], [[0, [11]], [11, []], [0, []], [13, [13]], [7, [7]], [1, [1, 4]], [4, []]]], [[[13, [13]]], [[12, [12, 3]]], [[9, [9]]], [[7, [7]]], [[6, [6, 2]]], [[1, [1, 4]]], [[8, [8, 10]]], [[15, [15]]]]]}
{"file_name": "U_15_1", "number_of_trucks": 2, "drone_capacity": 2, "number_of_drones": 2, "iteration": 3, "best_fitness": 296.2964800300448, "runtime": 38.7273211479187, "best_solution": [[[[0, [11, 5]], [11, []], [5, []], [0, []], [12, [12]], [13, [13]], [7, [7, 6]], [8, [8, 10]], [6, []], [10, []], [15, [15]]], [[0, [14]], [14, []], [0, []], [3, [3]], [9, [9]], [2, [2]], [4, [4, 1]], [1, []]]], [[[3, [3]]], [[12, [12]]], [[13, [13]]], [[9, [9]]], [[7, [7, 6]]], [[2, [2]]], [[8, [8, 10]]], [[4, [4, 1]]], [[15, [15]]]]]}
