{"file_name": "U_15_1", "number_of_trucks": 2, "drone_capacity": 2, "number_of_drones": 2, "iteration": 1, "best_fitness": 274.36861547824776, "runtime": 58.71962928771973, "best_solution": [[[[0, []], [10, [10]], [13, [13, 9]], [14, [14, 5]], [15, [15, 12]], [12, []], [9, []], [5, []], [7, [7, 11]], [11, []]], [[0, []], [6, [6]], [2, [2]], [3, [3, 1]], [1, []], [8, [8, 4]], [4, []]]], [[[6, [6]]], [[10, [10]]], [[13, [13, 9]]], [[14, [14, 5]]], [[2, [2]]], [[15, [15, 12]]], [[3, [3, 1]]], [[7, [7, 11]]], [[8, [8, 4]]]]]}
{"file_name": "U_15_1", "number_of_trucks": 2, "drone_capacity": 2, "number_of_drones": 2, "iteration": 2, "best_fitness": 273.11059788604723, "runtime": 81.3236780166626, "best_solution": [[[[0, []], [10, [10, 9]], [9, []], [3, [3, 2]], [2, []], [0, []], [4, [4]]], [[0, []], [6, [6]], [13, [13]], [14, [14, 15, 5, 12]], [15, []], [12, []], [5, []], [7, [7, 1, 8, 11]], [1, []], [8, []], [11, []]]], [[[6, [6]]], [[10, [10, 9]]], [[13, [13]]], [[14, [14, 12]]], [[14, [15, 5]]], [[3, [3, 2]]], [[7, [8, 11]]], [[7, [7, 1]]], [[4, [4]]]]]}
{"file_name": "U_15_1", "number_of_trucks": 2, "drone_capacity": 2, "number_of_drones": 2, "iteration": 3, "best_fitness": 279.8828970145645, "runtime": 57.29032588005066, "best_solution": [[[[0, [6]], [10, [10]], [14, [14]], [6, []], [2, [2, 3]], [3, []], [11, [11, 8]], [8, []]], [[0, []], [13, [13, 9]], [15, [15, 5]], [12, [12, 1]], [5, []], [1, []], [7, [7, 4]], [9, []], [4, []]]], [[[10, [10]]], [[13, [13, 9]]], [[14, [14]]], [[15, [15, 5]]], [[12, [12, 1]]], [[2, [2, 3]]], [[11, [11, 8]]], [[7, [7, 4]]]]]}
