{"file_name": "U_15_1", "number_of_trucks": 2, "drone_capacity": 2, "number_of_drones": 2, "iteration": 1, "best_fitness": 270.3290778116323, "runtime": 39.71283173561096, "best_solution": [[[[0, [12, 5]], [12, []], [5, []], [0, []], [13, [13]], [0, [11, 6]], [11, []], [6, []], [15, [15, 10]], [10, []], [14, [14]]], [[0, [1, 2]], [1, []], [2, []], [0, []], [9, [9]], [7, [7]], [8, [8, 4]], [4, []], [3, [3]]]], [[[9, [9]]], [[13, [13]]], [[7, [7]]], [[8, [8, 4]]], [[15, [15, 10]]], [[14, [14]]], [[3, [3]]]]]}
{"file_name": "U_15_1", "number_of_trucks": 2, "drone_capacity": 2, "number_of_drones": 2, "iteration": 2, "best_fitness": 270.3290778116323, "runtime": 40.42137598991394, "best_solution": [[[[0, [12, 13, 1, 6, 11]], [12, []], [13, []], [1, []], [6, []], [11, []], [15, [15]], [14, [14, 10]], [10, []]], [[0, [2]], [5, [5]], [2, []], [9, [9]], [7, [7]], [8, [8, 4]], [4, []], [3, [3]]]], [[[5, [5]]], [[9, [9]]], [[7, [7]]], [[8, [8, 4]]], [[15, [15]]], [[3, [3]]], [[14, [14, 10]]]]]}
{"file_name": "U_15_1", "number_of_trucks": 2, "drone_capacity": 2, "number_of_drones": 2, "iteration": 3, "best_fitness": 270.3100592298367, "runtime": 35.432093381881714, "best_solution": [[[[0, [2, 12, 1]], [2, []], [1, []], [6, [6]], [7, [7, 13]], [13, []], [12, []], [8, [8]], [3, [3]]], [[0, [5, 11]], [11, []], [5, []], [9, [9, 4]], [4, []], [15, [15, 10]], [10, []], [14, [14]]]], [[[6, [6]]], [[9, [9, 4]]], [[7, [7, 13]]], [[8, [8]]], [[15, [15, 10]]], [[14, [14]]], [[3, [3]]]]]}
