{"file_name": "U_15_1", "number_of_trucks": 2, "drone_capacity": 2, "number_of_drones": 2, "iteration": 1, "best_fitness": 361.5669658528997, "runtime": 49.174814224243164, "best_solution": [[[[0, [10, 9, 7, 1, 5, 15]], [10, []], [9, []], [7, []], [1, []], [5, []], [15, []], [12, [12, 14]], [14, []]], [[0, [6, 3, 13]], [13, []], [4, [4]], [6, []], [2, [2, 8]], [3, []], [8, []], [11, [11]]]], [[[4, [4]]], [[2, [2, 8]]], [[12, [12, 14]]], [[11, [11]]]]]}
{"file_name": "U_15_1", "number_of_trucks": 2, "drone_capacity": 2, "number_of_drones": 2, "iteration": 2, "best_fitness": 361.5669658528997, "runtime": 38.978429079055786, "best_solution": [[[[0, []], [15, [15]], [0, [6, 5, 10, 9, 13]], [6, []], [4, [4]], [13, []], [9, []], [5, []], [10, []], [12, [12, 14]], [14, []]], [[0, [1]], [2, [2, 3]], [3, [7, 8]], [8, []], [7, []], [1, []], [11, [11]]]], [[[2, [2, 3]]], [[15, [15]]], [[4, [4]]], [[3, [7, 8]]], [[12, [12, 14]]], [[11, [11]]]]]}
{"file_name": "U_15_1", "number_of_trucks": 2, "drone_capacity": 2, "number_of_drones": 2, "iteration": 3, "best_fitness": 361.5669658528997, "runtime": 44.30610966682434, "best_solution": [[[[0, [3, 5, 9]], [2, [10, 2]], [3, []], [5, []], [9, []], [10, []], [12, [12, 14]], [14, []]], [[0, []], [15, [15]], [0, [6, 13, 1]], [6, []], [4, [4]], [13, [7, 8]], [1, []], [8, []], [7, []], [11, [11]]]], [[[2, [10, 2]]], [[15, [15]]], [[4, [4]]], [[13, [7, 8]]], [[12, [12, 14]]], [[11, [11]]]]]}
