{"file_name": "U_15_0", "number_of_trucks": 2, "drone_capacity": 2, "number_of_drones": 2, "iteration": 1, "best_fitness": 171.6403336173613, "runtime": 54.899266958236694, "best_solution": [[[[0, [14]], [14, []], [9, [9]], [1, [1, 5]], [4, [4, 3]], [3, []], [5, []]], [[0, [2, 8, 13]], [2, []], [13, []], [8, []], [7, [7, 11]], [11, []], [10, [10, 12]], [12, []], [6, [6, 15]], [15, []]]], [[[9, [9]]], [[1, [1, 5]]], [[7, [7, 11]]], [[10, [10, 12]]], [[4, [4, 3]]], [[6, [6, 15]]]]]}
{"file_name": "U_15_0", "number_of_trucks": 2, "drone_capacity": 2, "number_of_drones": 2, "iteration": 2, "best_fitness": 173.85155178098233, "runtime": 33.48512291908264, "best_solution": [[[[0, [13, 2, 3, 8]], [3, []], [8, []], [13, []], [2, []], [4, [4, 6]], [6, [12, 5]], [12, []], [5, []]], [[0, [14]], [14, []], [9, [9, 10]], [1, [1, 11, 7, 15]], [7, []], [11, []], [10, []], [15, []]]], [[[9, [9, 10]]], [[1, [1, 15]]], [[1, [11, 7]]], [[4, [4, 6]]], [[6, [12, 5]]]]]}
{"file_name": "U_15_0", "number_of_trucks": 2, "drone_capacity": 2, "number_of_drones": 2, "iteration": 3, "best_fitness": 170.67999999999995, "runtime": 48.327569246292114, "best_solution": [[[[0, [2, 13, 8]], [2, []], [13, []], [8, []], [10, [10, 7]], [11, [11, 1]], [7, []], [1, []]], [[0, [14]], [14, []], [0, [3, 12, 6, 15, 5, 9]], [9, []], [4, [4]], [3, []], [12, []], [6, []], [15, []], [5, []]]], [[[10, [10, 7]]], [[11, [11, 1]]], [[4, [4]]]]]}
