{"file_name": "U_15_1", "number_of_trucks": 2, "drone_capacity": 2, "number_of_drones": 2, "iteration": 1, "best_fitness": 330.8602013860725, "runtime": 34.1408314704895, "best_solution": [[[[0, [15]], [15, [6]], [6, []], [0, []], [2, [2, 4]], [4, []], [14, [14]], [12, [12]]], [[0, [1]], [1, [3]], [3, []], [0, [13, 9, 5, 7, 8, 10]], [13, []], [10, []], [9, []], [5, []], [7, []], [8, []], [11, [11]]]], [[[1, [3]]], [[15, [6]]], [[2, [2, 4]]], [[14, [14]]], [[12, [12]]], [[11, [11]]]]]}
{"file_name": "U_15_1", "number_of_trucks": 2, "drone_capacity": 2, "number_of_drones": 2, "iteration": 2, "best_fitness": 330.8602013860725, "runtime": 30.643059015274048, "best_solution": [[[[0, [15, 6]], [6, []], [15, []], [0, []], [2, [2]], [0, []], [4, [4]], [0, []], [14, [14]], [12, [12]]], [[0, [3, 13]], [13, []], [9, [9, 1]], [1, []], [3, []], [8, [8, 7]], [7, [5, 10]], [5, []], [10, []], [11, [11]]]], [[[2, [2]]], [[9, [9, 1]]], [[4, [4]]], [[8, [8, 7]]], [[7, [5, 10]]], [[14, [14]]], [[12, [12]]], [[11, [11]]]]]}
{"file_name": "U_15_1", "number_of_trucks": 2, "drone_capacity": 2, "number_of_drones": 2, "iteration": 3, "best_fitness": 330.8602013860725, "runtime": 34.297916889190674, "best_solution": [[[[0, [6, 15, 13]], [6, []], [15, []], [13, []], [4, [4, 2]], [2, []], [14, [14]], [12, [12]]], [[0, [9, 3, 10]], [3, [1]], [8, [8]], [9, [5, 7]], [10, []], [5, []], [7, []], [1, []], [11, [11]]]], [[[3, [1]]], [[4, [4, 2]]], [[8, [8]]], [[9, [5, 7]]], [[14, [14]]], [[12, [12]]], [[11, [11]]]]]}
