{"file_name": "U_15_1", "number_of_trucks": 2, "drone_capacity": 2, "number_of_drones": 2, "iteration": 1, "best_fitness": 207.7416145892308, "runtime": 64.73847770690918, "best_solution": [[[[0, [7]], [7, []], [15, [15, 14]], [5, [5, 10]], [10, []], [14, []], [13, [13, 12]], [12, []]], [[0, []], [9, [9]], [6, [2, 6]], [3, [3, 4]], [4, []], [1, [1, 8]], [2, []], [8, []], [11, [11]]]], [[[9, [9]]], [[6, [2, 6]]], [[3, [3, 4]]], [[15, [15, 14]]], [[5, [5, 10]]], [[1, [1, 8]]], [[11, [11]]], [[13, [13, 12]]]]]}
{"file_name": "U_15_1", "number_of_trucks": 2, "drone_capacity": 2, "number_of_drones": 2, "iteration": 2, "best_fitness": 204.35892671911424, "runtime": 53.18488073348999, "best_solution": [[[[0, [7, 14]], [9, [9, 2]], [2, []], [7, []], [8, [8, 10]], [10, []], [13, [13, 12]], [14, []], [12, []]], [[0, []], [15, [6, 15]], [5, [5, 4, 3]], [4, []], [1, [1, 11]], [3, []], [6, []], [11, []]]], [[[9, [9, 2]]], [[15, [6, 15]]], [[5, [3]]], [[5, [5, 4]]], [[8, [8, 10]]], [[13, [13, 12]]], [[1, [1, 11]]]]]}
{"file_name": "U_15_1", "number_of_trucks": 2, "drone_capacity": 2, "number_of_drones": 2, "iteration": 3, "best_fitness": 204.2029255292197, "runtime": 73.43628263473511, "best_solution": [[[[0, [14, 10]], [15, [15]], [5, [5, 8]], [10, []], [8, []], [13, [13, 12]], [14, []], [12, []]], [[0, [7, 9]], [7, []], [2, [2, 6]], [9, []], [4, [4, 3]], [3, []], [1, [1]], [6, []], [0, []], [11, [11]]]], [[[2, [2, 6]]], [[15, [15]]], [[4, [4, 3]]], [[5, [5, 8]]], [[1, [1]]], [[13, [13, 12]]], [[11, [11]]]]]}
