{"file_name": "U_15_0", "number_of_trucks": 2, "drone_capacity": 2, "number_of_drones": 2, "iteration": 1, "best_fitness": 260.96, "runtime": 71.56361699104309, "best_solution": [[[[0, [11]], [15, [15, 12]], [10, [10, 9]], [4, [4, 7]], [12, []], [9, []], [7, []], [11, []]], [[0, [1, 13, 2, 5, 14, 3, 6, 8]], [6, []], [1, []], [2, []], [13, []], [5, []], [14, []], [3, []], [8, []]]], [[[15, [15, 12]]], [[10, [10, 9]]], [[4, [4, 7]]]]]}
{"file_name": "U_15_0", "number_of_trucks": 2, "drone_capacity": 2, "number_of_drones": 2, "iteration": 2, "best_fitness": 259.23999999999995, "runtime": 89.05477476119995, "best_solution": [[[[0, [14, 2, 15, 3, 8, 1, 6, 13]], [8, []], [3, []], [14, []], [13, []], [2, []], [15, []], [1, []], [6, []]], [[0, [11]], [11, [12, 5]], [5, []], [10, [10, 9]], [4, [4, 7]], [12, []], [9, []], [7, []]]], [[[11, [12, 5]]], [[10, [10, 9]]], [[4, [4, 7]]]]]}
{"file_name": "U_15_0", "number_of_trucks": 2, "drone_capacity": 2, "number_of_drones": 2, "iteration": 3, "best_fitness": 270.67999999999995, "runtime": 37.855360984802246, "best_solution": [[[[0, [9, 12, 4, 7, 1, 6]], [9, []], [12, []], [4, []], [7, []], [1, []], [6, []]], [[0, []], [11, [11]], [3, [3, 5]], [5, []], [2, [2, 15]], [15, []], [10, [10, 13]], [13, []], [14, [14, 8]], [8, []]]], [[[11, [11]]], [[3, [3, 5]]], [[2, [2, 15]]], [[10, [10, 13]]], [[14, [14, 8]]]]]}
