{"file_name": "U_15_1", "number_of_trucks": 2, "drone_capacity": 2, "number_of_drones": 2, "iteration": 1, "best_fitness": 259.0138137387493, "runtime": 41.174187660217285, "best_solution": [[[[0, []], [10, [10]], [0, [11]], [11, []], [1, [1, 2]], [2, []], [13, [13, 14]], [14, []], [3, [3, 8]], [8, []]], [[0, [5, 15, 12]], [5, []], [15, []], [12, []], [4, [4, 7]], [9, [9, 6]], [7, []], [6, []]]], [[[10, [10]]], [[1, [1, 2]]], [[13, [13, 14]]], [[4, [4, 7]]], [[9, [9, 6]]], [[3, [3, 8]]]]]}
{"file_name": "U_15_1", "number_of_trucks": 2, "drone_capacity": 2, "number_of_drones": 2, "iteration": 2, "best_fitness": 259.0138137387493, "runtime": 31.006675720214844, "best_solution": [[[[0, [11, 12]], [11, []], [12, []], [1, [1, 14]], [13, [13]], [14, [3, 8]], [3, []], [8, []]], [[0, []], [10, [10]], [5, [5]], [15, [15, 2]], [2, []], [4, [4, 7]], [9, [9, 6]], [7, []], [6, []]]], [[[10, [10]]], [[5, [5]]], [[15, [15, 2]]], [[1, [1, 14]]], [[13, [13]]], [[4, [4, 7]]], [[14, [3, 8]]], [[9, [9, 6]]]]]}
{"file_name": "U_15_1", "number_of_trucks": 2, "drone_capacity": 2, "number_of_drones": 2, "iteration": 3, "best_fitness": 259.0138137387493, "runtime": 51.48192000389099, "best_solution": [[[[0, [2, 1, 14, 15]], [1, []], [2, []], [15, []], [13, [13]], [14, [3, 8]], [3, []], [8, []]], [[0, [10, 12, 11, 5]], [11, []], [5, []], [10, []], [12, []], [4, [4, 7]], [9, [9, 6]], [7, []], [6, []]]], [[[13, [13]]], [[4, [4, 7]]], [[14, [3, 8]]], [[9, [9, 6]]]]]}
