{"file_name": "U_15_1", "number_of_trucks": 2, "drone_capacity": 2, "number_of_drones": 2, "iteration": 1, "best_fitness": 250.93643175173486, "runtime": 56.25148677825928, "best_solution": [[[[0, [15, 7, 14, 10]], [15, []], [10, []], [7, []], [13, [13, 11]], [14, []], [11, []]], [[0, []], [6, [6]], [9, [9, 2]], [2, []], [4, [4, 3]], [1, [1, 8]], [3, []], [8, []], [12, [12, 5]], [5, []]]], [[[6, [6]]], [[9, [9, 2]]], [[4, [4, 3]]], [[1, [1, 8]]], [[13, [13, 11]]], [[12, [12, 5]]]]]}
{"file_name": "U_15_1", "number_of_trucks": 2, "drone_capacity": 2, "number_of_drones": 2, "iteration": 2, "best_fitness": 251.3538964131222, "runtime": 41.019835472106934, "best_solution": [[[[0, []], [15, [15]], [1, [1, 8]], [8, []], [12, [12, 5]], [5, []]], [[0, [7, 14, 6, 9, 2, 10]], [6, []], [4, [4, 3]], [3, []], [9, []], [2, []], [7, []], [14, []], [13, [13, 11]], [10, []], [11, []]]], [[[15, [15]]], [[4, [4, 3]]], [[1, [1, 8]]], [[12, [12, 5]]], [[13, [13, 11]]]]]}
{"file_name": "U_15_1", "number_of_trucks": 2, "drone_capacity": 2, "number_of_drones": 2, "iteration": 3, "best_fitness": 240.70233809335315, "runtime": 40.22356176376343, "best_solution": [[[[0, [7, 9]], [14, [6, 14]], [7, []], [2, [2, 3]], [9, []], [3, []], [4, [4, 1]], [1, []], [6, []], [11, [11]]], [[0, []], [15, [15, 10]], [5, [5, 8]], [10, []], [8, []], [13, [13, 12]], [12, []]]], [[[14, [6, 14]]], [[15, [15, 10]]], [[2, [2, 3]]], [[5, [5, 8]]], [[4, [4, 1]]], [[13, [13, 12]]], [[11, [11]]]]]}
