{"file_name": "U_15_0", "number_of_trucks": 2, "drone_capacity": 2, "number_of_drones": 2, "iteration": 1, "best_fitness": 179.10814054066475, "runtime": 69.51013588905334, "best_solution": [[[[0, [5, 13]], [5, []], [15, [15, 14]], [12, [12, 7]], [14, []], [7, []], [13, []]], [[0, [11, 2, 9, 4, 10, 8]], [10, []], [8, []], [2, []], [9, []], [4, []], [3, [3, 1]], [1, []], [6, [6]], [11, []]]], [[[3, [3, 1]]], [[15, [15, 14]]], [[12, [12, 7]]], [[6, [6]]]]]}
{"file_name": "U_15_0", "number_of_trucks": 2, "drone_capacity": 2, "number_of_drones": 2, "iteration": 2, "best_fitness": 175.3902726005183, "runtime": 51.67619061470032, "best_solution": [[[[0, [5]], [5, []], [10, [10, 2]], [2, []], [9, [9, 4]], [4, []], [3, [3, 1]], [1, []], [6, [6, 11]], [11, []]], [[0, [13]], [13, []], [8, [8, 14]], [14, []], [7, [7, 12]], [12, []], [15, [15]]]], [[[8, [8, 14]]], [[10, [10, 2]]], [[7, [7, 12]]], [[9, [9, 4]]], [[3, [3, 1]]], [[6, [6, 11]]], [[15, [15]]]]]}
{"file_name": "U_15_0", "number_of_trucks": 2, "drone_capacity": 2, "number_of_drones": 2, "iteration": 3, "best_fitness": 174.1993314180291, "runtime": 51.11716890335083, "best_solution": [[[[0, [13]], [13, []], [8, [8, 14]], [7, [7, 15]], [14, []], [12, [12, 5]], [5, []], [15, []]], [[0, [4, 10, 2, 9, 11]], [10, []], [2, []], [9, []], [4, []], [3, [3, 1]], [1, []], [6, [6]], [11, []]]], [[[8, [8, 14]]], [[7, [7, 15]]], [[12, [12, 5]]], [[3, [3, 1]]], [[6, [6]]]]]}
