{"file_name": "U_15_1", "number_of_trucks": 2, "drone_capacity": 2, "number_of_drones": 2, "iteration": 1, "best_fitness": 325.0146267508784, "runtime": 41.6838116645813, "best_solution": [[[[0, [2, 12]], [2, []], [12, []], [9, [9, 8]], [8, []], [15, [15, 14]], [14, []], [3, [3, 1]], [1, []]], [[0, []], [7, [7]], [5, [5]], [10, [10, 13]], [11, [11, 6]], [6, []], [13, []], [4, [4]]]], [[[7, [7]]], [[5, [5]]], [[10, [10, 13]]], [[9, [9, 8]]], [[11, [11, 6]]], [[15, [15, 14]]], [[3, [3, 1]]], [[4, [4]]]]]}
{"file_name": "U_15_1", "number_of_trucks": 2, "drone_capacity": 2, "number_of_drones": 2, "iteration": 2, "best_fitness": 325.0146267508784, "runtime": 52.43210220336914, "best_solution": [[[[0, []], [7, [7]], [0, [12]], [12, []], [13, [13]], [10, [10]], [6, [6, 11]], [11, []], [4, [4]]], [[0, [2]], [2, []], [0, []], [5, [5]], [0, []], [9, [9, 8]], [8, []], [15, [15, 14]], [3, [3, 1]], [1, []], [14, []]]], [[[7, [7]]], [[5, [5]]], [[13, [13]]], [[10, [10]]], [[9, [9, 8]]], [[6, [6, 11]]], [[15, [15, 14]]], [[3, [3, 1]]], [[4, [4]]]]]}
{"file_name": "U_15_1", "number_of_trucks": 2, "drone_capacity": 2, "number_of_drones": 2, "iteration": 3, "best_fitness": 325.0146267508784, "runtime": 52.758997678756714, "best_solution": [[[[0, [12]], [12, []], [0, []], [13, [13, 10]], [6, [6]], [11, [11, 1]], [1, []], [10, []], [4, [4]]], [[0, []], [2, [2]], [0, [7]], [5, [5]], [7, []], [8, [8, 9]], [9, []], [15, [15, 14]], [14, []], [3, [3]]]], [[[2, [2]]], [[5, [5]]], [[13, [13, 10]]], [[8, [8, 9]]], [[6, [6]]], [[11, [11, 1]]], [[15, [15, 14]]], [[3, [3]]], [[4, [4]]]]]}
