{"file_name": "U_15_1", "number_of_trucks": 2, "drone_capacity": 2, "number_of_drones": 2, "iteration": 1, "best_fitness": 273.6646103652624, "runtime": 43.093422174453735, "best_solution": [[[[0, []], [10, [10]], [5, [5, 9]], [3, [3, 1]], [11, [11, 7]], [9, []], [1, []], [7, []], [8, [8]]], [[0, [6]], [6, []], [0, []], [13, [13, 14]], [12, [12, 15]], [15, []], [14, []], [4, [4, 2]], [2, []]]], [[[13, [13, 14]]], [[10, [10]]], [[5, [5, 9]]], [[12, [12, 15]]], [[3, [3, 1]]], [[4, [4, 2]]], [[11, [11, 7]]], [[8, [8]]]]]}
{"file_name": "U_15_1", "number_of_trucks": 2, "drone_capacity": 2, "number_of_drones": 2, "iteration": 2, "best_fitness": 259.6535277927398, "runtime": 42.068559646606445, "best_solution": [[[[0, []], [10, [10, 9]], [9, []], [3, [3, 2]], [2, []], [4, [4]]], [[0, [6]], [6, []], [13, [13]], [14, [14, 5]], [15, [15, 12]], [12, []], [5, []], [7, [7, 1]], [1, []], [11, [11, 8]], [8, []]]], [[[13, [13]]], [[10, [10, 9]]], [[14, [14, 5]]], [[15, [15, 12]]], [[3, [3, 2]]], [[4, [4]]], [[7, [7, 1]]], [[11, [11, 8]]]]]}
{"file_name": "U_15_1", "number_of_trucks": 2, "drone_capacity": 2, "number_of_drones": 2, "iteration": 3, "best_fitness": 267.6535277927398, "runtime": 48.71891522407532, "best_solution": [[[[0, []], [13, [13, 9]], [14, [14]], [15, [15, 12]], [12, []], [9, []], [11, [11, 8]], [8, []], [7, [7, 1]], [1, []]], [[0, [6]], [6, []], [10, [10]], [5, [5]], [3, [3]], [2, [2]], [4, [4]]]], [[[10, [10]]], [[5, [5]]], [[13, [13, 9]]], [[14, [14]]], [[15, [15, 12]]], [[3, [3]]], [[11, [11, 8]]], [[2, [2]]], [[7, [7, 1]]], [[4, [4]]]]]}
