{"file_name": "U_15_0", "number_of_trucks": 2, "drone_capacity": 2, "number_of_drones": 2, "iteration": 1, "best_fitness": 192.48473313096167, "runtime": 37.08954668045044, "best_solution": [[[[0, [11, 1]], [11, []], [1, []], [3, [3, 4]], [4, []], [10, [10, 12]], [12, []]], [[0, [8]], [15, [15, 6]], [9, [9, 2]], [7, [7, 13]], [2, []], [5, [5, 14]], [14, []], [8, []], [6, []], [13, []]]], [[[15, [15, 6]]], [[9, [9, 2]]], [[7, [7, 13]]], [[3, [3, 4]]], [[5, [5, 14]]], [[10, [10, 12]]]]]}
{"file_name": "U_15_0", "number_of_trucks": 2, "drone_capacity": 2, "number_of_drones": 2, "iteration": 2, "best_fitness": 192.45362172762475, "runtime": 71.88606667518616, "best_solution": [[[[0, []], [8, [8]], [11, [1, 11]], [1, []], [3, [3, 4]], [4, []], [10, [10, 12]], [12, []]], [[0, [13, 9, 2, 7, 15, 6]], [13, [5, 14]], [6, []], [7, []], [2, []], [9, []], [5, []], [14, []], [15, []]]], [[[8, [8]]], [[11, [1, 11]]], [[3, [3, 4]]], [[13, [5, 14]]], [[10, [10, 12]]]]]}
{"file_name": "U_15_0", "number_of_trucks": 2, "drone_capacity": 2, "number_of_drones": 2, "iteration": 3, "best_fitness": 193.83667042783205, "runtime": 38.47690963745117, "best_solution": [[[[0, []], [6, [6, 11]], [13, [13]], [4, [4, 1]], [10, [10, 3]], [3, []], [1, []], [11, []]], [[0, [15, 8, 9, 7, 2, 5, 14, 12]], [15, []], [8, []], [9, []], [7, []], [2, []], [5, []], [14, []], [12, []]]], [[[6, [6, 11]]], [[13, [13]]], [[4, [4, 1]]], [[10, [10, 3]]]]]}
