{"file_name": "U_15_1", "number_of_trucks": 2, "drone_capacity": 2, "number_of_drones": 2, "iteration": 1, "best_fitness": 312.81222594908655, "runtime": 47.19976758956909, "best_solution": [[[[0, [5, 14]], [14, []], [5, []], [0, []], [13, [13, 9]], [9, []], [1, [1, 2]], [4, [4]], [2, []]], [[0, [12, 11, 3]], [3, []], [12, []], [11, []], [7, [7, 6]], [8, [8, 10]], [6, []], [10, []], [15, [15]]]], [[[13, [13, 9]]], [[7, [7, 6]]], [[8, [8, 10]]], [[1, [1, 2]]], [[4, [4]]], [[15, [15]]]]]}
{"file_name": "U_15_1", "number_of_trucks": 2, "drone_capacity": 2, "number_of_drones": 2, "iteration": 2, "best_fitness": 312.81222594908655, "runtime": 36.31165528297424, "best_solution": [[[[0, [5, 14]], [5, []], [14, []], [12, [12]], [7, [7]], [1, [1, 9]], [9, []], [4, [4]]], [[0, []], [11, [11]], [0, []], [3, [3]], [13, [13, 6]], [6, []], [2, [2]], [8, [8, 10]], [10, []], [15, [15]]]], [[[11, [11]]], [[12, [12]]], [[3, [3]]], [[13, [13, 6]]], [[7, [7]]], [[2, [2]]], [[8, [8, 10]]], [[1, [1, 9]]], [[4, [4]]], [[15, [15]]]]]}
{"file_name": "U_15_1", "number_of_trucks": 2, "drone_capacity": 2, "number_of_drones": 2, "iteration": 3, "best_fitness": 312.81222594908655, "runtime": 48.50747227668762, "best_solution": [[[[0, []], [14, [14, 11]], [11, []], [12, [12]], [7, [7]], [1, [1, 9]], [9, [4]], [4, []]], [[0, []], [5, [5]], [0, [3, 13]], [13, []], [2, [2, 6]], [6, []], [10, [10, 8]], [3, []], [8, []], [15, [15]]]], [[[14, [14, 11]]], [[12, [12]]], [[5, [5]]], [[2, [2, 6]]], [[7, [7]]], [[10, [10, 8]]], [[1, [1, 9]]], [[9, [4]]], [[15, [15]]]]]}
