{"file_name": "U_15_1", "number_of_trucks": 2, "drone_capacity": 2, "number_of_drones": 2, "iteration": 1, "best_fitness": 312.19480521160267, "runtime": 40.34345006942749, "best_solution": [[[[0, [15, 1]], [15, []], [1, []], [2, [2, 4]], [4, []], [14, [14]], [12, [12]]], [[0, [6]], [13, [13]], [6, []], [0, [5, 3, 10, 9]], [3, []], [5, []], [7, [7, 8]], [8, []], [9, []], [10, []], [11, [11]]]], [[[13, [13]]], [[2, [2, 4]]], [[14, [14]]], [[7, [7, 8]]], [[11, [11]]], [[12, [12]]]]]}
{"file_name": "U_15_1", "number_of_trucks": 2, "drone_capacity": 2, "number_of_drones": 2, "iteration": 2, "best_fitness": 312.19480521160267, "runtime": 36.7628014087677, "best_solution": [[[[0, [13, 15]], [13, []], [15, []], [0, [6]], [2, [2, 4]], [4, []], [6, []], [14, [14]], [12, [12]]], [[0, [1]], [1, []], [0, []], [3, [3]], [0, [7, 10, 5]], [8, [8]], [7, []], [9, [9]], [10, []], [5, []], [11, [11]]]], [[[3, [3]]], [[2, [2, 4]]], [[8, [8]]], [[14, [14]]], [[9, [9]]], [[11, [11]]], [[12, [12]]]]]}
{"file_name": "U_15_1", "number_of_trucks": 2, "drone_capacity": 2, "number_of_drones": 2, "iteration": 3, "best_fitness": 312.19480521160267, "runtime": 34.020219564437866, "best_solution": [[[[0, [6, 15]], [6, []], [15, []], [9, [9]], [0, [13, 2]], [13, []], [4, [4]], [2, []], [11, [11, 8]], [8, []]], [[0, [5, 1, 3]], [1, []], [3, []], [10, [10, 7]], [7, []], [5, []], [14, [14]], [12, [12]]]], [[[9, [9]]], [[10, [10, 7]]], [[4, [4]]], [[14, [14]]], [[11, [11, 8]]], [[12, [12]]]]]}
