{"file_name": "U_15_1", "number_of_trucks": 2, "drone_capacity": 2, "number_of_drones": 2, "iteration": 1, "best_fitness": 324.50539051014783, "runtime": 26.897064924240112, "best_solution": [[[[0, [15, 7]], [9, [9, 1]], [1, [12]], [15, []], [7, []], [12, [4, 10]], [4, []], [10, []], [2, [2]]], [[0, [11, 3]], [11, []], [3, []], [8, [8]], [5, [5, 13]], [13, []], [14, [14, 6]], [6, []]]], [[[9, [9, 1]]], [[8, [8]]], [[1, [12]]], [[5, [5, 13]]], [[12, [4, 10]]], [[14, [14, 6]]], [[2, [2]]]]]}
{"file_name": "U_15_1", "number_of_trucks": 2, "drone_capacity": 2, "number_of_drones": 2, "iteration": 2, "best_fitness": 324.50539051014783, "runtime": 34.54010725021362, "best_solution": [[[[0, [1, 15, 7, 3]], [1, []], [15, []], [7, [5]], [3, [8]], [8, []], [5, []], [6, [6, 14]], [14, []]], [[0, [11]], [11, []], [9, [9, 12]], [12, []], [4, [4, 10]], [10, []], [13, [13]], [2, [2]]]], [[[9, [9, 12]]], [[4, [4, 10]]], [[7, [5]]], [[3, [8]]], [[13, [13]]], [[6, [6, 14]]], [[2, [2]]]]]}
{"file_name": "U_15_1", "number_of_trucks": 2, "drone_capacity": 2, "number_of_drones": 2, "iteration": 3, "best_fitness": 324.50539051014783, "runtime": 29.790786504745483, "best_solution": [[[[0, [11]], [11, []], [0, [7]], [7, []], [0, []], [9, [9]], [12, [12]], [4, [4, 13]], [10, [10]], [13, []], [2, [2]]], [[0, [15, 1, 3]], [15, []], [1, []], [3, []], [8, [8]], [5, [5]], [14, [14, 6]], [6, []]]], [[[9, [9]]], [[12, [12]]], [[8, [8]]], [[4, [4, 13]]], [[5, [5]]], [[10, [10]]], [[14, [14, 6]]], [[2, [2]]]]]}
