{"file_name": "U_15_1", "number_of_trucks": 2, "drone_capacity": 2, "number_of_drones": 2, "iteration": 1, "best_fitness": 216.6103129010491, "runtime": 37.27717137336731, "best_solution": [[[[0, [11]], [11, []], [0, [12]], [12, []], [13, [13, 4]], [4, []], [10, [10, 3]], [3, []], [1, [1]]], [[0, [6]], [6, []], [0, [9, 8, 7]], [8, []], [7, []], [9, []], [14, [14, 5]], [5, []], [2, [2]], [15, [15]]]], [[[13, [13, 4]]], [[10, [10, 3]]], [[14, [14, 5]]], [[2, [2]]], [[1, [1]]], [[15, [15]]]]]}
{"file_name": "U_15_1", "number_of_trucks": 2, "drone_capacity": 2, "number_of_drones": 2, "iteration": 2, "best_fitness": 213.67656079635, "runtime": 32.31581258773804, "best_solution": [[[[0, []], [12, [12, 7]], [8, [8, 9]], [9, []], [7, []], [14, [14, 5]], [5, []], [2, [2]], [15, [15]]], [[0, [11, 6]], [11, []], [4, [4]], [10, [10]], [13, [13, 3]], [6, []], [3, []], [1, [1]]]], [[[4, [4]]], [[12, [12, 7]]], [[8, [8, 9]]], [[10, [10]]], [[13, [13, 3]]], [[14, [14, 5]]], [[1, [1]]], [[2, [2]]], [[15, [15]]]]]}
{"file_name": "U_15_1", "number_of_trucks": 2, "drone_capacity": 2, "number_of_drones": 2, "iteration": 3, "best_fitness": 216.6103129010491, "runtime": 36.053590059280396, "best_solution": [[[[0, [11, 6]], [6, []], [11, []], [0, [7, 8, 9]], [7, []], [8, []], [9, []], [14, [14, 5]], [5, []], [2, [2]], [15, [15]]], [[0, []], [12, [12]], [13, [13, 10]], [4, [4, 3]], [10, []], [3, []], [1, [1]]]], [[[12, [12]]], [[13, [13, 10]]], [[4, [4, 3]]], [[14, [14, 5]]], [[2, [2]]], [[15, [15]]], [[1, [1]]]]]}
