{"file_name": "U_15_0", "number_of_trucks": 2, "drone_capacity": 2, "number_of_drones": 2, "iteration": 1, "best_fitness": 215.01381373874935, "runtime": 50.18473029136658, "best_solution": [[[[0, [12, 11]], [11, []], [12, []], [4, [4, 7]], [9, [9, 6]], [7, []], [1, [1]], [6, []]], [[0, [5, 3, 13, 15]], [15, []], [2, [2, 10]], [10, []], [13, []], [5, []], [14, [14, 8]], [3, []], [8, []]]], [[[2, [2, 10]]], [[4, [4, 7]]], [[14, [14, 8]]], [[9, [9, 6]]], [[1, [1]]]]]}
{"file_name": "U_15_0", "number_of_trucks": 2, "drone_capacity": 2, "number_of_drones": 2, "iteration": 2, "best_fitness": 223.37381373874933, "runtime": 62.95848822593689, "best_solution": [[[[0, [11, 12]], [11, []], [12, []], [4, [4, 10]], [10, [2, 15]], [2, []], [15, []]], [[0, []], [13, [13]], [5, [5, 3]], [14, [14, 8]], [3, []], [8, []], [6, [6, 7]], [9, [9, 1]], [7, []], [1, []]]], [[[13, [13]]], [[5, [5, 3]]], [[14, [14, 8]]], [[4, [4, 10]]], [[10, [2, 15]]], [[6, [6, 7]]], [[9, [9, 1]]]]]}
{"file_name": "U_15_0", "number_of_trucks": 2, "drone_capacity": 2, "number_of_drones": 2, "iteration": 3, "best_fitness": 219.2867472700957, "runtime": 47.393550634384155, "best_solution": [[[[0, [11, 12]], [11, []], [9, [9, 1]], [4, [4, 7]], [12, []], [7, []], [1, []], [6, [6]]], [[0, []], [5, [5, 13]], [15, [15, 3]], [2, [2, 10]], [10, []], [13, []], [14, [14, 8]], [3, []], [8, []]]], [[[5, [5, 13]]], [[15, [15, 3]]], [[9, [9, 1]]], [[2, [2, 10]]], [[4, [4, 7]]], [[14, [14, 8]]], [[6, [6]]]]]}
