{"file_name": "U_15_1", "number_of_trucks": 2, "drone_capacity": 2, "number_of_drones": 2, "iteration": 1, "best_fitness": 240.70191321755894, "runtime": 52.15677857398987, "best_solution": [[[[0, [11, 8, 9, 7]], [11, []], [8, []], [5, [5, 14]], [14, []], [9, []], [7, []], [2, [2, 15]], [15, []]], [[0, [12, 6, 4]], [12, []], [6, []], [13, [13, 10, 3]], [4, []], [10, []], [3, []], [1, [1]]]], [[[13, [10, 3]]], [[13, [13]]], [[5, [5, 14]]], [[2, [2, 15]]], [[1, [1]]]]]}
{"file_name": "U_15_1", "number_of_trucks": 2, "drone_capacity": 2, "number_of_drones": 2, "iteration": 2, "best_fitness": 240.70191321755894, "runtime": 37.819379568099976, "best_solution": [[[[0, [8, 11, 6, 7, 9]], [11, []], [6, []], [7, []], [9, []], [5, [5, 2]], [2, []], [15, [15, 14]], [8, []], [14, []]], [[0, [4, 12]], [12, []], [13, [13, 10, 3]], [4, []], [10, []], [3, []], [1, [1]]]], [[[13, [10, 3]]], [[13, [13]]], [[5, [5, 2]]], [[15, [15, 14]]], [[1, [1]]]]]}
{"file_name": "U_15_1", "number_of_trucks": 2, "drone_capacity": 2, "number_of_drones": 2, "iteration": 3, "best_fitness": 240.70191321755894, "runtime": 50.39332842826843, "best_solution": [[[[0, [12, 4]], [12, []], [13, [13, 10, 3]], [4, []], [10, []], [3, []], [1, [1]]], [[0, [11, 6]], [11, []], [6, []], [0, [7, 8]], [5, [5, 9]], [9, []], [7, []], [2, [2]], [15, [15]], [8, []], [14, [14]]]], [[[13, [10, 3]]], [[13, [13]]], [[5, [5, 9]]], [[2, [2]]], [[1, [1]]], [[15, [15]]], [[14, [14]]]]]}
