{"file_name": "U_15_1", "number_of_trucks": 2, "drone_capacity": 2, "number_of_drones": 2, "iteration": 1, "best_fitness": 296.8149178054394, "runtime": 41.5635871887207, "best_solution": [[[[0, [7]], [7, []], [0, []], [13, [13, 10]], [8, [8]], [11, [11, 1]], [1, []], [10, []], [4, [4]]], [[0, [12, 2]], [2, []], [12, []], [0, []], [9, [9, 5]], [5, []], [14, [14, 15]], [15, []], [3, [3, 6]], [6, []]]], [[[13, [13, 10]]], [[9, [9, 5]]], [[8, [8]]], [[11, [11, 1]]], [[14, [14, 15]]], [[3, [3, 6]]], [[4, [4]]]]]}
{"file_name": "U_15_1", "number_of_trucks": 2, "drone_capacity": 2, "number_of_drones": 2, "iteration": 2, "best_fitness": 299.8149178054394, "runtime": 31.960005283355713, "best_solution": [[[[0, [7, 5, 13, 2]], [13, []], [7, []], [2, []], [5, []], [9, [9, 8]], [8, []], [14, [14]], [15, [15]], [3, [3]]], [[0, [12]], [12, []], [6, [6, 10]], [11, [11, 1]], [1, []], [4, [4]], [10, []]]], [[[6, [6, 10]]], [[9, [9, 8]]], [[11, [11, 1]]], [[14, [14]]], [[15, [15]]], [[3, [3]]], [[4, [4]]]]]}
{"file_name": "U_15_1", "number_of_trucks": 2, "drone_capacity": 2, "number_of_drones": 2, "iteration": 3, "best_fitness": 296.8149178054394, "runtime": 35.049890756607056, "best_solution": [[[[0, [2, 7]], [7, []], [2, []], [0, []], [5, [5]], [0, []], [1, [1, 8, 11]], [8, [15, 14]], [14, []], [15, []], [3, [3]], [11, []]], [[0, []], [12, [12]], [0, []], [9, [9]], [0, [13, 6, 10]], [6, []], [13, []], [10, []], [4, [4]]]], [[[12, [12]]], [[5, [5]]], [[9, [9]]], [[1, [1, 8]]], [[1, [11]]], [[8, [15, 14]]], [[3, [3]]], [[4, [4]]]]]}
