{"file_name": "U_15_1", "number_of_trucks": 2, "drone_capacity": 2, "number_of_drones": 2, "iteration": 1, "best_fitness": 190.90445165201848, "runtime": 45.415300607681274, "best_solution": [[[[0, [7]], [7, []], [15, [15]], [5, [5, 8]], [8, []], [0, []], [13, [13, 12]], [12, []]], [[0, [9, 6, 14]], [14, []], [10, [10, 2]], [2, []], [9, []], [4, [4, 3]], [3, []], [1, [1]], [6, []], [11, [11]]]], [[[10, [10, 2]]], [[15, [15]]], [[5, [5, 8]]], [[4, [4, 3]]], [[1, [1]]], [[13, [13, 12]]], [[11, [11]]]]]}
{"file_name": "U_15_1", "number_of_trucks": 2, "drone_capacity": 2, "number_of_drones": 2, "iteration": 2, "best_fitness": 189.24682229346791, "runtime": 55.37842154502869, "best_solution": [[[[0, []], [9, [9]], [0, [6, 2]], [2, []], [4, [4, 3]], [3, []], [1, [1]], [6, []], [11, [11]]], [[0, [7]], [7, []], [15, [15]], [5, [5]], [0, [14, 10]], [12, [12, 13]], [14, []], [13, []], [8, [8]], [10, []]]], [[[9, [9]]], [[15, [15]]], [[5, [5]]], [[4, [4, 3]]], [[1, [1]]], [[12, [12, 13]]], [[8, [8]]], [[11, [11]]]]]}
{"file_name": "U_15_1", "number_of_trucks": 2, "drone_capacity": 2, "number_of_drones": 2, "iteration": 3, "best_fitness": 190.90445165201848, "runtime": 66.69630742073059, "best_solution": [[[[0, [14]], [15, [15, 10]], [5, [5, 8]], [10, []], [14, []], [12, [12, 13]], [13, []], [8, []]], [[0, [7]], [7, []], [0, [9, 6]], [2, [2]], [9, []], [3, [3, 4]], [4, []], [1, [1]], [6, []], [11, [11]]]], [[[2, [2]]], [[15, [15, 10]]], [[5, [5, 8]]], [[3, [3, 4]]], [[1, [1]]], [[12, [12, 13]]], [[11, [11]]]]]}
