{"file_name": "U_15_0", "number_of_trucks": 2, "drone_capacity": 2, "number_of_drones": 2, "iteration": 1, "best_fitness": 232.23999999999995, "runtime": 59.71009349822998, "best_solution": [[[[0, [14, 13, 8, 2]], [2, []], [13, []], [12, [12, 9]], [8, []], [9, []], [14, []], [1, [1, 4]], [4, []]], [[0, [3, 10, 6]], [6, [7, 5]], [3, []], [10, []], [7, []], [11, [11, 15]], [15, []], [5, []]]], [[[12, [12, 9]]], [[6, [7, 5]]], [[11, [11, 15]]], [[1, [1, 4]]]]]}
{"file_name": "U_15_0", "number_of_trucks": 2, "drone_capacity": 2, "number_of_drones": 2, "iteration": 2, "best_fitness": 234.563737317171, "runtime": 56.34625458717346, "best_solution": [[[[0, [14]], [2, [9, 2]], [4, [4, 15, 5, 1]], [9, []], [14, []], [1, []], [5, []], [15, []]], [[0, [12, 3, 13, 6, 10, 8]], [6, []], [12, []], [3, []], [8, []], [10, []], [7, [7, 11]], [11, []], [13, []]]], [[[2, [9, 2]]], [[4, [15, 5]]], [[4, [4, 1]]], [[7, [7, 11]]]]]}
{"file_name": "U_15_0", "number_of_trucks": 2, "drone_capacity": 2, "number_of_drones": 2, "iteration": 3, "best_fitness": 226.76076505169368, "runtime": 55.55298185348511, "best_solution": [[[[0, [14]], [2, [2, 3]], [3, []], [6, [6, 5]], [5, []], [1, [1, 9]], [14, []], [9, []], [4, [4]]], [[0, [13, 8]], [13, []], [12, [12, 10]], [10, []], [8, []], [7, [7, 11]], [11, []], [15, [15]]]], [[[2, [2, 3]]], [[12, [12, 10]]], [[6, [6, 5]]], [[1, [1, 9]]], [[7, [7, 11]]], [[15, [15]]], [[4, [4]]]]]}
