{"file_name": "U_15_1", "number_of_trucks": 2, "drone_capacity": 2, "number_of_drones": 2, "iteration": 1, "best_fitness": 347.5932743562683, "runtime": 39.06566882133484, "best_solution": [[[[0, [5]], [5, []], [3, [3, 11]], [12, [12]], [11, []], [9, [9, 6]], [6, []], [10, [10, 8]], [8, []], [15, [15, 2]], [2, []]], [[0, []], [14, [14]], [0, []], [13, [13, 7]], [7, []], [1, [1, 4]], [4, []]]], [[[14, [14]]], [[3, [3, 11]]], [[12, [12]]], [[9, [9, 6]]], [[13, [13, 7]]], [[10, [10, 8]]], [[1, [1, 4]]], [[15, [15, 2]]]]]}
{"file_name": "U_15_1", "number_of_trucks": 2, "drone_capacity": 2, "number_of_drones": 2, "iteration": 2, "best_fitness": 347.5932743562683, "runtime": 56.29084014892578, "best_solution": [[[[0, [5, 14, 11]], [11, []], [14, []], [5, []], [7, [7, 13]], [8, [8, 10]], [13, []], [10, []], [15, [15, 2]], [2, []]], [[0, []], [12, [12, 3]], [3, []], [6, [6, 9]], [9, []], [1, [1, 4]], [4, []]]], [[[12, [12, 3]]], [[6, [6, 9]]], [[7, [7, 13]]], [[8, [8, 10]]], [[1, [1, 4]]], [[15, [15, 2]]]]]}
{"file_name": "U_15_1", "number_of_trucks": 2, "drone_capacity": 2, "number_of_drones": 2, "iteration": 3, "best_fitness": 343.8189361614209, "runtime": 54.91838026046753, "best_solution": [[[[0, [14, 5, 11]], [14, []], [5, []], [13, [13, 7]], [11, []], [8, [8, 10]], [7, []], [10, []], [15, [15]]], [[0, []], [3, [3, 12]], [12, []], [9, [9, 6]], [1, [1, 2]], [4, [4]], [6, []], [2, []]]], [[[3, [3, 12]]], [[13, [13, 7]]], [[9, [9, 6]]], [[8, [8, 10]]], [[1, [1, 2]]], [[4, [4]]], [[15, [15]]]]]}
