{"file_name": "U_15_1", "number_of_trucks": 2, "drone_capacity": 2, "number_of_drones": 2, "iteration": 1, "best_fitness": 259.1373089593466, "runtime": 48.84165596961975, "best_solution": [[[[0, [11, 5]], [11, []], [5, []], [1, [1]], [13, [13, 14]], [8, [8, 3]], [3, []], [14, []]], [[0, [10, 12]], [12, []], [2, [2, 15]], [15, []], [10, []], [4, [4, 9]], [9, []], [7, [7, 6]], [6, []]]], [[[2, [2, 15]]], [[1, [1]]], [[4, [4, 9]]], [[13, [13, 14]]], [[8, [8, 3]]], [[7, [7, 6]]]]]}
{"file_name": "U_15_1", "number_of_trucks": 2, "drone_capacity": 2, "number_of_drones": 2, "iteration": 2, "best_fitness": 258.97414998150197, "runtime": 41.327009439468384, "best_solution": [[[[0, []], [12, [12]], [0, [10]], [15, [15, 2]], [2, []], [10, []], [4, [4, 7]], [7, []], [9, [9, 6]], [6, []]], [[0, [5, 11]], [5, []], [11, []], [1, [1, 14]], [13, [13]], [3, [3, 8]], [8, []], [14, []]]], [[[12, [12]]], [[15, [15, 2]]], [[1, [1, 14]]], [[13, [13]]], [[4, [4, 7]]], [[9, [9, 6]]], [[3, [3, 8]]]]]}
{"file_name": "U_15_1", "number_of_trucks": 2, "drone_capacity": 2, "number_of_drones": 2, "iteration": 3, "best_fitness": 259.1373089593466, "runtime": 50.11133098602295, "best_solution": [[[[0, [10, 12]], [10, []], [12, []], [0, [5]], [1, [1, 14]], [5, []], [14, []], [8, [8]], [3, [3, 13]], [13, []]], [[0, [11]], [11, []], [0, []], [2, [2, 15]], [15, []], [4, [4, 9]], [9, []], [7, [7, 6]], [6, []]]], [[[2, [2, 15]]], [[1, [1, 14]]], [[4, [4, 9]]], [[8, [8]]], [[3, [3, 13]]], [[7, [7, 6]]]]]}
