{"file_name": "U_15_1", "number_of_trucks": 2, "drone_capacity": 2, "number_of_drones": 2, "iteration": 1, "best_fitness": 275.5348333840022, "runtime": 49.831329345703125, "best_solution": [[[[0, [8, 11, 7, 6, 9]], [6, []], [11, []], [7, []], [5, [5, 14]], [14, []], [8, []], [9, []], [2, [2, 15]], [15, []]], [[0, []], [12, [12]], [3, [3, 4, 10]], [4, []], [13, [13]], [10, []], [1, [1]]]], [[[12, [12]]], [[3, [3, 10]]], [[3, [4]]], [[13, [13]]], [[5, [5, 14]]], [[1, [1]]], [[2, [2, 15]]]]]}
{"file_name": "U_15_1", "number_of_trucks": 2, "drone_capacity": 2, "number_of_drones": 2, "iteration": 2, "best_fitness": 270.65665841073144, "runtime": 58.90605139732361, "best_solution": [[[[0, []], [11, [11]], [0, [9, 8, 7]], [8, []], [14, [14, 5]], [5, []], [7, []], [9, []], [2, [2, 15]], [15, []]], [[0, [6]], [12, [12]], [6, [3, 13, 10, 4]], [13, []], [4, []], [10, []], [3, []], [1, [1]]]], [[[12, [12]]], [[11, [11]]], [[6, [10, 4]]], [[6, [3, 13]]], [[14, [14, 5]]], [[1, [1]]], [[2, [2, 15]]]]]}
{"file_name": "U_15_1", "number_of_trucks": 2, "drone_capacity": 2, "number_of_drones": 2, "iteration": 3, "best_fitness": 275.3644799982833, "runtime": 45.85300278663635, "best_solution": [[[[0, [12, 4]], [12, []], [13, [13, 3, 10]], [4, []], [3, []], [10, []], [1, [1]]], [[0, [8, 7, 9, 11, 6]], [11, []], [6, []], [14, [14, 5]], [8, []], [5, []], [2, [2, 15]], [7, []], [9, []], [15, []]]], [[[13, [3, 10]]], [[13, [13]]], [[14, [14, 5]]], [[2, [2, 15]]], [[1, [1]]]]]}
