{"file_name": "U_50_1", "number_of_trucks": 2, "drone_capacity": 10, "number_of_drones": 2, "iteration": 1, "best_fitness": 624.0377695731972, "runtime": 3798.301025867462, "best_solution": [[[[0, []], [8, [8, 44, 39, 22]], [35, [35, 20, 5]], [20, []], [5, []], [39, []], [36, [36, 32, 41]], [44, []], [22, []], [32, []], [41, [25, 49, 43, 21]], [25, []], [1, [1, 12, 11, 28, 46]], [12, []], [11, []], [21, []], [46, []], [28, [7, 13, 24, 26, 19, 10]], [10, []], [13, []], [49, []], [26, []], [19, []], [43, []], [24, []], [7, []]], [[0, [37, 15, 33, 48]], [37, []], [15, []], [33, [38, 50, 3, 16]], [48, []], [38, []], [16, []], [50, [9, 47, 2, 30]], [3, []], [2, []], [9, []], [30, []], [47, []], [34, [34, 29, 27, 17]], [17, []], [29, []], [4, [4, 6]], [6, []], [40, [40, 31, 45, 23, 18, 14, 42]], [31, []], [45, []], [23, []], [18, []], [14, []], [27, []], [42, []]]], [[[8, [8, 44, 39, 22]]], [[35, [35, 20, 5]]], [[33, [38, 50, 3, 16]]], [[36, [36, 32, 41]]], [[50, [9, 47, 2, 30]]], [[34, [34, 29, 27, 17]]], [[41, [25, 49, 43, 21]]], [[1, [1, 12, 11, 28, 46]]], [[4, [4, 6]]], [[28, [7, 13, 24, 26, 19, 10]]], [[40, [40, 31, 45, 23, 18, 14, 42]]]]]}
{"file_name": "U_50_1", "number_of_trucks": 2, "drone_capacity": 10, "number_of_drones": 2, "iteration": 2, "best_fitness": 713.7503362644886, "runtime": 141.18940353393555, "best_solution": [[[[0, []], [48, [48]], [8, [8, 38, 16, 22, 5, 20, 35]], [38, []], [16, []], [22, []], [5, []], [20, []], [35, []], [2, [2, 30, 41, 32, 21, 12, 36, 1, 25, 23]], [30, []], [41, []], [32, []], [21, []], [12, []], [36, []], [1, []], [25, []], [23, []], [45, [45]], [28, [28, 13, 10, 6, 19, 17, 24, 26, 7]], [13, []], [10, []], [6, []], [19, []], [17, []], [24, []], [26, []], [7, []]], [[0, [44]], [44, []], [39, [39, 15]], [15, [3, 47, 37, 33, 9]], [3, []], [47, []], [37, []], [33, []], [9, []], [40, [40, 49, 4, 43]], [49, []], [4, []], [43, []], [34, [34, 50, 29, 27, 18, 11, 14, 46, 31, 42]], [50, []], [29, []], [27, []], [18, []], [11, []], [14, []], [46, []], [31, []], [42, []]]], [[[39, [39, 15]]], [[48, [48]]], [[15, [3, 47, 37, 33, 9]]], [[8, [8, 38, 16, 22, 5, 20, 35]]], [[2, [2, 30, 41, 32, 21, 12, 36, 1, 25, 23]]], [[45, [45]]], [[40, [40, 49, 4, 43]]], [[34, [34, 50, 29, 27, 18, 11, 14, 46, 31, 42]]], [[28, [28, 13, 10, 6, 19, 17, 24, 26, 7]]]]]}
{"file_name": "U_50_1", "number_of_trucks": 2, "drone_capacity": 10, "number_of_drones": 2, "iteration": 3, "best_fitness": 717.1862806375674, "runtime": 130.43430471420288, "best_solution": [[[[0, [2]], [2, []], [16, [16, 20]], [20, []], [48, [48, 32, 9, 15, 34, 49, 29, 4]], [32, []], [9, []], [15, []], [34, []], [49, []], [29, []], [4, []], [17, [17, 43, 50, 33, 11, 18, 14, 45, 31, 27]], [43, []], [50, []], [33, []], [11, []], [18, []], [14, []], [45, []], [31, []], [27, []]], [[0, [39]], [39, []], [37, [37, 22]], [22, []], [38, [38, 3, 35, 41]], [3, [30, 5]], [35, []], [41, []], [30, []], [5, []], [47, [47, 42, 8, 36, 1, 12, 21, 25, 23, 40]], [42, []], [8, []], [36, []], [1, []], [12, []], [21, []], [25, []], [23, []], [40, []], [44, [44, 46, 28, 10, 13, 6, 24, 19, 26, 7]], [46, []], [28, []], [10, []], [13, []], [6, []], [24, []], [19, []], [26, []], [7, []]]], [[[16, [16, 20]]], [[37, [37, 22]]], [[38, [38, 3, 35, 41]]], [[3, [30, 5]]], [[47, [47, 42, 8, 36, 1, 12, 21, 25, 23, 40]]], [[48, [48, 32, 9, 15, 34, 49, 29, 4]]], [[17, [17, 43, 50, 33, 11, 18, 14, 45, 31, 27]]], [[44, [44, 46, 28, 10, 13, 6, 24, 19, 26, 7]]]]]}
{"file_name": "U_50_1", "number_of_trucks": 2, "drone_capacity": 10, "number_of_drones": 2, "iteration": 4, "best_fitness": 694.1057683711659, "runtime": 134.18975806236267, "best_solution": [[[[0, [15]], [15, []], [44, [44, 38, 16]], [38, []], [16, []], [22, [22, 5]], [5, [20, 40, 32, 21]], [20, []], [40, []], [32, []], [21, []], [33, [33, 30, 49, 12, 1, 25, 11]], [30, []], [49, []], [12, []], [1, []], [25, []], [11, []], [23, [23, 45, 28, 13, 10, 24, 17, 19, 26, 7]], [45, []], [28, []], [13, []], [10, []], [24, []], [17, []], [19, []], [26, []], [7, []]], [[0, [37, 8, 39]], [37, []], [8, []], [39, []], [48, [48, 41, 50, 3]], [41, []], [50, []], [3, []], [47, [47, 35, 9, 42, 36, 43]], [35, []], [9, []], [42, []], [36, []], [43, []], [2, [2, 34, 29, 4, 6, 18, 14, 31, 46, 27]], [34, []], [29, []], [4, []], [6, []], [18, []], [14, []], [31, []], [46, []], [27, []]]], [[[44, [44, 38, 16]]], [[22, [22, 5]]], [[48, [48, 41, 50, 3]]], [[5, [20, 40, 32, 21]]], [[47, [47, 35, 9, 42, 36, 43]]], [[33, [33, 30, 49, 12, 1, 25, 11]]], [[2, [2, 34, 29, 4, 6, 18, 14, 31, 46, 27]]], [[23, [23, 45, 28, 13, 10, 24, 17, 19, 26, 7]]]]]}
{"file_name": "U_50_1", "number_of_trucks": 2, "drone_capacity": 10, "number_of_drones": 2, "iteration": 5, "best_fitness": 714.0123897375665, "runtime": 137.9035301208496, "best_solution": [[[[0, []], [33, [33, 44, 22]], [44, []], [22, []], [38, [38, 5, 16, 20, 2]], [5, []], [16, []], [20, []], [2, []], [21, [21, 32, 42]], [32, []], [42, []], [30, [30, 36, 12, 1, 25, 23, 45]], [36, []], [12, []], [1, []], [25, []], [23, []], [45, []], [46, [46, 11, 18, 14, 6, 29, 19, 26, 24, 7]], [11, []], [18, []], [14, []], [6, []], [29, []], [19, []], [26, []], [24, []], [7, []]], [[0, [15, 39]], [15, []], [39, []], [48, [48]], [8, [8]], [35, [35, 41, 50, 3, 37, 47, 9, 40]], [41, []], [50, []], [3, []], [37, []], [47, []], [9, []], [40, []], [49, [49, 34, 43, 4, 17, 28, 10, 13, 31, 27]], [34, []], [43, []], [4, []], [17, []], [28, []], [10, []], [13, []], [31, []], [27, []]]], [[[33, [33, 44, 22]]], [[48, [48]]], [[38, [38, 5, 16, 20, 2]]], [[8, [8]]], [[35, [35, 41, 50, 3, 37, 47, 9, 40]]], [[21, [21, 32, 42]]], [[30, [30, 36, 12, 1, 25, 23, 45]]], [[49, [49, 34, 43, 4, 17, 28, 10, 13, 31, 27]]], [[46, [46, 11, 18, 14, 6, 29, 19, 26, 24, 7]]]]]}
