{"file_name": "U_50_1", "number_of_trucks": 2, "drone_capacity": 10, "number_of_drones": 2, "iteration": 1, "best_fitness": 607.9599999999999, "runtime": 3725.0280661582947, "best_solution": [[[[0, []], [42, [42, 11, 8, 34]], [11, [50, 25, 26, 33, 13, 30]], [8, []], [50, []], [25, []], [26, []], [14, [14, 39, 49]], [33, []], [39, []], [13, []], [49, []], [30, []], [35, [35, 47, 27, 48, 31]], [47, []], [27, []], [16, [16, 15, 40, 24, 12, 43, 37]], [15, []], [48, []], [40, []], [24, []], [12, []], [34, []], [43, []], [37, []], [31, []]], [[0, [17, 45]], [45, []], [9, [9, 32]], [32, [41, 23, 7, 29]], [41, []], [23, []], [7, []], [29, [22, 6, 19, 20, 21, 1, 46, 38]], [22, []], [6, []], [19, []], [20, []], [21, []], [1, []], [46, []], [38, []], [10, [10, 28, 18, 2, 5, 36, 44]], [44, []], [17, []], [28, []], [3, [3, 4]], [18, []], [2, []], [4, []], [5, []], [36, []]]], [[[9, [9, 32]]], [[42, [42, 11, 8, 34]]], [[11, [50, 25, 26, 33, 13, 30]]], [[32, [41, 23, 7, 29]]], [[14, [14, 39, 49]]], [[29, [22, 6, 19, 20, 21, 1, 46, 38]]], [[35, [35, 47, 27, 48, 31]]], [[10, [10, 28, 18, 2, 5, 36, 44]]], [[16, [16, 15, 40, 24, 12, 43, 37]]], [[3, [3, 4]]]]]}
{"file_name": "U_50_1", "number_of_trucks": 2, "drone_capacity": 10, "number_of_drones": 2, "iteration": 2, "best_fitness": 643.24, "runtime": 139.07580542564392, "best_solution": [[[[0, [1, 30]], [1, []], [30, []], [42, [42, 46]], [9, [9, 17, 26]], [46, []], [17, []], [26, []], [35, [35, 45, 28, 47, 10]], [45, []], [28, []], [47, []], [10, []], [38, [38, 48, 5, 2, 18, 25, 16, 3, 15, 44]], [48, []], [5, []], [2, []], [18, []], [25, []], [16, []], [3, []], [15, []], [44, []]], [[0, []], [8, [8]], [11, [11, 23, 7]], [23, [49, 13, 39, 50, 19, 29]], [7, []], [49, []], [13, []], [39, []], [50, []], [14, [14, 33, 32, 21, 41, 20, 22, 6]], [33, []], [32, []], [21, []], [41, []], [20, []], [22, []], [6, []], [19, []], [29, []], [36, [36, 24, 12, 34, 31, 37, 43, 27, 4, 40]], [24, []], [12, []], [34, []], [31, []], [37, []], [43, []], [27, []], [4, []], [40, []]]], [[[8, [8]]], [[11, [11, 23, 7]]], [[23, [49, 13, 39, 50, 19, 29]]], [[42, [42, 46]]], [[9, [9, 17, 26]]], [[14, [14, 33, 32, 21, 41, 20, 22, 6]]], [[35, [35, 45, 28, 47, 10]]], [[36, [36, 24, 12, 34, 31, 37, 43, 27, 4, 40]]], [[38, [38, 48, 5, 2, 18, 25, 16, 3, 15, 44]]]]]}
{"file_name": "U_50_1", "number_of_trucks": 2, "drone_capacity": 10, "number_of_drones": 2, "iteration": 3, "best_fitness": 659.7664015931391, "runtime": 143.6329870223999, "best_solution": [[[[0, []], [39, [39]], [26, [26, 8, 25, 32]], [8, []], [25, []], [32, []], [9, [9]], [22, [22, 1, 38, 46, 23, 20, 31, 11, 41]], [1, []], [38, []], [46, []], [23, []], [20, []], [31, []], [11, []], [41, []], [50, [50, 27, 24, 21, 18, 2, 16, 3, 15, 36]], [27, []], [24, []], [21, []], [18, []], [2, []], [16, []], [3, []], [15, []], [36, []]], [[0, []], [42, [42]], [34, [34]], [30, [30, 33, 29]], [33, []], [29, []], [7, [7, 19, 6, 48, 49, 35, 17, 13, 45, 14]], [19, []], [6, []], [48, []], [49, []], [35, []], [17, []], [13, []], [45, []], [14, []], [5, [5, 44, 47, 28, 10, 4, 40, 12, 43, 37]], [44, []], [47, []], [28, []], [10, []], [4, []], [40, []], [12, []], [43, []], [37, []]]], [[[42, [42]]], [[34, [34]]], [[39, [39]]], [[26, [26, 8, 25, 32]]], [[30, [30, 33, 29]]], [[9, [9]]], [[7, [7, 19, 6, 48, 49, 35, 17, 13, 45, 14]]], [[22, [22, 1, 38, 46, 23, 20, 31, 11, 41]]], [[5, [5, 44, 47, 28, 10, 4, 40, 12, 43, 37]]], [[50, [50, 27, 24, 21, 18, 2, 16, 3, 15, 36]]]]]}
{"file_name": "U_50_1", "number_of_trucks": 2, "drone_capacity": 10, "number_of_drones": 2, "iteration": 4, "best_fitness": 656.6923817698141, "runtime": 133.3179533481598, "best_solution": [[[[0, []], [42, [34, 42, 1]], [1, []], [11, [11]], [33, [33, 39, 49, 17, 13, 9, 41]], [39, []], [49, []], [17, []], [13, []], [9, []], [41, []], [34, []], [29, [29, 36, 22, 38, 46, 10, 48, 5, 18, 2]], [36, []], [22, []], [38, []], [46, []], [10, []], [48, []], [5, []], [18, []], [2, []], [12, [12, 24, 27, 4, 40, 20, 43, 37, 31, 6]], [24, []], [27, []], [4, []], [40, []], [20, []], [43, []], [37, []], [31, []], [6, []]], [[0, [19, 45, 30, 26]], [19, []], [45, []], [30, []], [26, []], [25, [25, 8, 32, 14, 50, 21]], [8, []], [32, []], [14, []], [50, []], [21, []], [35, [35, 47, 28, 15, 44, 7, 16]], [47, [3, 23]], [28, []], [15, []], [44, []], [7, []], [16, []], [3, []], [23, []]]], [[[42, [34, 42, 1]]], [[25, [25, 8, 32, 14, 50, 21]]], [[11, [11]]], [[33, [33, 39, 49, 17, 13, 9, 41]]], [[35, [35, 47, 28, 15, 44, 7, 16]]], [[29, [29, 36, 22, 38, 46, 10, 48, 5, 18, 2]]], [[47, [3, 23]]], [[12, [12, 24, 27, 4, 40, 20, 43, 37, 31, 6]]]]]}
{"file_name": "U_50_1", "number_of_trucks": 2, "drone_capacity": 10, "number_of_drones": 2, "iteration": 5, "best_fitness": 667.3053790052522, "runtime": 119.59761762619019, "best_solution": [[[[0, [13, 7, 38, 49, 30, 39]], [13, []], [7, [21, 9, 1, 46, 25, 33]], [38, []], [49, []], [30, []], [39, []], [21, []], [9, []], [1, []], [46, []], [25, []], [33, []], [27, [27, 14, 18, 26, 2, 35, 16, 3, 44, 36]], [14, []], [18, []], [26, []], [2, []], [35, []], [16, []], [3, []], [44, []], [36, []]], [[0, [34, 8, 50]], [34, []], [8, []], [50, []], [17, [17, 29, 11, 41, 42]], [29, []], [11, []], [41, []], [42, []], [23, [23, 22]], [22, []], [6, [6, 20, 19, 45, 28, 47, 15, 48]], [20, []], [19, []], [45, []], [28, []], [47, []], [15, []], [48, []], [10, [10, 24, 12, 32, 5, 4, 40, 43, 37, 31]], [24, []], [12, []], [32, []], [5, []], [4, []], [40, []], [43, []], [37, []], [31, []]]], [[[7, [21, 9, 1, 46, 25, 33]]], [[17, [17, 29, 11, 41, 42]]], [[23, [23, 22]]], [[6, [6, 20, 19, 45, 28, 47, 15, 48]]], [[27, [27, 14, 18, 26, 2, 35, 16, 3, 44, 36]]], [[10, [10, 24, 12, 32, 5, 4, 40, 43, 37, 31]]]]]}
