{"file_name": "U_50_1", "number_of_trucks": 2, "drone_capacity": 10, "number_of_drones": 2, "iteration": 1, "best_fitness": 626.960798324936, "runtime": 3619.937173604965, "best_solution": [[[[0, []], [30, [30]], [0, [5, 11, 50, 7]], [5, []], [11, []], [50, []], [7, []], [0, [33, 46, 14, 26, 41, 31]], [26, []], [41, []], [46, []], [22, [22]], [14, []], [4, [4, 40, 37]], [39, [39, 47, 9, 48, 16, 19]], [47, []], [9, []], [16, []], [48, []], [33, []], [40, []], [37, []], [28, [28, 23, 36]], [31, []], [23, []], [36, []], [19, []]], [[0, [1]], [17, [17]], [1, []], [0, [45, 35, 6, 20]], [6, []], [20, []], [45, []], [35, []], [0, [13, 18, 3, 34, 15]], [34, []], [18, []], [21, [21, 29, 32, 44, 24, 12]], [13, []], [29, []], [32, []], [44, []], [24, []], [8, [8, 27, 10, 25, 43, 38, 2, 42, 49]], [27, []], [10, []], [25, []], [15, []], [3, []], [43, []], [12, []], [38, []], [2, []], [42, []], [49, []]]], [[[30, [30]]], [[17, [17]]], [[22, [22]]], [[21, [21, 29, 32, 44, 24, 12]]], [[4, [4, 40, 37]]], [[39, [39, 47, 9, 48, 16, 19]]], [[8, [8, 27, 10, 25, 43, 38, 2, 42, 49]]], [[28, [28, 23, 36]]]]]}
{"file_name": "U_50_1", "number_of_trucks": 2, "drone_capacity": 10, "number_of_drones": 2, "iteration": 2, "best_fitness": 710.3924803552042, "runtime": 139.24189376831055, "best_solution": [[[[0, []], [11, [11, 17, 50, 20, 35, 14]], [17, []], [50, []], [20, []], [35, []], [14, []], [13, [13]], [26, [26, 24, 44, 3, 15, 39, 47]], [24, []], [44, []], [3, []], [15, []], [39, []], [47, []], [32, [32, 19, 9, 27, 10, 22, 25, 43, 28, 2]], [19, []], [9, []], [27, []], [10, []], [22, []], [25, []], [43, []], [28, []], [2, []]], [[0, [1, 30, 45]], [1, []], [30, [6, 5]], [45, []], [6, []], [5, []], [7, [7, 31, 33, 46, 12]], [31, []], [33, []], [46, []], [12, []], [41, [41, 18, 21, 34, 37, 29]], [18, []], [21, []], [34, []], [37, []], [29, []], [40, [40, 38, 16, 48, 4, 42, 49, 8, 36, 23]], [38, []], [16, []], [48, []], [4, []], [42, []], [49, []], [8, []], [36, []], [23, []]]], [[[11, [11, 17, 50, 20, 35, 14]]], [[30, [6, 5]]], [[7, [7, 31, 33, 46, 12]]], [[13, [13]]], [[26, [26, 24, 44, 3, 15, 39, 47]]], [[41, [41, 18, 21, 34, 37, 29]]], [[40, [40, 38, 16, 48, 4, 42, 49, 8, 36, 23]]], [[32, [32, 19, 9, 27, 10, 22, 25, 43, 28, 2]]]]]}
{"file_name": "U_50_1", "number_of_trucks": 2, "drone_capacity": 10, "number_of_drones": 2, "iteration": 3, "best_fitness": 774.1248770295334, "runtime": 119.63754892349243, "best_solution": [[[[0, [7, 45, 20, 35]], [7, []], [45, []], [20, []], [35, []], [3, [3, 15, 24, 44, 26, 50, 1, 4, 39]], [15, []], [24, []], [44, []], [26, []], [50, []], [1, []], [4, []], [39, []], [47, [47, 22, 9, 48, 16, 25, 43, 28, 2, 8]], [22, []], [9, []], [48, []], [16, []], [25, []], [43, []], [28, []], [2, []], [8, []]], [[0, [17, 30, 11, 14, 5, 6]], [17, [13]], [30, []], [11, []], [14, []], [5, []], [6, []], [13, []], [31, [31, 33, 46, 12, 41, 18, 21, 34, 29, 37]], [33, []], [46, []], [12, []], [41, []], [18, []], [21, []], [34, []], [29, []], [37, []], [40, [40, 38, 27, 10, 42, 49, 32, 19, 36, 23]], [38, []], [27, []], [10, []], [42, []], [49, []], [32, []], [19, []], [36, []], [23, []]]], [[[17, [13]]], [[31, [31, 33, 46, 12, 41, 18, 21, 34, 29, 37]]], [[3, [3, 15, 24, 44, 26, 50, 1, 4, 39]]], [[40, [40, 38, 27, 10, 42, 49, 32, 19, 36, 23]]], [[47, [47, 22, 9, 48, 16, 25, 43, 28, 2, 8]]]]]}
{"file_name": "U_50_1", "number_of_trucks": 2, "drone_capacity": 10, "number_of_drones": 2, "iteration": 4, "best_fitness": 681.272480355204, "runtime": 135.56068086624146, "best_solution": [[[[0, [17, 50, 20, 35, 11]], [17, []], [50, []], [20, []], [35, [14, 13]], [11, []], [14, []], [13, []], [12, [12, 3, 15]], [3, []], [15, []], [24, [24, 44, 47, 22, 39]], [44, []], [47, []], [22, []], [39, []], [25, [25, 27, 10, 43, 38, 40, 28, 2, 16, 4]], [27, []], [10, []], [43, []], [38, []], [40, []], [28, []], [2, []], [16, []], [4, []]], [[0, [1, 30, 45]], [1, []], [30, []], [45, []], [6, [6, 5, 7, 31]], [5, []], [7, []], [31, []], [33, [33, 46]], [46, []], [26, [26, 41, 18, 21, 34, 37]], [41, []], [18, []], [21, []], [34, []], [37, []], [29, [29, 32, 48, 9, 42, 19, 36, 49, 8, 23]], [32, []], [48, []], [9, []], [42, []], [19, []], [36, []], [49, []], [8, []], [23, []]]], [[[6, [6, 5, 7, 31]]], [[35, [14, 13]]], [[33, [33, 46]]], [[12, [12, 3, 15]]], [[26, [26, 41, 18, 21, 34, 37]]], [[24, [24, 44, 47, 22, 39]]], [[29, [29, 32, 48, 9, 42, 19, 36, 49, 8, 23]]], [[25, [25, 27, 10, 43, 38, 40, 28, 2, 16, 4]]]]]}
{"file_name": "U_50_1", "number_of_trucks": 2, "drone_capacity": 10, "number_of_drones": 2, "iteration": 5, "best_fitness": 691.995302787089, "runtime": 140.52746152877808, "best_solution": [[[[0, [3]], [3, []], [33, [33]], [22, [22, 4]], [39, [39, 47, 5, 32, 9, 27, 10]], [47, []], [5, []], [32, []], [9, []], [27, []], [10, []], [15, [15, 25, 43, 12, 38, 2, 8, 42, 49]], [25, []], [43, []], [12, []], [38, []], [2, []], [8, []], [42, []], [49, []], [4, []]], [[0, [50]], [50, []], [11, [11]], [35, [35, 6]], [6, []], [13, [13, 45, 7, 1, 14, 30]], [45, []], [7, []], [1, []], [14, []], [30, []], [41, [41, 26, 34, 21, 20, 17, 46, 31, 18, 29]], [26, []], [34, []], [21, []], [20, []], [17, []], [46, []], [31, []], [18, []], [29, []], [37, [37, 40, 16, 24, 19, 23, 44, 36, 28, 48]], [40, []], [16, []], [24, []], [19, []], [23, []], [44, []], [36, []], [28, []], [48, []]]], [[[11, [11]]], [[35, [35, 6]]], [[13, [13, 45, 7, 1, 14, 30]]], [[33, [33]]], [[41, [41, 26, 34, 21, 20, 17, 46, 31, 18, 29]]], [[22, [22, 4]]], [[39, [39, 47, 5, 32, 9, 27, 10]]], [[15, [15, 25, 43, 12, 38, 2, 8, 42, 49]]], [[37, [37, 40, 16, 24, 19, 23, 44, 36, 28, 48]]]]]}
