{"file_name": "U_50_0", "number_of_trucks": 2, "drone_capacity": 10, "number_of_drones": 2, "iteration": 1, "best_fitness": 389.9628320801778, "runtime": 3770.8087561130524, "best_solution": [[[[0, [30, 41, 29, 4, 50]], [2, [2, 35, 37, 31, 45, 32, 44, 25]], [35, []], [24, [24, 34, 18, 49, 46, 22]], [34, []], [29, []], [50, []], [4, []], [49, []], [37, []], [41, []], [13, [13, 40, 23, 39, 14]], [46, []], [31, []], [40, []], [22, []], [45, []], [32, []], [44, []], [23, []], [25, []], [39, []], [14, []], [18, []], [30, []]], [[0, [27, 43]], [27, []], [8, [8, 21, 6, 10, 33, 48, 47, 12, 11]], [47, []], [12, []], [11, []], [33, []], [48, []], [21, []], [6, []], [5, [5, 28, 16, 20, 38, 9, 15]], [28, []], [10, []], [16, []], [20, []], [38, []], [9, []], [15, [36, 42, 7, 3, 26, 17, 19, 1]], [3, []], [17, []], [19, []], [43, []], [26, []], [1, []], [36, []], [42, []], [7, []]]], [[[8, [8, 21, 6, 10, 33, 48, 47, 12, 11]]], [[2, [2, 35, 37, 31, 45, 32, 44, 25]]], [[24, [24, 34, 18, 49, 46, 22]]], [[5, [5, 28, 16, 20, 38, 9, 15]]], [[15, [36, 42, 7, 3, 26, 17, 19, 1]]], [[13, [13, 40, 23, 39, 14]]]]]}
{"file_name": "U_50_0", "number_of_trucks": 2, "drone_capacity": 10, "number_of_drones": 2, "iteration": 2, "best_fitness": 518.0, "runtime": 101.86918759346008, "best_solution": [[[[0, [35, 2, 30, 43, 15, 38, 9, 29, 4, 50, 3, 17, 19, 34, 24, 26, 49, 37, 21, 39, 18, 14, 11, 33, 42, 8, 47]], [35, []], [2, []], [30, []], [43, []], [15, []], [38, []], [9, []], [29, []], [4, []], [50, []], [3, []], [17, []], [19, []], [34, []], [24, []], [26, []], [49, []], [37, []], [21, []], [39, []], [18, []], [14, []], [11, []], [33, []], [42, []], [8, []], [47, []]], [[0, [27, 48, 41, 6, 10, 16, 20, 12, 36, 1, 25, 23, 44, 32, 45, 22, 40, 31, 46, 13, 28, 5, 7]], [27, []], [48, []], [41, []], [6, []], [10, []], [16, []], [20, []], [12, []], [36, []], [1, []], [25, []], [23, []], [44, []], [32, []], [45, []], [22, []], [40, []], [31, []], [46, []], [13, []], [28, []], [5, []], [7, []]]], []]}
{"file_name": "U_50_0", "number_of_trucks": 2, "drone_capacity": 10, "number_of_drones": 2, "iteration": 3, "best_fitness": 475.24, "runtime": 101.2318639755249, "best_solution": [[[[0, [2, 35, 43, 15, 9, 38, 20, 16, 10, 31, 32, 46, 14, 39, 25, 23, 22, 40, 13, 28, 5, 26]], [2, []], [35, []], [43, []], [15, []], [9, []], [38, []], [20, []], [16, []], [10, []], [31, []], [32, []], [46, []], [14, []], [39, []], [25, []], [23, []], [22, []], [40, []], [13, []], [28, []], [5, []], [26, []]], [[0, [48, 18, 11, 33, 21, 45, 44, 41, 6, 37, 49, 30, 4, 29, 50, 3, 17, 19, 34, 24, 47, 8, 36, 1, 12, 27, 42, 7]], [48, []], [18, []], [11, []], [33, []], [21, []], [45, []], [44, []], [41, []], [6, []], [37, []], [49, []], [30, []], [4, []], [29, []], [50, []], [3, []], [17, []], [19, []], [34, []], [24, []], [47, []], [8, []], [36, []], [1, []], [12, []], [27, []], [42, []], [7, []]]], []]}
{"file_name": "U_50_0", "number_of_trucks": 2, "drone_capacity": 10, "number_of_drones": 2, "iteration": 4, "best_fitness": 507.36, "runtime": 99.92077541351318, "best_solution": [[[[0, [2, 35, 27, 47, 8, 48, 21, 44, 32, 41, 5, 10, 28, 16, 4, 34, 24, 26, 12, 1, 36, 42]], [2, []], [35, []], [27, []], [47, []], [8, []], [48, []], [21, []], [44, []], [32, []], [41, []], [5, []], [10, []], [28, []], [16, []], [4, []], [34, []], [24, []], [26, []], [12, []], [1, []], [36, []], [42, []]], [[0, [11, 33, 6, 30, 43, 15, 50, 29, 19, 17, 3, 9, 38, 20, 13, 46, 31, 40, 22, 45, 23, 25, 18, 39, 14, 37, 49, 7]], [11, []], [33, []], [6, []], [30, []], [43, []], [15, []], [50, []], [29, []], [19, []], [17, []], [3, []], [9, []], [38, []], [20, []], [13, []], [46, []], [31, []], [40, []], [22, []], [45, []], [23, []], [25, []], [18, []], [39, []], [14, []], [37, []], [49, []], [7, []]]], []]}
{"file_name": "U_50_0", "number_of_trucks": 2, "drone_capacity": 10, "number_of_drones": 2, "iteration": 5, "best_fitness": 397.4033838145298, "runtime": 123.41362285614014, "best_solution": [[[[0, [2, 35, 15]], [2, []], [35, [29, 9]], [15, []], [29, []], [9, []], [16, [16, 20, 38, 4, 43, 50, 3, 19, 17, 34]], [20, []], [38, []], [4, []], [43, []], [50, []], [3, []], [19, []], [17, []], [34, []], [24, [24, 26, 7, 8, 47, 12, 1, 36, 27, 42]], [26, []], [7, []], [8, []], [47, []], [12, []], [1, []], [36, []], [27, []], [42, []]], [[0, []], [10, [10, 41, 6, 30, 37]], [41, []], [6, []], [30, []], [37, []], [33, [33, 11, 48, 21, 44, 32, 25, 18, 14, 39]], [11, []], [48, []], [21, []], [44, []], [32, []], [25, []], [18, []], [14, []], [39, []], [23, [23, 45, 22, 40, 31, 46, 13, 28, 5, 49]], [45, []], [22, []], [40, []], [31, []], [46, []], [13, []], [28, []], [5, []], [49, []]]], [[[35, [29, 9]]], [[10, [10, 41, 6, 30, 37]]], [[33, [33, 11, 48, 21, 44, 32, 25, 18, 14, 39]]], [[16, [16, 20, 38, 4, 43, 50, 3, 19, 17, 34]]], [[24, [24, 26, 7, 8, 47, 12, 1, 36, 27, 42]]], [[23, [23, 45, 22, 40, 31, 46, 13, 28, 5, 49]]]]]}
