{"file_name": "U_50_1", "number_of_trucks": 2, "drone_capacity": 10, "number_of_drones": 2, "iteration": 1, "best_fitness": 600.0869156907436, "runtime": 3794.0479164123535, "best_solution": [[[[0, [34, 10, 33, 24, 6, 43, 48, 40]], [33, []], [24, []], [6, []], [43, []], [48, []], [40, []], [28, [28]], [10, []], [2, [2, 46, 17, 7, 20, 30]], [46, []], [17, []], [30, []], [41, [41, 9, 8, 35]], [34, []], [9, []], [7, []], [15, [15, 29, 4]], [8, []], [29, []], [35, []], [26, [26, 19]], [20, []], [19, []], [4, []]], [[0, [13, 5]], [21, [21, 45]], [45, [18, 25, 49, 50]], [18, []], [13, []], [25, []], [49, []], [5, []], [50, []], [14, [14, 39, 47, 31, 16, 27, 32, 3]], [39, []], [47, []], [31, []], [16, []], [27, []], [32, []], [3, []], [44, [44, 36, 22, 23, 12, 42, 37, 11, 38, 1]], [36, []], [22, []], [23, []], [12, []], [42, []], [37, []], [11, []], [38, []], [1, []]]], [[[21, [21, 45]]], [[45, [18, 25, 49, 50]]], [[28, [28]]], [[2, [2, 46, 17, 7, 20, 30]]], [[41, [41, 9, 8, 35]]], [[14, [14, 39, 47, 31, 16, 27, 32, 3]]], [[15, [15, 29, 4]]], [[44, [44, 36, 22, 23, 12, 42, 37, 11, 38, 1]]], [[26, [26, 19]]]]]}
{"file_name": "U_50_1", "number_of_trucks": 2, "drone_capacity": 10, "number_of_drones": 2, "iteration": 2, "best_fitness": 712.4534780196128, "runtime": 153.68079710006714, "best_solution": [[[[0, []], [6, [6, 34, 40, 25, 49]], [34, []], [40, []], [25, []], [49, []], [7, [7, 32, 27, 20, 46, 17, 24, 9, 5]], [32, []], [27, []], [20, []], [46, []], [17, []], [24, []], [9, []], [5, []], [31, [31, 16, 41, 29, 12, 23, 22, 18, 19, 44]], [16, []], [41, []], [29, []], [12, []], [23, []], [22, []], [18, []], [19, []], [44, []]], [[0, []], [21, [21, 33]], [33, []], [48, [48]], [45, [45]], [13, [13]], [47, [47, 30, 2, 28]], [30, []], [2, []], [28, []], [10, [10, 38, 1, 3, 36, 14, 39]], [38, []], [1, []], [3, []], [36, []], [14, []], [39, []], [42, [42, 8, 50, 43, 15, 37, 4, 11, 35, 26]], [8, []], [50, []], [43, []], [15, []], [37, []], [4, []], [11, []], [35, []], [26, []]]], [[[6, [6, 34, 40, 25, 49]]], [[21, [21, 33]]], [[48, [48]]], [[45, [45]]], [[13, [13]]], [[47, [47, 30, 2, 28]]], [[7, [7, 32, 27, 20, 46, 17, 24, 9, 5]]], [[10, [10, 38, 1, 3, 36, 14, 39]]], [[31, [31, 16, 41, 29, 12, 23, 22, 18, 19, 44]]], [[42, [42, 8, 50, 43, 15, 37, 4, 11, 35, 26]]]]]}
{"file_name": "U_50_1", "number_of_trucks": 2, "drone_capacity": 10, "number_of_drones": 2, "iteration": 3, "best_fitness": 739.1355052843102, "runtime": 131.2897665500641, "best_solution": [[[[0, [5, 25, 24]], [40, [40, 10]], [5, []], [25, []], [24, []], [10, []], [43, [43]], [49, [49, 7, 50, 6, 34, 32, 3, 41]], [7, []], [50, []], [6, []], [34, []], [32, []], [3, []], [41, []], [46, [46, 17, 23, 42, 29, 12, 9, 22, 36, 44]], [17, []], [23, []], [42, []], [29, []], [12, []], [9, []], [22, []], [36, []], [44, []]], [[0, []], [33, [33, 48]], [48, []], [21, [21, 45, 13, 47]], [45, []], [13, []], [47, []], [30, [30, 2, 28, 35, 20, 18, 1, 38, 8, 39]], [2, []], [28, []], [35, []], [20, []], [18, []], [1, []], [38, []], [8, []], [39, []], [16, [16, 27, 31, 14, 15, 37, 4, 11, 26, 19]], [27, []], [31, []], [14, []], [15, []], [37, []], [4, []], [11, []], [26, []], [19, []]]], [[[33, [33, 48]]], [[21, [21, 45, 13, 47]]], [[40, [40, 10]]], [[30, [30, 2, 28, 35, 20, 18, 1, 38, 8, 39]]], [[43, [43]]], [[49, [49, 7, 50, 6, 34, 32, 3, 41]]], [[46, [46, 17, 23, 42, 29, 12, 9, 22, 36, 44]]], [[16, [16, 27, 31, 14, 15, 37, 4, 11, 26, 19]]]]]}
{"file_name": "U_50_1", "number_of_trucks": 2, "drone_capacity": 10, "number_of_drones": 2, "iteration": 4, "best_fitness": 718.3146277426098, "runtime": 137.47756505012512, "best_solution": [[[[0, [6, 5, 25]], [6, []], [5, []], [25, []], [40, [40, 24, 10]], [24, []], [10, []], [43, [43]], [49, [49, 18, 32, 27, 3, 16, 34]], [18, []], [32, []], [27, []], [3, []], [16, []], [34, []], [46, [46, 17, 35, 50, 31, 41, 29, 12, 36, 44]], [17, []], [35, []], [50, []], [31, []], [41, []], [29, []], [12, []], [36, []], [44, []]], [[0, [21]], [21, []], [33, [33]], [48, [48]], [45, [45, 13, 47, 30]], [13, []], [47, []], [30, []], [2, [2, 28, 20, 7, 39, 9, 22, 1, 38]], [28, []], [20, []], [7, []], [39, []], [9, []], [22, []], [1, []], [38, []], [8, [8, 42, 23, 14, 15, 37, 4, 11, 26, 19]], [42, []], [23, []], [14, []], [15, []], [37, []], [4, []], [11, []], [26, []], [19, []]]], [[[40, [40, 24, 10]]], [[33, [33]]], [[48, [48]]], [[45, [45, 13, 47, 30]]], [[43, [43]]], [[49, [49, 18, 32, 27, 3, 16, 34]]], [[2, [2, 28, 20, 7, 39, 9, 22, 1, 38]]], [[46, [46, 17, 35, 50, 31, 41, 29, 12, 36, 44]]], [[8, [8, 42, 23, 14, 15, 37, 4, 11, 26, 19]]]]]}
{"file_name": "U_50_1", "number_of_trucks": 2, "drone_capacity": 10, "number_of_drones": 2, "iteration": 5, "best_fitness": 726.6209294658802, "runtime": 115.6087167263031, "best_solution": [[[[0, [5, 13, 10]], [5, []], [13, []], [10, []], [46, [46, 35, 2, 17, 7, 50, 43, 9, 22, 33]], [35, []], [2, []], [17, []], [7, []], [50, []], [43, []], [9, []], [22, []], [33, []], [18, [18, 36, 14, 15, 23, 29, 28, 26, 12, 42]], [36, []], [14, []], [15, []], [23, []], [29, []], [28, []], [26, []], [12, []], [42, []]], [[0, [25, 40, 24, 21]], [25, []], [40, [45, 49, 6]], [24, []], [21, []], [45, []], [49, []], [6, []], [47, [47, 30, 34, 27, 32, 1, 38, 8, 48, 41]], [30, []], [34, []], [27, []], [32, []], [1, []], [38, []], [8, []], [48, []], [41, []], [39, [39, 31, 16, 44, 3, 37, 4, 20, 11, 19]], [31, []], [16, []], [44, []], [3, []], [37, []], [4, []], [20, []], [11, []], [19, []]]], [[[40, [45, 49, 6]]], [[47, [47, 30, 34, 27, 32, 1, 38, 8, 48, 41]]], [[46, [46, 35, 2, 17, 7, 50, 43, 9, 22, 33]]], [[39, [39, 31, 16, 44, 3, 37, 4, 20, 11, 19]]], [[18, [18, 36, 14, 15, 23, 29, 28, 26, 12, 42]]]]]}
