{"file_name": "U_50_0", "number_of_trucks": 2, "drone_capacity": 10, "number_of_drones": 2, "iteration": 1, "best_fitness": 380.27999999999986, "runtime": 3835.437277317047, "best_solution": [[[[0, [33, 21]], [33, []], [31, [31, 15, 47]], [21, [30, 7, 46, 35, 1, 12, 29, 22, 2]], [15, []], [4, [4, 9, 28, 40, 49, 42, 18]], [47, []], [40, []], [9, []], [49, []], [42, []], [18, []], [30, []], [7, []], [46, []], [11, [11, 13, 23, 3]], [35, []], [1, []], [12, []], [29, []], [22, []], [2, []], [13, []], [28, []], [23, []], [3, []]], [[0, []], [20, [20]], [37, [32, 26, 37, 34, 5, 24]], [34, []], [5, []], [24, []], [8, [8, 14, 48, 25, 44, 39, 16, 10, 41, 43]], [14, []], [48, []], [25, []], [26, []], [45, [45, 6, 17, 38, 27, 50, 36, 19]], [32, []], [44, []], [39, []], [16, []], [6, []], [10, []], [41, []], [17, []], [38, []], [27, []], [19, []], [50, []], [36, []], [43, []]]], [[[20, [20]]], [[37, [32, 26, 37, 34, 5, 24]]], [[31, [31, 15, 47]]], [[21, [30, 7, 46, 35, 1, 12, 29, 22, 2]]], [[4, [4, 9, 28, 40, 49, 42, 18]]], [[8, [8, 14, 48, 25, 44, 39, 16, 10, 41, 43]]], [[45, [45, 6, 17, 38, 27, 50, 36, 19]]], [[11, [11, 13, 23, 3]]]]]}
{"file_name": "U_50_0", "number_of_trucks": 2, "drone_capacity": 10, "number_of_drones": 2, "iteration": 2, "best_fitness": 513.08, "runtime": 100.46327471733093, "best_solution": [[[[0, [47, 29, 12, 49, 32, 40, 4, 15, 13, 45, 18, 30, 7, 46, 39, 44, 16, 27, 17, 38, 19, 50, 48, 14, 25, 23]], [47, []], [29, []], [12, []], [49, []], [32, []], [40, []], [4, []], [15, []], [13, []], [45, []], [18, []], [30, []], [7, []], [46, []], [39, []], [44, []], [16, []], [27, []], [17, []], [38, []], [19, []], [50, []], [48, []], [14, []], [25, []], [23, []]], [[0, [5, 24, 26, 33, 31, 34, 20, 21, 3, 37, 28, 42, 9, 2, 22, 35, 1, 11, 6, 10, 41, 43, 36, 8]], [5, []], [24, []], [26, []], [33, []], [31, []], [34, []], [20, []], [21, []], [3, []], [37, []], [28, []], [42, []], [9, []], [2, []], [22, []], [35, []], [1, []], [11, []], [6, []], [10, []], [41, []], [43, []], [36, []], [8, []]]], []]}
{"file_name": "U_50_0", "number_of_trucks": 2, "drone_capacity": 10, "number_of_drones": 2, "iteration": 3, "best_fitness": 386.4886820280078, "runtime": 135.1433665752411, "best_solution": [[[[0, []], [20, [20, 5]], [5, []], [26, [26, 7, 32]], [7, []], [32, []], [42, [42, 28, 24, 48, 14, 25, 4, 47, 9, 22]], [28, []], [24, []], [48, []], [14, []], [25, []], [4, []], [47, []], [9, []], [22, []], [29, [29, 12, 1, 35, 11, 13, 45, 23, 37, 3]], [12, []], [1, []], [35, []], [11, []], [13, []], [45, []], [23, []], [37, []], [3, []]], [[0, []], [15, [15]], [34, [34, 31, 33, 40]], [31, []], [33, []], [40, []], [49, [49, 2, 46]], [2, []], [46, []], [18, [18, 30, 44, 16, 39, 6, 10]], [30, []], [44, []], [16, []], [39, []], [6, []], [10, []], [41, [41, 17, 38, 27, 19, 50, 43, 36, 21, 8]], [17, []], [38, []], [27, []], [19, []], [50, []], [43, []], [36, []], [21, []], [8, []]]], [[[20, [20, 5]]], [[15, [15]]], [[34, [34, 31, 33, 40]]], [[26, [26, 7, 32]]], [[49, [49, 2, 46]]], [[42, [42, 28, 24, 48, 14, 25, 4, 47, 9, 22]]], [[18, [18, 30, 44, 16, 39, 6, 10]]], [[29, [29, 12, 1, 35, 11, 13, 45, 23, 37, 3]]], [[41, [41, 17, 38, 27, 19, 50, 43, 36, 21, 8]]]]]}
{"file_name": "U_50_0", "number_of_trucks": 2, "drone_capacity": 10, "number_of_drones": 2, "iteration": 4, "best_fitness": 497.47999999999985, "runtime": 107.72877144813538, "best_solution": [[[[0, [34, 20, 22, 35, 12, 46, 18, 44, 30, 7]], [34, [45, 42, 4, 15]], [20, []], [22, []], [35, []], [12, []], [46, []], [18, []], [44, []], [30, []], [7, []], [45, []], [42, []], [4, []], [15, []], [23, [23, 5, 50, 19, 27, 38, 17, 43, 36, 8]], [5, []], [50, []], [19, []], [27, []], [38, []], [17, []], [43, []], [36, []], [8, []]], [[0, [37, 26, 33, 31, 28, 47, 40, 49, 2, 1, 29, 9, 32, 13, 11, 41, 10, 6, 39, 16, 24, 48, 14, 25, 21, 3]], [37, []], [26, []], [33, []], [31, []], [28, []], [47, []], [40, []], [49, []], [2, []], [1, []], [29, []], [9, []], [32, []], [13, []], [11, []], [41, []], [10, []], [6, []], [39, []], [16, []], [24, []], [48, []], [14, []], [25, []], [21, []], [3, []]]], [[[34, [45, 42, 4, 15]]], [[23, [23, 5, 50, 19, 27, 38, 17, 43, 36, 8]]]]]}
{"file_name": "U_50_0", "number_of_trucks": 2, "drone_capacity": 10, "number_of_drones": 2, "iteration": 5, "best_fitness": 387.96, "runtime": 121.90949392318726, "best_solution": [[[[0, [47]], [47, []], [33, [33, 46, 12, 35, 1, 2, 29, 22, 49, 40]], [46, []], [12, []], [35, []], [1, []], [2, []], [29, []], [22, []], [49, []], [40, []], [9, [9, 42, 45, 32, 11, 13, 4, 15, 23, 3]], [42, []], [45, []], [32, []], [11, []], [13, []], [4, []], [15, []], [23, []], [3, []]], [[0, [37, 21]], [37, []], [21, []], [20, [20, 5, 34, 31]], [5, []], [34, []], [31, []], [28, [28, 24, 48]], [24, []], [48, []], [14, [14, 25, 26, 44, 18, 30, 7, 39, 10, 41]], [25, []], [26, []], [44, []], [18, []], [30, []], [7, []], [39, []], [10, []], [41, []], [6, [6, 16, 17, 38, 27, 19, 50, 36, 43, 8]], [16, []], [17, []], [38, []], [27, []], [19, []], [50, []], [36, []], [43, []], [8, []]]], [[[33, [33, 46, 12, 35, 1, 2, 29, 22, 49, 40]]], [[20, [20, 5, 34, 31]]], [[28, [28, 24, 48]]], [[14, [14, 25, 26, 44, 18, 30, 7, 39, 10, 41]]], [[9, [9, 42, 45, 32, 11, 13, 4, 15, 23, 3]]], [[6, [6, 16, 17, 38, 27, 19, 50, 36, 43, 8]]]]]}
