{"file_name": "U_50_1", "number_of_trucks": 2, "drone_capacity": 10, "number_of_drones": 2, "iteration": 1, "best_fitness": 522.4783288905808, "runtime": 3605.5466208457947, "best_solution": [[[[0, [40, 43, 34]], [43, []], [34, []], [40, [27, 41, 6, 30, 19, 11]], [41, []], [6, []], [27, []], [30, []], [19, [13, 5, 18, 48, 12, 29, 38, 35]], [29, []], [38, []], [18, []], [48, []], [33, [33, 45, 39, 2, 22, 20, 16, 9, 32]], [45, []], [39, []], [2, []], [13, []], [22, []], [5, []], [11, []], [20, []], [9, []], [16, []], [32, []], [1, [1]], [12, []], [35, []]], [[0, [44, 4, 3, 21]], [21, []], [26, [46, 26, 10]], [44, []], [10, []], [46, []], [14, [14, 47, 7, 25, 28, 31, 49]], [3, []], [47, []], [7, []], [25, []], [17, [17, 50, 37, 36, 15, 24, 42, 23, 8]], [50, []], [23, []], [28, []], [37, []], [31, []], [49, []], [15, []], [24, []], [36, []], [4, []], [42, []], [8, []]]], [[[26, [46, 26, 10]]], [[40, [27, 41, 6, 30, 19, 11]]], [[14, [14, 47, 7, 25, 28, 31, 49]]], [[19, [13, 5, 18, 48, 12, 29, 38, 35]]], [[17, [17, 50, 37, 36, 15, 24, 42, 23, 8]]], [[33, [33, 45, 39, 2, 22, 20, 16, 9, 32]]], [[1, [1]]]]]}
{"file_name": "U_50_1", "number_of_trucks": 2, "drone_capacity": 10, "number_of_drones": 2, "iteration": 2, "best_fitness": 561.5600000000001, "runtime": 129.3562526702881, "best_solution": [[[[0, [4, 47, 41, 6, 27, 46]], [4, []], [47, []], [41, []], [6, []], [27, []], [46, []], [40, [40, 5, 38, 48, 18, 29, 37, 31, 19, 2]], [5, []], [38, []], [48, []], [18, []], [29, []], [37, []], [31, []], [19, []], [2, []], [13, [13, 39, 45, 33, 36, 22, 15, 24, 7, 23]], [39, []], [45, []], [33, []], [36, []], [22, []], [15, []], [24, []], [7, []], [23, []]], [[0, [21]], [21, []], [3, [3, 26, 10, 44]], [26, []], [10, []], [44, []], [12, [12, 35, 28, 14, 49, 30, 43, 34]], [35, []], [28, [20]], [14, []], [49, []], [30, []], [43, []], [34, []], [20, []], [11, [11, 32, 9, 16, 25, 50, 17, 8, 1, 42]], [32, []], [9, []], [16, []], [25, []], [50, []], [17, []], [8, []], [1, []], [42, []]]], [[[40, [40, 5, 38, 48, 18, 29, 37, 31, 19, 2]]], [[3, [3, 26, 10, 44]]], [[12, [12, 35, 28, 14, 49, 30, 43, 34]]], [[28, [20]]], [[11, [11, 32, 9, 16, 25, 50, 17, 8, 1, 42]]], [[13, [13, 39, 45, 33, 36, 22, 15, 24, 7, 23]]]]]}
{"file_name": "U_50_1", "number_of_trucks": 2, "drone_capacity": 10, "number_of_drones": 2, "iteration": 3, "best_fitness": 539.7349692202204, "runtime": 130.4074683189392, "best_solution": [[[[0, [44]], [44, []], [7, [7, 34, 46, 30, 14, 49, 31]], [34, []], [46, []], [30, [37, 13, 2]], [14, []], [49, []], [31, []], [37, []], [13, []], [2, []], [45, [45, 24, 15, 41, 6, 27, 17, 50, 3, 47]], [24, []], [15, []], [41, []], [6, []], [27, []], [17, []], [50, []], [3, []], [47, []]], [[0, [21]], [21, []], [19, [19, 43]], [43, []], [26, [26, 40, 38, 48, 18, 10]], [40, []], [38, []], [48, []], [18, []], [10, []], [28, [28, 11, 4, 32, 12, 9, 16, 25, 23, 20]], [11, []], [4, []], [32, []], [12, []], [9, []], [16, []], [25, []], [23, []], [20, []], [5, [5, 29, 36, 22, 33, 39, 8, 1, 42, 35]], [29, []], [36, []], [22, []], [33, []], [39, []], [8, []], [1, []], [42, []], [35, []]]], [[[19, [19, 43]]], [[26, [26, 40, 38, 48, 18, 10]]], [[28, [28, 11, 4, 32, 12, 9, 16, 25, 23, 20]]], [[7, [7, 34, 46, 30, 14, 49, 31]]], [[30, [37, 13, 2]]], [[5, [5, 29, 36, 22, 33, 39, 8, 1, 42, 35]]], [[45, [45, 24, 15, 41, 6, 27, 17, 50, 3, 47]]]]]}
{"file_name": "U_50_1", "number_of_trucks": 2, "drone_capacity": 10, "number_of_drones": 2, "iteration": 4, "best_fitness": 550.3600666665845, "runtime": 128.04951858520508, "best_solution": [[[[0, [44, 27, 6, 34]], [44, []], [27, []], [6, []], [34, []], [46, [46, 5, 29, 10, 18, 48, 2, 13, 38, 37]], [5, []], [29, []], [10, []], [18, []], [48, []], [2, []], [13, []], [38, []], [37, []], [31, [31, 43, 30, 49, 15, 24, 23, 17, 50, 9]], [43, []], [30, []], [49, []], [15, []], [24, []], [23, []], [17, []], [50, []], [9, []]], [[0, []], [19, [19, 21, 40]], [21, []], [40, []], [41, [41, 4, 35]], [4, []], [35, []], [47, [47, 3, 25, 7, 14, 11, 8, 26, 32, 16]], [3, []], [25, []], [7, []], [14, []], [11, []], [8, []], [26, []], [32, []], [16, []], [28, [28, 39, 45, 33, 22, 36, 20, 42, 1, 12]], [39, []], [45, []], [33, []], [22, []], [36, []], [20, []], [42, []], [1, []], [12, []]]], [[[19, [19, 21, 40]]], [[41, [41, 4, 35]]], [[47, [47, 3, 25, 7, 14, 11, 8, 26, 32, 16]]], [[46, [46, 5, 29, 10, 18, 48, 2, 13, 38, 37]]], [[28, [28, 39, 45, 33, 22, 36, 20, 42, 1, 12]]], [[31, [31, 43, 30, 49, 15, 24, 23, 17, 50, 9]]]]]}
{"file_name": "U_50_1", "number_of_trucks": 2, "drone_capacity": 10, "number_of_drones": 2, "iteration": 5, "best_fitness": 521.76, "runtime": 136.67095112800598, "best_solution": [[[[0, [11, 4, 47, 21, 44]], [11, []], [4, []], [47, []], [21, []], [26, [26]], [44, []], [12, [12, 5, 40, 10, 48, 18, 38, 2]], [5, []], [40, []], [10, []], [48, []], [18, []], [38, []], [2, []], [13, [13, 29, 49, 15, 24, 17, 50, 32, 42, 35]], [29, []], [49, []], [15, []], [24, []], [17, []], [50, []], [32, []], [42, []], [35, []]], [[0, [19, 43]], [19, []], [43, []], [3, [3]], [6, [6, 7, 46, 41, 27]], [7, []], [46, []], [41, []], [27, []], [25, [25, 28, 14, 34, 30, 31, 37, 16]], [28, []], [14, []], [34, []], [30, []], [31, []], [37, []], [16, []], [9, [9, 23, 20, 36, 22, 33, 45, 39, 8, 1]], [23, []], [20, []], [36, []], [22, []], [33, []], [45, []], [39, []], [8, []], [1, []]]], [[[3, [3]]], [[6, [6, 7, 46, 41, 27]]], [[26, [26]]], [[12, [12, 5, 40, 10, 48, 18, 38, 2]]], [[25, [25, 28, 14, 34, 30, 31, 37, 16]]], [[9, [9, 23, 20, 36, 22, 33, 45, 39, 8, 1]]], [[13, [13, 29, 49, 15, 24, 17, 50, 32, 42, 35]]]]]}
