{"file_name": "U_50_0", "number_of_trucks": 2, "drone_capacity": 10, "number_of_drones": 2, "iteration": 1, "best_fitness": 408.7283237032802, "runtime": 3637.000932455063, "best_solution": [[[[0, [15]], [15, []], [11, [34, 11, 35, 26, 31, 32, 24, 14]], [35, []], [26, []], [6, [6, 41, 25, 22, 7, 4, 21, 47, 45]], [41, []], [25, []], [1, [1, 28, 43, 39, 8, 44, 9, 20]], [28, []], [43, []], [22, []], [7, []], [4, []], [31, []], [32, []], [39, []], [21, []], [47, []], [20, []], [24, []], [8, []], [45, []], [44, []], [9, []], [14, []], [34, []]], [[0, [5, 16, 3]], [5, [19, 18, 23]], [16, []], [3, []], [18, []], [23, []], [29, [29, 17, 42, 46, 33, 10, 27, 30, 37]], [17, []], [40, [40, 38, 13, 50, 48, 36, 12, 2, 49]], [38, []], [27, []], [37, []], [19, []], [42, []], [46, []], [33, []], [10, []], [13, []], [50, []], [48, []], [36, []], [12, []], [30, []], [2, []], [49, []]]], [[[11, [34, 11, 35, 26, 31, 32, 24, 14]]], [[5, [19, 18, 23]]], [[6, [6, 41, 25, 22, 7, 4, 21, 47, 45]]], [[29, [29, 17, 42, 46, 33, 10, 27, 30, 37]]], [[1, [1, 28, 43, 39, 8, 44, 9, 20]]], [[40, [40, 38, 13, 50, 48, 36, 12, 2, 49]]]]]}
{"file_name": "U_50_0", "number_of_trucks": 2, "drone_capacity": 10, "number_of_drones": 2, "iteration": 2, "best_fitness": 526.8799999999999, "runtime": 100.27829957008362, "best_solution": [[[[0, [5, 37, 33, 12, 30, 48, 10, 19, 31, 44, 9, 25, 41, 29, 17, 26, 38, 2, 16, 36, 27, 40, 49]], [5, []], [37, []], [33, []], [12, []], [30, []], [48, []], [10, []], [19, []], [31, []], [44, []], [9, []], [25, []], [41, []], [29, []], [17, []], [26, []], [38, []], [2, []], [16, []], [36, []], [27, []], [40, []], [49, []]], [[0, [3, 18, 35, 23, 11, 34, 14, 15, 45, 24, 47, 42, 46, 50, 13, 21, 39, 20, 32, 8, 4, 7, 22, 43, 28, 1, 6]], [3, []], [18, []], [35, []], [23, []], [11, []], [34, []], [14, []], [15, []], [45, []], [24, []], [47, []], [42, []], [46, []], [50, []], [13, []], [21, []], [39, []], [20, []], [32, []], [8, []], [4, []], [7, []], [22, []], [43, []], [28, []], [1, []], [6, []]]], []]}
{"file_name": "U_50_0", "number_of_trucks": 2, "drone_capacity": 10, "number_of_drones": 2, "iteration": 3, "best_fitness": 435.1508753950735, "runtime": 122.96050333976746, "best_solution": [[[[0, []], [23, [18, 23, 35, 26]], [35, []], [26, []], [34, [34, 11, 14, 25]], [11, []], [14, []], [25, []], [15, [15, 41, 6, 43, 22]], [41, []], [6, []], [43, []], [22, []], [7, [7, 4, 31, 45, 8, 32, 24, 20, 47, 39]], [4, []], [31, []], [45, []], [8, []], [32, []], [24, []], [20, []], [47, []], [39, []], [21, [21, 42, 46, 27, 38, 40, 49, 17, 29]], [42, []], [46, []], [27, []], [38, []], [40, []], [49, []], [17, []], [29, []], [18, []]], [[0, [3, 16, 5, 19, 37, 33, 48, 12]], [3, []], [16, []], [5, []], [19, []], [37, []], [33, []], [48, []], [12, []], [30, [30, 2, 10, 50, 36, 13, 44, 9, 28, 1]], [2, []], [10, []], [50, []], [36, []], [13, []], [44, []], [9, []], [28, []], [1, []]]], [[[23, [18, 23, 35, 26]]], [[30, [30, 2, 10, 50, 36, 13, 44, 9, 28, 1]]], [[34, [34, 11, 14, 25]]], [[15, [15, 41, 6, 43, 22]]], [[7, [7, 4, 31, 45, 8, 32, 24, 20, 47, 39]]], [[21, [21, 42, 46, 27, 38, 40, 49, 17, 29]]]]]}
{"file_name": "U_50_0", "number_of_trucks": 2, "drone_capacity": 10, "number_of_drones": 2, "iteration": 4, "best_fitness": 522.8799999999999, "runtime": 100.0949182510376, "best_solution": [[[[0, [37, 48, 30, 23, 17, 49, 2, 12, 16, 10, 50, 13, 47, 39, 21, 42, 46, 33, 36, 27, 38, 40]], [37, []], [48, []], [30, []], [23, []], [17, []], [49, []], [2, []], [12, []], [16, []], [10, []], [50, []], [13, []], [47, []], [39, []], [21, []], [42, []], [46, []], [33, []], [36, []], [27, []], [38, []], [40, []]], [[0, [3, 5, 15, 14, 34, 11, 26, 35, 22, 7, 4, 31, 44, 45, 8, 32, 20, 24, 19, 43, 28, 1, 6, 25, 9, 41, 29, 18]], [3, []], [5, []], [15, []], [14, []], [34, []], [11, []], [26, []], [35, []], [22, []], [7, []], [4, []], [31, []], [44, []], [45, []], [8, []], [32, []], [20, []], [24, []], [19, []], [43, []], [28, []], [1, []], [6, []], [25, []], [9, []], [41, []], [29, []], [18, []]]], []]}
{"file_name": "U_50_0", "number_of_trucks": 2, "drone_capacity": 10, "number_of_drones": 2, "iteration": 5, "best_fitness": 564.0799999999999, "runtime": 100.17809224128723, "best_solution": [[[[0, [18, 35, 37, 31, 47, 32, 45, 44, 9, 27, 46, 42, 21, 39, 13, 50, 10, 36, 30, 2, 3]], [18, []], [35, []], [37, []], [31, []], [47, []], [32, []], [45, []], [44, []], [9, []], [27, []], [46, []], [42, []], [21, []], [39, []], [13, []], [50, []], [10, []], [36, []], [30, []], [2, []], [3, []]], [[0, [16, 33, 12, 48, 5, 41, 25, 15, 14, 34, 11, 29, 17, 23, 40, 49, 38, 26, 1, 6, 43, 28, 19, 24, 20, 8, 4, 7, 22]], [16, []], [33, []], [12, []], [48, []], [5, []], [41, []], [25, []], [15, []], [14, []], [34, []], [11, []], [29, []], [17, []], [23, []], [40, []], [49, []], [38, []], [26, []], [1, []], [6, []], [43, []], [28, []], [19, []], [24, []], [20, []], [8, []], [4, []], [7, []], [22, []]]], []]}
