{"file_name": "U_50_1", "number_of_trucks": 2, "drone_capacity": 10, "number_of_drones": 2, "iteration": 1, "best_fitness": 470.31378778468826, "runtime": 3639.676830768585, "best_solution": [[[[0, []], [7, [31, 7]], [38, [38, 5, 39, 12]], [39, []], [5, []], [9, [9, 24, 17, 33, 40, 37, 28]], [24, []], [17, []], [31, []], [33, []], [40, []], [37, []], [28, []], [12, []], [43, [3, 25, 27, 22, 47, 43, 11]], [3, []], [25, []], [27, []], [22, []], [47, []], [11, []], [44, [44, 23, 19]], [23, []], [19, []]], [[0, [15, 10, 48]], [16, [14, 16, 2, 6, 41]], [2, []], [6, []], [15, []], [10, []], [14, []], [4, [4, 1, 30, 46, 34, 8, 35, 32, 29]], [1, []], [30, []], [46, []], [34, []], [8, []], [35, []], [41, []], [36, [36, 45, 13, 21, 18, 20, 50, 49, 42, 26]], [45, []], [32, []], [29, []], [13, []], [21, []], [48, []], [18, []], [20, []], [50, []], [49, []], [42, []], [26, []]]], [[[7, [31, 7]]], [[16, [14, 16, 2, 6, 41]]], [[38, [38, 5, 39, 12]]], [[9, [9, 24, 17, 33, 40, 37, 28]]], [[4, [4, 1, 30, 46, 34, 8, 35, 32, 29]]], [[43, [3, 25, 27, 22, 47, 43, 11]]], [[36, [36, 45, 13, 21, 18, 20, 50, 49, 42, 26]]], [[44, [44, 23, 19]]]]]}
{"file_name": "U_50_1", "number_of_trucks": 2, "drone_capacity": 10, "number_of_drones": 2, "iteration": 2, "best_fitness": 507.68973567974155, "runtime": 126.24353957176208, "best_solution": [[[[0, [14, 31, 48]], [14, []], [31, []], [48, []], [16, [16, 46]], [46, []], [5, [5, 39, 11, 4, 41, 35, 32, 45]], [39, []], [11, []], [4, []], [41, []], [35, []], [32, []], [45, []], [29, [29, 13, 33, 34, 10, 27, 22, 47, 42, 49]], [13, []], [33, []], [34, []], [10, []], [27, []], [22, []], [47, []], [42, []], [49, []]], [[0, []], [7, [15, 7, 30, 36, 1, 24, 9, 8]], [30, []], [36, []], [1, []], [24, []], [9, []], [8, []], [38, [38, 40, 37, 28, 6, 12, 3, 43, 25]], [40, []], [37, []], [28, []], [6, []], [12, []], [3, []], [43, []], [25, []], [15, []], [2, [2, 20, 17, 18, 50, 21, 44, 23, 19, 26]], [20, []], [17, []], [18, []], [50, []], [21, []], [44, []], [23, []], [19, []], [26, []]]], [[[7, [15, 7, 30, 36, 1, 24, 9, 8]]], [[16, [16, 46]]], [[5, [5, 39, 11, 4, 41, 35, 32, 45]]], [[29, [29, 13, 33, 34, 10, 27, 22, 47, 42, 49]]], [[38, [38, 40, 37, 28, 6, 12, 3, 43, 25]]], [[2, [2, 20, 17, 18, 50, 21, 44, 23, 19, 26]]]]]}
{"file_name": "U_50_1", "number_of_trucks": 2, "drone_capacity": 10, "number_of_drones": 2, "iteration": 3, "best_fitness": 511.81441822261905, "runtime": 128.82098364830017, "best_solution": [[[[0, [46, 31, 36, 29]], [46, []], [31, []], [36, []], [29, []], [45, [45, 33, 8, 40, 37, 28, 6, 38]], [33, []], [8, [43, 12]], [40, []], [37, []], [28, []], [6, []], [38, []], [43, []], [12, []], [3, [3, 15, 25, 10, 27, 22, 47, 50, 49, 4]], [15, []], [25, []], [10, []], [27, []], [22, []], [47, []], [50, []], [49, []], [4, []]], [[0, []], [14, [14, 41, 7, 16, 2, 24]], [41, []], [7, []], [16, []], [2, []], [24, []], [1, [1, 5, 39, 42, 11, 30, 9, 35, 23, 32]], [5, []], [39, []], [42, []], [11, []], [30, []], [9, []], [35, []], [23, []], [32, []], [13, [13, 34, 20, 18, 17, 48, 21, 44, 19, 26]], [34, []], [20, []], [18, []], [17, []], [48, []], [21, []], [44, []], [19, []], [26, []]]], [[[45, [45, 33, 8, 40, 37, 28, 6, 38]]], [[14, [14, 41, 7, 16, 2, 24]]], [[8, [43, 12]]], [[1, [1, 5, 39, 42, 11, 30, 9, 35, 23, 32]]], [[13, [13, 34, 20, 18, 17, 48, 21, 44, 19, 26]]], [[3, [3, 15, 25, 10, 27, 22, 47, 50, 49, 4]]]]]}
{"file_name": "U_50_1", "number_of_trucks": 2, "drone_capacity": 10, "number_of_drones": 2, "iteration": 4, "best_fitness": 507.967831163947, "runtime": 131.34590816497803, "best_solution": [[[[0, [48]], [48, []], [41, [41, 36, 29, 45, 46, 30]], [36, []], [29, [8]], [45, []], [46, []], [30, []], [8, []], [39, [39, 5, 9, 24, 7, 1, 4, 27, 22, 11]], [5, []], [9, []], [24, []], [7, []], [1, []], [4, []], [27, []], [22, []], [11, []], [42, [42, 49, 47, 34, 17, 18, 31, 21, 50, 35]], [49, []], [47, []], [34, []], [17, []], [18, []], [31, []], [21, []], [50, []], [35, []]], [[0, [14, 10]], [14, []], [10, []], [2, [2, 38]], [38, []], [15, [15, 12, 6, 40, 28, 37, 3, 43]], [12, []], [6, []], [40, []], [28, []], [37, []], [3, []], [43, []], [25, [25, 16, 20, 33, 13, 32, 44, 23, 19, 26]], [16, []], [20, []], [33, []], [13, []], [32, []], [44, []], [23, []], [19, []], [26, []]]], [[[41, [41, 36, 29, 45, 46, 30]]], [[2, [2, 38]]], [[29, [8]]], [[39, [39, 5, 9, 24, 7, 1, 4, 27, 22, 11]]], [[15, [15, 12, 6, 40, 28, 37, 3, 43]]], [[42, [42, 49, 47, 34, 17, 18, 31, 21, 50, 35]]], [[25, [25, 16, 20, 33, 13, 32, 44, 23, 19, 26]]]]]}
{"file_name": "U_50_1", "number_of_trucks": 2, "drone_capacity": 10, "number_of_drones": 2, "iteration": 5, "best_fitness": 486.39530278708884, "runtime": 132.2861886024475, "best_solution": [[[[0, [14]], [14, []], [45, [45]], [41, [41, 36, 7, 9, 38]], [36, []], [7, []], [9, []], [38, []], [6, [6, 2, 46, 17, 33, 29, 32]], [2, []], [46, []], [17, [13, 21, 34]], [33, []], [29, []], [32, []], [13, []], [21, []], [34, []], [8, [8, 47, 22, 27, 10, 11, 42, 49, 4, 26]], [47, []], [22, []], [27, []], [10, []], [11, []], [42, []], [49, []], [4, []], [26, []]], [[0, [48, 31, 16]], [48, []], [31, []], [16, []], [24, [24, 30, 5]], [30, []], [5, []], [39, [39, 15, 12, 28, 37, 40, 43]], [15, []], [12, []], [28, []], [37, []], [40, []], [43, []], [3, [3, 25, 20, 18, 50, 35, 23, 44, 19, 1]], [25, []], [20, []], [18, []], [50, []], [35, []], [23, []], [44, []], [19, []], [1, []]]], [[[45, [45]]], [[41, [41, 36, 7, 9, 38]]], [[6, [6, 2, 46, 17, 33, 29, 32]]], [[24, [24, 30, 5]]], [[39, [39, 15, 12, 28, 37, 40, 43]]], [[17, [13, 21, 34]]], [[8, [8, 47, 22, 27, 10, 11, 42, 49, 4, 26]]], [[3, [3, 25, 20, 18, 50, 35, 23, 44, 19, 1]]]]]}
