{"file_name": "U_50_1", "number_of_trucks": 2, "drone_capacity": 10, "number_of_drones": 2, "iteration": 1, "best_fitness": 484.7385293724992, "runtime": 3491.0961287021637, "best_solution": [[[[0, [35, 22]], [35, []], [22, []], [7, [7, 17, 27, 38]], [17, []], [27, []], [38, []], [26, [26, 45, 31]], [45, []], [31, []], [25, [25, 24, 16, 39, 19, 50]], [24, []], [16, []], [39, []], [6, [6, 12, 11, 41, 10, 14]], [12, []], [11, []], [41, []], [10, []], [19, []], [50, []], [14, []]], [[0, [44, 48]], [48, []], [44, []], [4, [4, 37, 46, 30]], [37, []], [46, []], [30, []], [18, [18, 33, 28, 47]], [33, []], [28, []], [47, []], [40, [40, 1, 29, 2, 32, 9, 13, 36, 49, 5]], [9, []], [1, []], [29, []], [2, []], [13, []], [32, []], [42, [42, 15, 23, 21, 3, 20, 43, 34, 8]], [49, []], [15, []], [23, []], [21, []], [3, []], [36, []], [43, []], [5, []], [20, []], [34, []], [8, []]]], [[[4, [4, 37, 46, 30]]], [[18, [18, 33, 28, 47]]], [[7, [7, 17, 27, 38]]], [[26, [26, 45, 31]]], [[40, [40, 1, 29, 2, 32, 9, 13, 36, 49, 5]]], [[25, [25, 24, 16, 39, 19, 50]]], [[42, [42, 15, 23, 21, 3, 20, 43, 34, 8]]], [[6, [6, 12, 11, 41, 10, 14]]]]]}
{"file_name": "U_50_1", "number_of_trucks": 2, "drone_capacity": 10, "number_of_drones": 2, "iteration": 2, "best_fitness": 611.1734223856906, "runtime": 116.78175067901611, "best_solution": [[[[0, [4, 22, 35, 33]], [4, []], [22, []], [35, []], [33, []], [27, [27, 18, 16, 30, 26, 50, 5, 36, 21, 34]], [18, []], [16, []], [30, []], [26, []], [50, []], [5, []], [36, []], [21, []], [34, []], [24, [24, 44, 39, 6, 12, 11, 41, 10, 19, 20]], [44, []], [39, []], [6, []], [12, []], [11, []], [41, []], [10, []], [19, []], [20, []]], [[0, [37, 46, 7, 38, 17, 28, 31, 48, 8, 47, 40]], [37, []], [46, []], [7, []], [38, [49, 9, 1, 29, 2]], [17, []], [28, []], [31, []], [48, []], [8, []], [47, []], [40, []], [49, []], [9, []], [1, []], [29, []], [2, []], [13, [13, 32, 45, 15, 42, 3, 25, 14, 23, 43]], [32, []], [45, []], [15, []], [42, []], [3, []], [25, []], [14, []], [23, []], [43, []]]], [[[38, [49, 9, 1, 29, 2]]], [[27, [27, 18, 16, 30, 26, 50, 5, 36, 21, 34]]], [[13, [13, 32, 45, 15, 42, 3, 25, 14, 23, 43]]], [[24, [24, 44, 39, 6, 12, 11, 41, 10, 19, 20]]]]]}
{"file_name": "U_50_1", "number_of_trucks": 2, "drone_capacity": 10, "number_of_drones": 2, "iteration": 3, "best_fitness": 514.8946688916249, "runtime": 134.02358102798462, "best_solution": [[[[0, [35]], [35, []], [47, [47, 40, 33, 32, 31, 48]], [40, []], [33, [50, 5, 38, 17]], [32, []], [31, []], [48, []], [50, []], [5, []], [38, []], [17, []], [19, [19, 6, 11, 10, 41, 43, 36, 20, 34, 21]], [6, []], [11, []], [10, []], [41, []], [43, []], [36, []], [20, []], [34, []], [21, []]], [[0, []], [4, [4]], [46, [46, 44, 7]], [44, []], [7, []], [8, [8, 37, 28, 26, 30]], [37, []], [28, []], [26, []], [30, []], [16, [16, 24, 27, 39, 18, 45, 9, 29, 22, 49]], [24, []], [27, []], [39, []], [18, []], [45, []], [9, []], [29, []], [22, []], [49, []], [2, [2, 1, 12, 13, 42, 14, 25, 23, 15, 3]], [1, []], [12, []], [13, []], [42, []], [14, []], [25, []], [23, []], [15, []], [3, []]]], [[[4, [4]]], [[47, [47, 40, 33, 32, 31, 48]]], [[46, [46, 44, 7]]], [[8, [8, 37, 28, 26, 30]]], [[33, [50, 5, 38, 17]]], [[16, [16, 24, 27, 39, 18, 45, 9, 29, 22, 49]]], [[19, [19, 6, 11, 10, 41, 43, 36, 20, 34, 21]]], [[2, [2, 1, 12, 13, 42, 14, 25, 23, 15, 3]]]]]}
{"file_name": "U_50_1", "number_of_trucks": 2, "drone_capacity": 10, "number_of_drones": 2, "iteration": 4, "best_fitness": 773.3999999999999, "runtime": 101.72888374328613, "best_solution": [[[[0, [35, 34, 8, 31, 45, 19, 36, 50, 5, 27, 16, 39, 42, 11, 12, 41, 10, 6, 7]], [35, []], [34, []], [8, []], [31, []], [45, []], [19, []], [36, []], [50, []], [5, []], [27, []], [16, []], [39, []], [42, []], [11, []], [12, []], [41, []], [10, []], [6, []], [7, []]], [[0, [4, 17, 38, 44, 46, 33, 28, 40, 47, 22, 32, 1, 29, 2, 49, 9, 13, 18, 30, 48, 20, 25, 14, 24, 26, 23, 3, 37, 15, 21, 43]], [4, []], [17, []], [38, []], [44, []], [46, []], [33, []], [28, []], [40, []], [47, []], [22, []], [32, []], [1, []], [29, []], [2, []], [49, []], [9, []], [13, []], [18, []], [30, []], [48, []], [20, []], [25, []], [14, []], [24, []], [26, []], [23, []], [3, []], [37, []], [15, []], [21, []], [43, []]]], []]}
{"file_name": "U_50_1", "number_of_trucks": 2, "drone_capacity": 10, "number_of_drones": 2, "iteration": 5, "best_fitness": 570.2001806415559, "runtime": 119.93766641616821, "best_solution": [[[[0, [37, 30, 7, 33, 48]], [37, []], [30, [8]], [7, []], [33, []], [48, []], [8, []], [31, [31, 45, 26, 5, 36, 17, 27, 19, 50, 24]], [45, []], [26, []], [5, []], [36, []], [17, []], [27, []], [19, []], [50, []], [24, []], [16, [16, 44, 39, 6, 10, 41, 11, 12, 42, 3]], [44, []], [39, []], [6, []], [10, []], [41, []], [11, []], [12, []], [42, []], [3, []]], [[0, []], [4, [4, 22, 46, 38]], [22, []], [46, []], [38, []], [18, [18, 28, 47, 40, 32, 49, 1, 35, 29, 2]], [28, []], [47, []], [40, []], [32, []], [49, []], [1, []], [35, []], [29, []], [2, []], [9, [9, 13, 25, 34, 21, 15, 20, 14, 23, 43]], [13, []], [25, []], [34, []], [21, []], [15, []], [20, []], [14, []], [23, []], [43, []]]], [[[4, [4, 22, 46, 38]]], [[30, [8]]], [[31, [31, 45, 26, 5, 36, 17, 27, 19, 50, 24]]], [[18, [18, 28, 47, 40, 32, 49, 1, 35, 29, 2]]], [[9, [9, 13, 25, 34, 21, 15, 20, 14, 23, 43]]], [[16, [16, 44, 39, 6, 10, 41, 11, 12, 42, 3]]]]]}
