{"file_name": "U_50_0", "number_of_trucks": 2, "drone_capacity": 10, "number_of_drones": 2, "iteration": 1, "best_fitness": 401.7131420306887, "runtime": 3866.8727428913116, "best_solution": [[[[0, [2]], [9, [9, 45, 21, 7, 13]], [45, []], [47, [47, 30, 14, 36, 39]], [30, []], [14, []], [21, []], [6, [6, 10, 26, 20, 35, 24]], [10, []], [26, []], [13, []], [38, [38, 23, 28, 4, 41, 8, 12, 49]], [36, []], [23, []], [39, []], [20, []], [28, []], [7, []], [4, []], [35, []], [41, []], [24, []], [2, []], [8, []], [12, []], [49, []]], [[0, [29, 19]], [29, []], [19, []], [33, [5, 46, 22, 40, 17, 25, 48, 33, 15]], [5, []], [46, []], [22, []], [11, [11, 18, 27, 16, 43, 1, 31, 44, 32, 37]], [40, []], [17, []], [27, []], [16, []], [43, []], [15, []], [1, []], [31, []], [44, []], [32, []], [37, []], [18, []], [25, []], [34, [34, 50, 42, 3]], [50, []], [42, []], [48, []], [3, []]]], [[[9, [9, 45, 21, 7, 13]]], [[47, [47, 30, 14, 36, 39]]], [[33, [5, 46, 22, 40, 17, 25, 48, 33, 15]]], [[11, [11, 18, 27, 16, 43, 1, 31, 44, 32, 37]]], [[6, [6, 10, 26, 20, 35, 24]]], [[38, [38, 23, 28, 4, 41, 8, 12, 49]]], [[34, [34, 50, 42, 3]]]]]}
{"file_name": "U_50_0", "number_of_trucks": 2, "drone_capacity": 10, "number_of_drones": 2, "iteration": 2, "best_fitness": 519.9199999999998, "runtime": 104.80715012550354, "best_solution": [[[[0, [35, 15, 37, 44, 25, 50, 48, 9, 8, 2, 24, 19, 31, 1, 41, 45, 29, 47, 22, 46, 11, 40, 38, 26, 6, 10, 21, 12]], [35, []], [15, []], [37, []], [44, []], [25, []], [50, []], [48, []], [9, []], [8, []], [2, []], [24, []], [19, []], [31, []], [1, []], [41, []], [45, []], [29, []], [47, []], [22, []], [46, []], [11, []], [40, []], [38, []], [26, []], [6, []], [10, []], [21, []], [12, []]], [[0, [14, 30, 13, 17, 36, 28, 7, 43, 16, 39, 27, 20, 23, 4, 32, 18, 34, 42, 33, 5, 3, 49]], [14, []], [30, []], [13, []], [17, []], [36, []], [28, []], [7, []], [43, []], [16, []], [39, []], [27, []], [20, []], [23, []], [4, []], [32, []], [18, []], [34, []], [42, []], [33, []], [5, []], [3, []], [49, []]]], []]}
{"file_name": "U_50_0", "number_of_trucks": 2, "drone_capacity": 10, "number_of_drones": 2, "iteration": 3, "best_fitness": 514.5200000000001, "runtime": 112.39956617355347, "best_solution": [[[[0, [21, 30, 40, 29, 22, 47, 46, 17, 36, 39, 20, 16, 43, 27]], [21, [23, 13, 38, 11]], [30, []], [40, []], [29, []], [22, []], [47, []], [46, []], [17, []], [36, []], [39, []], [20, []], [16, []], [43, []], [27, []], [23, []], [13, []], [38, []], [11, []], [28, [28, 7, 4, 35, 1, 41, 45, 8, 9, 49]], [7, []], [4, []], [35, []], [1, []], [41, []], [45, []], [8, []], [9, []], [49, []]], [[0, [2, 42, 19, 15, 44, 37, 25, 24, 31, 32, 18, 34, 50, 33, 48, 3, 5, 6, 10, 26, 14, 12]], [2, []], [42, []], [19, []], [15, []], [44, []], [37, []], [25, []], [24, []], [31, []], [32, []], [18, []], [34, []], [50, []], [33, []], [48, []], [3, []], [5, []], [6, []], [10, []], [26, []], [14, []], [12, []]]], [[[21, [23, 13, 38, 11]]], [[28, [28, 7, 4, 35, 1, 41, 45, 8, 9, 49]]]]]}
{"file_name": "U_50_0", "number_of_trucks": 2, "drone_capacity": 10, "number_of_drones": 2, "iteration": 4, "best_fitness": 428.9513383737694, "runtime": 127.01591873168945, "best_solution": [[[[0, [19]], [19, []], [45, [45, 29, 22, 46]], [29, [47]], [22, []], [46, []], [47, []], [13, [13, 17, 36, 20, 39, 43, 16, 27, 7, 35]], [17, []], [36, []], [20, []], [39, []], [43, []], [16, []], [27, []], [7, []], [35, []], [41, [41, 18, 44, 32, 37, 15, 4, 28, 11, 12]], [18, []], [44, []], [32, []], [37, []], [15, []], [4, []], [28, []], [11, []], [12, []]], [[0, [21, 30, 14, 2]], [21, []], [30, []], [14, []], [2, []], [9, [9, 5, 48, 25, 24, 31, 1, 23, 40, 38]], [5, []], [48, []], [25, []], [24, []], [31, []], [1, []], [23, []], [40, []], [38, []], [26, [26, 10, 6, 8, 34, 50, 42, 33, 3, 49]], [10, []], [6, []], [8, []], [34, []], [50, []], [42, []], [33, []], [3, []], [49, []]]], [[[45, [45, 29, 22, 46]]], [[29, [47]]], [[13, [13, 17, 36, 20, 39, 43, 16, 27, 7, 35]]], [[9, [9, 5, 48, 25, 24, 31, 1, 23, 40, 38]]], [[26, [26, 10, 6, 8, 34, 50, 42, 33, 3, 49]]], [[41, [41, 18, 44, 32, 37, 15, 4, 28, 11, 12]]]]]}
{"file_name": "U_50_0", "number_of_trucks": 2, "drone_capacity": 10, "number_of_drones": 2, "iteration": 5, "best_fitness": 525.24, "runtime": 103.37449812889099, "best_solution": [[[[0, [35, 15, 37, 44, 25, 19, 2, 9, 26, 6, 10, 38, 23, 20, 39, 43, 16, 27, 7, 4, 28, 11, 46, 12]], [35, []], [15, []], [37, []], [44, []], [25, []], [19, []], [2, []], [9, []], [26, []], [6, []], [10, []], [38, []], [23, []], [20, []], [39, []], [43, []], [16, []], [27, []], [7, []], [4, []], [28, []], [11, []], [46, []], [12, []]], [[0, [21, 14, 30, 22, 13, 36, 17, 40, 24, 48, 5, 33, 42, 50, 34, 18, 32, 31, 1, 41, 45, 29, 47, 8, 3, 49]], [21, []], [14, []], [30, []], [22, []], [13, []], [36, []], [17, []], [40, []], [24, []], [48, []], [5, []], [33, []], [42, []], [50, []], [34, []], [18, []], [32, []], [31, []], [1, []], [41, []], [45, []], [29, []], [47, []], [8, []], [3, []], [49, []]]], []]}
