{"file_name": "U_50_1", "number_of_trucks": 2, "drone_capacity": 10, "number_of_drones": 2, "iteration": 1, "best_fitness": 506.6827158726237, "runtime": 3951.7815022468567, "best_solution": [[[[0, [29, 25, 22]], [22, []], [38, [38, 44, 43, 1, 48, 35]], [44, []], [43, []], [1, []], [48, []], [35, []], [29, []], [25, []], [23, [23, 17, 32]], [32, []], [17, [21, 10, 31, 39, 37, 46, 41]], [21, []], [10, []], [31, []], [39, []], [37, []], [46, []], [40, [40, 50, 9, 34, 27, 47, 2]], [50, []], [9, []], [34, []], [11, [11, 5, 28]], [5, []], [27, []], [47, []], [41, []], [2, []], [28, []]], [[0, [33]], [12, [12, 26, 14, 3]], [26, []], [14, []], [49, [49, 13, 30, 16, 8, 36]], [13, []], [30, []], [16, []], [7, [7, 4, 45, 19, 6, 42]], [4, []], [18, [18, 15, 24, 20]], [24, []], [8, []], [36, []], [3, []], [45, []], [19, []], [6, []], [33, []], [42, []], [15, []], [20, []]]], [[[38, [38, 44, 43, 1, 48, 35]]], [[12, [12, 26, 14, 3]]], [[23, [23, 17, 32]]], [[49, [49, 13, 30, 16, 8, 36]]], [[17, [21, 10, 31, 39, 37, 46, 41]]], [[7, [7, 4, 45, 19, 6, 42]]], [[18, [18, 15, 24, 20]]], [[40, [40, 50, 9, 34, 27, 47, 2]]], [[11, [11, 5, 28]]]]]}
{"file_name": "U_50_1", "number_of_trucks": 2, "drone_capacity": 10, "number_of_drones": 2, "iteration": 2, "best_fitness": 521.3471351638279, "runtime": 134.91398429870605, "best_solution": [[[[0, [32]], [32, []], [43, [43]], [12, [12, 16, 46]], [16, []], [46, []], [37, [37, 31, 39, 23, 36, 8, 34, 26, 45, 10]], [31, []], [39, []], [23, []], [36, []], [8, []], [34, []], [26, []], [45, []], [10, []], [7, [7, 49, 20, 42, 21, 4, 17, 18, 24, 15]], [49, []], [20, []], [42, []], [21, []], [4, []], [17, []], [18, []], [24, []], [15, []]], [[0, [29, 1, 3, 14]], [25, [25, 44, 22]], [29, []], [1, []], [3, []], [14, []], [44, []], [22, []], [48, [48, 35, 47, 30, 38, 33, 13, 41]], [35, []], [47, []], [30, []], [38, []], [33, []], [13, []], [41, []], [2, [2, 28, 6, 19, 27, 5, 11, 40, 50, 9]], [28, []], [6, []], [19, []], [27, []], [5, []], [11, []], [40, []], [50, []], [9, []]]], [[[43, [43]]], [[25, [25, 44, 22]]], [[12, [12, 16, 46]]], [[37, [37, 31, 39, 23, 36, 8, 34, 26, 45, 10]]], [[48, [48, 35, 47, 30, 38, 33, 13, 41]]], [[2, [2, 28, 6, 19, 27, 5, 11, 40, 50, 9]]], [[7, [7, 49, 20, 42, 21, 4, 17, 18, 24, 15]]]]]}
{"file_name": "U_50_1", "number_of_trucks": 2, "drone_capacity": 10, "number_of_drones": 2, "iteration": 3, "best_fitness": 534.5439674975029, "runtime": 151.214209318161, "best_solution": [[[[0, [3]], [3, []], [32, [32]], [37, [37]], [31, [31, 39, 30, 33, 36, 46, 25, 34]], [39, []], [30, []], [33, []], [36, []], [46, []], [25, []], [34, []], [47, [47, 14, 27, 11, 5, 9, 40, 50, 23, 15]], [14, []], [27, []], [11, []], [5, []], [9, []], [40, []], [50, []], [23, []], [15, []]], [[0, []], [1, [1]], [22, [22, 26, 8, 48, 35, 29]], [26, []], [8, []], [48, []], [35, []], [29, []], [16, [16, 13, 44]], [13, []], [38, [38, 2, 12, 17, 10, 7, 43, 19, 45]], [2, []], [12, []], [17, []], [10, []], [7, []], [43, []], [19, []], [45, []], [44, []], [6, [6, 4, 21, 18, 24, 49, 42, 20, 41, 28]], [4, []], [21, []], [18, []], [24, []], [49, []], [42, []], [20, []], [41, []], [28, []]]], [[[1, [1]]], [[22, [22, 26, 8, 48, 35, 29]]], [[32, [32]]], [[37, [37]]], [[16, [16, 13, 44]]], [[31, [31, 39, 30, 33, 36, 46, 25, 34]]], [[38, [38, 2, 12, 17, 10, 7, 43, 19, 45]]], [[6, [6, 4, 21, 18, 24, 49, 42, 20, 41, 28]]], [[47, [47, 14, 27, 11, 5, 9, 40, 50, 23, 15]]]]]}
{"file_name": "U_50_1", "number_of_trucks": 2, "drone_capacity": 10, "number_of_drones": 2, "iteration": 4, "best_fitness": 534.2381836345007, "runtime": 134.65368151664734, "best_solution": [[[[0, []], [32, [37, 32, 44, 16, 22, 26, 35]], [44, []], [16, []], [22, []], [26, []], [35, []], [29, [29]], [37, []], [17, [17, 49, 39, 31, 23, 36, 11, 14]], [49, []], [39, []], [31, []], [23, []], [36, []], [11, []], [14, []], [5, [5, 3, 19, 6, 41, 2, 28, 20, 42, 15]], [3, []], [19, []], [6, []], [41, []], [2, []], [28, []], [20, []], [42, []], [15, []]], [[0, []], [25, [25, 43, 12, 38]], [43, []], [12, []], [38, []], [8, [8, 13, 33, 30, 47, 27, 48, 34, 1]], [13, []], [33, []], [30, [45]], [47, []], [27, []], [48, []], [34, []], [1, []], [45, []], [10, [10, 4, 21, 18, 24, 7, 46, 40, 50, 9]], [4, []], [21, []], [18, []], [24, []], [7, []], [46, []], [40, []], [50, []], [9, []]]], [[[32, [37, 32, 44, 16, 22, 26, 35]]], [[25, [25, 43, 12, 38]]], [[8, [8, 13, 33, 30, 47, 27, 48, 34, 1]]], [[29, [29]]], [[30, [45]]], [[17, [17, 49, 39, 31, 23, 36, 11, 14]]], [[10, [10, 4, 21, 18, 24, 7, 46, 40, 50, 9]]], [[5, [5, 3, 19, 6, 41, 2, 28, 20, 42, 15]]]]]}
{"file_name": "U_50_1", "number_of_trucks": 2, "drone_capacity": 10, "number_of_drones": 2, "iteration": 5, "best_fitness": 515.5988628069333, "runtime": 131.73102855682373, "best_solution": [[[[0, []], [25, [25, 33, 43]], [33, []], [43, []], [37, [37, 31, 39, 46, 23]], [31, []], [39, []], [46, []], [23, []], [49, [49, 10, 7, 32, 45, 19, 30, 6]], [10, []], [7, []], [32, []], [45, []], [19, []], [30, []], [6, []], [41, [41, 28, 20, 12, 17, 21, 4, 18, 24, 15]], [28, []], [20, []], [12, []], [17, []], [21, []], [4, []], [18, []], [24, []], [15, []]], [[0, [1, 26, 8, 3]], [1, []], [26, []], [8, []], [3, []], [14, [14, 48, 35, 29, 22, 44, 13, 2, 38, 16]], [48, []], [35, []], [29, []], [22, []], [44, []], [13, []], [2, []], [38, []], [16, []], [42, [42, 47, 27, 11, 5, 34, 36, 50, 40, 9]], [47, []], [27, []], [11, []], [5, []], [34, []], [36, []], [50, []], [40, []], [9, []]]], [[[14, [14, 48, 35, 29, 22, 44, 13, 2, 38, 16]]], [[25, [25, 33, 43]]], [[37, [37, 31, 39, 46, 23]]], [[42, [42, 47, 27, 11, 5, 34, 36, 50, 40, 9]]], [[49, [49, 10, 7, 32, 45, 19, 30, 6]]], [[41, [41, 28, 20, 12, 17, 21, 4, 18, 24, 15]]]]]}
