{"file_name": "U_50_1", "number_of_trucks": 2, "drone_capacity": 10, "number_of_drones": 2, "iteration": 1, "best_fitness": 507.7455193848336, "runtime": 2003.726634979248, "best_solution": [[[[0, [45, 23, 40]], [45, []], [23, []], [40, []], [35, [35, 5, 47, 18, 34]], [5, []], [47, []], [18, []], [34, []], [25, [25, 30, 50, 41, 31, 33, 9]], [30, []], [50, []], [41, []], [31, []], [33, []], [9, []], [22, [22, 32, 36, 29, 21, 27, 38, 10, 46, 24]], [32, []], [36, []], [29, []], [21, []], [27, []], [38, []], [10, []], [46, []], [24, []]], [[0, []], [13, [13]], [4, [4, 43, 15, 39, 2, 14]], [14, []], [43, []], [15, []], [39, []], [2, []], [44, [44, 12, 7, 11, 28, 17, 20]], [12, []], [7, []], [11, []], [28, []], [17, []], [37, [37, 49, 3, 8, 16, 42, 6]], [49, []], [20, []], [3, []], [8, []], [16, [26, 48, 19, 1]], [42, []], [26, []], [48, []], [19, []], [1, []], [6, []]]], [[[13, [13]]], [[4, [4, 43, 15, 39, 2, 14]]], [[44, [44, 12, 7, 11, 28, 17, 20]]], [[35, [35, 5, 47, 18, 34]]], [[37, [37, 49, 3, 8, 16, 42, 6]]], [[25, [25, 30, 50, 41, 31, 33, 9]]], [[22, [22, 32, 36, 29, 21, 27, 38, 10, 46, 24]]], [[16, [26, 48, 19, 1]]]]]}
{"file_name": "U_50_1", "number_of_trucks": 2, "drone_capacity": 10, "number_of_drones": 2, "iteration": 2, "best_fitness": 510.3003875910765, "runtime": 1773.0804653167725, "best_solution": [[[[0, [25, 22, 34, 31, 33, 4, 5, 35, 47, 28, 18, 40]], [25, []], [22, []], [34, []], [31, []], [33, []], [4, []], [40, [17, 41, 50, 49, 20, 37, 9, 30]], [5, []], [35, []], [47, []], [28, []], [18, []], [17, []], [41, []], [50, []], [49, []], [20, []], [37, []], [9, [32, 27, 36, 29, 19, 1, 6]], [30, []], [32, []], [27, []], [36, []], [29, []], [19, []], [1, []], [6, []]], [[0, [23, 13, 43]], [15, [15]], [23, []], [13, []], [43, []], [2, [2, 45, 39, 44, 7, 11, 38, 21, 12]], [45, []], [39, []], [12, []], [44, []], [7, []], [11, []], [38, []], [21, []], [3, [3, 8, 14, 16, 42, 26, 48, 10, 46, 24]], [8, []], [14, []], [16, []], [42, []], [26, []], [48, []], [10, []], [46, []], [24, []]]], [[[15, [15]]], [[2, [2, 45, 39, 44, 7, 11, 38, 21, 12]]], [[40, [17, 41, 50, 49, 20, 37, 9, 30]]], [[3, [3, 8, 14, 16, 42, 26, 48, 10, 46, 24]]], [[9, [32, 27, 36, 29, 19, 1, 6]]]]]}
{"file_name": "U_50_1", "number_of_trucks": 2, "drone_capacity": 10, "number_of_drones": 2, "iteration": 3, "best_fitness": 541.0227374074561, "runtime": 131.1385941505432, "best_solution": [[[[0, [14]], [14, []], [18, [18]], [4, [4, 11, 47]], [11, []], [47, []], [40, [40, 20, 41, 49, 39, 12, 2, 45, 38, 1]], [20, []], [41, []], [49, []], [39, []], [12, []], [2, []], [45, []], [38, []], [1, []], [21, [21, 30, 32, 19, 7, 26, 48, 44, 10, 46]], [30, []], [32, []], [19, []], [7, []], [26, []], [48, []], [44, []], [10, []], [46, []]], [[0, [25, 15, 34, 13]], [25, []], [15, []], [34, [43, 23, 5, 35]], [13, []], [43, []], [23, []], [5, []], [35, []], [28, [28, 17, 31, 33, 22, 9, 37]], [17, []], [31, []], [33, []], [22, []], [9, []], [37, []], [50, [50, 16, 42, 8, 3, 36, 29, 27, 6, 24]], [16, []], [42, []], [8, []], [3, []], [36, []], [29, []], [27, []], [6, []], [24, []]]], [[[34, [43, 23, 5, 35]]], [[18, [18]]], [[4, [4, 11, 47]]], [[40, [40, 20, 41, 49, 39, 12, 2, 45, 38, 1]]], [[28, [28, 17, 31, 33, 22, 9, 37]]], [[21, [21, 30, 32, 19, 7, 26, 48, 44, 10, 46]]], [[50, [50, 16, 42, 8, 3, 36, 29, 27, 6, 24]]]]]}
{"file_name": "U_50_1", "number_of_trucks": 2, "drone_capacity": 10, "number_of_drones": 2, "iteration": 4, "best_fitness": 524.7783116801285, "runtime": 134.35931706428528, "best_solution": [[[[0, [18]], [23, [23]], [18, []], [2, [2, 22, 33, 31, 49, 41, 47, 4, 35, 5]], [22, []], [33, []], [31, []], [49, []], [41, []], [47, []], [4, []], [35, []], [5, []], [16, [16]], [21, [21, 32, 36, 30, 29, 27, 10, 46, 6]], [32, []], [36, []], [30, []], [29, []], [27, []], [10, []], [46, []], [6, []]], [[0, []], [43, [43, 13, 34]], [13, []], [34, []], [25, [25, 15, 38, 39, 44]], [15, []], [38, []], [39, []], [44, []], [12, [12, 7, 11, 14, 40, 28, 17, 37, 20, 9]], [7, []], [11, []], [14, []], [40, []], [28, []], [17, []], [37, []], [20, []], [9, []], [50, [50, 8, 42, 3, 48, 26, 45, 19, 1, 24]], [8, []], [42, []], [3, []], [48, []], [26, []], [45, []], [19, []], [1, []], [24, []]]], [[[23, [23]]], [[43, [43, 13, 34]]], [[25, [25, 15, 38, 39, 44]]], [[2, [2, 22, 33, 31, 49, 41, 47, 4, 35, 5]]], [[16, [16]]], [[12, [12, 7, 11, 14, 40, 28, 17, 37, 20, 9]]], [[21, [21, 32, 36, 30, 29, 27, 10, 46, 6]]], [[50, [50, 8, 42, 3, 48, 26, 45, 19, 1, 24]]]]]}
{"file_name": "U_50_1", "number_of_trucks": 2, "drone_capacity": 10, "number_of_drones": 2, "iteration": 5, "best_fitness": 561.9370765073244, "runtime": 122.06841373443604, "best_solution": [[[[0, [18, 13]], [18, []], [13, []], [33, [33, 23]], [23, []], [11, [11, 45, 44, 7, 38, 30, 22, 34]], [45, []], [44, []], [7, []], [38, []], [30, []], [22, []], [34, []], [20, [20, 9, 50, 36, 29, 32, 27, 10, 46, 6]], [9, []], [50, []], [36, []], [29, []], [32, []], [27, []], [10, []], [46, []], [6, []]], [[0, [25, 15, 4, 40, 14, 35]], [25, [5, 47]], [15, []], [4, []], [40, []], [14, []], [35, []], [5, []], [47, []], [28, [28, 41, 17, 31, 49, 37, 21, 1, 12, 2]], [41, []], [17, []], [31, []], [49, []], [37, []], [21, []], [1, []], [12, []], [2, []], [43, [43, 3, 8, 16, 42, 26, 48, 19, 39, 24]], [3, []], [8, []], [16, []], [42, []], [26, []], [48, []], [19, []], [39, []], [24, []]]], [[[33, [33, 23]]], [[25, [5, 47]]], [[28, [28, 41, 17, 31, 49, 37, 21, 1, 12, 2]]], [[11, [11, 45, 44, 7, 38, 30, 22, 34]]], [[43, [43, 3, 8, 16, 42, 26, 48, 19, 39, 24]]], [[20, [20, 9, 50, 36, 29, 32, 27, 10, 46, 6]]]]]}
