{"file_name": "U_50_1", "number_of_trucks": 2, "drone_capacity": 10, "number_of_drones": 2, "iteration": 1, "best_fitness": 633.9410044166293, "runtime": 3669.253112077713, "best_solution": [[[[0, [29, 49]], [45, [22, 45]], [29, []], [49, []], [22, []], [25, [25]], [0, []], [1, [1, 13, 18, 17, 20, 9, 38, 50, 2, 27]], [2, []], [38, []], [13, []], [18, []], [50, []], [17, []], [20, []], [9, []], [21, [21, 32, 34, 3, 10]], [27, []], [32, []], [34, []], [3, []], [28, [28, 40, 35, 5, 23, 11, 46]], [40, []], [35, []], [5, []], [23, []], [11, []], [10, []], [46, []]], [[0, [36]], [36, []], [8, [8, 16, 14]], [16, []], [14, []], [44, [44]], [0, []], [43, [43, 26, 42, 47, 12, 31, 4, 19]], [26, []], [42, []], [47, []], [12, []], [15, [15, 30, 33, 37, 7]], [19, []], [30, []], [31, []], [33, []], [41, [41, 48, 39, 6, 24]], [37, []], [48, []], [4, []], [7, []], [39, []], [6, []], [24, []]]], [[[45, [22, 45]]], [[8, [8, 16, 14]]], [[44, [44]]], [[25, [25]]], [[1, [1, 13, 18, 17, 20, 9, 38, 50, 2, 27]]], [[43, [43, 26, 42, 47, 12, 31, 4, 19]]], [[21, [21, 32, 34, 3, 10]]], [[15, [15, 30, 33, 37, 7]]], [[41, [41, 48, 39, 6, 24]]], [[28, [28, 40, 35, 5, 23, 11, 46]]]]]}
{"file_name": "U_50_1", "number_of_trucks": 2, "drone_capacity": 10, "number_of_drones": 2, "iteration": 2, "best_fitness": 715.0924933665386, "runtime": 132.80717635154724, "best_solution": [[[[0, [14]], [14, []], [45, [45, 38]], [29, [29, 27, 25, 9, 20]], [27, []], [25, []], [38, []], [9, []], [20, []], [18, [18, 31, 13, 26, 42, 44, 10, 7]], [31, []], [13, []], [26, []], [42, []], [44, []], [10, []], [7, []], [15, [15, 32, 34, 8, 28, 40, 5, 35, 48, 43]], [32, []], [34, []], [8, []], [28, []], [40, []], [5, []], [35, []], [48, []], [43, []]], [[0, [36, 49, 22, 16]], [36, []], [49, []], [22, []], [16, []], [19, [19, 1]], [1, []], [47, [47, 4, 12, 3, 33, 50, 17, 37]], [4, []], [12, []], [3, []], [33, []], [50, []], [17, []], [37, []], [21, [21, 30, 41, 23, 11, 46, 2, 39, 6, 24]], [30, []], [41, []], [23, []], [11, []], [46, []], [2, []], [39, []], [6, []], [24, []]]], [[[45, [45, 38]]], [[29, [29, 27, 25, 9, 20]]], [[19, [19, 1]]], [[18, [18, 31, 13, 26, 42, 44, 10, 7]]], [[47, [47, 4, 12, 3, 33, 50, 17, 37]]], [[15, [15, 32, 34, 8, 28, 40, 5, 35, 48, 43]]], [[21, [21, 30, 41, 23, 11, 46, 2, 39, 6, 24]]]]]}
{"file_name": "U_50_1", "number_of_trucks": 2, "drone_capacity": 10, "number_of_drones": 2, "iteration": 3, "best_fitness": 705.9383116801285, "runtime": 132.93987655639648, "best_solution": [[[[0, [38, 25]], [38, []], [25, []], [13, [13]], [12, [12, 4, 10, 21, 33, 49, 18, 42, 47]], [4, []], [10, []], [21, []], [33, []], [49, []], [18, []], [42, []], [47, []], [16, [16, 5, 23, 26, 28, 40, 35, 48, 46, 24]], [5, []], [23, []], [26, []], [28, []], [40, []], [35, []], [48, []], [46, []], [24, []]], [[0, [29]], [29, []], [14, [14, 8, 50, 9]], [8, [17, 20, 36, 27, 22]], [50, []], [9, []], [17, []], [20, []], [36, []], [27, []], [22, []], [44, [44, 45, 19, 43, 3, 37, 34, 30]], [45, []], [19, []], [43, []], [3, []], [37, []], [34, []], [30, []], [41, [41, 31, 32, 11, 7, 2, 39, 15, 1, 6]], [31, []], [32, []], [11, []], [7, []], [2, []], [39, []], [15, []], [1, []], [6, []]]], [[[14, [14, 8, 50, 9]]], [[8, [17, 20, 36, 27, 22]]], [[13, [13]]], [[12, [12, 4, 10, 21, 33, 49, 18, 42, 47]]], [[44, [44, 45, 19, 43, 3, 37, 34, 30]]], [[41, [41, 31, 32, 11, 7, 2, 39, 15, 1, 6]]], [[16, [16, 5, 23, 26, 28, 40, 35, 48, 46, 24]]]]]}
{"file_name": "U_50_1", "number_of_trucks": 2, "drone_capacity": 10, "number_of_drones": 2, "iteration": 4, "best_fitness": 723.8000000000002, "runtime": 132.88432812690735, "best_solution": [[[[0, []], [45, [45, 25]], [25, []], [1, [1, 44, 18, 26, 10, 19]], [44, []], [18, [7, 20]], [26, []], [10, []], [19, []], [7, []], [20, []], [37, [37, 41, 5, 42, 11, 23, 48, 39, 6, 24]], [41, []], [5, []], [42, []], [11, []], [23, []], [48, []], [39, []], [6, []], [24, []]], [[0, [49, 29]], [49, []], [29, []], [16, [16]], [9, [9, 2]], [2, []], [14, [14, 47, 8, 17, 50]], [47, []], [8, []], [17, []], [50, []], [33, [33, 31, 22, 13, 43, 3, 46, 15, 38, 21]], [31, []], [22, []], [13, []], [43, []], [3, []], [46, []], [15, []], [38, []], [21, []], [30, [30, 27, 32, 36, 34, 4, 40, 35, 28, 12]], [27, []], [32, []], [36, []], [34, []], [4, []], [40, []], [35, []], [28, []], [12, []]]], [[[16, [16]]], [[9, [9, 2]]], [[45, [45, 25]]], [[1, [1, 44, 18, 26, 10, 19]]], [[14, [14, 47, 8, 17, 50]]], [[18, [7, 20]]], [[33, [33, 31, 22, 13, 43, 3, 46, 15, 38, 21]]], [[30, [30, 27, 32, 36, 34, 4, 40, 35, 28, 12]]], [[37, [37, 41, 5, 42, 11, 23, 48, 39, 6, 24]]]]]}
{"file_name": "U_50_1", "number_of_trucks": 2, "drone_capacity": 10, "number_of_drones": 2, "iteration": 5, "best_fitness": 699.283695829834, "runtime": 135.32631087303162, "best_solution": [[[[0, [44]], [25, [25, 45]], [45, []], [44, []], [10, [10, 38, 1, 12, 19, 34, 47]], [38, []], [1, []], [12, []], [19, []], [34, []], [47, []], [4, [4, 26, 14, 5, 23, 42, 40, 28, 35, 48]], [26, []], [14, []], [5, []], [23, []], [42, []], [40, []], [28, []], [35, []], [48, []]], [[0, []], [49, [49, 36, 22, 29]], [36, []], [22, []], [29, []], [16, [16, 50]], [50, []], [17, [17, 20, 27, 8, 18, 13, 9]], [20, []], [27, []], [8, []], [18, []], [13, []], [9, []], [31, [31, 33, 43, 3, 46, 2, 21]], [33, []], [43, []], [3, []], [46, []], [2, []], [21, []], [30, [30, 32, 37, 41, 7, 11, 39, 15, 6, 24]], [32, []], [37, []], [41, []], [7, []], [11, []], [39, []], [15, []], [6, []], [24, []]]], [[[49, [49, 36, 22, 29]]], [[16, [16, 50]]], [[17, [17, 20, 27, 8, 18, 13, 9]]], [[25, [25, 45]]], [[10, [10, 38, 1, 12, 19, 34, 47]]], [[31, [31, 33, 43, 3, 46, 2, 21]]], [[30, [30, 32, 37, 41, 7, 11, 39, 15, 6, 24]]], [[4, [4, 26, 14, 5, 23, 42, 40, 28, 35, 48]]]]]}
