{"file_name": "U_50_1", "number_of_trucks": 2, "drone_capacity": 10, "number_of_drones": 2, "iteration": 1, "best_fitness": 533.1882153223368, "runtime": 3672.274955034256, "best_solution": [[[[0, [8, 1, 3, 30]], [1, []], [3, []], [30, []], [16, [16, 26, 18, 14, 28, 44, 7, 11, 41]], [26, []], [18, []], [14, []], [8, []], [17, [17]], [28, []], [44, []], [7, []], [11, []], [37, [37, 32, 10]], [41, []], [32, [4, 45, 48, 40, 21, 23, 36, 6]], [4, []], [10, []], [45, []], [48, []], [40, []], [21, []], [23, []], [36, []], [6, []]], [[0, [5, 49]], [5, []], [29, [20, 29, 15, 38, 31, 24]], [15, []], [38, []], [22, [22]], [20, []], [31, []], [43, [43, 12, 35, 9, 34]], [24, []], [12, []], [42, [13, 19, 2, 50, 42, 39, 46, 25]], [34, []], [9, []], [27, [27, 47, 33]], [2, []], [50, []], [33, []], [46, []], [25, []], [35, []], [39, []], [49, []], [13, []], [47, []], [19, []]]], [[[29, [20, 29, 15, 38, 31, 24]]], [[22, [22]]], [[16, [16, 26, 18, 14, 28, 44, 7, 11, 41]]], [[17, [17]]], [[43, [43, 12, 35, 9, 34]]], [[42, [13, 19, 2, 50, 42, 39, 46, 25]]], [[27, [27, 47, 33]]], [[37, [37, 32, 10]]], [[32, [4, 45, 48, 40, 21, 23, 36, 6]]]]]}
{"file_name": "U_50_1", "number_of_trucks": 2, "drone_capacity": 10, "number_of_drones": 2, "iteration": 2, "best_fitness": 575.9842889410978, "runtime": 125.69205617904663, "best_solution": [[[[0, []], [11, [11, 29, 41]], [29, [20, 31, 34, 18, 8]], [41, []], [20, []], [31, []], [34, []], [18, []], [8, []], [14, [14, 24, 4, 12, 2, 50, 25, 48, 40]], [24, []], [4, []], [12, []], [2, []], [50, []], [25, []], [48, []], [40, []], [27, [27, 21, 9, 32, 37, 43, 42, 23, 36, 6]], [21, []], [9, []], [32, []], [37, []], [43, []], [42, []], [23, []], [36, []], [6, []]], [[0, [44, 49, 30]], [44, []], [49, []], [30, []], [5, [5, 26, 3, 7, 15, 16, 38, 1, 22, 28]], [26, []], [3, []], [7, []], [15, []], [16, []], [38, []], [1, []], [22, []], [28, []], [17, [17, 39, 35, 13, 47, 45, 46, 33, 10, 19]], [39, []], [35, []], [13, []], [47, []], [45, []], [46, []], [33, []], [10, []], [19, []]]], [[[11, [11, 29, 41]]], [[29, [20, 31, 34, 18, 8]]], [[5, [5, 26, 3, 7, 15, 16, 38, 1, 22, 28]]], [[14, [14, 24, 4, 12, 2, 50, 25, 48, 40]]], [[27, [27, 21, 9, 32, 37, 43, 42, 23, 36, 6]]], [[17, [17, 39, 35, 13, 47, 45, 46, 33, 10, 19]]]]]}
{"file_name": "U_50_1", "number_of_trucks": 2, "drone_capacity": 10, "number_of_drones": 2, "iteration": 3, "best_fitness": 579.1203859264184, "runtime": 116.86160349845886, "best_solution": [[[[0, [11, 24, 8, 31]], [11, []], [24, []], [8, []], [31, []], [41, [41, 43, 14, 4, 5, 1, 46, 38, 44, 17]], [43, []], [14, []], [4, []], [5, []], [1, []], [46, []], [38, []], [44, []], [17, []], [49, [49, 39, 47, 3, 45, 10, 48, 23, 42, 37]], [39, []], [47, []], [3, []], [45, []], [10, []], [48, []], [23, []], [42, []], [37, []]], [[0, [26, 15]], [30, [30, 29, 7, 22]], [29, []], [7, []], [22, []], [26, []], [15, []], [16, [16, 35, 13, 28, 12, 34, 9, 50, 2, 25]], [35, []], [13, []], [28, []], [12, []], [34, []], [9, []], [50, []], [2, []], [25, []], [33, [33, 18, 27, 40, 21, 32, 20, 19, 36, 6]], [18, []], [27, []], [40, []], [21, []], [32, []], [20, []], [19, []], [36, []], [6, []]]], [[[30, [30, 29, 7, 22]]], [[41, [41, 43, 14, 4, 5, 1, 46, 38, 44, 17]]], [[16, [16, 35, 13, 28, 12, 34, 9, 50, 2, 25]]], [[49, [49, 39, 47, 3, 45, 10, 48, 23, 42, 37]]], [[33, [33, 18, 27, 40, 21, 32, 20, 19, 36, 6]]]]]}
{"file_name": "U_50_1", "number_of_trucks": 2, "drone_capacity": 10, "number_of_drones": 2, "iteration": 4, "best_fitness": 553.0646760701127, "runtime": 134.66687607765198, "best_solution": [[[[0, [29]], [29, []], [34, [34, 20, 28, 16]], [20, []], [28, []], [16, []], [14, [14, 8, 41, 12, 9, 22, 23, 7, 44]], [8, []], [41, []], [12, []], [9, []], [22, []], [23, []], [7, []], [44, []], [47, [47, 13, 17, 48, 40, 32, 42, 37, 36, 6]], [13, []], [17, []], [48, []], [40, []], [32, []], [42, []], [37, []], [36, []], [6, []]], [[0, []], [5, [5, 15, 49, 3, 1]], [15, []], [49, []], [3, [26, 30, 18]], [1, []], [26, []], [18, []], [43, [43]], [11, [11, 31, 24, 4, 38, 35, 39]], [31, []], [24, []], [4, []], [38, []], [35, []], [39, []], [30, []], [45, [45, 21, 27, 2, 50, 33, 25, 46, 10, 19]], [21, []], [27, []], [2, []], [50, []], [33, []], [25, []], [46, []], [10, []], [19, []]]], [[[34, [34, 20, 28, 16]]], [[5, [5, 15, 49, 3, 1]]], [[3, [26, 30, 18]]], [[43, [43]]], [[11, [11, 31, 24, 4, 38, 35, 39]]], [[14, [14, 8, 41, 12, 9, 22, 23, 7, 44]]], [[47, [47, 13, 17, 48, 40, 32, 42, 37, 36, 6]]], [[45, [45, 21, 27, 2, 50, 33, 25, 46, 10, 19]]]]]}
{"file_name": "U_50_1", "number_of_trucks": 2, "drone_capacity": 10, "number_of_drones": 2, "iteration": 5, "best_fitness": 549.1401757466144, "runtime": 141.0412039756775, "best_solution": [[[[0, [3, 15, 49]], [3, [1, 29]], [15, []], [49, []], [1, []], [29, []], [11, [11, 34, 22, 38, 4, 9, 46]], [34, []], [22, []], [38, []], [4, []], [9, []], [46, []], [50, [50, 2, 25, 40, 21, 27, 33, 48, 10, 19]], [2, []], [25, []], [40, []], [21, []], [27, []], [33, []], [48, []], [10, []], [19, []]], [[0, []], [5, [5, 8]], [8, []], [18, [18]], [30, [30, 28, 44, 7, 20]], [28, []], [44, []], [7, []], [20, []], [31, [31, 41]], [41, []], [24, [24, 14, 26, 16, 35, 39, 45, 17]], [14, []], [26, []], [16, []], [35, []], [39, []], [45, []], [17, []], [13, [13, 47, 32, 12, 42, 43, 37, 23, 36, 6]], [47, []], [32, []], [12, []], [42, []], [43, []], [37, []], [23, []], [36, []], [6, []]]], [[[5, [5, 8]]], [[3, [1, 29]]], [[18, [18]]], [[30, [30, 28, 44, 7, 20]]], [[31, [31, 41]]], [[11, [11, 34, 22, 38, 4, 9, 46]]], [[24, [24, 14, 26, 16, 35, 39, 45, 17]]], [[13, [13, 47, 32, 12, 42, 43, 37, 23, 36, 6]]], [[50, [50, 2, 25, 40, 21, 27, 33, 48, 10, 19]]]]]}
