{"file_name": "U_50_1", "number_of_trucks": 2, "drone_capacity": 10, "number_of_drones": 2, "iteration": 1, "best_fitness": 484.42092946588014, "runtime": 3830.012056827545, "best_solution": [[[[0, [1, 31]], [1, []], [31, []], [5, [13, 5, 27]], [27, []], [13, []], [45, [45, 7, 14, 32, 6, 22, 3, 33, 11]], [11, []], [22, []], [7, []], [14, []], [47, [47, 16, 40, 25, 37]], [40, []], [16, []], [32, []], [49, [49, 9, 39, 44, 15, 12, 42, 43, 48]], [25, []], [44, []], [3, []], [15, []], [37, []], [43, []], [39, []], [9, []], [48, []], [6, []], [12, []], [42, []], [33, []]], [[0, [28, 2]], [28, []], [18, [38, 18, 36, 21, 29, 26, 41, 35, 23, 20, 8]], [36, []], [23, []], [21, []], [4, [4]], [38, []], [19, [19, 10, 50]], [20, []], [8, []], [29, []], [35, []], [26, []], [46, [46, 34, 17, 30, 24]], [2, []], [41, []], [30, []], [34, []], [17, []], [10, []], [24, []], [50, []]]], [[[5, [13, 5, 27]]], [[18, [41, 35, 23, 20, 8]]], [[18, [38, 18, 36, 21, 29, 26]]], [[45, [45, 7, 14, 32, 6, 22, 3, 33, 11]]], [[4, [4]]], [[19, [19, 10, 50]]], [[47, [47, 16, 40, 25, 37]]], [[46, [46, 34, 17, 30, 24]]], [[49, [49, 9, 39, 44, 15, 12, 42, 43, 48]]]]]}
{"file_name": "U_50_1", "number_of_trucks": 2, "drone_capacity": 10, "number_of_drones": 2, "iteration": 2, "best_fitness": 573.3108878686085, "runtime": 136.58693194389343, "best_solution": [[[[0, [18]], [18, []], [13, [13]], [36, [36, 33, 22, 1, 21, 26]], [33, [37, 45]], [22, []], [1, []], [21, []], [26, []], [37, []], [45, []], [38, [38, 4, 19, 46, 2, 17, 30, 34, 49, 25]], [4, []], [19, []], [46, []], [2, []], [17, []], [30, []], [34, []], [49, []], [25, []]], [[0, [5]], [5, []], [27, [27]], [31, [31]], [41, [41, 23, 11, 20, 8, 28, 35]], [23, []], [11, []], [20, []], [8, []], [28, []], [35, []], [10, [10, 29, 50, 14, 47, 3, 32, 44, 16, 40]], [29, []], [50, []], [14, []], [47, []], [3, []], [32, []], [44, []], [16, []], [40, []], [48, [48]], [12, [12, 6, 24, 9, 39, 7, 42, 43, 15]], [6, []], [24, []], [9, []], [39, []], [7, []], [42, []], [43, []], [15, []]]], [[[27, [27]]], [[31, [31]]], [[41, [41, 23, 11, 20, 8, 28, 35]]], [[13, [13]]], [[36, [36, 33, 22, 1, 21, 26]]], [[33, [37, 45]]], [[10, [10, 29, 50, 14, 47, 3, 32, 44, 16, 40]]], [[48, [48]]], [[38, [38, 4, 19, 46, 2, 17, 30, 34, 49, 25]]], [[12, [12, 6, 24, 9, 39, 7, 42, 43, 15]]]]]}
{"file_name": "U_50_1", "number_of_trucks": 2, "drone_capacity": 10, "number_of_drones": 2, "iteration": 3, "best_fitness": 565.9832627331455, "runtime": 131.3196828365326, "best_solution": [[[[0, [5]], [5, []], [27, [27]], [31, [31, 36, 18, 22, 23, 33]], [36, []], [18, [45]], [22, []], [23, []], [33, []], [45, []], [11, [11, 29, 10, 40, 32, 3, 14, 47, 16, 25]], [29, []], [10, []], [40, []], [32, []], [3, []], [14, []], [47, []], [16, []], [25, []], [49, [49, 44, 39, 9, 24, 12, 50, 43, 42, 37]], [44, []], [39, []], [9, []], [24, []], [12, []], [50, []], [43, []], [42, []], [37, []]], [[0, [1, 28]], [1, []], [28, []], [13, [13]], [38, [38, 21]], [21, []], [26, [26, 35, 6, 20, 4, 19]], [35, []], [6, []], [20, []], [4, []], [19, []], [8, [8, 2, 46, 17, 41, 30, 34, 48, 7, 15]], [2, []], [46, []], [17, []], [41, []], [30, []], [34, []], [48, []], [7, []], [15, []]]], [[[27, [27]]], [[31, [31, 36, 18, 22, 23, 33]]], [[13, [13]]], [[38, [38, 21]]], [[18, [45]]], [[11, [11, 29, 10, 40, 32, 3, 14, 47, 16, 25]]], [[26, [26, 35, 6, 20, 4, 19]]], [[49, [49, 44, 39, 9, 24, 12, 50, 43, 42, 37]]], [[8, [8, 2, 46, 17, 41, 30, 34, 48, 7, 15]]]]]}
{"file_name": "U_50_1", "number_of_trucks": 2, "drone_capacity": 10, "number_of_drones": 2, "iteration": 4, "best_fitness": 548.9675194092315, "runtime": 120.28001952171326, "best_solution": [[[[0, [31, 41, 5]], [31, []], [41, []], [5, []], [7, [7, 11, 21, 20, 8, 23, 33, 1, 45, 18]], [11, []], [21, []], [20, []], [8, []], [23, []], [33, []], [1, []], [45, []], [18, []], [19, [19, 46, 2, 17, 30, 34, 32, 49, 44, 25]], [46, []], [2, []], [17, []], [30, []], [34, []], [32, []], [49, []], [44, []], [25, []]], [[0, [27]], [27, []], [36, [36, 29, 28]], [29, []], [28, []], [3, [3, 22, 13]], [22, []], [13, []], [38, [38, 4, 35, 26, 10, 9, 6, 40, 16, 47]], [4, []], [35, []], [26, []], [10, []], [9, []], [6, []], [40, []], [16, []], [47, []], [14, [14, 48, 24, 12, 37, 42, 43, 50, 39, 15]], [48, []], [24, []], [12, []], [37, []], [42, []], [43, []], [50, []], [39, []], [15, []]]], [[[7, [7, 11, 21, 20, 8, 23, 33, 1, 45, 18]]], [[36, [36, 29, 28]]], [[3, [3, 22, 13]]], [[38, [38, 4, 35, 26, 10, 9, 6, 40, 16, 47]]], [[19, [19, 46, 2, 17, 30, 34, 32, 49, 44, 25]]], [[14, [14, 48, 24, 12, 37, 42, 43, 50, 39, 15]]]]]}
{"file_name": "U_50_1", "number_of_trucks": 2, "drone_capacity": 10, "number_of_drones": 2, "iteration": 5, "best_fitness": 569.7210511049767, "runtime": 119.4275267124176, "best_solution": [[[[0, [33, 18, 7, 23, 45, 10]], [33, []], [18, []], [7, []], [23, []], [45, []], [10, []], [4, [4, 19, 2, 46, 17, 41, 30, 34, 49, 25]], [19, []], [2, []], [46, []], [17, []], [41, []], [30, []], [34, []], [49, []], [25, []]], [[0, [31, 27, 5]], [31, []], [27, [13]], [5, []], [13, []], [1, [1, 38, 22, 8, 29, 35, 26, 28, 20, 11]], [38, []], [22, []], [8, []], [29, []], [35, []], [26, []], [28, []], [20, []], [11, []], [21, [21, 36, 14, 6, 50, 16, 32, 44, 3, 47]], [36, []], [14, []], [6, []], [50, []], [16, []], [32, []], [44, []], [3, []], [47, []], [40, [40, 48, 9, 39, 24, 12, 42, 43, 37, 15]], [48, []], [9, []], [39, []], [24, []], [12, []], [42, []], [43, []], [37, []], [15, []]]], [[[27, [13]]], [[1, [1, 38, 22, 8, 29, 35, 26, 28, 20, 11]]], [[21, [21, 36, 14, 6, 50, 16, 32, 44, 3, 47]]], [[4, [4, 19, 2, 46, 17, 41, 30, 34, 49, 25]]], [[40, [40, 48, 9, 39, 24, 12, 42, 43, 37, 15]]]]]}
