{"file_name": "U_50_0", "number_of_trucks": 2, "drone_capacity": 10, "number_of_drones": 2, "iteration": 1, "best_fitness": 390.17089848010914, "runtime": 3728.109674692154, "best_solution": [[[[0, [44, 17, 27]], [44, []], [39, [39, 26, 25, 50]], [26, []], [47, [47, 9, 37, 29, 23]], [23, []], [9, []], [3, [3, 6, 41, 40, 22, 15, 5, 36, 21, 4, 42, 32, 35]], [25, []], [17, []], [50, []], [27, []], [6, []], [41, []], [15, []], [37, []], [29, []], [40, []], [5, []], [22, []], [36, []], [21, []], [4, []], [42, []], [32, []], [35, []]], [[0, [30, 16]], [16, []], [8, [8, 49]], [12, [12, 1, 20, 28, 43]], [1, []], [20, []], [11, [11, 34, 31, 13, 2, 18, 19, 10, 45]], [28, []], [34, []], [30, []], [49, []], [31, []], [43, []], [19, []], [13, []], [2, []], [33, [33, 38, 48, 46, 14, 24, 7]], [38, []], [18, []], [48, []], [10, []], [45, []], [46, []], [14, []], [24, []], [7, []]]], [[[8, [8, 49]]], [[39, [39, 26, 25, 50]]], [[12, [12, 1, 20, 28, 43]]], [[47, [47, 9, 37, 29, 23]]], [[11, [11, 34, 31, 13, 2, 18, 19, 10, 45]]], [[3, [15, 5, 36, 21, 4, 42, 32, 35]]], [[3, [3, 6, 41, 40, 22]]], [[33, [33, 38, 48, 46, 14, 24, 7]]]]]}
{"file_name": "U_50_0", "number_of_trucks": 2, "drone_capacity": 10, "number_of_drones": 2, "iteration": 2, "best_fitness": 521.84, "runtime": 102.4619369506836, "best_solution": [[[[0, [44, 39, 45, 10, 36, 37, 30, 49, 43, 18, 48, 2, 19, 31, 15, 41, 6, 27, 50, 3]], [44, []], [39, []], [45, []], [10, []], [36, []], [37, []], [30, []], [49, []], [43, []], [18, []], [48, []], [2, []], [19, []], [31, []], [15, []], [41, []], [6, []], [27, []], [50, []], [3, []]], [[0, [17, 16, 8, 26, 35, 1, 12, 21, 4, 23, 11, 20, 28, 9, 47, 25, 7, 24, 14, 46, 34, 22, 29, 38, 33, 13, 40, 5, 32, 42]], [17, []], [16, []], [8, []], [26, []], [35, []], [1, []], [12, []], [21, []], [4, []], [23, []], [11, []], [20, []], [28, []], [9, []], [47, []], [25, []], [7, []], [24, []], [14, []], [46, []], [34, []], [22, []], [29, []], [38, []], [33, []], [13, []], [40, []], [5, []], [32, []], [42, []]]], []]}
{"file_name": "U_50_0", "number_of_trucks": 2, "drone_capacity": 10, "number_of_drones": 2, "iteration": 3, "best_fitness": 474.56000000000006, "runtime": 109.26342535018921, "best_solution": [[[[0, [30, 49, 15, 17, 25, 16, 9, 50, 27, 6]], [30, [41, 24]], [49, []], [15, []], [17, []], [25, []], [16, []], [9, []], [50, []], [27, []], [6, []], [41, []], [24, []], [34, [34, 37, 19, 43, 31, 46, 14, 7, 3, 47]], [37, []], [19, []], [43, []], [31, []], [46, []], [14, []], [7, []], [3, []], [47, []]], [[0, [44, 12, 1, 8, 26, 4, 23, 20, 28, 11, 39, 45, 10, 18, 48, 38, 33, 2, 13, 29, 40, 5, 22, 36, 21, 42, 32, 35]], [44, []], [12, []], [1, []], [8, []], [26, []], [4, []], [23, []], [20, []], [28, []], [11, []], [39, []], [45, []], [10, []], [18, []], [48, []], [38, []], [33, []], [2, []], [13, []], [29, []], [40, []], [5, []], [22, []], [36, []], [21, []], [42, []], [32, []], [35, []]]], [[[30, [41, 24]]], [[34, [34, 37, 19, 43, 31, 46, 14, 7, 3, 47]]]]]}
{"file_name": "U_50_0", "number_of_trucks": 2, "drone_capacity": 10, "number_of_drones": 2, "iteration": 4, "best_fitness": 479.28, "runtime": 104.42860388755798, "best_solution": [[[[0, [21, 8, 44, 35, 12, 1, 4, 36, 39, 45, 10, 18, 48, 38, 33, 2, 13, 29, 22, 5, 46, 14, 11, 42, 32]], [21, []], [8, []], [44, []], [35, []], [12, []], [1, []], [4, []], [36, []], [39, []], [45, []], [10, []], [18, []], [48, []], [38, []], [33, []], [2, []], [13, []], [29, []], [22, []], [5, []], [46, []], [14, []], [11, []], [42, []], [32, []]], [[0, [17, 16, 26, 20, 28, 23, 25, 34, 37, 40, 19, 43, 31, 30, 49, 15]], [17, [24, 7, 27, 6, 41, 50, 3, 47, 9]], [16, []], [26, []], [20, []], [28, []], [23, []], [25, []], [34, []], [37, []], [40, []], [19, []], [43, []], [31, []], [30, []], [49, []], [15, []], [24, []], [7, []], [27, []], [6, []], [41, []], [50, []], [3, []], [47, []], [9, []]]], [[[17, [24, 7, 27, 6, 41, 50, 3, 47, 9]]]]]}
{"file_name": "U_50_0", "number_of_trucks": 2, "drone_capacity": 10, "number_of_drones": 2, "iteration": 5, "best_fitness": 506.4000000000001, "runtime": 101.18395209312439, "best_solution": [[[[0, [44, 16, 35, 12, 1, 39, 18, 2, 13, 19, 43, 31, 30, 49, 15, 46, 14, 24, 7, 6, 41, 27, 50, 3, 47, 9]], [44, []], [16, []], [35, []], [12, []], [1, []], [39, []], [18, []], [2, []], [13, []], [19, []], [43, []], [31, []], [30, []], [49, []], [15, []], [46, []], [14, []], [24, []], [7, []], [6, []], [41, []], [27, []], [50, []], [3, []], [47, []], [9, []]], [[0, [17, 8, 26, 25, 23, 21, 28, 20, 11, 5, 40, 29, 22, 34, 37, 33, 38, 48, 10, 45, 36, 4, 42, 32]], [17, []], [8, []], [26, []], [25, []], [23, []], [21, []], [28, []], [20, []], [11, []], [5, []], [40, []], [29, []], [22, []], [34, []], [37, []], [33, []], [38, []], [48, []], [10, []], [45, []], [36, []], [4, []], [42, []], [32, []]]], []]}
