{"file_name": "U_50_1", "number_of_trucks": 2, "drone_capacity": 10, "number_of_drones": 2, "iteration": 1, "best_fitness": 586.2736018561759, "runtime": 2985.637788295746, "best_solution": [[[[0, [19, 5, 25, 42, 48, 2, 9]], [9, []], [19, []], [5, []], [25, []], [42, []], [2, []], [48, []], [33, [33, 3, 47, 50]], [3, []], [47, []], [34, [34, 44, 41, 18, 24]], [50, []], [24, []], [18, []], [44, []], [41, [45, 29, 1, 15, 37, 32, 12]], [45, []], [29, []], [1, []], [15, []], [37, []], [32, []], [12, []]], [[0, [17]], [30, [30, 10, 21, 6, 31, 35, 40, 38, 27, 23]], [10, []], [21, []], [6, []], [35, [22, 28, 7, 4, 20, 39, 16, 36]], [31, []], [22, [14, 43, 26, 46]], [28, []], [7, []], [4, []], [20, []], [39, []], [16, []], [43, []], [27, []], [23, []], [36, []], [17, []], [40, []], [38, []], [26, []], [14, []], [13, [13]], [11, [11, 8, 49]], [46, []], [8, []], [49, []]]], [[[30, [30, 10, 21, 6, 31, 35, 40, 38, 27, 23]]], [[33, [33, 3, 47, 50]]], [[35, [22, 28, 7, 4, 20, 39, 16, 36]]], [[34, [34, 44, 41, 18, 24]]], [[22, [14, 43, 26, 46]]], [[13, [13]]], [[41, [45, 29, 1, 15, 37, 32, 12]]], [[11, [11, 8, 49]]]]]}
{"file_name": "U_50_1", "number_of_trucks": 2, "drone_capacity": 10, "number_of_drones": 2, "iteration": 2, "best_fitness": 619.6032081130015, "runtime": 1036.0017704963684, "best_solution": [[[[0, [27, 25, 18, 5, 19]], [19, [32, 9, 48, 3, 42, 47, 50]], [5, []], [9, []], [48, []], [3, []], [42, []], [47, []], [50, [31, 24, 33]], [33, []], [24, []], [25, []], [18, []], [31, []], [32, []], [15, [15, 44, 34]], [1, [1, 28, 20, 16]], [28, []], [20, []], [16, []], [27, []], [43, [43, 41, 38, 13, 45, 37]], [13, []], [38, []], [45, []], [41, []], [44, []], [37, []], [34, []]], [[0, [17, 35, 23, 36, 6, 30, 21]], [6, []], [30, []], [21, []], [40, [40, 39]], [36, []], [17, []], [23, []], [39, []], [35, []], [2, [10, 14, 26, 2]], [14, []], [26, []], [10, []], [0, [7]], [12, [12, 49, 46, 22, 4]], [49, []], [46, []], [22, []], [11, [11, 29, 8]], [7, []], [4, []], [29, []], [8, []]]], [[[19, [32, 9, 48, 3, 42, 47, 50]]], [[50, [31, 24, 33]]], [[40, [40, 39]]], [[2, [10, 14, 26, 2]]], [[15, [15, 44, 34]]], [[1, [1, 28, 20, 16]]], [[43, [43, 41, 38, 13, 45, 37]]], [[12, [12, 49, 46, 22, 4]]], [[11, [11, 29, 8]]]]]}
{"file_name": "U_50_1", "number_of_trucks": 2, "drone_capacity": 10, "number_of_drones": 2, "iteration": 3, "best_fitness": 702.9618598075941, "runtime": 125.11457228660583, "best_solution": [[[[0, [9, 50, 25]], [9, [5, 3]], [50, []], [25, []], [5, []], [3, []], [32, [32, 6, 10, 26, 2, 31, 46, 47, 36, 20]], [6, []], [10, []], [26, []], [2, []], [31, []], [46, []], [47, []], [36, []], [20, []], [16, [16, 23, 43]], [23, []], [43, []], [14, [14, 49, 34, 29, 45, 13, 11]], [49, []], [34, []], [29, []], [45, []], [13, []], [11, []]], [[0, [19, 30, 21, 27, 7]], [19, []], [30, []], [21, []], [27, []], [7, []], [35, [35]], [48, [48, 33, 22, 38, 40, 17, 39, 4, 24]], [33, []], [22, []], [38, []], [40, []], [17, []], [39, []], [4, []], [24, []], [28, [28, 44, 41, 15, 1, 37, 18, 42, 12, 8]], [44, []], [41, []], [15, []], [1, []], [37, []], [18, []], [42, []], [12, []], [8, []]]], [[[9, [5, 3]]], [[35, [35]]], [[32, [32, 6, 10, 26, 2, 31, 46, 47, 36, 20]]], [[48, [48, 33, 22, 38, 40, 17, 39, 4, 24]]], [[16, [16, 23, 43]]], [[28, [28, 44, 41, 15, 1, 37, 18, 42, 12, 8]]], [[14, [14, 49, 34, 29, 45, 13, 11]]]]]}
{"file_name": "U_50_1", "number_of_trucks": 2, "drone_capacity": 10, "number_of_drones": 2, "iteration": 4, "best_fitness": 733.1232081130015, "runtime": 123.33993911743164, "best_solution": [[[[0, [9, 50, 18, 25, 5, 3]], [9, []], [50, []], [18, []], [25, []], [5, []], [3, []], [47, [47, 36, 32, 38, 17, 28, 46, 20, 16, 23]], [36, []], [32, []], [38, []], [17, []], [28, []], [46, []], [20, []], [16, []], [23, []], [43, [43, 1, 37, 15, 31, 44, 41, 45, 13, 11]], [1, []], [37, []], [15, []], [31, []], [44, []], [41, []], [45, []], [13, []], [11, []]], [[0, [19, 30, 21, 27]], [19, []], [30, []], [21, []], [27, []], [7, [7]], [35, [35, 42, 48, 33, 22, 6, 10, 40, 26]], [42, []], [48, []], [33, []], [22, []], [6, []], [10, []], [40, []], [26, []], [39, [39, 4, 24, 2, 34, 29, 49, 14]], [4, [12, 8]], [24, []], [2, []], [34, []], [29, []], [49, []], [14, []], [12, []], [8, []]]], [[[7, [7]]], [[35, [35, 42, 48, 33, 22, 6, 10, 40, 26]]], [[47, [47, 36, 32, 38, 17, 28, 46, 20, 16, 23]]], [[39, [39, 4, 24, 2, 34, 29, 49, 14]]], [[4, [12, 8]]], [[43, [43, 1, 37, 15, 31, 44, 41, 45, 13, 11]]]]]}
{"file_name": "U_50_1", "number_of_trucks": 2, "drone_capacity": 10, "number_of_drones": 2, "iteration": 5, "best_fitness": 715.7640937200522, "runtime": 134.46515893936157, "best_solution": [[[[0, [9, 7, 47, 3]], [9, []], [7, []], [47, []], [3, []], [25, [25, 18, 32, 35, 6, 17, 46, 20, 16]], [18, []], [32, []], [35, [26, 14]], [6, []], [17, []], [46, []], [20, []], [16, []], [26, []], [14, []], [36, [36, 24, 34, 50, 19, 29, 45, 13, 11]], [24, []], [34, []], [50, []], [19, []], [29, []], [45, []], [13, []], [11, []]], [[0, []], [27, [27]], [30, [30, 21, 5, 2, 31]], [21, []], [5, []], [2, []], [31, []], [42, [42, 48, 33, 22, 38, 10, 40, 23, 43, 39]], [48, []], [33, []], [22, []], [38, []], [10, []], [40, []], [23, []], [43, []], [39, []], [28, [28, 4]], [4, []], [15, [15, 41, 49, 1, 44, 37, 12, 8]], [41, []], [49, []], [1, []], [44, []], [37, []], [12, []], [8, []]]], [[[27, [27]]], [[30, [30, 21, 5, 2, 31]]], [[25, [25, 18, 32, 35, 6, 17, 46, 20, 16]]], [[35, [26, 14]]], [[42, [42, 48, 33, 22, 38, 10, 40, 23, 43, 39]]], [[28, [28, 4]]], [[15, [15, 41, 49, 1, 44, 37, 12, 8]]], [[36, [36, 24, 34, 50, 19, 29, 45, 13, 11]]]]]}
