{"file_name": "U_50_1", "number_of_trucks": 2, "drone_capacity": 10, "number_of_drones": 2, "iteration": 1, "best_fitness": 604.5906763292953, "runtime": 3621.2833042144775, "best_solution": [[[[0, []], [22, [22, 1, 40, 23, 49]], [1, []], [40, []], [23, []], [49, []], [0, [18, 46, 7, 25]], [25, []], [18, []], [46, []], [7, []], [0, []], [21, [21, 37, 3, 8, 26, 28, 29, 12]], [37, []], [3, []], [8, []], [26, []], [28, []], [31, [31, 9, 2]], [9, []], [2, []], [29, []], [35, [35, 45]], [12, []], [45, []]], [[0, [19, 14, 44, 17, 16, 30]], [14, []], [44, []], [17, [13, 32]], [16, []], [30, []], [13, []], [32, [6, 41, 10]], [19, []], [41, []], [10, []], [6, []], [11, [11]], [42, [42, 47, 50, 27, 33, 4]], [33, []], [4, []], [47, []], [34, [34, 36, 39, 38, 43]], [39, []], [38, []], [27, []], [50, [5, 15, 24, 20, 48]], [36, []], [43, []], [5, []], [24, []], [20, []], [48, []], [15, []]]], [[[17, [13, 32]]], [[22, [22, 1, 40, 23, 49]]], [[32, [6, 41, 10]]], [[11, [11]]], [[42, [42, 47, 50, 27, 33, 4]]], [[21, [21, 37, 3, 8, 26, 28, 29, 12]]], [[34, [34, 36, 39, 38, 43]]], [[31, [31, 9, 2]]], [[50, [5, 15, 24, 20, 48]]], [[35, [35, 45]]]]]}
{"file_name": "U_50_1", "number_of_trucks": 2, "drone_capacity": 10, "number_of_drones": 2, "iteration": 2, "best_fitness": 689.6970218376173, "runtime": 143.7563865184784, "best_solution": [[[[0, [40, 23, 1]], [40, []], [23, []], [1, []], [49, [49]], [14, [14, 30, 13, 18, 46, 6]], [30, [50, 28, 3, 37]], [13, []], [18, []], [46, []], [6, []], [50, []], [28, []], [3, []], [37, []], [4, [4, 42, 27, 39, 38, 2, 35, 9, 15]], [42, []], [27, []], [39, []], [38, []], [2, []], [35, []], [9, []], [15, []]], [[0, []], [22, [22]], [44, [44, 17, 16, 19, 32, 25]], [17, []], [16, []], [19, []], [32, []], [25, []], [41, [41, 10, 29, 11, 12]], [10, []], [29, []], [11, []], [12, []], [47, [47, 26, 33, 36, 43]], [26, []], [33, []], [36, []], [43, []], [8, [8, 21, 34, 7, 48, 24, 5, 20, 31, 45]], [21, []], [34, []], [7, []], [48, []], [24, []], [5, []], [20, []], [31, []], [45, []]]], [[[22, [22]]], [[44, [44, 17, 16, 19, 32, 25]]], [[49, [49]]], [[14, [14, 30, 13, 18, 46, 6]]], [[30, [50, 28, 3, 37]]], [[41, [41, 10, 29, 11, 12]]], [[47, [47, 26, 33, 36, 43]]], [[4, [4, 42, 27, 39, 38, 2, 35, 9, 15]]], [[8, [8, 21, 34, 7, 48, 24, 5, 20, 31, 45]]]]]}
{"file_name": "U_50_1", "number_of_trucks": 2, "drone_capacity": 10, "number_of_drones": 2, "iteration": 3, "best_fitness": 726.9985282646544, "runtime": 133.60102939605713, "best_solution": [[[[0, [40, 23, 1, 22, 49]], [40, []], [23, []], [1, []], [22, []], [49, []], [14, [14]], [30, [30, 13]], [13, []], [18, [18]], [46, [46, 6, 7, 50, 36, 47]], [6, []], [7, []], [50, []], [36, []], [47, []], [4, [4, 42, 21, 43, 31, 15, 11, 35, 12, 45]], [42, []], [21, []], [43, []], [31, []], [15, []], [11, []], [35, []], [12, []], [45, []]], [[0, [44, 17, 16, 19]], [44, [32, 25]], [17, []], [16, []], [19, []], [32, []], [25, []], [41, [41, 10]], [10, []], [29, [29, 3, 8, 37, 28, 26, 33]], [3, []], [8, []], [37, []], [28, []], [26, []], [33, []], [38, [38, 27, 39, 34, 2, 9, 48, 20, 24, 5]], [27, []], [39, []], [34, []], [2, []], [9, []], [48, []], [20, []], [24, []], [5, []]]], [[[44, [32, 25]]], [[14, [14]]], [[30, [30, 13]]], [[18, [18]]], [[41, [41, 10]]], [[46, [46, 6, 7, 50, 36, 47]]], [[29, [29, 3, 8, 37, 28, 26, 33]]], [[4, [4, 42, 21, 43, 31, 15, 11, 35, 12, 45]]], [[38, [38, 27, 39, 34, 2, 9, 48, 20, 24, 5]]]]]}
{"file_name": "U_50_1", "number_of_trucks": 2, "drone_capacity": 10, "number_of_drones": 2, "iteration": 4, "best_fitness": 727.480108191428, "runtime": 114.32977414131165, "best_solution": [[[[0, [10, 14, 8, 23, 11, 12, 32]], [10, []], [14, []], [8, []], [23, []], [11, []], [12, []], [32, []], [13, [13, 21, 28, 3, 47, 49, 2, 35, 9, 15]], [21, []], [28, []], [3, []], [47, []], [49, []], [2, []], [35, []], [9, []], [15, []]], [[0, [19, 25, 40, 30, 18, 44, 16, 17, 41]], [19, []], [25, []], [40, []], [30, [6, 7, 1, 29]], [18, []], [44, []], [16, []], [17, []], [41, []], [6, []], [7, []], [1, []], [29, []], [22, [22, 46, 37, 4, 33, 39, 38, 27, 26, 34]], [46, []], [37, []], [4, []], [33, []], [39, []], [38, []], [27, []], [26, []], [34, []], [50, [50, 36, 43, 48, 24, 5, 20, 31, 42, 45]], [36, []], [43, []], [48, []], [24, []], [5, []], [20, []], [31, []], [42, []], [45, []]]], [[[30, [6, 7, 1, 29]]], [[22, [22, 46, 37, 4, 33, 39, 38, 27, 26, 34]]], [[13, [13, 21, 28, 3, 47, 49, 2, 35, 9, 15]]], [[50, [50, 36, 43, 48, 24, 5, 20, 31, 42, 45]]]]]}
{"file_name": "U_50_1", "number_of_trucks": 2, "drone_capacity": 10, "number_of_drones": 2, "iteration": 5, "best_fitness": 743.5782943575863, "runtime": 120.46719193458557, "best_solution": [[[[0, [14, 30, 13, 49]], [14, []], [30, []], [13, []], [49, []], [40, [40, 1, 23, 18, 46, 6, 7]], [1, [11, 12]], [23, []], [18, []], [46, []], [6, []], [7, []], [11, []], [12, []], [4, [4, 43, 21, 34, 31, 15, 47, 2, 35, 9]], [43, []], [21, []], [34, []], [31, []], [15, []], [47, []], [2, []], [35, []], [9, []]], [[0, [22, 44, 17, 16, 19, 32, 25]], [22, []], [44, []], [17, []], [16, []], [19, []], [32, []], [25, []], [41, [41]], [10, [10, 50, 36, 3, 8, 37, 26, 33, 38]], [50, []], [36, []], [3, []], [8, []], [37, []], [26, []], [33, []], [38, []], [27, [27, 39, 42, 29, 20, 24, 5, 48, 28, 45]], [39, []], [42, []], [29, []], [20, []], [24, []], [5, []], [48, []], [28, []], [45, []]]], [[[40, [40, 1, 23, 18, 46, 6, 7]]], [[41, [41]]], [[1, [11, 12]]], [[10, [10, 50, 36, 3, 8, 37, 26, 33, 38]]], [[4, [4, 43, 21, 34, 31, 15, 47, 2, 35, 9]]], [[27, [27, 39, 42, 29, 20, 24, 5, 48, 28, 45]]]]]}
