{"file_name": "U_50_0", "number_of_trucks": 2, "drone_capacity": 10, "number_of_drones": 2, "iteration": 1, "best_fitness": 400.80938649418624, "runtime": 3623.3550786972046, "best_solution": [[[[0, [28, 41, 20, 24, 18]], [28, [12]], [41, []], [20, []], [15, [15, 26, 34, 8, 29, 46, 39, 31, 37]], [38, [38, 30, 45, 16, 7, 17]], [30, []], [45, []], [26, []], [34, []], [8, []], [29, []], [40, [40, 49, 9, 32]], [46, []], [39, []], [31, []], [37, []], [9, []], [32, []], [16, []], [7, []], [24, []], [18, []], [17, []], [49, []], [12, []]], [[0, [43, 35, 48, 42, 1, 3, 5, 36, 50, 27, 23]], [42, []], [43, []], [22, [22, 14, 47, 19, 21]], [1, []], [19, []], [3, []], [14, []], [27, []], [47, []], [5, []], [11, [11, 10, 4, 25, 33, 13, 2, 44, 6]], [35, []], [48, []], [36, []], [25, []], [50, []], [23, []], [10, []], [4, []], [21, []], [33, []], [44, []], [6, []], [13, []], [2, []]]], [[[28, [12]]], [[22, [22, 14, 47, 19, 21]]], [[15, [15, 26, 34, 8, 29, 46, 39, 31, 37]]], [[38, [38, 30, 45, 16, 7, 17]]], [[11, [11, 10, 4, 25, 33, 13, 2, 44, 6]]], [[40, [40, 49, 9, 32]]]]]}
{"file_name": "U_50_0", "number_of_trucks": 2, "drone_capacity": 10, "number_of_drones": 2, "iteration": 2, "best_fitness": 512.2400000000001, "runtime": 97.86596250534058, "best_solution": [[[[0, [23, 29, 35, 48, 8, 34, 19, 22, 45, 1, 26, 5, 27, 47, 3, 14, 11, 36, 25, 37, 32, 16, 43, 30, 13, 6, 44, 33, 15]], [23, []], [29, []], [35, []], [48, []], [8, []], [34, []], [19, []], [22, []], [45, []], [1, []], [26, []], [5, []], [27, []], [47, []], [3, []], [14, []], [11, []], [36, []], [25, []], [37, []], [32, []], [16, []], [43, []], [30, []], [13, []], [6, []], [44, []], [33, []], [15, []]], [[0, [18, 21, 24, 12, 42, 28, 41, 38, 20, 2, 17, 4, 10, 39, 31, 46, 40, 50, 9, 7, 49]], [18, []], [21, []], [24, []], [12, []], [42, []], [28, []], [41, []], [38, []], [20, []], [2, []], [17, []], [4, []], [10, []], [39, []], [31, []], [46, []], [40, []], [50, []], [9, []], [7, []], [49, []]]], []]}
{"file_name": "U_50_0", "number_of_trucks": 2, "drone_capacity": 10, "number_of_drones": 2, "iteration": 3, "best_fitness": 421.9034337057019, "runtime": 135.5103554725647, "best_solution": [[[[0, [27]], [43, [43]], [34, [34, 35, 48, 46, 50, 23, 8, 12]], [35, []], [48, []], [46, []], [50, []], [23, []], [8, []], [26, [26, 1, 45, 30, 6, 13, 19, 3, 47, 14]], [1, []], [45, []], [30, []], [6, []], [13, []], [19, []], [3, []], [47, [11, 36, 25, 5, 29, 40, 9, 32, 15]], [14, []], [27, []], [5, []], [11, []], [36, []], [25, []], [29, []], [40, []], [9, []], [32, []], [15, []], [12, []]], [[0, [28]], [28, []], [21, [21]], [18, [18, 24, 37]], [24, []], [37, []], [39, [39, 31, 7, 16, 22, 10]], [31, []], [7, []], [16, []], [22, []], [10, []], [4, [4, 17, 49, 42, 44, 33, 38, 20, 41, 2]], [17, []], [49, []], [42, []], [44, []], [33, []], [38, []], [20, []], [41, []], [2, []]]], [[[43, [43]]], [[34, [34, 35, 48, 46, 50, 23, 8, 12]]], [[21, [21]]], [[18, [18, 24, 37]]], [[26, [26, 1, 45, 30, 6, 13, 19, 3, 47, 14]]], [[39, [39, 31, 7, 16, 22, 10]]], [[4, [4, 17, 49, 42, 44, 33, 38, 20, 41, 2]]], [[47, [11, 36, 25, 5, 29, 40, 9, 32, 15]]]]]}
{"file_name": "U_50_0", "number_of_trucks": 2, "drone_capacity": 10, "number_of_drones": 2, "iteration": 4, "best_fitness": 521.9600000000002, "runtime": 99.36655306816101, "best_solution": [[[[0, [43, 48, 35, 36, 29, 46, 39, 31, 7, 16, 19, 1, 45, 26, 11, 14, 47, 13, 33, 20, 41, 2, 28]], [43, []], [48, []], [35, []], [36, []], [29, []], [46, []], [39, []], [31, []], [7, []], [16, []], [19, []], [1, []], [45, []], [26, []], [11, []], [14, []], [47, []], [13, []], [33, []], [20, []], [41, []], [2, []], [28, []]], [[0, [3, 27, 5, 34, 8, 22, 15, 42, 38, 30, 6, 44, 32, 9, 23, 25, 50, 40, 37, 10, 4, 21, 24, 18, 17, 49, 12]], [3, []], [27, []], [5, []], [34, []], [8, []], [22, []], [15, []], [42, []], [38, []], [30, []], [6, []], [44, []], [32, []], [9, []], [23, []], [25, []], [50, []], [40, []], [37, []], [10, []], [4, []], [21, []], [24, []], [18, []], [17, []], [49, []], [12, []]]], []]}
{"file_name": "U_50_0", "number_of_trucks": 2, "drone_capacity": 10, "number_of_drones": 2, "iteration": 5, "best_fitness": 416.98343613305724, "runtime": 112.66472506523132, "best_solution": [[[[0, [23, 29, 50, 48, 35, 27]], [23, []], [29, []], [50, []], [48, []], [35, []], [34, [34, 8, 1, 26, 45, 22, 30, 6, 13, 19]], [8, []], [1, []], [26, []], [45, []], [22, []], [30, []], [6, []], [13, []], [19, []], [3, [3, 47, 14, 5, 11, 36, 25, 37, 7, 15]], [47, []], [14, []], [27, []], [5, []], [11, []], [36, []], [25, []], [37, []], [7, []], [15, []]], [[0, [21, 24, 18, 43, 42]], [21, []], [24, []], [18, []], [43, []], [42, [38, 2, 41, 28, 20, 33, 44, 16, 32]], [38, []], [2, []], [41, []], [28, []], [20, []], [33, []], [44, []], [16, []], [32, []], [9, [9, 40, 46, 39, 31, 10, 4, 17, 49, 12]], [40, []], [46, []], [39, []], [31, []], [10, []], [4, []], [17, []], [49, []], [12, []]]], [[[42, [38, 2, 41, 28, 20, 33, 44, 16, 32]]], [[34, [34, 8, 1, 26, 45, 22, 30, 6, 13, 19]]], [[3, [3, 47, 14, 5, 11, 36, 25, 37, 7, 15]]], [[9, [9, 40, 46, 39, 31, 10, 4, 17, 49, 12]]]]]}
