{"file_name": "U_50_1", "number_of_trucks": 2, "drone_capacity": 10, "number_of_drones": 2, "iteration": 1, "best_fitness": 488.36202263898247, "runtime": 3645.841413259506, "best_solution": [[[[0, []], [3, [3, 15]], [15, []], [31, [31, 29, 46, 40, 30]], [29, []], [46, []], [40, []], [30, []], [14, [14, 17, 39, 27, 13, 38]], [13, []], [38, []], [17, []], [39, []], [28, [28, 7, 4, 36, 22, 6, 10, 26]], [7, []], [4, []], [27, []], [43, [43, 16, 21, 12]], [16, []], [36, []], [22, []], [6, []], [10, []], [26, []], [21, []], [12, []]], [[0, [44, 23]], [11, [11, 20]], [23, []], [20, []], [35, [35, 25, 37, 2, 45]], [45, []], [25, []], [37, []], [5, [5, 48, 33, 50, 41, 1]], [33, []], [48, []], [2, []], [47, [47, 32, 18, 19, 24, 34, 42, 8, 9, 49]], [41, []], [1, []], [44, []], [32, []], [18, []], [19, []], [24, []], [34, []], [50, []], [42, []], [8, []], [9, []], [49, []]]], [[[11, [11, 20]]], [[3, [3, 15]]], [[31, [31, 29, 46, 40, 30]]], [[35, [35, 25, 37, 2, 45]]], [[14, [14, 17, 39, 27, 13, 38]]], [[5, [5, 48, 33, 50, 41, 1]]], [[28, [28, 7, 4, 36, 22, 6, 10, 26]]], [[47, [47, 32, 18, 19, 24, 34, 42, 8, 9, 49]]], [[43, [43, 16, 21, 12]]]]]}
{"file_name": "U_50_1", "number_of_trucks": 2, "drone_capacity": 10, "number_of_drones": 2, "iteration": 2, "best_fitness": 549.462442882383, "runtime": 138.8514003753662, "best_solution": [[[[0, [3]], [3, []], [37, [37, 31, 45, 35, 20, 39]], [31, []], [45, []], [35, []], [20, []], [39, []], [25, [25, 50, 5, 48, 33, 19, 18]], [50, []], [5, []], [48, []], [33, []], [19, []], [18, []], [44, [44, 32, 1, 41, 36, 43, 16, 26, 21, 12]], [32, []], [1, []], [41, []], [36, []], [43, []], [16, []], [26, []], [21, []], [12, []]], [[0, []], [15, [15]], [46, [46, 2, 11, 23, 40]], [2, []], [11, []], [23, []], [40, []], [13, [13, 30, 14, 38]], [30, []], [14, []], [38, []], [17, [17, 27, 7, 4, 47, 22]], [27, []], [7, []], [4, []], [47, []], [22, []], [6, [6, 10, 28, 29, 24, 34, 42, 8, 9, 49]], [10, []], [28, []], [29, []], [24, []], [34, []], [42, []], [8, []], [9, []], [49, []]]], [[[15, [15]]], [[46, [46, 2, 11, 23, 40]]], [[37, [37, 31, 45, 35, 20, 39]]], [[13, [13, 30, 14, 38]]], [[25, [25, 50, 5, 48, 33, 19, 18]]], [[17, [17, 27, 7, 4, 47, 22]]], [[6, [6, 10, 28, 29, 24, 34, 42, 8, 9, 49]]], [[44, [44, 32, 1, 41, 36, 43, 16, 26, 21, 12]]]]]}
{"file_name": "U_50_1", "number_of_trucks": 2, "drone_capacity": 10, "number_of_drones": 2, "iteration": 3, "best_fitness": 533.0589695998951, "runtime": 131.16784119606018, "best_solution": [[[[0, [3]], [3, []], [35, [35, 45, 29, 37, 44, 2]], [45, []], [29, []], [37, []], [44, []], [2, []], [33, [33, 48, 5, 46, 22]], [48, []], [5, []], [46, [47, 4, 41, 31, 32]], [22, []], [47, []], [4, []], [41, []], [31, []], [32, []], [18, [18, 24, 19, 25, 34, 50, 42, 8, 9, 49]], [24, []], [19, []], [25, []], [34, []], [50, []], [42, []], [8, []], [9, []], [49, []]], [[0, [20]], [20, []], [11, [11, 15, 23, 40]], [15, []], [23, []], [40, []], [1, [1, 27, 17, 36, 38, 13, 30, 14]], [27, []], [17, []], [36, []], [38, []], [13, []], [30, []], [14, []], [6, [6, 26, 10, 21, 39, 16, 43, 7, 28, 12]], [26, []], [10, []], [21, []], [39, []], [16, []], [43, []], [7, []], [28, []], [12, []]]], [[[35, [35, 45, 29, 37, 44, 2]]], [[11, [11, 15, 23, 40]]], [[33, [33, 48, 5, 46, 22]]], [[1, [1, 27, 17, 36, 38, 13, 30, 14]]], [[46, [47, 4, 41, 31, 32]]], [[18, [18, 24, 19, 25, 34, 50, 42, 8, 9, 49]]], [[6, [6, 26, 10, 21, 39, 16, 43, 7, 28, 12]]]]]}
{"file_name": "U_50_1", "number_of_trucks": 2, "drone_capacity": 10, "number_of_drones": 2, "iteration": 4, "best_fitness": 688.12, "runtime": 109.89103651046753, "best_solution": [[[[0, [25, 37, 2, 48, 1, 41, 45, 4, 15, 32, 18, 19, 24, 34, 50, 42, 33, 5, 9, 8, 6, 26, 21]], [25, []], [37, []], [2, []], [48, []], [1, []], [41, []], [45, []], [4, []], [15, []], [32, []], [18, []], [19, []], [24, []], [34, []], [50, []], [42, []], [33, []], [5, []], [9, []], [8, []], [6, []], [26, []], [21, []]], [[0, [3, 29, 44, 31, 35, 20, 11, 40, 38, 46, 10, 14, 30]], [3, []], [29, [47, 22, 13, 36]], [44, []], [31, []], [35, []], [20, []], [11, []], [40, []], [38, []], [46, []], [10, []], [14, []], [30, []], [47, []], [22, []], [13, []], [36, []], [27, [27, 16, 39, 23, 17, 43, 7, 28, 12, 49]], [16, []], [39, []], [23, []], [17, []], [43, []], [7, []], [28, []], [12, []], [49, []]]], [[[29, [47, 22, 13, 36]]], [[27, [27, 16, 39, 23, 17, 43, 7, 28, 12, 49]]]]]}
{"file_name": "U_50_1", "number_of_trucks": 2, "drone_capacity": 10, "number_of_drones": 2, "iteration": 5, "best_fitness": 599.4989695998952, "runtime": 127.87148094177246, "best_solution": [[[[0, [20, 23, 15, 44]], [20, []], [23, []], [15, []], [44, []], [37, [37]], [35, [35, 45, 50, 48, 49, 5, 25, 18]], [45, []], [50, []], [48, []], [49, []], [5, []], [25, []], [18, []], [32, [32, 4, 7, 28, 16, 43, 36, 38, 46, 47]], [4, []], [7, []], [28, []], [16, []], [43, []], [36, []], [38, []], [46, []], [47, []]], [[0, []], [3, [3, 11, 40, 29, 2, 30]], [11, [14]], [40, []], [29, []], [2, []], [30, []], [14, []], [13, [13, 17, 27, 39, 31, 1, 41, 9, 8, 33]], [17, []], [27, []], [39, []], [31, []], [1, []], [41, []], [9, []], [8, []], [33, []], [42, [42, 34, 24, 19, 22, 6, 10, 26, 21, 12]], [34, []], [24, []], [19, []], [22, []], [6, []], [10, []], [26, []], [21, []], [12, []]]], [[[3, [3, 11, 40, 29, 2, 30]]], [[37, [37]]], [[11, [14]]], [[13, [13, 17, 27, 39, 31, 1, 41, 9, 8, 33]]], [[35, [35, 45, 50, 48, 49, 5, 25, 18]]], [[42, [42, 34, 24, 19, 22, 6, 10, 26, 21, 12]]], [[32, [32, 4, 7, 28, 16, 43, 36, 38, 46, 47]]]]]}
