{"file_name": "U_50_1", "number_of_trucks": 2, "drone_capacity": 10, "number_of_drones": 2, "iteration": 1, "best_fitness": 505.9960403051578, "runtime": 3649.7465929985046, "best_solution": [[[[0, [26, 24, 6]], [26, []], [24, []], [6, []], [25, [25]], [48, [48]], [5, [5, 9, 16, 28, 10, 31, 41, 33]], [9, []], [16, []], [28, []], [10, []], [31, []], [41, []], [33, []], [47, [47, 8, 35, 34, 19, 50, 15, 38, 20, 43]], [8, []], [35, []], [34, []], [19, []], [50, []], [15, []], [38, []], [20, []], [43, []]], [[0, []], [45, [45, 32, 21, 11]], [32, []], [21, []], [37, [37, 12, 42, 49, 3]], [12, []], [42, []], [11, []], [49, []], [3, []], [17, [17, 4, 29, 2, 7, 27, 36, 1, 44, 23]], [4, []], [29, []], [2, []], [7, []], [27, []], [36, []], [1, []], [18, [18, 14, 39, 46, 40, 13, 30]], [14, []], [39, []], [44, []], [46, []], [23, []], [22, [22]], [40, []], [13, []], [30, []]]], [[[45, [45, 32, 21, 11]]], [[37, [37, 12, 42, 49, 3]]], [[25, [25]]], [[48, [48]]], [[5, [5, 9, 16, 28, 10, 31, 41, 33]]], [[17, [17, 4, 29, 2, 7, 27, 36, 1, 44, 23]]], [[47, [47, 8, 35, 34, 19, 50, 15, 38, 20, 43]]], [[18, [18, 14, 39, 46, 40, 13, 30]]], [[22, [22]]]]]}
{"file_name": "U_50_1", "number_of_trucks": 2, "drone_capacity": 10, "number_of_drones": 2, "iteration": 2, "best_fitness": 565.5864163574295, "runtime": 134.61763167381287, "best_solution": [[[[0, [24]], [24, []], [11, [11]], [29, [29, 16, 44, 28, 10, 47, 8]], [16, []], [44, []], [28, []], [10, []], [47, []], [8, []], [36, [36, 12, 1, 18, 45, 22, 40, 31, 13, 30]], [12, []], [1, []], [18, []], [45, []], [22, []], [40, []], [31, []], [13, []], [30, []]], [[0, [3]], [3, []], [26, [26, 6]], [17, [17, 9, 21, 48, 37, 49, 5]], [9, []], [21, [7]], [48, []], [6, []], [37, []], [49, []], [5, []], [7, []], [27, [27, 42, 33, 14, 39, 25, 23, 32, 46, 41]], [42, []], [33, []], [14, []], [39, []], [25, []], [23, []], [32, []], [46, []], [41, []], [20, [20, 38, 15, 19, 50, 4, 43, 35, 34, 2]], [38, []], [15, []], [19, []], [50, []], [4, []], [43, []], [35, []], [34, []], [2, []]]], [[[11, [11]]], [[26, [26, 6]]], [[17, [17, 9, 21, 48, 37, 49, 5]]], [[21, [7]]], [[27, [27, 42, 33, 14, 39, 25, 23, 32, 46, 41]]], [[29, [29, 16, 44, 28, 10, 47, 8]]], [[36, [36, 12, 1, 18, 45, 22, 40, 31, 13, 30]]], [[20, [20, 38, 15, 19, 50, 4, 43, 35, 34, 2]]]]]}
{"file_name": "U_50_1", "number_of_trucks": 2, "drone_capacity": 10, "number_of_drones": 2, "iteration": 3, "best_fitness": 542.7064163574295, "runtime": 129.31071376800537, "best_solution": [[[[0, [37, 12, 24, 26]], [37, []], [12, []], [24, []], [26, []], [3, [3, 17]], [17, []], [29, [29, 4, 16, 28, 10, 41, 33, 47]], [4, []], [16, []], [28, []], [10, []], [41, []], [33, []], [47, []], [7, [7, 2, 34, 19, 50, 15, 38, 20, 43, 35]], [2, []], [34, []], [19, []], [50, []], [15, []], [38, []], [20, []], [43, []], [35, []]], [[0, [6]], [6, [5, 45, 25]], [5, []], [45, []], [25, [49, 9, 42]], [49, []], [9, []], [48, [48, 21, 31, 23, 18, 1, 36, 8, 27]], [21, []], [31, []], [23, []], [18, []], [1, []], [36, []], [8, []], [27, []], [42, []], [11, [11, 14, 39, 44, 32, 46, 22, 40, 13, 30]], [14, []], [39, []], [44, []], [32, []], [46, []], [22, []], [40, []], [13, []], [30, []]]], [[[6, [5, 45, 25]]], [[3, [3, 17]]], [[25, [49, 9, 42]]], [[29, [29, 4, 16, 28, 10, 41, 33, 47]]], [[48, [48, 21, 31, 23, 18, 1, 36, 8, 27]]], [[7, [7, 2, 34, 19, 50, 15, 38, 20, 43, 35]]], [[11, [11, 14, 39, 44, 32, 46, 22, 40, 13, 30]]]]]}
{"file_name": "U_50_1", "number_of_trucks": 2, "drone_capacity": 10, "number_of_drones": 2, "iteration": 4, "best_fitness": 531.4414635005705, "runtime": 137.563325881958, "best_solution": [[[[0, [6]], [6, []], [12, [12, 3, 9, 17, 29]], [3, []], [9, []], [17, []], [29, []], [24, [24, 49]], [49, []], [10, [10, 28, 16, 45, 22, 46, 41, 20]], [28, []], [16, []], [45, []], [22, []], [46, []], [41, []], [20, []], [38, [38, 15, 50, 19, 4, 43, 34, 35, 2, 7]], [15, []], [50, []], [19, []], [4, []], [43, []], [34, []], [35, []], [2, []], [7, []]], [[0, []], [32, [32]], [26, [26, 37]], [37, [31]], [31, []], [23, [23, 44, 25, 21, 5, 48, 11, 33, 42, 27]], [44, []], [25, []], [21, []], [5, []], [48, []], [11, []], [33, []], [42, []], [27, []], [8, [8, 47, 1, 36, 18, 39, 14, 40, 13, 30]], [47, []], [1, []], [36, []], [18, []], [39, []], [14, []], [40, []], [13, []], [30, []]]], [[[32, [32]]], [[26, [26, 37]]], [[12, [12, 3, 9, 17, 29]]], [[24, [24, 49]]], [[37, [31]]], [[23, [23, 44, 25, 21, 5, 48, 11, 33, 42, 27]]], [[10, [10, 28, 16, 45, 22, 46, 41, 20]]], [[8, [8, 47, 1, 36, 18, 39, 14, 40, 13, 30]]], [[38, [38, 15, 50, 19, 4, 43, 34, 35, 2, 7]]]]]}
{"file_name": "U_50_1", "number_of_trucks": 2, "drone_capacity": 10, "number_of_drones": 2, "iteration": 5, "best_fitness": 558.1513032410965, "runtime": 130.67197465896606, "best_solution": [[[[0, [24, 21]], [24, []], [21, []], [42, [42]], [37, [37, 28, 16, 10, 41, 8, 27, 47, 7]], [28, []], [16, []], [10, []], [41, []], [8, []], [27, []], [47, []], [7, []], [2, [2, 34, 19, 50, 15, 9, 38, 20, 43, 35]], [34, []], [19, []], [50, []], [15, []], [9, []], [38, []], [20, []], [43, []], [35, []]], [[0, []], [6, [6, 5, 26, 3, 29, 17]], [5, []], [26, [4, 49]], [3, []], [29, []], [17, []], [4, []], [49, []], [32, [32, 48, 39, 14, 11, 33, 12, 36, 1, 18]], [48, []], [39, []], [14, []], [11, []], [33, []], [12, []], [36, []], [1, []], [18, []], [25, [25, 23, 31, 22, 44, 46, 45, 40, 13, 30]], [23, []], [31, []], [22, []], [44, []], [46, []], [45, []], [40, []], [13, []], [30, []]]], [[[6, [6, 5, 26, 3, 29, 17]]], [[42, [42]]], [[26, [4, 49]]], [[37, [37, 28, 16, 10, 41, 8, 27, 47, 7]]], [[32, [32, 48, 39, 14, 11, 33, 12, 36, 1, 18]]], [[2, [2, 34, 19, 50, 15, 9, 38, 20, 43, 35]]], [[25, [25, 23, 31, 22, 44, 46, 45, 40, 13, 30]]]]]}
