{"file_name": "U_50_0", "number_of_trucks": 2, "drone_capacity": 10, "number_of_drones": 2, "iteration": 1, "best_fitness": 400.8012254533887, "runtime": 3668.3630521297455, "best_solution": [[[[0, [10, 44, 43, 3, 26, 18]], [10, []], [44, []], [1, [1, 15, 46, 24, 28, 13, 6]], [15, []], [46, []], [24, []], [43, []], [3, []], [48, [48, 47, 37, 31, 49, 20, 33, 36, 32]], [26, []], [47, []], [28, [30, 29, 27, 21, 25]], [18, []], [13, []], [49, []], [20, []], [37, []], [33, []], [31, []], [36, []], [32, []], [30, []], [29, []], [27, []], [21, []], [25, []], [6, []]], [[0, []], [41, [41, 50, 8, 16]], [50, []], [8, []], [39, [39, 19, 9, 40, 23, 11, 7, 45, 35, 5]], [19, []], [34, [34, 22, 17, 42, 4, 12, 38, 2, 14]], [22, []], [9, []], [17, []], [42, []], [40, []], [14, []], [35, []], [5, []], [16, []], [23, []], [4, []], [11, []], [7, []], [45, []], [12, []], [2, []], [38, []]]], [[[1, [1, 15, 46, 24, 28, 13, 6]]], [[41, [41, 50, 8, 16]]], [[39, [39, 19, 9, 40, 23, 11, 7, 45, 35, 5]]], [[34, [34, 22, 17, 42, 4, 12, 38, 2, 14]]], [[48, [48, 47, 37, 31, 49, 20, 33, 36, 32]]], [[28, [30, 29, 27, 21, 25]]]]]}
{"file_name": "U_50_0", "number_of_trucks": 2, "drone_capacity": 10, "number_of_drones": 2, "iteration": 2, "best_fitness": 418.2210044166294, "runtime": 123.90404438972473, "best_solution": [[[[0, [10, 44, 21]], [10, []], [44, []], [21, []], [46, [46, 15, 6, 2, 19, 39, 38, 12, 45, 7]], [15, []], [6, []], [2, []], [19, []], [39, []], [38, []], [12, []], [45, []], [7, []], [48, [48, 3, 13, 9, 32, 36, 30, 29, 27, 25]], [3, []], [13, []], [9, []], [32, []], [36, []], [30, []], [29, []], [27, []], [25, []]], [[0, [43, 18]], [43, []], [18, []], [41, [41, 50, 8, 26, 40]], [50, []], [8, []], [26, []], [40, []], [14, [14, 35, 5, 16, 11, 23, 4, 42, 47, 28]], [35, []], [5, []], [16, []], [11, []], [23, []], [4, []], [42, []], [47, []], [28, []], [17, [17, 37, 49, 20, 33, 31, 22, 34, 1, 24]], [37, []], [49, []], [20, []], [33, []], [31, []], [22, []], [34, []], [1, []], [24, []]]], [[[41, [41, 50, 8, 26, 40]]], [[14, [14, 35, 5, 16, 11, 23, 4, 42, 47, 28]]], [[46, [46, 15, 6, 2, 19, 39, 38, 12, 45, 7]]], [[17, [17, 37, 49, 20, 33, 31, 22, 34, 1, 24]]], [[48, [48, 3, 13, 9, 32, 36, 30, 29, 27, 25]]]]]}
{"file_name": "U_50_0", "number_of_trucks": 2, "drone_capacity": 10, "number_of_drones": 2, "iteration": 3, "best_fitness": 501.28, "runtime": 109.51862812042236, "best_solution": [[[[0, [21, 11, 44, 10, 46, 45, 2, 38, 34]], [21, [22, 9, 20, 49, 50, 41]], [11, []], [44, []], [10, []], [46, []], [45, []], [2, []], [38, []], [34, []], [22, []], [9, []], [20, []], [49, []], [50, []], [41, []], [17, [17, 37, 33, 31, 36, 32, 30, 29, 27, 25]], [37, []], [33, []], [31, []], [36, []], [32, []], [30, []], [29, []], [27, []], [25, []]], [[0, [43, 3, 26, 8, 14, 35, 40, 23, 16, 5, 42, 47, 4, 7, 48, 28, 18, 13, 19, 39, 12, 15, 1, 6, 24]], [43, []], [3, []], [26, []], [8, []], [14, []], [35, []], [40, []], [23, []], [16, []], [5, []], [42, []], [47, []], [4, []], [7, []], [48, []], [28, []], [18, []], [13, []], [19, []], [39, []], [12, []], [15, []], [1, []], [6, []], [24, []]]], [[[21, [22, 9, 20, 49, 50, 41]]], [[17, [17, 37, 33, 31, 36, 32, 30, 29, 27, 25]]]]]}
{"file_name": "U_50_0", "number_of_trucks": 2, "drone_capacity": 10, "number_of_drones": 2, "iteration": 4, "best_fitness": 436.356043685787, "runtime": 131.94338154792786, "best_solution": [[[[0, [3]], [3, []], [45, [45, 44, 10, 46, 6, 27, 32, 30, 36, 31]], [44, []], [10, []], [46, []], [6, []], [27, []], [32, []], [30, []], [36, [33, 9, 48, 4, 7, 19, 39, 29, 21, 25]], [31, []], [33, []], [9, []], [48, []], [4, []], [7, []], [19, []], [39, []], [29, []], [21, []], [25, []]], [[0, []], [43, [43]], [26, [26, 16, 14, 11]], [16, []], [14, []], [11, [23, 5, 35, 47, 24]], [23, []], [5, []], [35, []], [47, []], [42, [42, 40, 28, 8, 18, 50, 41, 17, 49, 37]], [40, []], [28, []], [8, []], [18, []], [50, []], [41, []], [17, []], [49, []], [37, []], [20, [20, 13, 22, 34, 38, 2, 12, 1, 15]], [13, []], [22, []], [34, []], [38, []], [2, []], [12, []], [1, []], [15, []], [24, []]]], [[[43, [43]]], [[26, [26, 16, 14, 11]]], [[11, [23, 5, 35, 47, 24]]], [[45, [45, 44, 10, 46, 6, 27, 32, 30, 36, 31]]], [[42, [42, 40, 28, 8, 18, 50, 41, 17, 49, 37]]], [[36, [33, 9, 48, 4, 7, 19, 39, 29, 21, 25]]], [[20, [20, 13, 22, 34, 38, 2, 12, 1, 15]]]]]}
{"file_name": "U_50_0", "number_of_trucks": 2, "drone_capacity": 10, "number_of_drones": 2, "iteration": 5, "best_fitness": 504.35999999999996, "runtime": 104.84341096878052, "best_solution": [[[[0, [8, 3, 43, 15, 1, 46, 44, 10, 45, 27, 32, 34, 22, 9, 48, 4, 7, 12, 2, 19, 39, 38, 6, 24]], [8, []], [3, []], [43, []], [15, []], [1, []], [46, []], [44, []], [10, []], [45, []], [27, []], [32, []], [34, []], [22, []], [9, []], [48, []], [4, []], [7, []], [12, []], [2, []], [19, []], [39, []], [38, []], [6, []], [24, []]], [[0, [20, 41, 50, 26, 23, 11, 16, 5, 35, 14, 40, 42, 47, 28, 18, 13, 49, 17, 37, 33, 31, 36, 30]], [20, [29, 21, 25]], [41, []], [50, []], [26, []], [23, []], [11, []], [16, []], [5, []], [35, []], [14, []], [40, []], [42, []], [47, []], [28, []], [18, []], [13, []], [49, []], [17, []], [37, []], [33, []], [31, []], [36, []], [30, []], [29, []], [21, []], [25, []]]], [[[20, [29, 21, 25]]]]]}
