{"file_name": "U_50_0", "number_of_trucks": 2, "drone_capacity": 10, "number_of_drones": 2, "iteration": 1, "best_fitness": 377.271194545266, "runtime": 3741.5747785568237, "best_solution": [[[[0, [11, 26, 42]], [26, []], [11, [40, 37, 7]], [42, []], [14, [14, 49, 39, 22, 15, 3, 43, 12]], [49, []], [39, []], [22, []], [27, [27, 10, 25, 38, 6, 28, 29, 32, 45, 36]], [10, []], [25, []], [15, []], [3, []], [43, []], [12, []], [38, []], [6, []], [28, []], [40, []], [37, []], [29, []], [45, []], [32, []], [36, []], [7, []]], [[0, [41, 33, 21, 24]], [4, [4, 18, 19, 46, 2, 31]], [41, []], [19, [9, 47, 34, 20, 17, 48, 23, 16]], [9, []], [5, [5, 8, 50, 35, 44, 1, 13, 30]], [47, []], [8, []], [30, []], [50, []], [34, []], [46, []], [16, []], [2, []], [20, []], [18, []], [17, []], [48, []], [31, []], [33, []], [13, []], [21, []], [35, []], [23, []], [44, []], [24, []], [1, []]]], [[[4, [4, 18, 19, 46, 2, 31]]], [[11, [40, 37, 7]]], [[14, [14, 49, 39, 22, 15, 3, 43, 12]]], [[19, [9, 47, 34, 20, 17, 48, 23, 16]]], [[5, [5, 8, 50, 35, 44, 1, 13, 30]]], [[27, [27, 10, 25, 38, 6, 28, 29, 32, 45, 36]]]]]}
{"file_name": "U_50_0", "number_of_trucks": 2, "drone_capacity": 10, "number_of_drones": 2, "iteration": 2, "best_fitness": 375.8845766573949, "runtime": 141.11300921440125, "best_solution": [[[[0, [18]], [31, [31, 17, 46, 34]], [17, []], [46, []], [34, []], [24, [24, 41]], [41, []], [36, [36, 32, 45, 13, 33, 20, 38, 12, 43, 3]], [32, []], [45, []], [13, []], [33, []], [18, []], [20, []], [38, []], [12, []], [43, []], [3, []], [15, [15, 25, 10, 27, 22, 47, 5, 9, 26, 4]], [25, []], [10, []], [27, []], [22, []], [47, []], [5, []], [9, []], [26, []], [4, []]], [[0, []], [39, [39]], [49, [49, 11, 42, 14]], [11, []], [42, []], [14, []], [48, [48, 21, 29, 37, 40, 28, 6, 2]], [21, []], [29, []], [37, []], [40, []], [28, []], [6, []], [2, []], [16, [16, 8, 30, 50, 35, 23, 44, 19, 7, 1]], [8, []], [30, []], [50, []], [35, []], [23, []], [44, []], [19, []], [7, []], [1, []]]], [[[31, [31, 17, 46, 34]]], [[39, [39]]], [[49, [49, 11, 42, 14]]], [[24, [24, 41]]], [[36, [36, 32, 45, 13, 33, 20, 38, 12, 43, 3]]], [[48, [48, 21, 29, 37, 40, 28, 6, 2]]], [[16, [16, 8, 30, 50, 35, 23, 44, 19, 7, 1]]], [[15, [15, 25, 10, 27, 22, 47, 5, 9, 26, 4]]]]]}
{"file_name": "U_50_0", "number_of_trucks": 2, "drone_capacity": 10, "number_of_drones": 2, "iteration": 3, "best_fitness": 403.20209329780744, "runtime": 130.6440396308899, "best_solution": [[[[0, [19]], [19, []], [49, [49, 42, 11, 14, 47, 39, 16, 38, 28, 6]], [42, []], [11, []], [14, []], [47, []], [39, []], [16, []], [38, []], [28, []], [6, []], [12, [12, 43, 3, 15, 25, 10, 27, 22, 5, 4]], [43, []], [3, []], [15, []], [25, []], [10, []], [27, []], [22, []], [5, []], [4, []]], [[0, []], [2, [2]], [37, [37, 40, 33, 31, 21]], [40, [36, 32, 45]], [33, []], [31, []], [21, []], [36, []], [32, []], [45, []], [29, [29, 13, 18, 17, 20, 48, 34, 46, 50, 30]], [13, []], [18, []], [17, []], [20, []], [48, []], [34, []], [46, []], [50, []], [30, []], [8, [8, 9, 35, 23, 41, 44, 24, 26, 7, 1]], [9, []], [35, []], [23, []], [41, []], [44, []], [24, []], [26, []], [7, []], [1, []]]], [[[2, [2]]], [[37, [37, 40, 33, 31, 21]]], [[40, [36, 32, 45]]], [[49, [49, 42, 11, 14, 47, 39, 16, 38, 28, 6]]], [[29, [29, 13, 18, 17, 20, 48, 34, 46, 50, 30]]], [[8, [8, 9, 35, 23, 41, 44, 24, 26, 7, 1]]], [[12, [12, 43, 3, 15, 25, 10, 27, 22, 5, 4]]]]]}
{"file_name": "U_50_0", "number_of_trucks": 2, "drone_capacity": 10, "number_of_drones": 2, "iteration": 4, "best_fitness": 504.8000000000001, "runtime": 103.45363354682922, "best_solution": [[[[0, [42, 11, 49, 4, 7, 14, 39, 47, 24, 9, 5, 8, 34, 20, 28, 6, 2, 50, 30, 35, 23, 44]], [42, []], [11, []], [49, []], [4, []], [7, []], [14, []], [39, []], [47, []], [24, []], [9, []], [5, []], [8, []], [34, []], [20, []], [28, []], [6, []], [2, []], [50, []], [30, []], [35, []], [23, []], [44, []]], [[0, [26, 19, 18, 17, 37, 40, 33, 21, 31, 48, 46, 16, 38, 12, 43, 3, 15, 25, 10, 27, 22, 13, 29, 45, 32, 36, 41, 1]], [26, []], [19, []], [18, []], [17, []], [37, []], [40, []], [33, []], [21, []], [31, []], [48, []], [46, []], [16, []], [38, []], [12, []], [43, []], [3, []], [15, []], [25, []], [10, []], [27, []], [22, []], [13, []], [29, []], [45, []], [32, []], [36, []], [41, []], [1, []]]], []]}
{"file_name": "U_50_0", "number_of_trucks": 2, "drone_capacity": 10, "number_of_drones": 2, "iteration": 5, "best_fitness": 520.48, "runtime": 103.06705665588379, "best_solution": [[[[0, [11, 24, 14, 49, 42, 47, 38, 43, 3, 25, 15, 12, 6, 28, 20, 50, 30, 9, 5, 4]], [11, []], [24, []], [14, []], [49, []], [42, []], [47, []], [38, []], [43, []], [3, []], [25, []], [15, []], [12, []], [6, []], [28, []], [20, []], [50, []], [30, []], [9, []], [5, []], [4, []]], [[0, [2, 40, 37, 33, 31, 21, 48, 17, 18, 46, 16, 34, 8, 22, 27, 10, 39, 13, 29, 45, 32, 44, 36, 41, 23, 35, 19, 26, 7, 1]], [2, []], [40, []], [37, []], [33, []], [31, []], [21, []], [48, []], [17, []], [18, []], [46, []], [16, []], [34, []], [8, []], [22, []], [27, []], [10, []], [39, []], [13, []], [29, []], [45, []], [32, []], [44, []], [36, []], [41, []], [23, []], [35, []], [19, []], [26, []], [7, []], [1, []]]], []]}
