{"file_name": "U_50_1", "number_of_trucks": 2, "drone_capacity": 10, "number_of_drones": 2, "iteration": 1, "best_fitness": 631.466471245077, "runtime": 3804.4952878952026, "best_solution": [[[[0, [2, 36, 33, 4]], [2, []], [36, []], [33, [34]], [4, []], [44, [44, 32]], [32, []], [34, []], [0, []], [18, [18, 46, 8, 45, 15]], [46, []], [8, []], [45, []], [31, [31, 43, 17, 41, 23, 28, 9]], [41, []], [23, []], [28, []], [43, []], [22, [22, 25, 14, 11, 35, 26]], [25, []], [14, []], [15, []], [9, []], [11, []], [17, []], [35, []], [26, []]], [[0, []], [13, [13, 1]], [1, []], [29, [29, 6, 5, 47, 20, 24, 19]], [6, []], [5, []], [47, []], [20, []], [24, []], [19, []], [0, [7, 27]], [7, []], [42, [42, 40, 38, 30, 21]], [27, []], [40, []], [38, []], [12, [12, 16, 3, 48, 50, 37]], [16, []], [30, []], [3, []], [48, []], [50, []], [10, [10, 39, 49]], [21, []], [39, []], [37, []], [49, []]]], [[[13, [13, 1]]], [[33, [34]]], [[29, [29, 6, 5, 47, 20, 24, 19]]], [[44, [44, 32]]], [[18, [18, 46, 8, 45, 15]]], [[42, [42, 40, 38, 30, 21]]], [[31, [31, 43, 17, 41, 23, 28, 9]]], [[12, [12, 16, 3, 48, 50, 37]]], [[22, [22, 25, 14, 11, 35, 26]]], [[10, [10, 39, 49]]]]]}
{"file_name": "U_50_1", "number_of_trucks": 2, "drone_capacity": 10, "number_of_drones": 2, "iteration": 2, "best_fitness": 801.0052155749664, "runtime": 111.09753751754761, "best_solution": [[[[0, [36, 13, 33, 20, 1, 34, 44]], [36, []], [13, []], [33, []], [20, []], [1, []], [34, []], [44, []], [45, [45, 32, 30, 21, 46, 42, 50, 48, 16, 12]], [32, []], [30, []], [21, []], [46, []], [42, []], [50, []], [48, []], [16, []], [12, []], [3, [3, 49, 17, 35, 23, 11, 14, 26, 22, 28]], [49, []], [17, []], [35, []], [23, []], [11, []], [14, []], [26, []], [22, []], [28, []]], [[0, [2, 27, 4, 24, 47, 7, 19, 5, 18, 38, 40, 29, 6]], [2, []], [27, []], [4, []], [24, []], [47, []], [7, []], [19, []], [5, []], [18, []], [38, []], [40, []], [29, []], [6, []], [15, [15, 8, 41, 43, 31, 37, 9, 25, 10, 39]], [8, []], [41, []], [43, []], [31, []], [37, []], [9, []], [25, []], [10, []], [39, []]]], [[[45, [45, 32, 30, 21, 46, 42, 50, 48, 16, 12]]], [[3, [3, 49, 17, 35, 23, 11, 14, 26, 22, 28]]], [[15, [15, 8, 41, 43, 31, 37, 9, 25, 10, 39]]]]]}
{"file_name": "U_50_1", "number_of_trucks": 2, "drone_capacity": 10, "number_of_drones": 2, "iteration": 3, "best_fitness": 717.4664712450771, "runtime": 123.73423671722412, "best_solution": [[[[0, [19, 44, 7, 36, 27]], [19, []], [44, []], [7, []], [36, []], [27, []], [38, [38]], [29, [29, 18, 30, 42, 46, 21, 24, 15, 41]], [18, []], [30, []], [42, []], [46, []], [21, []], [24, []], [15, []], [41, []], [23, [23, 3, 49, 16, 48, 50, 10, 12, 14, 11]], [3, []], [49, []], [16, []], [48, []], [50, []], [10, []], [12, []], [14, []], [11, []]], [[0, [33, 4, 13, 47, 20]], [33, []], [4, []], [13, []], [47, []], [20, []], [5, [5, 1]], [1, []], [40, [40, 2, 34, 8, 32]], [2, []], [34, [43, 6, 45]], [8, []], [32, []], [43, []], [6, []], [45, []], [31, [31, 28, 9, 25, 35, 17, 22, 39, 37, 26]], [28, []], [9, []], [25, []], [35, []], [17, []], [22, []], [39, []], [37, []], [26, []]]], [[[38, [38]]], [[5, [5, 1]]], [[40, [40, 2, 34, 8, 32]]], [[29, [29, 18, 30, 42, 46, 21, 24, 15, 41]]], [[34, [43, 6, 45]]], [[23, [23, 3, 49, 16, 48, 50, 10, 12, 14, 11]]], [[31, [31, 28, 9, 25, 35, 17, 22, 39, 37, 26]]]]]}
{"file_name": "U_50_1", "number_of_trucks": 2, "drone_capacity": 10, "number_of_drones": 2, "iteration": 4, "best_fitness": 738.7259533201021, "runtime": 125.56816577911377, "best_solution": [[[[0, [36, 2, 33, 20]], [36, []], [2, []], [33, [44, 34, 29, 6, 32, 13]], [20, []], [44, []], [34, []], [29, []], [6, []], [32, []], [13, []], [45, [45, 21, 46, 42, 9, 31, 37]], [21, []], [46, []], [42, []], [9, []], [31, []], [37, []], [17, [17, 49, 28, 22, 26, 25, 14, 23, 35, 11]], [49, []], [28, []], [22, []], [26, []], [25, []], [14, []], [23, []], [35, []], [11, []]], [[0, [1, 27, 4]], [1, []], [27, []], [4, []], [24, [24, 47]], [47, []], [7, [7, 19, 5, 18, 38, 40, 30, 15]], [19, []], [5, []], [18, []], [38, []], [40, []], [30, []], [15, []], [8, [8, 41]], [41, []], [43, [43, 16, 50, 48, 3, 12, 10, 39]], [16, []], [50, []], [48, []], [3, []], [12, []], [10, []], [39, []]]], [[[33, [44, 34, 29, 6, 32, 13]]], [[24, [24, 47]]], [[7, [7, 19, 5, 18, 38, 40, 30, 15]]], [[8, [8, 41]]], [[45, [45, 21, 46, 42, 9, 31, 37]]], [[17, [17, 49, 28, 22, 26, 25, 14, 23, 35, 11]]], [[43, [43, 16, 50, 48, 3, 12, 10, 39]]]]]}
{"file_name": "U_50_1", "number_of_trucks": 2, "drone_capacity": 10, "number_of_drones": 2, "iteration": 5, "best_fitness": 789.6797849905939, "runtime": 113.59963130950928, "best_solution": [[[[0, [2, 36, 13, 33, 20, 34, 44, 32]], [2, []], [36, []], [13, [45, 21, 46]], [33, []], [20, []], [34, []], [44, []], [32, []], [45, []], [21, []], [46, []], [42, [42, 9, 16, 3, 12, 48, 28, 50, 10, 39]], [9, []], [16, []], [3, []], [12, []], [48, []], [28, []], [50, []], [10, []], [39, []]], [[0, [1, 27, 4, 24, 47, 7, 19, 5, 18]], [1, []], [27, []], [4, []], [24, []], [47, []], [7, []], [19, []], [5, []], [18, []], [30, [30, 38, 40, 29, 6, 15, 8, 41, 43, 31]], [38, []], [40, []], [29, []], [6, []], [15, []], [8, []], [41, []], [43, []], [31, []], [37, [37, 49, 17, 23, 35, 25, 22, 14, 11, 26]], [49, []], [17, []], [23, []], [35, []], [25, []], [22, []], [14, []], [11, []], [26, []]]], [[[13, [45, 21, 46]]], [[30, [30, 38, 40, 29, 6, 15, 8, 41, 43, 31]]], [[37, [37, 49, 17, 23, 35, 25, 22, 14, 11, 26]]], [[42, [42, 9, 16, 3, 12, 48, 28, 50, 10, 39]]]]]}
