{"file_name": "U_50_1", "number_of_trucks": 2, "drone_capacity": 10, "number_of_drones": 2, "iteration": 1, "best_fitness": 573.8388628069332, "runtime": 3404.449651479721, "best_solution": [[[[0, [27, 32, 7, 41, 6, 14, 24, 50, 2, 18]], [2, []], [41, []], [14, []], [27, []], [50, []], [32, []], [7, []], [24, []], [49, [49, 21]], [21, []], [18, []], [6, [29, 40, 46, 39, 31, 47, 8, 3, 30]], [30, []], [3, []], [47, []], [8, []], [29, []], [40, []], [46, []], [39, []], [31, []], [37, [37, 10, 16, 43]], [10, []], [16, []], [43, []]], [[0, [28, 20, 19, 25, 33, 22]], [12, [12, 36, 48, 11, 35, 34]], [28, []], [20, []], [33, []], [22, []], [19, []], [25, []], [36, []], [48, []], [11, []], [35, []], [34, []], [9, [9, 38, 15, 23]], [23, []], [15, []], [38, []], [42, [42, 44, 4, 17, 13]], [44, []], [4, []], [17, []], [13, []], [1, [5, 1, 26, 45]], [5, []], [26, []], [45, []]]], [[[49, [49, 21]]], [[12, [12, 36, 48, 11, 35, 34]]], [[9, [9, 38, 15, 23]]], [[6, [29, 40, 46, 39, 31, 47, 8, 3, 30]]], [[42, [42, 44, 4, 17, 13]]], [[37, [37, 10, 16, 43]]], [[1, [5, 1, 26, 45]]]]]}
{"file_name": "U_50_1", "number_of_trucks": 2, "drone_capacity": 10, "number_of_drones": 2, "iteration": 2, "best_fitness": 609.0271351638281, "runtime": 537.649739742279, "best_solution": [[[[0, [19, 32, 50, 34, 48, 25, 22, 7, 35, 36, 31]], [22, []], [19, []], [32, []], [50, []], [34, []], [48, []], [25, []], [7, []], [8, [8]], [35, []], [36, []], [44, [44, 15, 21, 39, 1, 47]], [15, []], [21, []], [31, []], [39, []], [37, [37, 26, 43, 5, 45]], [26, []], [5, []], [47, []], [1, []], [45, []], [43, []]], [[0, [20, 33, 28]], [28, []], [20, []], [33, []], [14, [14, 11, 18]], [11, []], [18, [27, 12, 2, 3]], [12, []], [2, []], [3, []], [27, []], [41, [41, 9, 40, 23, 46]], [9, []], [40, []], [46, []], [29, [29, 13, 30, 6, 38, 42, 17, 24, 49]], [23, []], [13, []], [30, []], [6, []], [38, []], [42, []], [17, []], [16, [16, 10, 4]], [10, []], [4, []], [24, []], [49, []]]], [[[14, [14, 11, 18]]], [[18, [27, 12, 2, 3]]], [[41, [41, 9, 40, 23, 46]]], [[8, [8]]], [[44, [44, 15, 21, 39, 1, 47]]], [[29, [29, 13, 30, 6, 38, 42, 17, 24, 49]]], [[16, [16, 10, 4]]], [[37, [37, 26, 43, 5, 45]]]]]}
{"file_name": "U_50_1", "number_of_trucks": 2, "drone_capacity": 10, "number_of_drones": 2, "iteration": 3, "best_fitness": 716.1395188744838, "runtime": 125.57000231742859, "best_solution": [[[[0, [19, 34, 32, 22, 40, 50, 25]], [19, []], [34, []], [32, []], [22, []], [40, []], [50, []], [25, []], [7, [7, 23]], [48, [48, 35, 36, 24, 33, 38, 21]], [35, []], [36, []], [24, [39]], [33, []], [38, []], [21, []], [39, []], [23, []], [8, [8, 1, 30, 45, 16, 10, 47, 5, 26, 43]], [1, []], [30, []], [45, []], [16, []], [10, []], [47, []], [5, []], [26, []], [43, []]], [[0, [11, 14, 18]], [11, []], [14, []], [18, []], [12, [12, 28, 20, 2, 41, 3, 27, 6, 29, 31]], [28, []], [20, []], [2, []], [41, []], [3, []], [27, []], [6, []], [29, []], [31, []], [46, [46]], [49, [49, 4, 13, 42, 44, 15, 17, 37, 9]], [4, []], [13, []], [42, []], [44, []], [15, []], [17, []], [37, []], [9, []]]], [[[12, [12, 28, 20, 2, 41, 3, 27, 6, 29, 31]]], [[7, [7, 23]]], [[48, [48, 35, 36, 24, 33, 38, 21]]], [[46, [46]]], [[24, [39]]], [[49, [49, 4, 13, 42, 44, 15, 17, 37, 9]]], [[8, [8, 1, 30, 45, 16, 10, 47, 5, 26, 43]]]]]}
{"file_name": "U_50_1", "number_of_trucks": 2, "drone_capacity": 10, "number_of_drones": 2, "iteration": 4, "best_fitness": 714.8912551609017, "runtime": 125.26886320114136, "best_solution": [[[[0, [33, 32, 22, 19, 34]], [33, []], [32, []], [22, []], [19, []], [34, []], [50, [50]], [12, [12, 35, 25, 7, 18, 24, 38, 41]], [35, []], [25, []], [7, []], [18, []], [24, []], [38, []], [41, []], [3, [3]], [8, [8, 39, 4, 15, 17, 10, 16, 9, 37]], [39, []], [4, []], [15, []], [17, []], [10, []], [16, []], [9, []], [37, []]], [[0, [40, 14, 11]], [40, [48, 28, 20, 2]], [14, []], [11, []], [48, []], [28, []], [20, []], [2, []], [27, [27, 36, 6, 31, 46, 29, 23, 49, 21]], [36, []], [6, []], [31, []], [46, []], [29, []], [23, []], [49, []], [21, []], [30, [30, 42, 44, 13, 45, 1, 26, 5, 47, 43]], [42, []], [44, []], [13, []], [45, []], [1, []], [26, []], [5, []], [47, []], [43, []]]], [[[40, [48, 28, 20, 2]]], [[50, [50]]], [[12, [12, 35, 25, 7, 18, 24, 38, 41]]], [[3, [3]]], [[27, [27, 36, 6, 31, 46, 29, 23, 49, 21]]], [[30, [30, 42, 44, 13, 45, 1, 26, 5, 47, 43]]], [[8, [8, 39, 4, 15, 17, 10, 16, 9, 37]]]]]}
{"file_name": "U_50_1", "number_of_trucks": 2, "drone_capacity": 10, "number_of_drones": 2, "iteration": 5, "best_fitness": 676.9131848515241, "runtime": 131.31684494018555, "best_solution": [[[[0, [32, 22]], [32, []], [22, []], [19, [19, 48, 25, 7, 40, 35, 36]], [48, []], [25, []], [7, []], [40, []], [35, []], [36, []], [24, [24, 41, 38, 13, 3, 8, 47, 34]], [41, []], [38, []], [13, []], [3, []], [8, []], [47, []], [34, []], [50, [50, 39, 10, 16, 45, 1, 5, 26, 30, 43]], [39, []], [10, []], [16, []], [45, []], [1, []], [5, []], [26, []], [30, []], [43, []]], [[0, [28, 20, 18, 33]], [28, [12, 2, 14, 11]], [20, []], [18, []], [33, []], [12, []], [2, []], [14, []], [11, []], [27, [27]], [6, [6, 31, 9, 46, 29]], [31, []], [9, []], [46, []], [29, []], [49, [49, 21, 15, 42, 44, 17, 4, 37, 23]], [21, []], [15, []], [42, []], [44, []], [17, []], [4, []], [37, []], [23, []]]], [[[19, [19, 48, 25, 7, 40, 35, 36]]], [[28, [12, 2, 14, 11]]], [[27, [27]]], [[6, [6, 31, 9, 46, 29]]], [[24, [24, 41, 38, 13, 3, 8, 47, 34]]], [[49, [49, 21, 15, 42, 44, 17, 4, 37, 23]]], [[50, [50, 39, 10, 16, 45, 1, 5, 26, 30, 43]]]]]}
