{"file_name": "U_40_1", "number_of_trucks": 2, "drone_capacity": 10, "number_of_drones": 2, "iteration": 1, "best_fitness": 513.3479156069855, "runtime": 2631.1336760520935, "best_solution": [[[[0, [39]], [39, []], [0, [4, 27, 30, 9]], [30, []], [9, []], [13, [13, 18, 5]], [18, []], [4, []], [27, []], [5, []], [23, [23, 3, 20, 17, 40, 24, 21, 25]], [3, []], [20, []], [17, []], [21, []], [40, []], [24, []], [10, [10]], [25, []], [0, []]], [[0, [28, 2, 22]], [2, []], [28, []], [1, [1, 37, 8, 6]], [22, []], [37, [34, 11]], [34, []], [6, []], [11, []], [8, []], [36, [36, 35, 19, 16]], [19, []], [35, []], [14, [14, 26, 15, 31, 29, 33]], [29, []], [26, []], [33, []], [15, []], [31, []], [16, []], [12, [12, 38, 32, 7]], [38, []], [32, []], [7, []]]], [[[1, [1, 37, 8, 6]]], [[37, [34, 11]]], [[13, [13, 18, 5]]], [[36, [36, 35, 19, 16]]], [[14, [14, 26, 15, 31, 29, 33]]], [[23, [23, 3, 20, 17, 40, 24, 21, 25]]], [[10, [10]]], [[12, [12, 38, 32, 7]]]]]}
{"file_name": "U_40_1", "number_of_trucks": 2, "drone_capacity": 10, "number_of_drones": 2, "iteration": 2, "best_fitness": 545.1773699426343, "runtime": 980.7062082290649, "best_solution": [[[[0, [8, 39, 37, 30, 22, 14, 31, 33, 28]], [8, []], [39, [1, 4, 34, 6]], [37, []], [30, []], [22, []], [33, []], [28, []], [31, []], [14, []], [34, []], [24, [24, 25, 3, 20]], [25, []], [1, []], [3, []], [20, []], [7, [7, 12, 38, 32, 10]], [4, []], [12, []], [38, []], [32, []], [6, []], [10, []]], [[0, [2]], [9, [9, 27]], [27, []], [13, [13, 18, 11]], [18, [29, 19]], [29, []], [2, []], [19, []], [16, [16, 15, 17, 26, 35, 36, 5, 23]], [26, []], [15, []], [35, []], [36, []], [17, [21, 40]], [21, []], [40, []], [23, []], [11, []], [5, []]]], [[[9, [9, 27]]], [[39, [1, 4, 34, 6]]], [[13, [13, 18, 11]]], [[18, [29, 19]]], [[24, [24, 25, 3, 20]]], [[16, [16, 15, 17, 26, 35, 36, 5, 23]]], [[17, [21, 40]]], [[7, [7, 12, 38, 32, 10]]]]]}
{"file_name": "U_40_1", "number_of_trucks": 2, "drone_capacity": 10, "number_of_drones": 2, "iteration": 3, "best_fitness": 635.3004146791277, "runtime": 55.993552446365356, "best_solution": [[[[0, [6, 22, 37, 33, 4, 14, 34, 31]], [6, []], [22, []], [37, []], [33, []], [4, []], [14, []], [34, []], [31, []], [18, [18]], [29, [29, 24, 23, 25, 5, 15, 26, 12, 38]], [24, []], [23, []], [25, []], [5, []], [15, []], [26, []], [12, []], [38, []]], [[0, [2, 28, 27, 39]], [2, []], [28, []], [27, []], [39, []], [8, [8, 1, 30, 11, 9, 13, 19]], [1, [36]], [30, []], [11, []], [9, []], [13, []], [19, []], [36, []], [35, [35, 16, 17, 20, 21, 3, 40, 10, 7, 32]], [16, []], [17, []], [20, []], [21, []], [3, []], [40, []], [10, []], [7, []], [32, []]]], [[[8, [8, 1, 30, 11, 9, 13, 19]]], [[18, [18]]], [[1, [36]]], [[29, [29, 24, 23, 25, 5, 15, 26, 12, 38]]], [[35, [35, 16, 17, 20, 21, 3, 40, 10, 7, 32]]]]]}
{"file_name": "U_40_1", "number_of_trucks": 2, "drone_capacity": 10, "number_of_drones": 2, "iteration": 4, "best_fitness": 634.5587474028616, "runtime": 57.82860517501831, "best_solution": [[[[0, [33, 2]], [33, []], [2, []], [1, [1, 34, 11, 18, 29, 4, 5]], [34, []], [11, []], [18, []], [29, []], [4, []], [5, []], [24, [24, 25, 23, 3, 40, 20, 7, 12, 38, 10]], [25, []], [23, []], [3, []], [40, []], [20, []], [7, []], [12, []], [38, []], [10, []]], [[0, [27]], [27, []], [6, [6, 39, 22, 37, 28, 31, 14, 30, 8]], [39, []], [22, []], [37, []], [28, []], [31, [9, 13, 19]], [14, []], [30, []], [8, []], [9, []], [13, []], [19, []], [36, [36, 35, 16, 15, 26, 17, 21, 32]], [35, []], [16, []], [15, []], [26, []], [17, []], [21, []], [32, []]]], [[[6, [6, 39, 22, 37, 28, 31, 14, 30, 8]]], [[31, [9, 13, 19]]], [[1, [1, 34, 11, 18, 29, 4, 5]]], [[24, [24, 25, 23, 3, 40, 20, 7, 12, 38, 10]]], [[36, [36, 35, 16, 15, 26, 17, 21, 32]]]]]}
{"file_name": "U_40_1", "number_of_trucks": 2, "drone_capacity": 10, "number_of_drones": 2, "iteration": 5, "best_fitness": 644.5720180757382, "runtime": 64.2490656375885, "best_solution": [[[[0, []], [27, [27]], [6, [6]], [4, [4, 33, 14, 28, 30, 34, 11, 18]], [33, []], [14, []], [28, []], [30, []], [34, []], [11, []], [18, []], [13, [13, 29, 5, 26, 15, 16, 7]], [29, []], [5, []], [26, [12, 38, 32]], [15, []], [16, []], [7, []], [12, []], [38, []], [32, []]], [[0, [2, 37]], [2, []], [37, []], [39, [39]], [8, [8]], [22, [22, 31, 1, 9, 19, 36]], [31, []], [1, []], [9, []], [19, []], [36, []], [35, [35, 40, 23, 3, 20, 17, 21, 10, 24, 25]], [40, []], [23, []], [3, []], [20, []], [17, []], [21, []], [10, []], [24, []], [25, []]]], [[[27, [27]]], [[6, [6]]], [[39, [39]]], [[4, [4, 33, 14, 28, 30, 34, 11, 18]]], [[8, [8]]], [[13, [13, 29, 5, 26, 15, 16, 7]]], [[22, [22, 31, 1, 9, 19, 36]]], [[35, [35, 40, 23, 3, 20, 17, 21, 10, 24, 25]]], [[26, [12, 38, 32]]]]]}
