{"file_name": "U_40_1", "number_of_trucks": 2, "drone_capacity": 10, "number_of_drones": 2, "iteration": 1, "best_fitness": 563.1296452152022, "runtime": 3643.563239097595, "best_solution": [[[[0, [24]], [24, []], [0, [4, 8, 33, 6]], [29, [29, 26, 9]], [6, []], [26, []], [9, []], [4, []], [8, []], [33, []], [0, [32]], [22, [22, 16, 37, 25, 12]], [32, []], [16, []], [37, []], [38, [38, 30, 27]], [25, []], [30, []], [27, []], [12, []]], [[0, []], [23, [23]], [0, [1, 10, 36]], [18, [18, 3, 19, 31, 34, 14, 2, 21, 28, 11]], [3, []], [19, []], [31, []], [34, []], [14, []], [17, [17, 13, 20, 35, 5]], [36, []], [2, []], [13, []], [11, []], [20, []], [21, []], [28, []], [35, []], [10, []], [1, []], [40, [40, 7, 39, 15]], [5, []], [7, []], [39, []], [15, []]]], [[[23, [23]]], [[29, [29, 26, 9]]], [[18, [18, 3, 19, 31, 34, 14, 2, 21, 28, 11]]], [[17, [17, 13, 20, 35, 5]]], [[22, [22, 16, 37, 25, 12]]], [[40, [40, 7, 39, 15]]], [[38, [38, 30, 27]]]]]}
{"file_name": "U_40_1", "number_of_trucks": 2, "drone_capacity": 10, "number_of_drones": 2, "iteration": 2, "best_fitness": 702.3249503797485, "runtime": 56.202836751937866, "best_solution": [[[[0, [10]], [10, []], [36, [36]], [24, [24, 23, 1, 29, 33, 21, 28, 18]], [23, []], [1, []], [29, []], [33, []], [21, []], [28, []], [18, []], [34, [34, 11, 20, 35, 16, 37, 22, 27, 38, 30]], [11, []], [20, []], [35, []], [16, []], [37, []], [22, []], [27, []], [38, []], [30, []]], [[0, [6]], [6, []], [8, [8, 4]], [4, []], [32, [32, 9, 26, 31, 19, 3, 14]], [9, []], [26, []], [31, []], [19, []], [3, []], [14, []], [2, [2, 13, 5, 25, 17, 39, 12, 7, 15]], [13, []], [5, []], [25, []], [17, []], [39, []], [12, []], [7, []], [15, []], [40, [40]]]], [[[36, [36]]], [[24, [24, 23, 1, 29, 33, 21, 28, 18]]], [[8, [8, 4]]], [[32, [32, 9, 26, 31, 19, 3, 14]]], [[2, [2, 13, 5, 25, 17, 39, 12, 7, 15]]], [[34, [34, 11, 20, 35, 16, 37, 22, 27, 38, 30]]], [[40, [40]]]]]}
{"file_name": "U_40_1", "number_of_trucks": 2, "drone_capacity": 10, "number_of_drones": 2, "iteration": 3, "best_fitness": 715.4707681930972, "runtime": 56.75441837310791, "best_solution": [[[[0, []], [24, [24]], [36, [36, 23, 1, 29, 33, 21, 28, 18, 34]], [23, []], [1, []], [29, []], [33, []], [21, []], [28, []], [18, []], [34, []], [11, [11, 20, 35, 16, 37, 12, 22, 27, 38, 30]], [20, []], [35, []], [16, []], [37, []], [12, []], [22, []], [27, []], [38, []], [30, []]], [[0, [10]], [10, []], [6, [6, 8, 4, 32, 9, 26]], [8, [19, 3, 14]], [4, []], [32, []], [9, []], [26, []], [19, []], [3, []], [14, []], [2, [2, 31, 13, 5, 25, 17, 39, 7, 15]], [31, []], [13, []], [5, []], [25, []], [17, []], [39, []], [7, []], [15, []], [40, [40]]]], [[[6, [6, 8, 4, 32, 9, 26]]], [[24, [24]]], [[8, [19, 3, 14]]], [[36, [36, 23, 1, 29, 33, 21, 28, 18, 34]]], [[2, [2, 31, 13, 5, 25, 17, 39, 7, 15]]], [[11, [11, 20, 35, 16, 37, 12, 22, 27, 38, 30]]], [[40, [40]]]]]}
{"file_name": "U_40_1", "number_of_trucks": 2, "drone_capacity": 10, "number_of_drones": 2, "iteration": 4, "best_fitness": 675.5432120786138, "runtime": 63.42560815811157, "best_solution": [[[[0, []], [36, [36]], [1, [1]], [29, [29, 33, 14, 23, 21, 28, 18]], [33, []], [14, []], [23, []], [21, []], [28, []], [18, []], [34, [34, 11]], [11, []], [20, [20, 35, 16, 37, 22, 27, 38, 30]], [35, []], [16, []], [37, []], [22, []], [27, []], [38, []], [30, []]], [[0, [10]], [10, []], [6, [6, 8]], [8, []], [4, [4]], [24, [24, 32, 9, 26, 19, 3, 31]], [32, []], [9, []], [26, []], [19, []], [3, []], [31, []], [2, [2, 13]], [13, []], [5, [5, 25, 17, 12, 39, 7, 15, 40]], [25, []], [17, []], [12, []], [39, []], [7, []], [15, []], [40, []]]], [[[6, [6, 8]]], [[4, [4]]], [[36, [36]]], [[1, [1]]], [[24, [24, 32, 9, 26, 19, 3, 31]]], [[29, [29, 33, 14, 23, 21, 28, 18]]], [[2, [2, 13]]], [[34, [34, 11]]], [[20, [20, 35, 16, 37, 22, 27, 38, 30]]], [[5, [5, 25, 17, 12, 39, 7, 15, 40]]]]]}
{"file_name": "U_40_1", "number_of_trucks": 2, "drone_capacity": 10, "number_of_drones": 2, "iteration": 5, "best_fitness": 723.8421211553593, "runtime": 50.93856382369995, "best_solution": [[[[0, [24, 4, 1, 29, 33, 14, 28]], [24, [21, 2]], [4, []], [1, []], [29, []], [33, []], [14, []], [28, []], [21, []], [2, []], [34, [34, 11, 20, 35, 16, 37, 22, 27, 38, 30]], [11, []], [20, []], [35, []], [16, []], [37, []], [22, []], [27, []], [38, []], [30, []]], [[0, [10, 6]], [10, []], [6, []], [8, [8, 36, 23, 32, 9, 26, 19, 3, 18]], [36, []], [23, []], [32, []], [9, []], [26, []], [19, []], [3, []], [18, []], [31, [31, 13, 5, 25, 17, 39, 12, 7, 15, 40]], [13, []], [5, []], [25, []], [17, []], [39, []], [12, []], [7, []], [15, []], [40, []]]], [[[24, [21, 2]]], [[8, [8, 36, 23, 32, 9, 26, 19, 3, 18]]], [[31, [31, 13, 5, 25, 17, 39, 12, 7, 15, 40]]], [[34, [34, 11, 20, 35, 16, 37, 22, 27, 38, 30]]]]]}
