{"file_name": "U_40_1", "number_of_trucks": 2, "drone_capacity": 10, "number_of_drones": 2, "iteration": 1, "best_fitness": 458.28160246122275, "runtime": 3097.394065618515, "best_solution": [[[[0, []], [7, [7]], [9, [9, 24, 6]], [34, [34]], [8, [8, 26, 1, 27]], [27, []], [24, []], [26, []], [4, [4, 21, 10, 31, 19, 15, 14, 36]], [36, []], [6, []], [21, []], [10, []], [31, []], [19, []], [15, []], [14, []], [18, [18, 39, 40, 5]], [39, []], [40, []], [5, []], [1, []]], [[0, [2, 22, 35]], [35, []], [2, []], [32, [13, 32]], [13, []], [11, [11, 16, 33, 28, 38, 30, 29, 3, 12]], [28, []], [16, []], [12, []], [3, []], [22, []], [29, []], [37, [37, 25, 23, 20, 17]], [38, []], [30, []], [25, []], [23, []], [20, []], [17, []], [33, []]]], [[[7, [7]]], [[9, [9, 24, 6]]], [[34, [34]]], [[32, [13, 32]]], [[8, [8, 26, 1, 27]]], [[11, [11, 16, 33, 28, 38, 30, 29, 3, 12]]], [[4, [4, 21, 10, 31, 19, 15, 14, 36]]], [[37, [37, 25, 23, 20, 17]]], [[18, [18, 39, 40, 5]]]]]}
{"file_name": "U_40_1", "number_of_trucks": 2, "drone_capacity": 10, "number_of_drones": 2, "iteration": 2, "best_fitness": 490.1937646848711, "runtime": 549.9910957813263, "best_solution": [[[[0, []], [2, [2, 7]], [7, []], [13, [13, 6]], [6, [21, 34]], [21, []], [36, [36]], [20, [20, 15, 19, 4, 1, 14, 5, 31]], [14, []], [15, []], [34, []], [19, []], [31, []], [10, [10, 23, 25, 18, 39, 40, 17]], [23, []], [25, []], [4, []], [18, []], [39, []], [40, []], [5, []], [17, []], [1, []]], [[0, [35, 33, 27, 9, 26, 3, 22, 24]], [22, []], [24, []], [3, []], [35, []], [33, []], [27, []], [9, []], [26, [28, 11, 16, 29, 32, 38, 30, 37, 12, 8]], [28, []], [11, []], [16, []], [29, []], [32, []], [38, []], [30, []], [37, []], [8, []], [12, []]]], [[[2, [2, 7]]], [[13, [13, 6]]], [[6, [21, 34]]], [[36, [36]]], [[20, [20, 15, 19, 4, 1, 14, 5, 31]]], [[26, [28, 11, 16, 29, 32, 38, 30, 37, 12, 8]]], [[10, [10, 23, 25, 18, 39, 40, 17]]]]]}
{"file_name": "U_40_1", "number_of_trucks": 2, "drone_capacity": 10, "number_of_drones": 2, "iteration": 3, "best_fitness": 539.5137646848713, "runtime": 58.01545977592468, "best_solution": [[[[0, []], [7, [7]], [13, [13, 11, 27, 3, 28, 16, 26, 36]], [11, []], [27, []], [3, []], [28, []], [16, []], [26, []], [36, []], [21, [21, 10, 15, 23, 14, 20, 18, 39, 40, 17]], [10, []], [15, []], [23, []], [14, []], [20, []], [18, []], [39, []], [40, []], [17, []]], [[0, [2]], [2, []], [22, [22, 24]], [24, []], [33, [33, 35, 29, 31, 19, 6, 34]], [35, []], [29, []], [31, [5]], [19, []], [6, []], [34, []], [5, []], [1, [1, 9, 8, 12, 32, 37, 38, 30, 25, 4]], [9, []], [8, []], [12, []], [32, []], [37, []], [38, []], [30, []], [25, []], [4, []]]], [[[22, [22, 24]]], [[33, [33, 35, 29, 31, 19, 6, 34]]], [[7, [7]]], [[13, [13, 11, 27, 3, 28, 16, 26, 36]]], [[31, [5]]], [[1, [1, 9, 8, 12, 32, 37, 38, 30, 25, 4]]], [[21, [21, 10, 15, 23, 14, 20, 18, 39, 40, 17]]]]]}
{"file_name": "U_40_1", "number_of_trucks": 2, "drone_capacity": 10, "number_of_drones": 2, "iteration": 4, "best_fitness": 489.83080865178215, "runtime": 59.433982849121094, "best_solution": [[[[0, [7]], [7, []], [3, [3]], [32, [32, 13]], [13, []], [27, [27, 22, 29, 11, 28, 16]], [22, []], [29, []], [11, []], [28, []], [16, []], [12, [12, 8, 36, 10, 18, 39, 40, 5, 17, 1]], [8, []], [36, []], [10, []], [18, []], [39, []], [40, []], [5, []], [17, []], [1, []]], [[0, []], [2, [2]], [24, [24, 35]], [35, [9, 33, 6, 21, 19, 31, 34]], [9, []], [33, []], [6, []], [21, []], [19, []], [31, []], [34, []], [15, [15, 20, 14, 4, 26, 38, 37, 30, 25, 23]], [20, []], [14, []], [4, []], [26, []], [38, []], [37, []], [30, []], [25, []], [23, []]]], [[[2, [2]]], [[24, [24, 35]]], [[3, [3]]], [[32, [32, 13]]], [[35, [9, 33, 6, 21, 19, 31, 34]]], [[27, [27, 22, 29, 11, 28, 16]]], [[12, [12, 8, 36, 10, 18, 39, 40, 5, 17, 1]]], [[15, [15, 20, 14, 4, 26, 38, 37, 30, 25, 23]]]]]}
{"file_name": "U_40_1", "number_of_trucks": 2, "drone_capacity": 10, "number_of_drones": 2, "iteration": 5, "best_fitness": 534.697189205215, "runtime": 53.10614371299744, "best_solution": [[[[0, []], [35, [35, 3, 22, 32, 13, 11, 16, 29]], [3, []], [22, []], [32, []], [13, []], [11, []], [16, []], [29, []], [28, [28, 27, 8, 15, 19, 10, 36, 25, 23, 17]], [27, []], [8, []], [15, []], [19, []], [10, []], [36, []], [25, []], [23, []], [17, []]], [[0, [7, 2]], [7, [33, 9]], [2, []], [33, []], [9, []], [34, [34, 31, 21, 6, 24, 12, 4, 26]], [31, []], [21, []], [6, []], [24, []], [12, []], [4, []], [26, []], [30, [30, 38, 37, 14, 20, 18, 39, 40, 5, 1]], [38, []], [37, []], [14, []], [20, []], [18, []], [39, []], [40, []], [5, []], [1, []]]], [[[7, [33, 9]]], [[35, [35, 3, 22, 32, 13, 11, 16, 29]]], [[34, [34, 31, 21, 6, 24, 12, 4, 26]]], [[28, [28, 27, 8, 15, 19, 10, 36, 25, 23, 17]]], [[30, [30, 38, 37, 14, 20, 18, 39, 40, 5, 1]]]]]}
