{"file_name": "U_40_1", "number_of_trucks": 2, "drone_capacity": 10, "number_of_drones": 2, "iteration": 1, "best_fitness": 454.43847164839354, "runtime": 3797.2432267665863, "best_solution": [[[[0, [16, 40, 38, 22, 8, 37]], [40, []], [38, []], [19, [19, 2, 23]], [2, []], [23, []], [22, []], [8, []], [37, []], [11, [11, 29, 21, 5, 25, 10, 3, 14, 17]], [29, []], [21, []], [5, []], [25, []], [1, [1, 27, 24, 36, 4]], [10, []], [3, []], [24, []], [36, []], [16, []], [27, []], [14, []], [4, []], [17, []]], [[0, [31, 18]], [18, []], [31, []], [12, [12, 34, 15, 35, 39]], [34, []], [30, [30, 33]], [15, []], [35, []], [33, []], [28, [28, 20, 13, 6]], [39, []], [9, [9, 7, 26, 32]], [20, []], [13, []], [6, []], [7, []], [26, []], [32, []]]], [[[19, [19, 2, 23]]], [[12, [12, 34, 15, 35, 39]]], [[11, [11, 29, 21, 5, 25, 10, 3, 14, 17]]], [[30, [30, 33]]], [[28, [28, 20, 13, 6]]], [[1, [1, 27, 24, 36, 4]]], [[9, [9, 7, 26, 32]]]]]}
{"file_name": "U_40_1", "number_of_trucks": 2, "drone_capacity": 10, "number_of_drones": 2, "iteration": 2, "best_fitness": 517.5101129542401, "runtime": 64.83998489379883, "best_solution": [[[[0, []], [23, [23]], [12, [12, 8, 18, 40, 15, 14, 3]], [8, []], [18, []], [40, []], [15, []], [14, []], [3, []], [25, [25, 5, 20, 31, 35, 33, 30, 24, 4, 28]], [5, []], [20, []], [31, []], [35, []], [33, []], [30, []], [24, []], [4, []], [28, []]], [[0, []], [16, [16, 22, 38, 19, 2]], [22, []], [38, []], [19, []], [2, []], [39, [39]], [37, [37, 34]], [34, [17, 29, 10, 36, 21, 11]], [17, []], [29, []], [10, []], [36, []], [27, [27, 1, 32, 7, 26, 6, 13, 9]], [1, []], [32, []], [7, []], [26, []], [6, []], [13, []], [9, []], [21, []], [11, []]]], [[[16, [16, 22, 38, 19, 2]]], [[23, [23]]], [[12, [12, 8, 18, 40, 15, 14, 3]]], [[39, [39]]], [[37, [37, 34]]], [[34, [17, 29, 10, 36, 21, 11]]], [[27, [27, 1, 32, 7, 26, 6, 13, 9]]], [[25, [25, 5, 20, 31, 35, 33, 30, 24, 4, 28]]]]]}
{"file_name": "U_40_1", "number_of_trucks": 2, "drone_capacity": 10, "number_of_drones": 2, "iteration": 3, "best_fitness": 504.1239440869969, "runtime": 74.99412155151367, "best_solution": [[[[0, []], [37, [37]], [8, [8]], [35, [35, 18]], [18, []], [31, [31, 39, 23, 15, 3]], [39, []], [23, []], [15, []], [3, []], [10, [10]], [14, [14, 17, 33, 30, 24, 16, 36, 27, 4, 28]], [17, []], [33, []], [30, []], [24, []], [16, []], [36, []], [27, []], [4, []], [28, []]], [[0, []], [40, [40, 22, 38]], [22, []], [38, []], [12, [12]], [34, [34]], [21, [21, 11, 19, 5, 20]], [11, []], [19, []], [5, []], [20, []], [29, [29, 2, 25, 6, 32, 1, 7, 26, 13, 9]], [2, []], [25, []], [6, []], [32, []], [1, []], [7, []], [26, []], [13, []], [9, []]]], [[[37, [37]]], [[40, [40, 22, 38]]], [[8, [8]]], [[35, [35, 18]]], [[31, [31, 39, 23, 15, 3]]], [[12, [12]]], [[34, [34]]], [[21, [21, 11, 19, 5, 20]]], [[10, [10]]], [[14, [14, 17, 33, 30, 24, 16, 36, 27, 4, 28]]], [[29, [29, 2, 25, 6, 32, 1, 7, 26, 13, 9]]]]]}
{"file_name": "U_40_1", "number_of_trucks": 2, "drone_capacity": 10, "number_of_drones": 2, "iteration": 4, "best_fitness": 495.1930875044117, "runtime": 63.514883518218994, "best_solution": [[[[0, [8]], [8, [40]], [18, [18]], [40, []], [12, [12, 35, 34, 15, 3]], [35, [25, 14]], [34, []], [15, []], [3, []], [25, []], [14, []], [17, [17, 33, 27, 16, 36, 30, 24, 4, 28, 37]], [33, []], [27, []], [16, []], [36, []], [30, []], [24, []], [4, []], [28, []], [37, []]], [[0, []], [22, [22, 23, 19, 2]], [23, []], [19, []], [2, []], [38, [38, 31, 39, 21, 11, 5]], [31, []], [39, []], [21, []], [11, []], [5, []], [29, [29, 10, 6, 32, 1, 7, 26, 13, 20, 9]], [10, []], [6, []], [32, []], [1, []], [7, []], [26, []], [13, []], [20, []], [9, []]]], [[[22, [22, 23, 19, 2]]], [[8, [40]]], [[18, [18]]], [[12, [12, 35, 34, 15, 3]]], [[35, [25, 14]]], [[38, [38, 31, 39, 21, 11, 5]]], [[17, [17, 33, 27, 16, 36, 30, 24, 4, 28, 37]]], [[29, [29, 10, 6, 32, 1, 7, 26, 13, 20, 9]]]]]}
{"file_name": "U_40_1", "number_of_trucks": 2, "drone_capacity": 10, "number_of_drones": 2, "iteration": 5, "best_fitness": 509.5270481510013, "runtime": 59.6127405166626, "best_solution": [[[[0, [40]], [40, []], [38, [38]], [8, [8, 37, 2, 3]], [37, []], [2, [17, 33, 15, 10, 19]], [3, []], [17, []], [33, []], [15, []], [10, []], [19, []], [6, [6, 32, 1, 7, 26, 13, 20, 9, 21, 39]], [32, []], [1, []], [7, []], [26, []], [13, []], [20, []], [9, []], [21, []], [39, []]], [[0, []], [23, [23, 22, 16]], [22, []], [16, []], [18, [18, 35, 12, 34, 29, 11]], [35, []], [12, []], [34, []], [29, []], [11, []], [31, [31, 5, 25, 14, 4, 27, 36, 30, 24, 28]], [5, []], [25, []], [14, []], [4, []], [27, []], [36, []], [30, []], [24, []], [28, []]]], [[[23, [23, 22, 16]]], [[38, [38]]], [[8, [8, 37, 2, 3]]], [[18, [18, 35, 12, 34, 29, 11]]], [[2, [17, 33, 15, 10, 19]]], [[31, [31, 5, 25, 14, 4, 27, 36, 30, 24, 28]]], [[6, [6, 32, 1, 7, 26, 13, 20, 9, 21, 39]]]]]}
