{"file_name": "U_40_1", "number_of_trucks": 2, "drone_capacity": 10, "number_of_drones": 2, "iteration": 1, "best_fitness": 506.88520208215476, "runtime": 3645.9803988933563, "best_solution": [[[[0, [30, 19, 7, 15, 11, 12, 36, 18]], [12, []], [36, []], [18, []], [15, []], [7, []], [19, []], [38, [38, 25]], [25, []], [11, []], [9, [9, 22, 1, 28, 23, 39]], [22, []], [1, []], [28, []], [23, []], [30, []], [39, []], [8, [8, 37, 34]], [37, []], [34, []]], [[0, [35, 16, 29, 3, 33, 24, 31, 17, 14]], [35, []], [24, []], [31, []], [29, []], [3, []], [33, []], [17, []], [27, [27, 2, 21, 26, 10, 32, 6, 4]], [26, []], [10, []], [21, []], [13, [13]], [14, []], [2, []], [16, []], [40, [40, 20, 5]], [32, []], [6, []], [4, []], [20, []], [5, []]]], [[[38, [38, 25]]], [[27, [27, 2, 21, 26, 10, 32, 6, 4]]], [[13, [13]]], [[9, [9, 22, 1, 28, 23, 39]]], [[40, [40, 20, 5]]], [[8, [8, 37, 34]]]]]}
{"file_name": "U_40_1", "number_of_trucks": 2, "drone_capacity": 10, "number_of_drones": 2, "iteration": 2, "best_fitness": 581.234509784591, "runtime": 60.5865113735199, "best_solution": [[[[0, [16, 7]], [16, [24, 33, 29]], [7, []], [24, []], [33, []], [29, []], [17, [17, 30, 18]], [30, []], [18, []], [12, [12, 36, 21, 26, 4, 38, 6, 32, 2]], [36, []], [21, []], [26, []], [4, []], [38, []], [6, []], [32, []], [2, []], [10, [10, 13, 40, 20, 34, 5]], [13, []], [40, []], [20, []], [34, []], [5, []]], [[0, []], [14, [14]], [35, [35, 31, 15, 3, 11, 19]], [31, []], [15, []], [3, []], [11, []], [19, []], [25, [25]], [9, [9]], [28, [28, 39, 27, 1, 22, 23, 8, 37]], [39, []], [27, []], [1, []], [22, []], [23, []], [8, []], [37, []]]], [[[16, [24, 33, 29]]], [[14, [14]]], [[35, [35, 31, 15, 3, 11, 19]]], [[17, [17, 30, 18]]], [[12, [12, 36, 21, 26, 4, 38, 6, 32, 2]]], [[25, [25]]], [[9, [9]]], [[28, [28, 39, 27, 1, 22, 23, 8, 37]]], [[10, [10, 13, 40, 20, 34, 5]]]]]}
{"file_name": "U_40_1", "number_of_trucks": 2, "drone_capacity": 10, "number_of_drones": 2, "iteration": 3, "best_fitness": 588.7374948409794, "runtime": 54.76751899719238, "best_solution": [[[[0, [14, 12, 16, 21, 4, 38, 19]], [14, [6, 2, 18]], [12, []], [16, []], [21, []], [4, []], [38, []], [19, []], [6, []], [2, []], [18, []], [32, [32, 10, 15, 36, 40, 20, 34, 5, 26, 13]], [10, []], [15, []], [36, []], [40, []], [20, []], [34, []], [5, []], [26, []], [13, []]], [[0, []], [30, [30]], [33, [33, 29, 24, 35, 7, 31, 11, 17, 3]], [29, []], [24, []], [35, []], [7, []], [31, []], [11, []], [17, []], [3, []], [25, [25]], [9, [9, 28]], [28, []], [39, [39, 27, 1, 22, 23, 8, 37]], [27, []], [1, []], [22, []], [23, []], [8, []], [37, []]]], [[[30, [30]]], [[33, [33, 29, 24, 35, 7, 31, 11, 17, 3]]], [[25, [25]]], [[14, [6, 2, 18]]], [[9, [9, 28]]], [[39, [39, 27, 1, 22, 23, 8, 37]]], [[32, [32, 10, 15, 36, 40, 20, 34, 5, 26, 13]]]]]}
{"file_name": "U_40_1", "number_of_trucks": 2, "drone_capacity": 10, "number_of_drones": 2, "iteration": 4, "best_fitness": 565.0414961656677, "runtime": 69.61459875106812, "best_solution": [[[[0, [7]], [7, [15]], [12, [12]], [16, [16, 19]], [15, []], [19, []], [36, [36, 18, 21, 4, 38, 10]], [18, []], [21, []], [4, []], [38, []], [10, []], [27, [27, 28]], [28, []], [13, [13, 2, 40, 32, 6, 20, 34, 5]], [2, []], [40, []], [32, []], [6, []], [20, []], [34, []], [5, []]], [[0, [14]], [14, []], [33, [33, 30, 35, 29, 3, 17]], [30, []], [35, []], [29, []], [3, []], [17, []], [26, [26]], [11, [11, 25, 24, 31, 1]], [25, []], [24, []], [31, []], [1, []], [22, [22, 9, 39, 23, 8, 37]], [9, []], [39, []], [23, []], [8, []], [37, []]]], [[[33, [33, 30, 35, 29, 3, 17]]], [[7, [15]]], [[12, [12]]], [[16, [16, 19]]], [[36, [36, 18, 21, 4, 38, 10]]], [[26, [26]]], [[11, [11, 25, 24, 31, 1]]], [[27, [27, 28]]], [[13, [13, 2, 40, 32, 6, 20, 34, 5]]], [[22, [22, 9, 39, 23, 8, 37]]]]]}
{"file_name": "U_40_1", "number_of_trucks": 2, "drone_capacity": 10, "number_of_drones": 2, "iteration": 5, "best_fitness": 602.0920292485564, "runtime": 61.32281184196472, "best_solution": [[[[0, [14, 7]], [14, []], [7, []], [29, [29]], [17, [17]], [24, [24, 35, 16, 12, 18, 36]], [35, [2, 32]], [16, []], [12, []], [18, []], [36, []], [2, []], [32, []], [6, [6, 4, 38, 27, 23, 13, 40, 5, 10, 34]], [4, []], [38, []], [27, []], [23, []], [13, []], [40, []], [5, []], [10, []], [34, []]], [[0, []], [31, [31]], [3, [3]], [15, [15, 11, 19, 26, 21, 30]], [11, []], [19, []], [26, []], [21, []], [30, []], [28, [28, 39, 9, 25, 33, 22, 1, 8, 20, 37]], [39, []], [9, []], [25, []], [33, []], [22, []], [1, []], [8, []], [20, []], [37, []]]], [[[31, [31]]], [[3, [3]]], [[29, [29]]], [[17, [17]]], [[24, [24, 35, 16, 12, 18, 36]]], [[15, [15, 11, 19, 26, 21, 30]]], [[35, [2, 32]]], [[28, [28, 39, 9, 25, 33, 22, 1, 8, 20, 37]]], [[6, [6, 4, 38, 27, 23, 13, 40, 5, 10, 34]]]]]}
