{"file_name": "U_40_0", "number_of_trucks": 2, "drone_capacity": 10, "number_of_drones": 2, "iteration": 1, "best_fitness": 326.91410572092445, "runtime": 2893.516459941864, "best_solution": [[[[0, [1, 33, 8, 3, 16, 17]], [16, []], [17, []], [33, []], [29, [29, 27, 12, 9, 26, 5, 28]], [8, []], [28, []], [27, []], [12, []], [1, []], [9, []], [5, []], [26, []], [2, [2, 40, 14, 4, 25, 22, 37]], [40, []], [37, []], [22, []], [38, [38, 20, 39]], [25, []], [3, []], [14, []], [4, []], [39, []], [20, []]], [[0, [11, 36]], [19, [19, 23, 35, 31]], [31, []], [35, []], [18, [18, 32, 6]], [32, []], [23, []], [6, []], [21, [21, 24, 13, 15, 7, 30, 34, 10]], [24, []], [11, []], [13, []], [7, []], [15, []], [10, []], [36, []], [30, []], [34, []]]], [[[29, [29, 27, 12, 9, 26, 5, 28]]], [[19, [19, 23, 35, 31]]], [[18, [18, 32, 6]]], [[21, [21, 24, 13, 15, 7, 30, 34, 10]]], [[2, [2, 40, 14, 4, 25, 22, 37]]], [[38, [38, 20, 39]]]]]}
{"file_name": "U_40_0", "number_of_trucks": 2, "drone_capacity": 10, "number_of_drones": 2, "iteration": 2, "best_fitness": 348.997802717355, "runtime": 707.9215338230133, "best_solution": [[[[0, [1, 17, 33, 16, 19]], [17, []], [33, []], [27, [27, 22, 12]], [12, []], [1, []], [9, [9, 26, 8, 29, 21, 40, 6, 37]], [26, []], [8, []], [29, []], [21, []], [40, []], [6, []], [37, []], [22, []], [38, [38, 25, 3, 14, 4, 39, 20, 34]], [25, []], [3, []], [14, []], [4, []], [39, []], [20, []], [16, []], [34, []], [19, []]], [[0, [23, 32, 5, 28, 31, 35, 15]], [31, []], [35, []], [23, []], [32, []], [28, []], [5, []], [11, [11, 13, 7, 10, 36, 30, 18, 24, 2]], [13, []], [7, []], [15, []], [10, []], [36, []], [30, []], [18, []], [24, []], [2, []]]], [[[27, [27, 22, 12]]], [[9, [9, 26, 8, 29, 21, 40, 6, 37]]], [[38, [38, 25, 3, 14, 4, 39, 20, 34]]], [[11, [11, 13, 7, 10, 36, 30, 18, 24, 2]]]]]}
{"file_name": "U_40_0", "number_of_trucks": 2, "drone_capacity": 10, "number_of_drones": 2, "iteration": 3, "best_fitness": 361.3686131879109, "runtime": 51.470420837402344, "best_solution": [[[[0, [16, 35, 31, 11, 9, 26, 1]], [16, [5, 12, 27]], [35, []], [31, []], [11, []], [9, []], [26, []], [5, []], [12, []], [1, []], [27, []], [38, [38, 2, 21, 32, 23, 3, 14, 4, 39, 20]], [2, []], [21, []], [32, []], [23, []], [3, []], [14, []], [4, []], [39, []], [20, []]], [[0, [29, 8]], [29, []], [8, []], [28, [28, 33, 22, 25, 6, 37, 40, 17]], [33, []], [22, []], [25, []], [6, []], [37, []], [40, []], [17, []], [24, [24, 36, 10, 15, 7, 13, 18, 30, 34, 19]], [36, []], [10, []], [15, []], [7, []], [13, []], [18, []], [30, []], [34, []], [19, []]]], [[[16, [5, 12, 27]]], [[28, [28, 33, 22, 25, 6, 37, 40, 17]]], [[24, [24, 36, 10, 15, 7, 13, 18, 30, 34, 19]]], [[38, [38, 2, 21, 32, 23, 3, 14, 4, 39, 20]]]]]}
{"file_name": "U_40_0", "number_of_trucks": 2, "drone_capacity": 10, "number_of_drones": 2, "iteration": 4, "best_fitness": 364.44000000000005, "runtime": 61.58444118499756, "best_solution": [[[[0, [1]], [1, []], [27, [27]], [17, [17, 32, 23, 37, 38]], [32, []], [23, []], [37, []], [38, []], [22, [22, 6, 25, 3, 14, 39, 20, 4, 34, 19]], [6, []], [25, []], [3, []], [14, []], [39, []], [20, []], [4, []], [34, []], [19, []]], [[0, [16, 35]], [16, []], [35, []], [31, [31, 8, 28, 29, 9, 26, 5]], [8, []], [28, []], [29, []], [9, []], [26, []], [5, []], [12, [12, 33, 21, 40]], [33, []], [21, []], [40, []], [2, [2, 24, 11, 13, 7, 15, 10, 36, 30, 18]], [24, []], [11, []], [13, []], [7, []], [15, []], [10, []], [36, []], [30, []], [18, []]]], [[[27, [27]]], [[31, [31, 8, 28, 29, 9, 26, 5]]], [[12, [12, 33, 21, 40]]], [[17, [17, 32, 23, 37, 38]]], [[22, [22, 6, 25, 3, 14, 39, 20, 4, 34, 19]]], [[2, [2, 24, 11, 13, 7, 15, 10, 36, 30, 18]]]]]}
{"file_name": "U_40_0", "number_of_trucks": 2, "drone_capacity": 10, "number_of_drones": 2, "iteration": 5, "best_fitness": 344.5855997335702, "runtime": 58.78590750694275, "best_solution": [[[[0, [8, 33, 28, 1]], [8, []], [33, [9, 12]], [28, []], [9, []], [1, []], [12, []], [27, [27, 40, 37, 22, 38]], [40, []], [37, []], [22, []], [38, []], [25, [25, 6, 21, 2, 24, 35, 31, 14, 39, 20]], [6, []], [21, []], [2, []], [24, []], [35, []], [31, []], [14, []], [39, []], [20, []]], [[0, []], [16, [16, 3]], [3, []], [23, [23, 4, 32, 17, 29, 26, 5]], [4, []], [32, []], [17, []], [29, []], [26, []], [5, []], [11, [11, 13, 15, 7]], [13, []], [15, []], [7, []], [10, [10, 36, 30, 18, 34, 19]], [36, []], [30, []], [18, []], [34, []], [19, []]]], [[[33, [9, 12]]], [[16, [16, 3]]], [[23, [23, 4, 32, 17, 29, 26, 5]]], [[27, [27, 40, 37, 22, 38]]], [[11, [11, 13, 15, 7]]], [[25, [25, 6, 21, 2, 24, 35, 31, 14, 39, 20]]], [[10, [10, 36, 30, 18, 34, 19]]]]]}
