{"file_name": "U_40_0", "number_of_trucks": 2, "drone_capacity": 10, "number_of_drones": 2, "iteration": 1, "best_fitness": 367.9719571396337, "runtime": 3320.7205686569214, "best_solution": [[[[0, []], [35, [35, 22, 38]], [22, []], [38, []], [27, [27, 15, 36, 30, 16, 24, 23, 3]], [15, []], [36, []], [30, []], [16, []], [24, []], [23, []], [3, []], [2, [2, 32, 7, 26, 6, 19, 1, 25, 29, 11]], [32, []], [7, []], [26, []], [6, []], [19, []], [1, []], [25, []], [29, []], [11, []]], [[0, []], [28, [28]], [39, [39, 5, 20, 9]], [5, [21, 31, 17, 18]], [20, []], [9, []], [21, []], [31, []], [17, []], [18, []], [40, [40, 13, 10, 14, 4, 34, 33, 8, 12, 37]], [13, []], [10, []], [14, []], [4, []], [34, []], [33, []], [8, []], [12, []], [37, []]]], [[[35, [35, 22, 38]]], [[28, [28]]], [[39, [39, 5, 20, 9]]], [[5, [21, 31, 17, 18]]], [[27, [27, 15, 36, 30, 16, 24, 23, 3]]], [[40, [40, 13, 10, 14, 4, 34, 33, 8, 12, 37]]], [[2, [2, 32, 7, 26, 6, 19, 1, 25, 29, 11]]]]]}
{"file_name": "U_40_0", "number_of_trucks": 2, "drone_capacity": 10, "number_of_drones": 2, "iteration": 2, "best_fitness": 345.0450778792317, "runtime": 351.8272593021393, "best_solution": [[[[0, []], [28, [28, 39, 35, 22, 15, 27]], [39, []], [35, []], [22, []], [15, []], [36, [36, 16, 24, 32, 7, 6, 21, 31, 30]], [30, []], [16, []], [24, []], [27, []], [2, [2, 26, 13, 11]], [32, []], [7, []], [26, []], [6, []], [13, []], [21, []], [31, []], [11, []]], [[0, [3, 23]], [23, []], [3, []], [17, [17, 18, 10, 9, 38, 14]], [18, [4, 8, 12, 40, 29, 20, 5, 1, 19]], [40, []], [29, []], [9, []], [20, []], [5, []], [25, [25, 34, 33, 37]], [1, []], [10, []], [19, []], [38, []], [14, []], [4, []], [34, []], [33, []], [8, []], [37, []], [12, []]]], [[[28, [28, 39, 35, 22, 15, 27]]], [[17, [17, 18, 10, 9, 38, 14]]], [[18, [4, 8, 12, 40, 29, 20, 5, 1, 19]]], [[36, [36, 16, 24, 32, 7, 6, 21, 31, 30]]], [[25, [25, 34, 33, 37]]], [[2, [2, 26, 13, 11]]]]]}
{"file_name": "U_40_0", "number_of_trucks": 2, "drone_capacity": 10, "number_of_drones": 2, "iteration": 3, "best_fitness": 375.0639106826078, "runtime": 51.39632534980774, "best_solution": [[[[0, [39]], [39, []], [3, [3, 5, 20, 9, 29, 4, 14, 10, 19, 1]], [5, []], [20, []], [9, []], [29, []], [4, []], [14, []], [10, []], [19, []], [1, []], [32, [32, 6, 26, 7, 2, 25, 13, 21, 31, 11]], [6, []], [26, []], [7, []], [2, []], [25, []], [13, []], [21, []], [31, []], [11, []]], [[0, []], [22, [22, 27, 23, 38, 15]], [27, []], [23, [36, 30, 16, 24, 12]], [38, []], [15, []], [36, []], [30, []], [16, []], [24, []], [34, [34, 40, 17, 18, 28, 37, 35, 33, 8]], [40, []], [17, []], [18, []], [28, []], [37, []], [35, []], [33, []], [8, []], [12, []]]], [[[22, [22, 27, 23, 38, 15]]], [[3, [3, 5, 20, 9, 29, 4, 14, 10, 19, 1]]], [[23, [36, 30, 16, 24, 12]]], [[32, [32, 6, 26, 7, 2, 25, 13, 21, 31, 11]]], [[34, [34, 40, 17, 18, 28, 37, 35, 33, 8]]]]]}
{"file_name": "U_40_0", "number_of_trucks": 2, "drone_capacity": 10, "number_of_drones": 2, "iteration": 4, "best_fitness": 376.048270880165, "runtime": 55.0795681476593, "best_solution": [[[[0, [28]], [28, []], [23, [23, 3, 10, 14, 40, 18, 31, 21]], [3, []], [10, []], [14, []], [40, []], [18, []], [31, []], [21, []], [13, [13, 6, 32, 26, 7, 2, 25, 4, 17, 11]], [6, []], [32, []], [26, []], [7, []], [2, []], [25, []], [4, []], [17, []], [11, []]], [[0, []], [35, [35]], [39, [39, 29, 9, 20]], [29, []], [9, []], [20, []], [5, [5, 1, 19, 38, 27, 24]], [1, []], [19, []], [38, []], [27, []], [24, []], [16, [16, 15, 30, 36, 22, 34, 33, 8, 12, 37]], [15, []], [30, []], [36, []], [22, []], [34, []], [33, []], [8, []], [12, []], [37, []]]], [[[35, [35]]], [[39, [39, 29, 9, 20]]], [[23, [23, 3, 10, 14, 40, 18, 31, 21]]], [[5, [5, 1, 19, 38, 27, 24]]], [[13, [13, 6, 32, 26, 7, 2, 25, 4, 17, 11]]], [[16, [16, 15, 30, 36, 22, 34, 33, 8, 12, 37]]]]]}
{"file_name": "U_40_0", "number_of_trucks": 2, "drone_capacity": 10, "number_of_drones": 2, "iteration": 5, "best_fitness": 380.5144954946169, "runtime": 57.051053524017334, "best_solution": [[[[0, []], [28, [28]], [39, [39, 20, 29, 9, 5, 6, 19, 10, 32]], [20, []], [29, []], [9, []], [5, []], [6, []], [19, []], [10, []], [32, []], [3, [3, 7, 26, 2, 1, 25, 13, 21, 31, 11]], [7, []], [26, []], [2, []], [1, []], [25, []], [13, []], [21, []], [31, []], [11, []]], [[0, []], [23, [23, 27, 14, 38]], [27, []], [14, []], [38, []], [17, [17, 18, 40, 4, 22, 15]], [18, []], [40, []], [4, []], [22, []], [15, []], [30, [30, 36, 16, 24, 34, 33, 35, 8, 12, 37]], [36, []], [16, []], [24, []], [34, []], [33, []], [35, []], [8, []], [12, []], [37, []]]], [[[28, [28]]], [[39, [39, 20, 29, 9, 5, 6, 19, 10, 32]]], [[23, [23, 27, 14, 38]]], [[17, [17, 18, 40, 4, 22, 15]]], [[30, [30, 36, 16, 24, 34, 33, 35, 8, 12, 37]]], [[3, [3, 7, 26, 2, 1, 25, 13, 21, 31, 11]]]]]}
