{"file_name": "U_40_0", "number_of_trucks": 2, "drone_capacity": 10, "number_of_drones": 2, "iteration": 1, "best_fitness": 352.2215571177748, "runtime": 2893.7174088954926, "best_solution": [[[[0, [8, 28, 39]], [8, []], [28, []], [11, [11, 16, 18, 37, 38, 30, 6, 10, 32]], [32, []], [16, []], [37, []], [38, []], [30, []], [13, [13, 36, 21, 31, 19, 7, 5, 1, 34]], [36, []], [6, []], [21, []], [10, []], [31, []], [19, []], [34, []], [7, []], [18, []], [39, []], [5, []], [1, []]], [[0, [14, 40, 33, 17]], [40, []], [27, [27, 9, 3, 12, 29, 2]], [9, []], [17, []], [22, [22, 24, 26, 4, 25, 23, 15, 35, 20]], [12, []], [3, []], [29, []], [24, []], [26, []], [4, []], [25, []], [23, []], [15, []], [20, []], [14, []], [2, []], [33, []], [35, []]]], [[[11, [11, 16, 18, 37, 38, 30, 6, 10, 32]]], [[27, [27, 9, 3, 12, 29, 2]]], [[13, [13, 36, 21, 31, 19, 7, 5, 1, 34]]], [[22, [22, 24, 26, 4, 25, 23, 15, 35, 20]]]]]}
{"file_name": "U_40_0", "number_of_trucks": 2, "drone_capacity": 10, "number_of_drones": 2, "iteration": 2, "best_fitness": 365.59651882416614, "runtime": 714.3712213039398, "best_solution": [[[[0, []], [30, [30, 14, 39, 38, 37]], [38, []], [37, []], [16, [16, 32, 12, 34, 3, 4, 5, 29]], [29, []], [32, []], [3, []], [12, []], [22, [22, 15, 7, 20, 35, 26, 1, 18, 2, 40]], [24, [24]], [26, []], [4, []], [15, []], [34, []], [7, []], [18, []], [20, []], [14, []], [2, []], [40, []], [39, []], [5, []], [35, []], [1, []]], [[0, [33, 17, 28, 6, 10, 8]], [33, []], [17, []], [11, [11, 13, 25, 23, 27]], [28, []], [13, []], [25, []], [23, []], [6, []], [21, [21, 31, 19, 36, 9]], [31, []], [10, []], [19, []], [36, []], [27, []], [8, []], [9, []]]], [[[30, [30, 14, 39, 38, 37]]], [[11, [11, 13, 25, 23, 27]]], [[16, [16, 32, 12, 34, 3, 4, 5, 29]]], [[22, [22, 15, 7, 20, 35, 26, 1, 18, 2, 40]]], [[24, [24]]], [[21, [21, 31, 19, 36, 9]]]]]}
{"file_name": "U_40_0", "number_of_trucks": 2, "drone_capacity": 10, "number_of_drones": 2, "iteration": 3, "best_fitness": 433.52000000000004, "runtime": 50.088911294937134, "best_solution": [[[[0, [8, 39, 40, 10, 23, 4]], [8, [36, 6, 19]], [39, []], [40, []], [10, []], [23, []], [4, []], [36, []], [6, []], [19, []], [31, [31, 21, 15, 34, 7, 18, 14, 20, 5, 1]], [21, []], [15, []], [34, []], [7, []], [18, []], [14, []], [20, []], [5, []], [1, []]], [[0, [33, 28, 11, 16, 37, 38, 30, 25, 13, 26, 24, 32, 29, 12, 22, 3, 27, 9, 2, 17, 35]], [33, []], [28, []], [11, []], [16, []], [37, []], [38, []], [30, []], [25, []], [13, []], [26, []], [24, []], [32, []], [29, []], [12, []], [22, []], [3, []], [27, []], [9, []], [2, []], [17, []], [35, []]]], [[[8, [36, 6, 19]]], [[31, [31, 21, 15, 34, 7, 18, 14, 20, 5, 1]]]]]}
{"file_name": "U_40_0", "number_of_trucks": 2, "drone_capacity": 10, "number_of_drones": 2, "iteration": 4, "best_fitness": 371.89917209222403, "runtime": 57.80787539482117, "best_solution": [[[[0, [33, 28]], [33, []], [28, []], [38, [38, 30]], [30, []], [37, [37, 11, 16, 29, 32, 3, 12, 9]], [11, []], [16, []], [29, []], [32, []], [3, []], [12, []], [9, []], [27, [27, 22, 24, 26, 4, 34, 15, 20, 17, 1]], [22, []], [24, []], [26, []], [4, []], [34, []], [15, []], [20, []], [17, []], [1, []]], [[0, [8]], [8, []], [39, [39, 2, 14]], [2, []], [14, []], [23, [23, 25, 13, 36]], [25, []], [13, []], [36, []], [6, [6, 21, 10, 31, 19, 7, 18, 40, 5, 35]], [21, []], [10, []], [31, []], [19, []], [7, []], [18, []], [40, []], [5, []], [35, []]]], [[[39, [39, 2, 14]]], [[38, [38, 30]]], [[37, [37, 11, 16, 29, 32, 3, 12, 9]]], [[23, [23, 25, 13, 36]]], [[27, [27, 22, 24, 26, 4, 34, 15, 20, 17, 1]]], [[6, [6, 21, 10, 31, 19, 7, 18, 40, 5, 35]]]]]}
{"file_name": "U_40_0", "number_of_trucks": 2, "drone_capacity": 10, "number_of_drones": 2, "iteration": 5, "best_fitness": 374.0732469936132, "runtime": 59.5674147605896, "best_solution": [[[[0, []], [17, [17, 2]], [2, []], [40, [40, 39, 18, 14, 4, 23, 6, 19]], [39, []], [18, []], [14, []], [4, []], [23, []], [6, []], [19, []], [31, [31, 10, 21, 15, 34, 7, 20, 5, 35, 1]], [10, []], [21, []], [15, []], [34, []], [7, []], [20, []], [5, []], [35, []], [1, []]], [[0, [33]], [33, []], [8, [8]], [32, [32, 28, 11, 29, 16, 30]], [28, []], [11, []], [29, [13, 36]], [16, []], [30, []], [13, []], [36, []], [25, [25, 26, 38, 37, 24, 3, 22, 12, 27, 9]], [26, []], [38, []], [37, []], [24, []], [3, []], [22, []], [12, []], [27, []], [9, []]]], [[[17, [17, 2]]], [[8, [8]]], [[32, [32, 28, 11, 29, 16, 30]]], [[40, [40, 39, 18, 14, 4, 23, 6, 19]]], [[29, [13, 36]]], [[25, [25, 26, 38, 37, 24, 3, 22, 12, 27, 9]]], [[31, [31, 10, 21, 15, 34, 7, 20, 5, 35, 1]]]]]}
