{"file_name": "U_40_0", "number_of_trucks": 2, "drone_capacity": 10, "number_of_drones": 2, "iteration": 1, "best_fitness": 345.1187474028615, "runtime": 3755.2379534244537, "best_solution": [[[[0, [20, 21, 9]], [30, [30, 6, 37, 22, 19]], [6, []], [37, []], [22, []], [36, [36, 35, 2, 34, 17, 8]], [35, []], [19, []], [2, []], [7, [7, 1, 25, 23, 3]], [34, []], [17, []], [20, []], [21, []], [9, []], [3, []], [8, []], [23, []], [1, []], [25, []]], [[0, []], [13, [13, 38]], [38, []], [10, [10, 32, 14, 16, 31]], [32, []], [14, []], [16, [28, 15, 33, 26, 29, 12, 18, 27, 5, 24]], [31, []], [28, []], [15, []], [33, []], [26, []], [29, []], [4, [4, 11, 39, 40]], [12, []], [18, []], [27, []], [5, []], [24, []], [40, []], [39, []], [11, []]]], [[[13, [13, 38]]], [[30, [30, 6, 37, 22, 19]]], [[10, [10, 32, 14, 16, 31]]], [[16, [28, 15, 33, 26, 29, 12, 18, 27, 5, 24]]], [[36, [36, 35, 2, 34, 17, 8]]], [[4, [4, 11, 39, 40]]], [[7, [7, 1, 25, 23, 3]]]]]}
{"file_name": "U_40_0", "number_of_trucks": 2, "drone_capacity": 10, "number_of_drones": 2, "iteration": 2, "best_fitness": 457.00000000000006, "runtime": 41.670592308044434, "best_solution": [[[[0, [21, 20, 9, 30, 10, 5, 31, 28, 33, 15, 29, 26, 4, 12, 18, 27, 39, 40, 3, 8, 23, 11, 25]], [21, []], [20, []], [9, []], [30, []], [10, []], [5, []], [31, []], [28, []], [33, []], [15, []], [29, []], [26, []], [4, []], [12, []], [18, []], [27, []], [39, []], [40, []], [3, []], [8, []], [23, []], [11, []], [25, []]], [[0, [38, 13, 37, 22, 32, 16, 14, 19, 35, 2, 36, 17, 7, 34, 6, 24, 1]], [38, []], [13, []], [37, []], [22, []], [32, []], [16, []], [14, []], [19, []], [35, []], [2, []], [36, []], [17, []], [7, []], [34, []], [6, []], [24, []], [1, []]]], []]}
{"file_name": "U_40_0", "number_of_trucks": 2, "drone_capacity": 10, "number_of_drones": 2, "iteration": 3, "best_fitness": 439.08000000000004, "runtime": 44.83953809738159, "best_solution": [[[[0, [20, 13, 32, 21, 6, 37, 22]], [20, [17, 36, 35]], [13, []], [32, []], [21, []], [6, []], [37, []], [22, []], [17, []], [36, []], [35, []], [2, [2, 19, 28, 31, 16, 7, 10, 1, 11, 25]], [19, []], [28, []], [31, []], [16, []], [7, []], [10, []], [1, []], [11, []], [25, []]], [[0, [9, 8, 30, 24, 23, 3, 40, 39, 34, 14, 29, 15, 33, 26, 4, 12, 18, 38, 27, 5]], [9, []], [8, []], [30, []], [24, []], [23, []], [3, []], [40, []], [39, []], [34, []], [14, []], [29, []], [15, []], [33, []], [26, []], [4, []], [12, []], [18, []], [38, []], [27, []], [5, []]]], [[[20, [17, 36, 35]]], [[2, [2, 19, 28, 31, 16, 7, 10, 1, 11, 25]]]]]}
{"file_name": "U_40_0", "number_of_trucks": 2, "drone_capacity": 10, "number_of_drones": 2, "iteration": 4, "best_fitness": 370.8413557826617, "runtime": 54.251254081726074, "best_solution": [[[[0, [38]], [38, []], [13, [13]], [10, [10, 5, 27, 18, 29, 26]], [5, []], [27, []], [18, []], [29, []], [26, []], [4, [4, 12, 7, 6, 39, 3, 8, 23, 11, 25]], [12, []], [7, []], [6, []], [39, []], [3, []], [8, []], [23, []], [11, []], [25, []]], [[0, [21, 20]], [21, []], [20, []], [9, [9, 19]], [32, [32, 14, 16, 31, 28, 33, 15, 2]], [14, []], [16, []], [31, []], [28, []], [33, []], [15, []], [2, []], [19, []], [35, [35, 36, 17, 22, 37, 34, 30, 40, 24, 1]], [36, []], [17, []], [22, []], [37, []], [34, []], [30, []], [40, []], [24, []], [1, []]]], [[[13, [13]]], [[9, [9, 19]]], [[32, [32, 14, 16, 31, 28, 33, 15, 2]]], [[10, [10, 5, 27, 18, 29, 26]]], [[4, [4, 12, 7, 6, 39, 3, 8, 23, 11, 25]]], [[35, [35, 36, 17, 22, 37, 34, 30, 40, 24, 1]]]]]}
{"file_name": "U_40_0", "number_of_trucks": 2, "drone_capacity": 10, "number_of_drones": 2, "iteration": 5, "best_fitness": 433.32, "runtime": 45.07459473609924, "best_solution": [[[[0, [30, 21, 22, 37, 20, 9, 8, 3, 40, 39, 34, 7, 14, 29, 4, 18, 38, 27, 5, 1]], [30, []], [21, []], [22, []], [37, []], [20, []], [9, []], [8, []], [3, []], [40, []], [39, []], [34, []], [7, []], [14, []], [29, []], [4, []], [18, []], [38, []], [27, []], [5, []], [1, []]], [[0, [13, 31, 12, 10, 24, 6, 32, 16]], [13, [26, 33]], [31, []], [12, []], [10, []], [24, []], [6, []], [32, []], [16, []], [26, []], [33, []], [15, [15, 28, 19, 2, 35, 36, 17, 23, 11, 25]], [28, []], [19, []], [2, []], [35, []], [36, []], [17, []], [23, []], [11, []], [25, []]]], [[[13, [26, 33]]], [[15, [15, 28, 19, 2, 35, 36, 17, 23, 11, 25]]]]]}
