{"file_name": "U_40_1", "number_of_trucks": 2, "drone_capacity": 10, "number_of_drones": 2, "iteration": 1, "best_fitness": 567.3658596000259, "runtime": 3705.9699177742004, "best_solution": [[[[0, [22, 18, 14, 35, 31]], [14, []], [35, []], [31, []], [38, [38, 15, 34, 29, 32]], [15, []], [22, [36, 39, 6, 33]], [32, []], [29, []], [18, []], [39, []], [34, []], [8, [8, 24, 13]], [13, []], [36, []], [24, []], [6, []], [33, []], [5, [5, 23, 25, 20, 1]], [23, []], [25, []], [20, []], [1, []]], [[0, []], [7, [7, 30, 21]], [30, []], [21, []], [0, [37, 2, 40, 10, 28]], [26, [26]], [37, []], [2, []], [40, []], [10, []], [27, [27, 9, 19, 17, 12, 11]], [9, []], [16, [16, 4, 3]], [19, []], [17, []], [28, []], [4, []], [3, []], [12, []], [11, []], [0, []]]], [[[7, [7, 30, 21]]], [[26, [26]]], [[38, [38, 15, 34, 29, 32]]], [[27, [27, 9, 19, 17, 12, 11]]], [[22, [36, 39, 6, 33]]], [[8, [8, 24, 13]]], [[16, [16, 4, 3]]], [[5, [5, 23, 25, 20, 1]]]]]}
{"file_name": "U_40_1", "number_of_trucks": 2, "drone_capacity": 10, "number_of_drones": 2, "iteration": 2, "best_fitness": 642.9557514902684, "runtime": 63.29746603965759, "best_solution": [[[[0, [30]], [30, []], [28, [28]], [22, [22, 10]], [10, []], [21, [21]], [15, [15, 34, 36, 29]], [34, []], [36, [26, 39, 8]], [29, []], [26, []], [39, []], [8, []], [13, [13, 24, 12, 11, 23, 16, 3, 4]], [24, []], [12, []], [11, []], [23, []], [16, []], [3, []], [4, []]], [[0, []], [18, [18, 7, 14]], [7, []], [14, []], [31, [31, 35, 37, 38]], [35, []], [37, []], [38, []], [40, [40, 2, 32, 6, 33]], [2, []], [32, []], [6, []], [33, []], [27, [27, 19]], [19, []], [9, [9, 17, 5, 1, 25, 20]], [17, []], [5, []], [1, []], [25, []], [20, []]]], [[[18, [18, 7, 14]]], [[28, [28]]], [[22, [22, 10]]], [[31, [31, 35, 37, 38]]], [[21, [21]]], [[15, [15, 34, 36, 29]]], [[36, [26, 39, 8]]], [[40, [40, 2, 32, 6, 33]]], [[27, [27, 19]]], [[13, [13, 24, 12, 11, 23, 16, 3, 4]]], [[9, [9, 17, 5, 1, 25, 20]]]]]}
{"file_name": "U_40_1", "number_of_trucks": 2, "drone_capacity": 10, "number_of_drones": 2, "iteration": 3, "best_fitness": 690.5561140671037, "runtime": 57.99884796142578, "best_solution": [[[[0, [22, 10, 30]], [22, []], [10, []], [30, []], [28, [28]], [21, [21, 15, 34, 36, 29, 26]], [15, []], [34, [39]], [36, []], [29, []], [26, []], [39, []], [8, [8, 13, 24, 11, 12, 3, 1, 23, 16, 4]], [13, []], [24, []], [11, []], [12, []], [3, []], [1, []], [23, []], [16, []], [4, []]], [[0, []], [18, [18, 7]], [7, []], [14, [14]], [31, [31, 35, 37, 38, 40, 2]], [35, []], [37, []], [38, []], [40, []], [2, []], [32, [32]], [6, [6, 33, 27, 19, 9, 17, 5, 25, 20]], [33, []], [27, []], [19, []], [9, []], [17, []], [5, []], [25, []], [20, []]]], [[[18, [18, 7]]], [[14, [14]]], [[28, [28]]], [[21, [21, 15, 34, 36, 29, 26]]], [[31, [31, 35, 37, 38, 40, 2]]], [[32, [32]]], [[34, [39]]], [[6, [6, 33, 27, 19, 9, 17, 5, 25, 20]]], [[8, [8, 13, 24, 11, 12, 3, 1, 23, 16, 4]]]]]}
{"file_name": "U_40_1", "number_of_trucks": 2, "drone_capacity": 10, "number_of_drones": 2, "iteration": 4, "best_fitness": 710.3372103883672, "runtime": 53.532697677612305, "best_solution": [[[[0, []], [22, [22, 7, 10, 30, 28, 21, 15, 34]], [7, []], [10, []], [30, [36, 29]], [28, []], [21, []], [15, []], [34, []], [36, []], [29, []], [26, [26, 39, 8, 13, 24, 12, 3, 4, 11, 16]], [39, []], [8, []], [13, []], [24, []], [12, []], [3, []], [4, []], [11, []], [16, []]], [[0, [18]], [18, []], [31, [31]], [14, [14, 35, 37, 38, 40, 2, 32, 6]], [35, []], [37, []], [38, []], [40, []], [2, []], [32, []], [6, []], [33, [33, 27, 19, 9, 17, 5, 23, 1, 25, 20]], [27, []], [19, []], [9, []], [17, []], [5, []], [23, []], [1, []], [25, []], [20, []]]], [[[22, [22, 7, 10, 30, 28, 21, 15, 34]]], [[31, [31]]], [[30, [36, 29]]], [[14, [14, 35, 37, 38, 40, 2, 32, 6]]], [[26, [26, 39, 8, 13, 24, 12, 3, 4, 11, 16]]], [[33, [33, 27, 19, 9, 17, 5, 23, 1, 25, 20]]]]]}
{"file_name": "U_40_1", "number_of_trucks": 2, "drone_capacity": 10, "number_of_drones": 2, "iteration": 5, "best_fitness": 725.1419800039398, "runtime": 48.712419748306274, "best_solution": [[[[0, [22, 10, 30, 28, 21, 15, 34]], [22, []], [10, [36, 29]], [30, []], [28, []], [21, []], [15, []], [34, []], [36, []], [29, []], [26, [26, 39, 8, 13, 24, 12, 11, 23, 25, 20]], [39, []], [8, []], [13, []], [24, []], [12, []], [11, []], [23, []], [25, []], [20, []]], [[0, [18, 7, 14]], [18, []], [7, []], [14, []], [31, [31, 35, 37, 38, 40, 2, 32, 6]], [35, []], [37, []], [38, []], [40, []], [2, []], [32, []], [6, []], [33, [33, 27, 19, 9, 17, 5, 1, 16, 3, 4]], [27, []], [19, []], [9, []], [17, []], [5, []], [1, []], [16, []], [3, []], [4, []]]], [[[10, [36, 29]]], [[31, [31, 35, 37, 38, 40, 2, 32, 6]]], [[33, [33, 27, 19, 9, 17, 5, 1, 16, 3, 4]]], [[26, [26, 39, 8, 13, 24, 12, 11, 23, 25, 20]]]]]}
