{"file_name": "U_40_1", "number_of_trucks": 2, "drone_capacity": 10, "number_of_drones": 2, "iteration": 1, "best_fitness": 446.6369476741432, "runtime": 3616.489478111267, "best_solution": [[[[0, [6, 20]], [20, []], [25, [25, 17]], [6, []], [14, [14, 40, 27, 2, 21]], [40, []], [17, []], [12, [12, 15, 23]], [27, []], [2, []], [22, [22, 32, 37, 36, 10, 18, 31]], [37, []], [23, []], [32, []], [21, []], [10, []], [15, []], [36, []], [18, []], [31, []]], [[0, [16, 24, 29, 39]], [16, []], [24, []], [29, []], [35, [35, 30, 8, 28]], [4, [4, 33, 5, 13, 7, 3, 38]], [39, []], [3, []], [38, []], [33, []], [8, []], [28, []], [5, []], [26, [26, 1, 9, 11, 19, 34]], [9, []], [1, []], [11, []], [13, []], [7, []], [30, []], [34, []], [19, []]]], [[[25, [25, 17]]], [[14, [14, 40, 27, 2, 21]]], [[35, [35, 30, 8, 28]]], [[12, [12, 15, 23]]], [[4, [4, 33, 5, 13, 7, 3, 38]]], [[22, [22, 32, 37, 36, 10, 18, 31]]], [[26, [26, 1, 9, 11, 19, 34]]]]]}
{"file_name": "U_40_1", "number_of_trucks": 2, "drone_capacity": 10, "number_of_drones": 2, "iteration": 2, "best_fitness": 469.2127012261091, "runtime": 66.52829194068909, "best_solution": [[[[0, [30]], [30, []], [16, [16, 24, 29, 15]], [24, []], [29, []], [13, [13, 7, 18, 35, 31, 5]], [7, []], [15, []], [5, []], [33, [33, 32, 20, 19, 34, 10, 36]], [32, []], [20, []], [19, []], [34, []], [10, []], [36, []], [18, []], [35, []], [31, []]], [[0, []], [17, [17, 21, 28, 8, 2]], [21, []], [28, []], [8, []], [2, []], [39, [39, 4, 23, 14, 38, 37, 6]], [4, []], [23, []], [14, []], [38, []], [37, []], [6, []], [40, [40, 3, 25]], [3, []], [25, []], [22, [22, 27, 12, 1, 11, 9, 26]], [27, []], [12, []], [1, []], [11, []], [9, []], [26, []]]], [[[16, [16, 24, 29, 15]]], [[17, [17, 21, 28, 8, 2]]], [[39, [39, 4, 23, 14, 38, 37, 6]]], [[13, [13, 7, 18, 35, 31, 5]]], [[33, [33, 32, 20, 19, 34, 10, 36]]], [[40, [40, 3, 25]]], [[22, [22, 27, 12, 1, 11, 9, 26]]]]]}
{"file_name": "U_40_1", "number_of_trucks": 2, "drone_capacity": 10, "number_of_drones": 2, "iteration": 3, "best_fitness": 490.5554141936108, "runtime": 62.71005892753601, "best_solution": [[[[0, [28]], [17, [17, 27]], [27, []], [28, []], [2, [2, 29, 15, 7, 34]], [29, []], [15, []], [7, []], [34, []], [10, [10, 22, 38, 25, 3, 32, 39, 4, 20, 19]], [22, []], [38, []], [25, []], [3, []], [32, []], [39, []], [4, []], [20, []], [19, []]], [[0, [16, 8, 24]], [16, []], [8, []], [24, []], [6, [6]], [14, [14, 23, 21, 35, 30]], [23, []], [21, []], [35, [18, 31, 37]], [30, []], [18, []], [31, []], [37, []], [40, [40, 33, 12, 9, 5, 11, 36, 13, 1, 26]], [33, []], [12, []], [9, []], [5, []], [11, []], [36, []], [13, []], [1, []], [26, []]]], [[[17, [17, 27]]], [[6, [6]]], [[14, [14, 23, 21, 35, 30]]], [[35, [18, 31, 37]]], [[2, [2, 29, 15, 7, 34]]], [[10, [10, 22, 38, 25, 3, 32, 39, 4, 20, 19]]], [[40, [40, 33, 12, 9, 5, 11, 36, 13, 1, 26]]]]]}
{"file_name": "U_40_1", "number_of_trucks": 2, "drone_capacity": 10, "number_of_drones": 2, "iteration": 4, "best_fitness": 470.2236530006263, "runtime": 68.01968717575073, "best_solution": [[[[0, []], [20, [20]], [23, [23]], [24, [24, 30, 18, 31, 33, 2]], [30, []], [18, []], [31, []], [33, []], [2, []], [11, [11, 13, 7, 9, 1, 12, 5, 26, 35, 19]], [13, []], [7, []], [9, []], [1, []], [12, []], [5, []], [26, []], [35, []], [19, []]], [[0, [16]], [16, []], [39, [39, 6, 28]], [6, []], [28, []], [29, [29, 40]], [40, []], [27, [27, 8, 21, 25, 14, 4]], [8, []], [21, []], [25, []], [14, []], [4, []], [3, [3, 32, 17, 37, 38, 22, 36, 15, 10, 34]], [32, []], [17, []], [37, []], [38, []], [22, []], [36, []], [15, []], [10, []], [34, []]]], [[[39, [39, 6, 28]]], [[20, [20]]], [[23, [23]]], [[29, [29, 40]]], [[27, [27, 8, 21, 25, 14, 4]]], [[24, [24, 30, 18, 31, 33, 2]]], [[3, [3, 32, 17, 37, 38, 22, 36, 15, 10, 34]]], [[11, [11, 13, 7, 9, 1, 12, 5, 26, 35, 19]]]]]}
{"file_name": "U_40_1", "number_of_trucks": 2, "drone_capacity": 10, "number_of_drones": 2, "iteration": 5, "best_fitness": 519.5455997335702, "runtime": 60.527018547058105, "best_solution": [[[[0, [28]], [39, [39, 25, 21]], [28, []], [25, []], [21, []], [27, [27, 23, 31, 18, 30, 15, 10]], [23, []], [31, []], [18, []], [30, []], [15, []], [10, []], [7, [7, 13, 11, 9, 5, 33, 12, 1, 26, 19]], [13, []], [11, []], [9, []], [5, []], [33, []], [12, []], [1, []], [26, []], [19, []]], [[0, [20, 24, 29, 8, 2, 17, 6, 40]], [16, [16, 14]], [20, []], [24, []], [29, []], [8, []], [2, []], [17, []], [6, []], [40, []], [14, []], [38, [38, 3, 4, 35, 34, 36, 22, 37, 32]], [3, []], [4, []], [35, []], [34, []], [36, []], [22, []], [37, []], [32, []]]], [[[39, [39, 25, 21]]], [[16, [16, 14]]], [[27, [27, 23, 31, 18, 30, 15, 10]]], [[38, [38, 3, 4, 35, 34, 36, 22, 37, 32]]], [[7, [7, 13, 11, 9, 5, 33, 12, 1, 26, 19]]]]]}
