{"file_name": "U_40_1", "number_of_trucks": 2, "drone_capacity": 10, "number_of_drones": 2, "iteration": 1, "best_fitness": 443.7551312630729, "runtime": 874.4863622188568, "best_solution": [[[[0, [5, 28, 31]], [28, []], [18, [18, 35]], [35, []], [36, [2, 25, 9, 10, 21, 27, 14, 36, 19]], [10, []], [21, []], [31, []], [27, []], [14, []], [2, []], [19, []], [25, []], [11, [11, 4, 16, 7, 8, 29, 40, 17]], [40, []], [9, []], [5, []], [7, []], [29, []], [4, []], [8, []], [16, []], [17, []]], [[0, [39]], [39, []], [3, [3]], [0, [24, 38, 37, 34, 13, 15, 30, 20, 23, 1, 6, 32, 12, 33]], [12, []], [24, []], [38, []], [37, []], [34, []], [13, []], [33, []], [26, [26, 22]], [15, []], [30, []], [20, []], [23, []], [1, []], [6, []], [32, []], [22, []]]], [[[18, [18, 35]]], [[3, [3]]], [[36, [2, 25, 9, 10, 21, 27, 14, 36, 19]]], [[26, [26, 22]]], [[11, [11, 4, 16, 7, 8, 29, 40, 17]]]]]}
{"file_name": "U_40_1", "number_of_trucks": 2, "drone_capacity": 10, "number_of_drones": 2, "iteration": 2, "best_fitness": 429.8740689383792, "runtime": 2923.439321756363, "best_solution": [[[[0, [5, 31, 28, 1, 23]], [31, []], [28, []], [5, []], [30, [30, 32, 27, 3]], [23, []], [1, []], [32, []], [27, []], [3, []], [16, [16, 22, 10, 6, 17, 21, 14, 8]], [22, []], [21, []], [10, []], [6, []], [14, []], [8, []], [17, []]], [[0, [18]], [18, []], [33, [33, 13, 24]], [24, []], [12, [12, 39]], [39, []], [37, [37, 38, 34, 20, 35, 36]], [38, []], [34, []], [13, []], [36, []], [19, [19, 2, 9, 40, 25, 7, 15]], [20, []], [2, []], [9, []], [40, []], [25, []], [11, [11, 26, 29, 4]], [35, []], [15, []], [26, []], [29, []], [4, []], [7, []]]], [[[33, [33, 13, 24]]], [[12, [12, 39]]], [[37, [37, 38, 34, 20, 35, 36]]], [[30, [30, 32, 27, 3]]], [[19, [19, 2, 9, 40, 25, 7, 15]]], [[16, [16, 22, 10, 6, 17, 21, 14, 8]]], [[11, [11, 26, 29, 4]]]]]}
{"file_name": "U_40_1", "number_of_trucks": 2, "drone_capacity": 10, "number_of_drones": 2, "iteration": 3, "best_fitness": 471.13420954592516, "runtime": 62.36853861808777, "best_solution": [[[[0, []], [18, [18, 23]], [23, []], [27, [27, 3, 12, 38, 37, 9, 5, 34]], [3, []], [12, []], [38, []], [37, []], [9, []], [5, []], [34, []], [15, [15, 25, 40, 11, 19, 2, 8, 22, 28, 17]], [25, []], [40, []], [11, []], [19, []], [2, []], [8, []], [22, []], [28, []], [17, []]], [[0, []], [31, [31]], [39, [39, 24]], [24, []], [33, [33, 13, 35, 30, 20, 1, 32]], [13, []], [35, []], [30, []], [20, []], [1, []], [32, []], [21, [21, 10, 6]], [10, []], [6, []], [36, [36, 14, 7, 26, 29, 4, 16]], [14, []], [7, []], [26, []], [29, []], [4, []], [16, []]]], [[[18, [18, 23]]], [[31, [31]]], [[39, [39, 24]]], [[33, [33, 13, 35, 30, 20, 1, 32]]], [[21, [21, 10, 6]]], [[27, [27, 3, 12, 38, 37, 9, 5, 34]]], [[15, [15, 25, 40, 11, 19, 2, 8, 22, 28, 17]]], [[36, [36, 14, 7, 26, 29, 4, 16]]]]]}
{"file_name": "U_40_1", "number_of_trucks": 2, "drone_capacity": 10, "number_of_drones": 2, "iteration": 4, "best_fitness": 461.0, "runtime": 58.73493409156799, "best_solution": [[[[0, []], [39, [39, 24, 34]], [24, [36, 30, 25, 20, 37, 12]], [34, []], [36, []], [30, []], [25, []], [20, []], [19, [19, 2, 14, 7, 9, 40, 11, 26]], [2, []], [14, []], [7, []], [9, []], [40, []], [11, []], [26, []], [37, []], [12, []]], [[0, [31, 28]], [31, []], [28, []], [5, [5, 18, 38]], [18, []], [38, []], [13, [13, 33, 35, 15, 23, 1, 6, 32]], [33, []], [35, []], [15, []], [23, []], [1, []], [6, []], [32, []], [10, [10, 21, 27, 3, 22, 8, 29, 4, 16, 17]], [21, []], [27, []], [3, []], [22, []], [8, []], [29, []], [4, []], [16, []], [17, []]]], [[[5, [5, 18, 38]]], [[39, [39, 24, 34]]], [[24, [36, 30, 25, 20, 37, 12]]], [[13, [13, 33, 35, 15, 23, 1, 6, 32]]], [[10, [10, 21, 27, 3, 22, 8, 29, 4, 16, 17]]], [[19, [19, 2, 14, 7, 9, 40, 11, 26]]]]]}
{"file_name": "U_40_1", "number_of_trucks": 2, "drone_capacity": 10, "number_of_drones": 2, "iteration": 5, "best_fitness": 481.3982155153969, "runtime": 63.03993272781372, "best_solution": [[[[0, [31]], [31, []], [28, [28]], [23, [23, 15]], [15, []], [34, [34, 38, 3, 17, 37]], [38, []], [3, []], [17, []], [37, []], [35, [35, 25, 11, 40, 9, 7, 4, 8, 22, 16]], [25, []], [11, []], [40, []], [9, []], [7, []], [4, []], [8, []], [22, []], [16, []]], [[0, [18]], [18, []], [39, [39, 24]], [24, []], [33, [33, 13, 30, 5, 20, 1, 27]], [13, []], [30, [21]], [5, []], [20, []], [1, []], [27, []], [21, []], [10, [10, 32, 6, 19, 2, 36, 14, 29, 26, 12]], [32, []], [6, []], [19, []], [2, []], [36, []], [14, []], [29, []], [26, []], [12, []]]], [[[28, [28]]], [[23, [23, 15]]], [[39, [39, 24]]], [[33, [33, 13, 30, 5, 20, 1, 27]]], [[30, [21]]], [[34, [34, 38, 3, 17, 37]]], [[10, [10, 32, 6, 19, 2, 36, 14, 29, 26, 12]]], [[35, [35, 25, 11, 40, 9, 7, 4, 8, 22, 16]]]]]}
