{"file_name": "U_40_1", "number_of_trucks": 2, "drone_capacity": 10, "number_of_drones": 2, "iteration": 1, "best_fitness": 526.7609027560103, "runtime": 1815.7176632881165, "best_solution": [[[[0, [9, 7]], [9, []], [7, []], [26, [26, 36]], [36, []], [22, [25, 15, 14, 37, 30, 2, 19, 22]], [14, []], [37, []], [30, []], [2, []], [19, []], [34, [34, 27, 29, 4]], [25, []], [15, []], [27, []], [29, []], [4, []], [23, [23, 5, 3, 1, 21, 24, 16]], [5, []], [16, []], [3, []], [1, []], [21, []], [24, []]], [[0, [40]], [40, []], [0, [31, 35, 13]], [31, []], [35, []], [13, []], [0, [12, 32]], [39, [39, 6, 38, 10, 17]], [6, []], [38, []], [10, []], [12, []], [17, []], [32, []], [33, [33, 28, 8, 11, 18, 20]], [18, []], [20, []], [28, []], [8, []], [11, []]]], [[[26, [26, 36]]], [[22, [25, 15, 14, 37, 30, 2, 19, 22]]], [[39, [39, 6, 38, 10, 17]]], [[34, [34, 27, 29, 4]]], [[33, [33, 28, 8, 11, 18, 20]]], [[23, [23, 5, 3, 1, 21, 24, 16]]]]]}
{"file_name": "U_40_1", "number_of_trucks": 2, "drone_capacity": 10, "number_of_drones": 2, "iteration": 2, "best_fitness": 533.52, "runtime": 1865.2015919685364, "best_solution": [[[[0, [19, 25]], [25, []], [19, [12, 2]], [12, []], [2, []], [32, [32]], [0, [7]], [39, [39, 10, 6]], [7, []], [10, []], [38, [38, 1, 3, 28]], [28, []], [8, [8, 20, 16, 24, 21]], [6, []], [20, []], [3, []], [5, [5]], [16, []], [1, []], [21, []], [24, []]], [[0, [15, 13, 40, 9, 26, 36, 30]], [36, []], [30, []], [15, []], [13, []], [40, [22, 4, 35, 14, 37, 31]], [9, []], [26, []], [4, []], [35, []], [14, []], [37, []], [31, []], [22, []], [0, [17, 34, 11, 27, 18, 33, 29, 23]], [11, []], [18, []], [17, []], [33, []], [27, []], [34, []], [29, []], [23, []]]], [[[19, [12, 2]]], [[32, [32]]], [[39, [39, 10, 6]]], [[40, [22, 4, 35, 14, 37, 31]]], [[38, [38, 1, 3, 28]]], [[8, [8, 20, 16, 24, 21]]], [[5, [5]]]]]}
{"file_name": "U_40_1", "number_of_trucks": 2, "drone_capacity": 10, "number_of_drones": 2, "iteration": 3, "best_fitness": 622.545033882293, "runtime": 62.89351034164429, "best_solution": [[[[0, []], [30, [30]], [7, [7]], [31, [31, 13, 26, 22, 14, 32, 10]], [13, []], [26, []], [22, []], [14, []], [32, []], [10, []], [39, [39, 27, 29, 34, 20, 23, 11, 3, 16, 21]], [27, []], [29, []], [34, []], [20, []], [23, []], [11, []], [3, []], [16, []], [21, []]], [[0, [9]], [9, []], [19, [19]], [25, [25]], [2, [2, 15]], [15, []], [12, [12, 36, 40, 35, 37, 4]], [36, []], [40, []], [35, []], [37, []], [4, []], [17, [17, 6, 38, 1, 18]], [6, []], [38, []], [1, [33, 28, 8, 5, 24]], [18, []], [33, []], [28, []], [8, []], [5, []], [24, []]]], [[[30, [30]]], [[7, [7]]], [[19, [19]]], [[25, [25]]], [[2, [2, 15]]], [[12, [12, 36, 40, 35, 37, 4]]], [[31, [31, 13, 26, 22, 14, 32, 10]]], [[17, [17, 6, 38, 1, 18]]], [[39, [39, 27, 29, 34, 20, 23, 11, 3, 16, 21]]], [[1, [33, 28, 8, 5, 24]]]]]}
{"file_name": "U_40_1", "number_of_trucks": 2, "drone_capacity": 10, "number_of_drones": 2, "iteration": 4, "best_fitness": 612.4972636898638, "runtime": 52.2827730178833, "best_solution": [[[[0, [7, 26, 36, 22, 9, 40, 14]], [7, []], [26, []], [36, []], [22, []], [9, []], [40, []], [14, []], [13, [13]], [10, [10, 39, 29, 34, 16, 3, 11, 23, 24]], [39, []], [29, []], [34, []], [16, []], [3, []], [11, []], [23, []], [24, []]], [[0, [30, 19, 25, 2]], [30, [15, 12]], [19, []], [25, []], [2, []], [15, []], [12, []], [31, [31, 35, 37, 4, 32, 17, 6]], [35, []], [37, []], [4, []], [32, []], [17, []], [6, []], [38, [38, 20, 18, 27, 33, 28, 8, 5, 1, 21]], [20, []], [18, []], [27, []], [33, []], [28, []], [8, []], [5, []], [1, []], [21, []]]], [[[13, [13]]], [[30, [15, 12]]], [[31, [31, 35, 37, 4, 32, 17, 6]]], [[10, [10, 39, 29, 34, 16, 3, 11, 23, 24]]], [[38, [38, 20, 18, 27, 33, 28, 8, 5, 1, 21]]]]]}
{"file_name": "U_40_1", "number_of_trucks": 2, "drone_capacity": 10, "number_of_drones": 2, "iteration": 5, "best_fitness": 604.3482912768284, "runtime": 54.71891927719116, "best_solution": [[[[0, [36]], [36, []], [9, [9, 40, 26, 22, 13, 25, 14, 19, 32]], [40, [10]], [26, []], [22, []], [13, []], [25, []], [14, []], [19, []], [32, []], [10, []], [39, [39, 27, 29, 34, 1, 16, 3, 11, 23, 24]], [27, []], [29, []], [34, []], [1, []], [16, []], [3, []], [11, []], [23, []], [24, []]], [[0, [30, 7]], [30, []], [7, []], [2, [2]], [15, [15, 12, 31, 35, 37, 4]], [12, []], [31, []], [35, []], [37, []], [4, []], [17, [17, 6, 38, 20, 18, 33, 28, 8, 5, 21]], [6, []], [38, []], [20, []], [18, []], [33, []], [28, []], [8, []], [5, []], [21, []]]], [[[9, [9, 40, 26, 22, 13, 25, 14, 19, 32]]], [[2, [2]]], [[40, [10]]], [[15, [15, 12, 31, 35, 37, 4]]], [[39, [39, 27, 29, 34, 1, 16, 3, 11, 23, 24]]], [[17, [17, 6, 38, 20, 18, 33, 28, 8, 5, 21]]]]]}
