{"file_name": "U_40_0", "number_of_trucks": 2, "drone_capacity": 10, "number_of_drones": 2, "iteration": 1, "best_fitness": 344.94896921514624, "runtime": 3626.6034364700317, "best_solution": [[[[0, [7]], [7, []], [15, [15, 16, 35, 37, 4, 1, 21]], [4, []], [1, []], [35, []], [21, []], [23, [23, 11, 25, 38, 17, 32, 31, 13, 19]], [11, []], [25, []], [38, []], [37, []], [16, []], [2, [2, 36, 34, 14, 24, 12]], [13, []], [36, []], [17, []], [34, []], [14, []], [32, []], [24, []], [31, []], [12, []], [19, []]], [[0, [22]], [22, []], [29, [29, 26, 6, 5]], [26, []], [9, [9, 30, 40, 10]], [6, []], [3, [3, 18, 27, 20, 8, 28, 39, 33]], [18, []], [27, []], [33, []], [30, []], [20, []], [5, []], [40, []], [10, []], [8, []], [28, []], [39, []]]], [[[29, [29, 26, 6, 5]]], [[15, [15, 16, 35, 37, 4, 1, 21]]], [[9, [9, 30, 40, 10]]], [[23, [23, 11, 25, 38, 17, 32, 31, 13, 19]]], [[3, [3, 18, 27, 20, 8, 28, 39, 33]]], [[2, [2, 36, 34, 14, 24, 12]]]]]}
{"file_name": "U_40_0", "number_of_trucks": 2, "drone_capacity": 10, "number_of_drones": 2, "iteration": 2, "best_fitness": 468.36, "runtime": 40.72194838523865, "best_solution": [[[[0, [21, 35, 16, 37, 38, 5, 40, 10, 8, 28, 29, 9, 6, 26, 3, 27, 18, 12, 19]], [21, []], [35, []], [16, []], [37, []], [38, []], [5, []], [40, []], [10, []], [8, []], [28, []], [29, []], [9, []], [6, []], [26, []], [3, []], [27, []], [18, []], [12, []], [19, []]], [[0, [7, 1, 4, 15, 11, 17, 31, 24, 22, 32, 14, 34, 13, 2, 36, 23, 25, 20, 30, 33, 39]], [7, []], [1, []], [4, []], [15, []], [11, []], [17, []], [31, []], [24, []], [22, []], [32, []], [14, []], [34, []], [13, []], [2, []], [36, []], [23, []], [25, []], [20, []], [30, []], [33, []], [39, []]]], []]}
{"file_name": "U_40_0", "number_of_trucks": 2, "drone_capacity": 10, "number_of_drones": 2, "iteration": 3, "best_fitness": 380.1949169588014, "runtime": 52.45119905471802, "best_solution": [[[[0, [7, 22]], [7, []], [22, []], [29, [29, 15, 9, 6, 40, 5]], [15, []], [9, []], [6, []], [40, []], [5, []], [38, [38, 37, 16, 36, 2, 13, 24, 31, 12, 19]], [37, []], [16, []], [36, []], [2, []], [13, []], [24, []], [31, []], [12, []], [19, []]], [[0, []], [4, [4, 1]], [1, []], [26, [26, 10]], [10, []], [35, [35, 21, 30, 8, 28, 20, 25, 11]], [21, []], [30, []], [8, []], [28, []], [20, []], [25, []], [11, []], [23, [23, 17, 34, 14, 32, 27, 18, 3, 33, 39]], [17, []], [34, []], [14, []], [32, []], [27, []], [18, []], [3, []], [33, []], [39, []]]], [[[4, [4, 1]]], [[26, [26, 10]]], [[29, [29, 15, 9, 6, 40, 5]]], [[35, [35, 21, 30, 8, 28, 20, 25, 11]]], [[38, [38, 37, 16, 36, 2, 13, 24, 31, 12, 19]]], [[23, [23, 17, 34, 14, 32, 27, 18, 3, 33, 39]]]]]}
{"file_name": "U_40_0", "number_of_trucks": 2, "drone_capacity": 10, "number_of_drones": 2, "iteration": 4, "best_fitness": 378.75999999999993, "runtime": 55.54655313491821, "best_solution": [[[[0, [19, 22, 32, 30, 28]], [19, []], [22, []], [32, []], [30, []], [28, []], [8, [8, 10, 40, 6, 9, 26, 29, 39, 33, 3]], [10, []], [40, []], [6, []], [9, []], [26, []], [29, []], [39, []], [33, []], [3, []]], [[0, []], [7, [7]], [4, [4, 1, 15, 35]], [1, []], [15, []], [35, []], [21, [21]], [11, [11, 16, 37, 38, 5, 20, 25, 23, 36]], [16, []], [37, []], [38, []], [5, []], [20, []], [25, []], [23, []], [36, []], [2, [2, 13, 17, 34, 14, 27, 18, 12, 24, 31]], [13, []], [17, []], [34, []], [14, []], [27, []], [18, []], [12, []], [24, []], [31, []]]], [[[7, [7]]], [[4, [4, 1, 15, 35]]], [[21, [21]]], [[11, [11, 16, 37, 38, 5, 20, 25, 23, 36]]], [[8, [8, 10, 40, 6, 9, 26, 29, 39, 33, 3]]], [[2, [2, 13, 17, 34, 14, 27, 18, 12, 24, 31]]]]]}
{"file_name": "U_40_0", "number_of_trucks": 2, "drone_capacity": 10, "number_of_drones": 2, "iteration": 5, "best_fitness": 366.84000000000003, "runtime": 54.29838800430298, "best_solution": [[[[0, []], [4, [4, 1]], [1, [35, 21, 5, 40]], [35, []], [21, []], [5, []], [40, []], [10, [10, 8, 28, 20, 30, 3, 39, 33, 9, 26]], [8, []], [28, []], [20, []], [30, []], [3, []], [39, []], [33, []], [9, []], [26, []]], [[0, [7]], [7, []], [6, [6, 15]], [15, []], [29, [29]], [11, [11, 25, 38, 37, 16, 23, 2, 36, 13, 17]], [25, []], [38, []], [37, []], [16, []], [23, []], [2, []], [36, []], [13, []], [17, []], [34, [34, 14, 32, 22, 24, 31, 12, 18, 27, 19]], [14, []], [32, []], [22, []], [24, []], [31, []], [12, []], [18, []], [27, []], [19, []]]], [[[6, [6, 15]]], [[4, [4, 1]]], [[29, [29]]], [[1, [35, 21, 5, 40]]], [[11, [11, 25, 38, 37, 16, 23, 2, 36, 13, 17]]], [[10, [10, 8, 28, 20, 30, 3, 39, 33, 9, 26]]], [[34, [34, 14, 32, 22, 24, 31, 12, 18, 27, 19]]]]]}
