{"file_name": "U_40_1", "number_of_trucks": 2, "drone_capacity": 10, "number_of_drones": 2, "iteration": 1, "best_fitness": 543.1016654150395, "runtime": 3619.8108234405518, "best_solution": [[[[0, [29, 8, 26, 10]], [10, []], [29, [1]], [8, []], [26, []], [1, []], [17, [17, 20, 16, 25, 6, 23, 40]], [20, []], [16, []], [25, []], [6, []], [40, []], [23, []], [14, [14, 33, 15, 3, 38, 22, 37]], [3, []], [38, []], [22, []], [37, []], [33, []], [11, [11, 13, 7, 36]], [13, []], [7, []], [15, []], [36, []], [18, [18]]], [[0, [35, 24, 28, 27, 12, 31, 21, 32]], [19, [19, 2, 30, 39]], [31, []], [35, []], [2, []], [24, []], [30, []], [34, [34, 4]], [4, []], [39, []], [28, []], [27, []], [12, []], [5, [5, 9]], [9, []], [21, []], [32, []]]], [[[29, [1]]], [[17, [17, 20, 16, 25, 6, 23, 40]]], [[14, [14, 33, 15, 3, 38, 22, 37]]], [[19, [19, 2, 30, 39]]], [[34, [34, 4]]], [[11, [11, 13, 7, 36]]], [[5, [5, 9]]], [[18, [18]]]]]}
{"file_name": "U_40_1", "number_of_trucks": 2, "drone_capacity": 10, "number_of_drones": 2, "iteration": 2, "best_fitness": 690.1087318972473, "runtime": 56.152254581451416, "best_solution": [[[[0, []], [8, [8]], [26, [26]], [10, [10, 21, 25, 40, 31, 20, 19, 2]], [21, []], [25, []], [40, []], [31, []], [20, []], [19, []], [2, []], [39, [39, 14, 23]], [14, []], [23, []], [6, [6, 30, 4, 34, 13, 9, 5]], [30, []], [4, []], [34, []], [13, []], [9, []], [5, []]], [[0, [16, 29, 35, 24, 3, 22, 27, 1, 12, 28]], [16, []], [29, [17, 33, 38]], [35, []], [24, []], [3, []], [22, []], [27, []], [1, []], [12, []], [28, []], [17, []], [33, []], [38, []], [15, [15, 32, 37, 11, 7, 36, 18]], [32, []], [37, []], [11, []], [7, []], [36, []], [18, []]]], [[[8, [8]]], [[29, [17, 33, 38]]], [[26, [26]]], [[10, [10, 21, 25, 40, 31, 20, 19, 2]]], [[39, [39, 14, 23]]], [[6, [6, 30, 4, 34, 13, 9, 5]]], [[15, [15, 32, 37, 11, 7, 36, 18]]]]]}
{"file_name": "U_40_1", "number_of_trucks": 2, "drone_capacity": 10, "number_of_drones": 2, "iteration": 3, "best_fitness": 681.0928568837527, "runtime": 61.140700817108154, "best_solution": [[[[0, []], [8, [8]], [26, [26]], [10, [10, 24, 25]], [24, [40, 23, 6, 31, 20, 19, 2]], [25, []], [40, []], [23, []], [6, []], [31, []], [20, []], [19, []], [2, []], [39, [39]], [14, [14, 30, 4, 34, 13, 9, 5]], [30, []], [4, []], [34, []], [13, []], [9, []], [5, []]], [[0, [16]], [16, []], [29, [29]], [35, [35, 21, 27, 1, 3, 22, 12, 28]], [21, []], [27, []], [1, []], [3, []], [22, []], [12, []], [28, []], [17, [17, 33, 38]], [33, []], [38, []], [15, [15, 32, 37, 11, 7, 36, 18]], [32, []], [37, []], [11, []], [7, []], [36, []], [18, []]]], [[[8, [8]]], [[26, [26]]], [[10, [10, 24, 25]]], [[29, [29]]], [[24, [40, 23, 6, 31, 20, 19, 2]]], [[35, [35, 21, 27, 1, 3, 22, 12, 28]]], [[17, [17, 33, 38]]], [[39, [39]]], [[14, [14, 30, 4, 34, 13, 9, 5]]], [[15, [15, 32, 37, 11, 7, 36, 18]]]]]}
{"file_name": "U_40_1", "number_of_trucks": 2, "drone_capacity": 10, "number_of_drones": 2, "iteration": 4, "best_fitness": 679.287900037101, "runtime": 60.218602418899536, "best_solution": [[[[0, []], [8, [8, 26]], [26, []], [10, [10, 21]], [21, [25, 20, 23, 6, 31, 2]], [25, []], [20, []], [23, []], [6, []], [31, []], [2, []], [39, [39, 14]], [14, []], [30, [30, 4, 19, 34, 13, 9, 5]], [4, []], [19, []], [34, []], [13, []], [9, []], [5, []]], [[0, [16]], [16, []], [29, [29]], [35, [35]], [24, [24, 27, 40, 3, 22, 12, 1, 17]], [27, []], [40, []], [3, []], [22, []], [12, []], [1, []], [17, []], [33, [33, 38, 28]], [38, []], [28, []], [15, [15, 32, 37, 11, 7, 36, 18]], [32, []], [37, []], [11, []], [7, []], [36, []], [18, []]]], [[[29, [29]]], [[35, [35]]], [[8, [8, 26]]], [[10, [10, 21]]], [[24, [24, 27, 40, 3, 22, 12, 1, 17]]], [[21, [25, 20, 23, 6, 31, 2]]], [[39, [39, 14]]], [[33, [33, 38, 28]]], [[30, [30, 4, 19, 34, 13, 9, 5]]], [[15, [15, 32, 37, 11, 7, 36, 18]]]]]}
{"file_name": "U_40_1", "number_of_trucks": 2, "drone_capacity": 10, "number_of_drones": 2, "iteration": 5, "best_fitness": 668.7068356680385, "runtime": 66.7769181728363, "best_solution": [[[[0, []], [8, [8]], [26, [26]], [10, [10]], [21, [21, 25, 40, 23, 6, 31, 20]], [25, []], [40, []], [23, []], [6, []], [31, []], [20, []], [19, [19, 2]], [2, []], [39, [39]], [14, [14]], [30, [30, 4, 34, 13, 9, 5]], [4, []], [34, []], [13, []], [9, []], [5, []]], [[0, []], [16, [16, 29]], [29, []], [35, [35, 24, 27, 3, 22, 1, 12, 28]], [24, []], [27, []], [3, []], [22, []], [1, []], [12, []], [28, []], [17, [17, 33, 38]], [33, []], [38, []], [15, [15, 32, 37, 11, 7, 36, 18]], [32, []], [37, []], [11, []], [7, []], [36, []], [18, []]]], [[[8, [8]]], [[26, [26]]], [[16, [16, 29]]], [[10, [10]]], [[21, [21, 25, 40, 23, 6, 31, 20]]], [[35, [35, 24, 27, 3, 22, 1, 12, 28]]], [[17, [17, 33, 38]]], [[19, [19, 2]]], [[39, [39]]], [[14, [14]]], [[15, [15, 32, 37, 11, 7, 36, 18]]], [[30, [30, 4, 34, 13, 9, 5]]]]]}
