{"file_name": "U_40_1", "number_of_trucks": 2, "drone_capacity": 10, "number_of_drones": 2, "iteration": 1, "best_fitness": 448.527189122047, "runtime": 3671.3751995563507, "best_solution": [[[[0, []], [19, [19]], [26, [26]], [0, [10, 40, 21, 14, 37]], [9, [9]], [10, []], [40, []], [4, [4, 1, 28, 30, 38, 27, 11]], [1, []], [28, []], [21, []], [30, []], [11, []], [38, []], [37, []], [16, [16, 31]], [14, []], [27, []], [31, []]], [[0, []], [6, [6]], [0, [39, 3]], [39, []], [3, []], [0, [32, 34, 17, 25, 20, 7, 2, 36, 13, 24, 22, 12, 18]], [12, []], [18, []], [24, []], [22, []], [32, []], [34, []], [17, []], [2, []], [36, []], [13, []], [25, []], [23, [23, 5, 35, 8, 15, 33, 29]], [5, []], [20, []], [35, []], [8, []], [15, []], [33, []], [7, []], [29, []]]], [[[6, [6]]], [[19, [19]]], [[23, [23, 5, 35, 8, 15, 33, 29]]], [[26, [26]]], [[9, [9]]], [[4, [4, 1, 28, 30, 38, 27, 11]]], [[16, [16, 31]]]]]}
{"file_name": "U_40_1", "number_of_trucks": 2, "drone_capacity": 10, "number_of_drones": 2, "iteration": 2, "best_fitness": 502.5696452152023, "runtime": 54.798856258392334, "best_solution": [[[[0, [6]], [6, []], [14, [14, 17, 32, 26, 9, 10, 40]], [17, []], [32, []], [26, []], [9, []], [10, []], [40, []], [4, [4, 27, 31, 12, 18, 3, 30, 8, 15, 29]], [27, []], [31, []], [12, []], [18, []], [3, []], [30, []], [8, []], [15, []], [29, []]], [[0, [19, 20]], [19, []], [20, []], [21, [21, 7, 39, 34]], [7, [24, 22, 36, 13, 2, 37]], [39, []], [34, []], [24, []], [22, []], [36, []], [13, []], [2, []], [37, []], [38, [38, 25, 28, 1, 35, 5, 16, 23, 11, 33]], [25, []], [28, []], [1, []], [35, []], [5, []], [16, []], [23, []], [11, []], [33, []]]], [[[21, [21, 7, 39, 34]]], [[14, [14, 17, 32, 26, 9, 10, 40]]], [[7, [24, 22, 36, 13, 2, 37]]], [[4, [4, 27, 31, 12, 18, 3, 30, 8, 15, 29]]], [[38, [38, 25, 28, 1, 35, 5, 16, 23, 11, 33]]]]]}
{"file_name": "U_40_1", "number_of_trucks": 2, "drone_capacity": 10, "number_of_drones": 2, "iteration": 3, "best_fitness": 500.35999999999996, "runtime": 51.88994741439819, "best_solution": [[[[0, [39, 7, 3, 9, 6, 26, 34, 24, 22]], [39, []], [7, []], [3, []], [9, []], [6, []], [26, []], [34, []], [24, []], [22, []], [19, [19, 18, 27, 12, 31, 16, 23, 11, 30, 33]], [18, []], [27, []], [12, []], [31, []], [16, []], [23, []], [11, []], [30, []], [33, []]], [[0, [10, 20, 14, 2]], [10, []], [20, []], [14, []], [2, []], [36, [36, 17, 32, 13, 25, 37]], [17, []], [32, []], [13, [38]], [25, []], [37, []], [38, []], [40, [40, 4, 1, 21, 28, 35, 5, 8, 15, 29]], [4, []], [1, []], [21, []], [28, []], [35, []], [5, []], [8, []], [15, []], [29, []]]], [[[19, [19, 18, 27, 12, 31, 16, 23, 11, 30, 33]]], [[36, [36, 17, 32, 13, 25, 37]]], [[13, [38]]], [[40, [40, 4, 1, 21, 28, 35, 5, 8, 15, 29]]]]]}
{"file_name": "U_40_1", "number_of_trucks": 2, "drone_capacity": 10, "number_of_drones": 2, "iteration": 4, "best_fitness": 486.1296452152023, "runtime": 58.782339096069336, "best_solution": [[[[0, []], [6, [6]], [32, [32, 14, 34, 17, 7, 9, 26, 10]], [14, []], [34, []], [17, []], [7, []], [9, []], [26, []], [10, []], [20, [20, 21, 27, 12, 31]], [21, []], [27, []], [12, []], [31, []], [16, [16, 23, 11, 30, 33]], [23, []], [11, []], [30, []], [33, []]], [[0, [19, 3]], [39, [39, 25]], [19, []], [3, []], [25, []], [36, [36, 18, 24, 22, 13, 2, 37]], [18, []], [24, []], [22, []], [13, []], [2, []], [37, []], [38, [38, 40, 4, 1, 35, 5, 28, 8, 15, 29]], [40, []], [4, []], [1, []], [35, []], [5, []], [28, []], [8, []], [15, []], [29, []]]], [[[39, [39, 25]]], [[6, [6]]], [[32, [32, 14, 34, 17, 7, 9, 26, 10]]], [[36, [36, 18, 24, 22, 13, 2, 37]]], [[20, [20, 21, 27, 12, 31]]], [[38, [38, 40, 4, 1, 35, 5, 28, 8, 15, 29]]], [[16, [16, 23, 11, 30, 33]]]]]}
{"file_name": "U_40_1", "number_of_trucks": 2, "drone_capacity": 10, "number_of_drones": 2, "iteration": 5, "best_fitness": 494.3107681930972, "runtime": 57.89832139015198, "best_solution": [[[[0, [19, 39]], [19, []], [39, []], [3, [3]], [9, [9, 6, 26, 18, 22, 12, 24]], [6, []], [26, []], [18, []], [22, []], [12, []], [24, []], [2, [2, 13, 27, 11, 5, 35, 8, 15, 29, 31]], [13, []], [27, []], [11, []], [5, []], [35, []], [8, []], [15, []], [29, []], [31, []]], [[0, []], [14, [14, 20, 21, 7, 32, 17]], [20, []], [21, []], [7, []], [32, [34, 36, 37, 25, 38, 40]], [17, []], [34, []], [36, []], [37, []], [25, []], [38, []], [40, []], [4, [4, 1, 10, 28, 30, 16, 23, 33]], [1, []], [10, []], [28, []], [30, []], [16, []], [23, []], [33, []]]], [[[14, [14, 20, 21, 7, 32, 17]]], [[32, [34, 36, 37, 25, 38, 40]]], [[3, [3]]], [[9, [9, 6, 26, 18, 22, 12, 24]]], [[2, [2, 13, 27, 11, 5, 35, 8, 15, 29, 31]]], [[4, [4, 1, 10, 28, 30, 16, 23, 33]]]]]}
