{"file_name": "U_40_1", "number_of_trucks": 2, "drone_capacity": 10, "number_of_drones": 2, "iteration": 1, "best_fitness": 435.10508316439353, "runtime": 3699.759500026703, "best_solution": [[[[0, [11, 1, 3, 36, 31]], [31, []], [36, []], [11, []], [1, []], [3, []], [23, [13, 14, 37, 23, 35, 10]], [13, []], [35, []], [14, []], [37, []], [25, [25, 15, 32, 12, 30, 5, 38, 9]], [15, []], [30, []], [32, []], [12, []], [10, []], [38, []], [5, []], [9, []], [24, [24]]], [[0, [27, 34]], [29, [29, 18]], [27, []], [18, []], [17, [17, 33, 19]], [33, []], [19, []], [34, []], [26, [26, 6, 39, 2, 28]], [4, [4, 40, 7, 16, 20, 22, 21, 8]], [2, []], [20, []], [6, []], [8, []], [28, []], [7, []], [39, []], [16, []], [21, []], [22, []], [40, []]]], [[[29, [29, 18]]], [[17, [17, 33, 19]]], [[23, [13, 14, 37, 23, 35, 10]]], [[26, [26, 6, 39, 2, 28]]], [[4, [4, 40, 7, 16, 20, 22, 21, 8]]], [[25, [25, 15, 32, 12, 30, 5, 38, 9]]], [[24, [24]]]]]}
{"file_name": "U_40_1", "number_of_trucks": 2, "drone_capacity": 10, "number_of_drones": 2, "iteration": 2, "best_fitness": 456.8488894138719, "runtime": 60.863598346710205, "best_solution": [[[[0, [11]], [11, []], [29, [29, 34, 18, 36]], [34, []], [18, []], [36, []], [27, [27, 6]], [6, []], [26, [26, 12, 19, 33, 32, 17]], [12, []], [19, []], [33, []], [32, []], [17, []], [2, [2, 30, 15, 4, 25, 35, 9, 22, 40, 24]], [30, []], [15, []], [4, []], [25, []], [35, []], [9, []], [22, []], [40, []], [24, []]], [[0, []], [10, [10]], [1, [1, 3, 31]], [3, []], [31, [23, 37, 14, 13]], [23, []], [37, []], [14, []], [13, []], [39, [39, 5, 7, 20, 8, 38, 28, 16, 21]], [5, []], [7, []], [20, []], [8, []], [38, []], [28, []], [16, []], [21, []]]], [[[29, [29, 34, 18, 36]]], [[10, [10]]], [[1, [1, 3, 31]]], [[31, [23, 37, 14, 13]]], [[27, [27, 6]]], [[26, [26, 12, 19, 33, 32, 17]]], [[39, [39, 5, 7, 20, 8, 38, 28, 16, 21]]], [[2, [2, 30, 15, 4, 25, 35, 9, 22, 40, 24]]]]]}
{"file_name": "U_40_1", "number_of_trucks": 2, "drone_capacity": 10, "number_of_drones": 2, "iteration": 3, "best_fitness": 491.17360375150685, "runtime": 53.16876006126404, "best_solution": [[[[0, [1, 18, 10]], [1, []], [18, []], [10, []], [17, [17]], [19, [19, 2, 27, 29, 34, 6, 12, 32, 30]], [2, []], [27, []], [29, []], [34, []], [6, []], [12, []], [32, []], [30, []], [15, [15, 25, 4, 13, 26, 9, 40, 21, 22, 24]], [25, []], [4, []], [13, []], [26, []], [9, []], [40, []], [21, []], [22, []], [24, []]], [[0, []], [33, [33, 31, 3, 36, 11]], [31, [23, 14]], [3, []], [36, []], [11, []], [23, []], [14, []], [35, [35, 37, 5, 39, 7, 16, 28, 38, 8, 20]], [37, []], [5, []], [39, []], [7, []], [16, []], [28, []], [38, []], [8, []], [20, []]]], [[[33, [33, 31, 3, 36, 11]]], [[17, [17]]], [[31, [23, 14]]], [[19, [19, 2, 27, 29, 34, 6, 12, 32, 30]]], [[35, [35, 37, 5, 39, 7, 16, 28, 38, 8, 20]]], [[15, [15, 25, 4, 13, 26, 9, 40, 21, 22, 24]]]]]}
{"file_name": "U_40_1", "number_of_trucks": 2, "drone_capacity": 10, "number_of_drones": 2, "iteration": 4, "best_fitness": 485.64000000000004, "runtime": 49.11386585235596, "best_solution": [[[[0, [10, 34, 35, 17, 33, 19]], [10, []], [34, []], [35, []], [17, []], [33, []], [19, []], [2, [2, 32, 12, 38, 18, 30, 15, 25, 4, 26]], [32, []], [12, []], [38, []], [18, []], [30, []], [15, []], [25, []], [4, []], [26, []]], [[0, [11, 29, 27, 36]], [11, []], [29, []], [27, []], [36, []], [1, [1, 31, 3, 23, 37, 14, 13]], [31, []], [3, []], [23, [20, 8, 28]], [37, []], [14, []], [13, []], [20, []], [8, []], [28, []], [6, [6, 7, 39, 16, 5, 21, 9, 22, 40, 24]], [7, []], [39, []], [16, []], [5, []], [21, []], [9, []], [22, []], [40, []], [24, []]]], [[[2, [2, 32, 12, 38, 18, 30, 15, 25, 4, 26]]], [[1, [1, 31, 3, 23, 37, 14, 13]]], [[23, [20, 8, 28]]], [[6, [6, 7, 39, 16, 5, 21, 9, 22, 40, 24]]]]]}
{"file_name": "U_40_1", "number_of_trucks": 2, "drone_capacity": 10, "number_of_drones": 2, "iteration": 5, "best_fitness": 475.2854372998145, "runtime": 54.9695782661438, "best_solution": [[[[0, []], [33, [33, 29]], [29, [35, 19, 27, 34, 17, 2]], [35, []], [19, []], [27, []], [34, []], [17, []], [2, []], [18, [18, 6, 20, 12, 32, 30, 15, 25, 4, 9]], [6, []], [20, []], [12, []], [32, []], [30, []], [15, []], [25, []], [4, []], [9, []]], [[0, []], [10, [36, 1, 10, 3]], [3, []], [11, [11]], [36, []], [1, []], [31, [31, 37, 14, 23, 26, 13, 5]], [37, []], [14, []], [23, []], [26, []], [13, []], [5, []], [39, [39, 7, 28, 8, 38, 16, 21, 22, 40, 24]], [7, []], [28, []], [8, []], [38, []], [16, []], [21, []], [22, []], [40, []], [24, []]]], [[[33, [33, 29]]], [[10, [36, 1, 10, 3]]], [[11, [11]]], [[29, [35, 19, 27, 34, 17, 2]]], [[31, [31, 37, 14, 23, 26, 13, 5]]], [[39, [39, 7, 28, 8, 38, 16, 21, 22, 40, 24]]], [[18, [18, 6, 20, 12, 32, 30, 15, 25, 4, 9]]]]]}
