{"file_name": "U_40_1", "number_of_trucks": 2, "drone_capacity": 10, "number_of_drones": 2, "iteration": 1, "best_fitness": 540.0, "runtime": 3829.5288071632385, "best_solution": [[[[0, [30, 11, 4]], [30, []], [11, [25, 24]], [4, []], [25, []], [24, []], [0, []], [33, [33, 15, 10, 21, 8, 1]], [1, []], [15, []], [34, [34]], [10, []], [19, [19, 31, 23, 9]], [31, []], [21, []], [23, []], [8, []], [9, []]], [[0, [7, 5]], [5, []], [7, []], [36, [36, 3, 32]], [3, []], [32, []], [20, [20, 14, 6, 26, 38, 2, 29]], [14, []], [6, []], [26, []], [13, [13, 16, 28, 18, 39, 35, 37, 17]], [38, []], [37, []], [16, []], [29, []], [22, [22, 12, 27]], [12, []], [28, []], [27, []], [18, []], [39, []], [40, [40]], [2, []], [17, []], [35, []]]], [[[36, [36, 3, 32]]], [[11, [25, 24]]], [[20, [20, 14, 6, 26, 38, 2, 29]]], [[13, [13, 16, 28, 18, 39, 35, 37, 17]]], [[33, [33, 15, 10, 21, 8, 1]]], [[22, [22, 12, 27]]], [[34, [34]]], [[19, [19, 31, 23, 9]]], [[40, [40]]]]]}
{"file_name": "U_40_1", "number_of_trucks": 2, "drone_capacity": 10, "number_of_drones": 2, "iteration": 2, "best_fitness": 679.3771133497903, "runtime": 50.10945248603821, "best_solution": [[[[0, [5, 7]], [5, []], [7, []], [32, [32, 4, 38, 29, 28, 8, 1, 17, 20, 18]], [4, []], [38, []], [29, []], [28, []], [8, []], [1, []], [17, []], [20, []], [18, []], [14, [14, 2, 33, 35, 37, 27, 22, 9, 12, 40]], [2, []], [33, []], [35, []], [37, []], [27, []], [22, []], [9, []], [12, []], [40, []]], [[0, [36, 11, 3, 30, 24, 25]], [36, [26, 6]], [11, []], [3, []], [30, []], [24, []], [25, []], [26, []], [6, []], [21, [21, 13, 16, 39, 15, 34, 10, 31, 19, 23]], [13, []], [16, []], [39, []], [15, []], [34, []], [10, []], [31, []], [19, []], [23, []]]], [[[36, [26, 6]]], [[32, [32, 4, 38, 29, 28, 8, 1, 17, 20, 18]]], [[21, [21, 13, 16, 39, 15, 34, 10, 31, 19, 23]]], [[14, [14, 2, 33, 35, 37, 27, 22, 9, 12, 40]]]]]}
{"file_name": "U_40_1", "number_of_trucks": 2, "drone_capacity": 10, "number_of_drones": 2, "iteration": 3, "best_fitness": 652.579458021725, "runtime": 66.41071629524231, "best_solution": [[[[0, [36]], [36, []], [7, [7]], [2, [2]], [32, [32]], [30, [30, 17, 20, 18, 1, 35]], [17, []], [20, []], [18, []], [1, []], [35, []], [28, [28, 37, 29, 8, 27, 22, 9, 12, 14]], [37, []], [29, [40]], [8, []], [27, []], [22, []], [9, []], [12, []], [14, []], [40, []]], [[0, []], [5, [5]], [11, [11]], [4, [4]], [3, [3, 24, 25, 38, 26, 6, 21]], [24, []], [25, []], [38, []], [26, []], [6, []], [21, []], [13, [13]], [16, [16, 33, 39, 34, 15, 31, 10, 19, 23]], [33, []], [39, []], [34, []], [15, []], [31, []], [10, []], [19, []], [23, []]]], [[[5, [5]]], [[11, [11]]], [[4, [4]]], [[7, [7]]], [[2, [2]]], [[32, [32]]], [[3, [3, 24, 25, 38, 26, 6, 21]]], [[30, [30, 17, 20, 18, 1, 35]]], [[28, [28, 37, 29, 8, 27, 22, 9, 12, 14]]], [[13, [13]]], [[16, [16, 33, 39, 34, 15, 31, 10, 19, 23]]], [[29, [40]]]]]}
{"file_name": "U_40_1", "number_of_trucks": 2, "drone_capacity": 10, "number_of_drones": 2, "iteration": 4, "best_fitness": 647.4287719832348, "runtime": 71.82704162597656, "best_solution": [[[[0, []], [7, [7]], [4, [4]], [14, [14]], [2, [2]], [38, [38, 32, 29, 1, 17, 16]], [32, []], [29, []], [1, []], [17, []], [16, []], [13, [13, 37, 12, 27, 22, 9, 36, 23, 8, 33]], [37, []], [12, []], [27, []], [22, []], [9, []], [36, []], [23, []], [8, []], [33, []]], [[0, []], [5, [5]], [11, [11]], [3, [3]], [30, [30]], [24, [24, 25, 26, 28, 18, 39]], [25, []], [26, []], [28, []], [18, []], [39, []], [15, [15, 6]], [6, []], [35, [35, 20, 34, 31, 10, 21, 19, 40]], [20, []], [34, []], [31, []], [10, []], [21, []], [19, []], [40, []]]], [[[5, [5]]], [[11, [11]]], [[3, [3]]], [[7, [7]]], [[30, [30]]], [[4, [4]]], [[14, [14]]], [[2, [2]]], [[24, [24, 25, 26, 28, 18, 39]]], [[38, [38, 32, 29, 1, 17, 16]]], [[15, [15, 6]]], [[13, [13, 37, 12, 27, 22, 9, 36, 23, 8, 33]]], [[35, [35, 20, 34, 31, 10, 21, 19, 40]]]]]}
{"file_name": "U_40_1", "number_of_trucks": 2, "drone_capacity": 10, "number_of_drones": 2, "iteration": 5, "best_fitness": 630.8388187900271, "runtime": 54.35108947753906, "best_solution": [[[[0, []], [7, [7, 6]], [6, []], [28, [28, 8, 17, 39, 1, 35, 33]], [8, []], [17, []], [39, []], [1, []], [35, []], [33, []], [11, [11, 16, 37, 29, 27, 9, 12, 22, 24, 23]], [16, []], [37, []], [29, []], [27, []], [9, []], [12, []], [22, []], [24, []], [23, []]], [[0, [32]], [32, []], [4, [4, 36, 30, 25, 3, 38]], [36, []], [30, [26, 13, 21, 14]], [25, []], [3, []], [38, []], [26, []], [13, []], [21, []], [14, []], [5, [5, 2, 18, 20, 15, 34, 10, 31, 19, 40]], [2, []], [18, []], [20, []], [15, []], [34, []], [10, []], [31, []], [19, []], [40, []]]], [[[4, [4, 36, 30, 25, 3, 38]]], [[7, [7, 6]]], [[30, [26, 13, 21, 14]]], [[28, [28, 8, 17, 39, 1, 35, 33]]], [[11, [11, 16, 37, 29, 27, 9, 12, 22, 24, 23]]], [[5, [5, 2, 18, 20, 15, 34, 10, 31, 19, 40]]]]]}
