{"file_name": "U_40_1", "number_of_trucks": 2, "drone_capacity": 10, "number_of_drones": 2, "iteration": 1, "best_fitness": 545.9822154609847, "runtime": 3682.336816072464, "best_solution": [[[[0, [32, 1, 33]], [1, []], [32, []], [33, []], [24, [24, 14, 10, 36, 15, 4]], [4, []], [14, []], [10, []], [36, []], [13, [37, 22, 28, 13, 35]], [35, []], [15, []], [37, []], [21, [21, 8, 2]], [22, []], [28, []], [8, []], [2, []], [30, [30, 23, 31]], [23, []], [31, []]], [[0, [16, 9]], [16, []], [9, []], [17, [17]], [0, []], [3, [3, 27, 6, 11, 29, 12]], [27, []], [6, []], [20, [20, 26, 19, 40, 25, 5]], [19, []], [40, []], [11, []], [25, []], [5, []], [7, [7, 34, 38, 39, 18]], [29, []], [18, []], [26, []], [34, []], [38, []], [39, []], [12, []]]], [[[24, [24, 14, 10, 36, 15, 4]]], [[17, [17]]], [[3, [3, 27, 6, 11, 29, 12]]], [[20, [20, 26, 19, 40, 25, 5]]], [[13, [37, 22, 28, 13, 35]]], [[21, [21, 8, 2]]], [[7, [7, 34, 38, 39, 18]]], [[30, [30, 23, 31]]]]]}
{"file_name": "U_40_1", "number_of_trucks": 2, "drone_capacity": 10, "number_of_drones": 2, "iteration": 2, "best_fitness": 676.3338294067369, "runtime": 57.77962303161621, "best_solution": [[[[0, []], [32, [17, 32, 29, 37, 12, 3, 27, 19]], [29, []], [37, []], [12, []], [3, []], [27, []], [19, []], [40, [40, 25, 11, 5, 18, 7, 21, 23, 30]], [25, []], [11, []], [5, []], [18, []], [7, []], [21, []], [23, []], [30, []], [17, []]], [[0, [24, 10]], [24, [14, 16, 36]], [10, []], [14, []], [16, []], [36, []], [4, [4, 33, 9, 15, 35, 1, 6, 22]], [33, []], [9, []], [15, []], [35, []], [1, []], [6, []], [22, []], [28, [28, 2, 20, 8, 13, 26, 39, 38, 34, 31]], [2, []], [20, []], [8, []], [13, []], [26, []], [39, []], [38, []], [34, []], [31, []]]], [[[24, [14, 16, 36]]], [[4, [4, 33, 9, 15, 35, 1, 6, 22]]], [[32, [17, 32, 29, 37, 12, 3, 27, 19]]], [[40, [40, 25, 11, 5, 18, 7, 21, 23, 30]]], [[28, [28, 2, 20, 8, 13, 26, 39, 38, 34, 31]]]]]}
{"file_name": "U_40_1", "number_of_trucks": 2, "drone_capacity": 10, "number_of_drones": 2, "iteration": 3, "best_fitness": 622.7742095459251, "runtime": 67.53977966308594, "best_solution": [[[[0, [16, 15]], [16, [12, 24, 35]], [15, []], [12, []], [24, []], [35, []], [6, [6, 11, 5]], [11, []], [5, []], [28, [28, 21, 10, 30, 23, 31]], [21, []], [10, []], [30, []], [23, []], [31, []]], [[0, []], [32, [32]], [33, [33]], [9, [9, 4, 14, 36, 17, 29]], [4, []], [14, []], [36, []], [29, []], [1, [1]], [3, [3]], [27, [27, 22, 20, 2, 19, 25, 40]], [22, []], [20, []], [2, []], [19, []], [25, []], [40, []], [13, [13, 26, 18, 7, 37, 39, 38, 34, 8]], [26, []], [18, []], [7, []], [37, []], [39, []], [38, []], [34, []], [8, []], [17, []]]], [[[32, [32]]], [[33, [33]]], [[9, [9, 4, 14, 36, 17, 29]]], [[16, [12, 24, 35]]], [[1, [1]]], [[3, [3]]], [[27, [27, 22, 20, 2, 19, 25, 40]]], [[6, [6, 11, 5]]], [[13, [13, 26, 18, 7, 37, 39, 38, 34, 8]]], [[28, [28, 21, 10, 30, 23, 31]]]]]}
{"file_name": "U_40_1", "number_of_trucks": 2, "drone_capacity": 10, "number_of_drones": 2, "iteration": 4, "best_fitness": 662.9738233201301, "runtime": 62.76760268211365, "best_solution": [[[[0, []], [32, [32, 1]], [1, []], [36, [36]], [14, [14, 16, 17, 12, 35, 37, 28]], [16, []], [17, []], [12, []], [35, []], [37, []], [28, []], [20, [20, 19, 26, 25, 5, 7, 38, 34, 13, 39]], [19, []], [26, []], [25, []], [5, []], [7, []], [38, []], [34, []], [13, []], [39, []]], [[0, [4, 33]], [4, []], [33, []], [9, [9]], [24, [24, 15]], [15, []], [29, [29, 10, 6, 3, 22]], [10, []], [6, []], [3, []], [22, []], [2, [2, 11, 40, 18]], [11, []], [40, []], [18, []], [21, [21, 27, 8, 30, 23, 31]], [27, []], [8, []], [30, []], [23, []], [31, []]]], [[[32, [32, 1]]], [[36, [36]]], [[9, [9]]], [[24, [24, 15]]], [[29, [29, 10, 6, 3, 22]]], [[14, [14, 16, 17, 12, 35, 37, 28]]], [[2, [2, 11, 40, 18]]], [[20, [20, 19, 26, 25, 5, 7, 38, 34, 13, 39]]], [[21, [21, 27, 8, 30, 23, 31]]]]]}
{"file_name": "U_40_1", "number_of_trucks": 2, "drone_capacity": 10, "number_of_drones": 2, "iteration": 5, "best_fitness": 664.8015753978942, "runtime": 51.89997220039368, "best_solution": [[[[0, [32, 14]], [32, [12, 1, 6, 35, 36]], [14, []], [12, []], [1, []], [6, []], [35, []], [36, []], [8, [8, 26, 25, 20, 2, 5, 7, 30, 23, 21]], [26, []], [25, []], [20, []], [2, []], [5, []], [7, []], [30, []], [23, []], [21, []]], [[0, [9, 33, 4, 24, 15]], [9, []], [33, []], [4, []], [24, []], [15, []], [29, [29, 17, 16, 10, 27, 28, 3, 22]], [17, []], [16, []], [10, []], [27, []], [28, []], [3, []], [22, []], [19, [19, 40, 11, 37, 13, 18, 39, 38, 34, 31]], [40, []], [11, []], [37, []], [13, []], [18, []], [39, []], [38, []], [34, []], [31, []]]], [[[32, [12, 1, 6, 35, 36]]], [[29, [29, 17, 16, 10, 27, 28, 3, 22]]], [[8, [8, 26, 25, 20, 2, 5, 7, 30, 23, 21]]], [[19, [19, 40, 11, 37, 13, 18, 39, 38, 34, 31]]]]]}
