{"file_name": "U_40_1", "number_of_trucks": 2, "drone_capacity": 10, "number_of_drones": 2, "iteration": 1, "best_fitness": 429.9477424481589, "runtime": 3624.3286504745483, "best_solution": [[[[0, [9, 3, 32, 34, 6, 8, 22]], [32, []], [34, []], [6, []], [9, []], [8, []], [3, []], [17, [17, 35, 2, 24, 19, 16]], [22, []], [35, []], [2, []], [19, []], [28, [28, 40, 23, 37, 39, 11]], [16, []], [37, []], [11, []], [23, []], [40, []], [39, []], [24, []]], [[0, []], [25, [25, 30, 5, 7]], [30, []], [5, []], [1, [1, 10, 26, 33, 38]], [10, []], [7, []], [21, [21, 20, 36, 29, 15, 18]], [20, []], [36, []], [29, []], [15, []], [33, []], [26, []], [4, [4, 12, 14, 13, 27, 31]], [12, []], [38, []], [18, []], [31, []], [14, []], [13, []], [27, []]]], [[[25, [25, 30, 5, 7]]], [[1, [1, 10, 26, 33, 38]]], [[21, [21, 20, 36, 29, 15, 18]]], [[17, [17, 35, 2, 24, 19, 16]]], [[4, [4, 12, 14, 13, 27, 31]]], [[28, [28, 40, 23, 37, 39, 11]]]]]}
{"file_name": "U_40_1", "number_of_trucks": 2, "drone_capacity": 10, "number_of_drones": 2, "iteration": 2, "best_fitness": 477.87999999999994, "runtime": 56.1570405960083, "best_solution": [[[[0, [6, 15, 16, 29, 26, 18]], [6, []], [15, []], [16, []], [29, []], [26, []], [18, []], [38, [38, 5, 27, 13, 31]], [5, []], [27, []], [13, []], [31, []], [33, [33, 28, 12, 4, 14]], [28, []], [12, []], [4, []], [14, []]], [[0, [25]], [25, []], [8, [8]], [30, [30, 3, 9, 34]], [3, []], [9, []], [34, []], [10, [10, 1, 32, 22, 7, 35]], [1, [2, 19]], [32, []], [22, []], [7, []], [35, []], [2, []], [19, []], [36, [36, 17, 20, 21, 11, 37, 40, 39, 23, 24]], [17, []], [20, []], [21, []], [11, []], [37, []], [40, []], [39, []], [23, []], [24, []]]], [[[8, [8]]], [[30, [30, 3, 9, 34]]], [[10, [10, 1, 32, 22, 7, 35]]], [[1, [2, 19]]], [[36, [36, 17, 20, 21, 11, 37, 40, 39, 23, 24]]], [[38, [38, 5, 27, 13, 31]]], [[33, [33, 28, 12, 4, 14]]]]]}
{"file_name": "U_40_1", "number_of_trucks": 2, "drone_capacity": 10, "number_of_drones": 2, "iteration": 3, "best_fitness": 484.8523725194308, "runtime": 60.59696173667908, "best_solution": [[[[0, [9]], [9, [8, 30]], [8, []], [30, []], [38, [38]], [33, [33, 26, 18, 7, 17, 21, 20, 6, 10]], [26, []], [18, []], [7, []], [17, []], [21, []], [20, []], [6, []], [27, [27, 13, 31, 28, 15, 29, 12, 4, 14]], [13, []], [31, []], [28, []], [15, []], [29, []], [12, []], [4, []], [14, []], [10, []]], [[0, []], [5, [5]], [25, [25, 3, 34, 16, 1, 32, 19, 22]], [3, []], [34, []], [16, []], [1, []], [32, []], [19, []], [35, [35, 2, 36, 40, 24, 11, 23, 39, 37]], [2, []], [36, []], [40, []], [24, []], [11, []], [23, []], [39, []], [37, []], [22, []]]], [[[9, [8, 30]]], [[5, [5]]], [[25, [25, 3, 34, 16, 1, 32, 19, 22]]], [[38, [38]]], [[33, [33, 26, 18, 7, 17, 21, 20, 6, 10]]], [[27, [27, 13, 31, 28, 15, 29, 12, 4, 14]]], [[35, [35, 2, 36, 40, 24, 11, 23, 39, 37]]]]]}
{"file_name": "U_40_1", "number_of_trucks": 2, "drone_capacity": 10, "number_of_drones": 2, "iteration": 4, "best_fitness": 477.47874740286153, "runtime": 59.51668667793274, "best_solution": [[[[0, []], [26, [26, 19, 32, 7, 16, 33, 15]], [19, []], [32, []], [7, []], [16, []], [33, []], [15, []], [29, [29, 13, 38, 18, 27, 28, 31, 12]], [13, []], [38, []], [18, []], [27, []], [28, [4, 14]], [31, []], [12, []], [4, []], [14, []]], [[0, []], [5, [5]], [25, [25, 8, 9, 3, 30, 10]], [8, []], [9, []], [3, []], [30, []], [10, []], [34, [34, 22, 1]], [22, []], [1, []], [6, [6, 35, 2]], [35, []], [2, []], [36, [36, 20, 40, 17, 21, 39, 23, 37, 24, 11]], [20, []], [40, []], [17, []], [21, []], [39, []], [23, []], [37, []], [24, []], [11, []]]], [[[5, [5]]], [[25, [25, 8, 9, 3, 30, 10]]], [[34, [34, 22, 1]]], [[26, [26, 19, 32, 7, 16, 33, 15]]], [[29, [29, 13, 38, 18, 27, 28, 31, 12]]], [[6, [6, 35, 2]]], [[36, [36, 20, 40, 17, 21, 39, 23, 37, 24, 11]]], [[28, [4, 14]]]]]}
{"file_name": "U_40_1", "number_of_trucks": 2, "drone_capacity": 10, "number_of_drones": 2, "iteration": 5, "best_fitness": 471.69849041427165, "runtime": 53.49299383163452, "best_solution": [[[[0, [25, 8]], [25, []], [8, []], [3, [3, 34, 19]], [34, []], [19, []], [21, [21, 9, 30, 22, 17]], [9, []], [30, []], [22, []], [17, []], [20, [20, 36, 28, 29, 12, 4, 31, 14, 13, 10]], [36, []], [28, []], [29, []], [12, []], [4, []], [31, []], [14, []], [13, []], [10, []]], [[0, [5]], [5, []], [26, [26, 33]], [33, []], [1, [1, 6, 7, 16, 38, 32, 18]], [6, []], [7, []], [16, []], [38, []], [32, []], [18, []], [27, [27, 15, 2, 35, 37, 40, 39, 24, 11, 23]], [15, []], [2, []], [35, []], [37, []], [40, []], [39, []], [24, []], [11, []], [23, []]]], [[[3, [3, 34, 19]]], [[26, [26, 33]]], [[1, [1, 6, 7, 16, 38, 32, 18]]], [[21, [21, 9, 30, 22, 17]]], [[27, [27, 15, 2, 35, 37, 40, 39, 24, 11, 23]]], [[20, [20, 36, 28, 29, 12, 4, 31, 14, 13, 10]]]]]}
