{"file_name": "U_40_1", "number_of_trucks": 2, "drone_capacity": 10, "number_of_drones": 2, "iteration": 1, "best_fitness": 563.8230667239204, "runtime": 2552.264118909836, "best_solution": [[[[0, [19, 5]], [19, []], [9, [25, 16, 32, 9, 30]], [30, []], [25, []], [5, []], [16, []], [32, []], [29, [29, 17, 3, 22]], [17, []], [3, []], [39, [39, 40, 6]], [40, []], [6, []], [22, []], [27, [27, 36, 24, 7, 33, 14, 37]], [33, []], [14, []], [36, []], [37, []], [7, []], [24, []]], [[0, [28]], [28, []], [0, []], [13, [13, 4, 1, 20]], [4, []], [1, []], [20, []], [0, []], [15, [15, 10, 31, 38, 34, 2]], [10, []], [31, []], [38, []], [34, []], [26, [26, 8, 23, 12, 18, 11, 35, 21]], [8, []], [23, []], [12, []], [21, []], [18, []], [11, []], [35, []], [2, []]]], [[[13, [13, 4, 1, 20]]], [[9, [25, 16, 32, 9, 30]]], [[29, [29, 17, 3, 22]]], [[15, [15, 10, 31, 38, 34, 2]]], [[39, [39, 40, 6]]], [[26, [26, 8, 23, 12, 18, 11, 35, 21]]], [[27, [27, 36, 24, 7, 33, 14, 37]]]]]}
{"file_name": "U_40_1", "number_of_trucks": 2, "drone_capacity": 10, "number_of_drones": 2, "iteration": 2, "best_fitness": 568.7657107352651, "runtime": 1073.2084782123566, "best_solution": [[[[0, [25, 5]], [25, []], [5, []], [0, []], [40, [40, 6, 2, 22, 34]], [6, []], [22, []], [34, []], [18, [18, 21, 26, 23, 8, 11, 35, 7, 39]], [21, []], [26, []], [23, []], [8, []], [11, []], [35, []], [2, []], [7, []], [39, []]], [[0, []], [32, [32, 30, 19, 28]], [30, [9, 16, 1, 3, 17, 20]], [19, []], [28, []], [9, []], [16, []], [1, []], [3, []], [37, [37, 29, 31, 13, 38]], [29, []], [31, [10, 15, 4]], [10, []], [15, []], [4, []], [38, []], [17, []], [33, [33]], [13, []], [20, []], [12, [12, 27, 14, 36, 24]], [27, []], [14, []], [36, []], [24, []]]], [[[32, [32, 30, 19, 28]]], [[30, [9, 16, 1, 3, 17, 20]]], [[37, [37, 29, 31, 13, 38]]], [[31, [10, 15, 4]]], [[33, [33]]], [[40, [40, 6, 2, 22, 34]]], [[18, [18, 21, 26, 23, 8, 11, 35, 7, 39]]], [[12, [12, 27, 14, 36, 24]]]]]}
{"file_name": "U_40_1", "number_of_trucks": 2, "drone_capacity": 10, "number_of_drones": 2, "iteration": 3, "best_fitness": 673.9573489054185, "runtime": 61.18885517120361, "best_solution": [[[[0, []], [17, [17]], [28, [28, 30, 4, 5, 16]], [30, []], [4, []], [5, [38, 13, 32, 3, 37, 29]], [16, []], [38, []], [13, []], [32, []], [3, []], [37, []], [29, []], [10, [10, 39, 15, 33, 35, 14, 27, 36]], [39, []], [15, []], [33, []], [35, []], [14, []], [27, []], [36, []]], [[0, []], [20, [20, 9]], [9, []], [25, [25]], [19, [19, 22, 34, 31, 1, 2, 6]], [22, []], [34, []], [31, []], [1, []], [2, []], [6, []], [40, [40, 21, 26, 8, 23, 12, 11, 18, 7, 24]], [21, []], [26, []], [8, []], [23, []], [12, []], [11, []], [18, []], [7, []], [24, []]]], [[[17, [17]]], [[28, [28, 30, 4, 5, 16]]], [[20, [20, 9]]], [[5, [38, 13, 32, 3, 37, 29]]], [[25, [25]]], [[19, [19, 22, 34, 31, 1, 2, 6]]], [[40, [40, 21, 26, 8, 23, 12, 11, 18, 7, 24]]], [[10, [10, 39, 15, 33, 35, 14, 27, 36]]]]]}
{"file_name": "U_40_1", "number_of_trucks": 2, "drone_capacity": 10, "number_of_drones": 2, "iteration": 4, "best_fitness": 623.549231790023, "runtime": 63.90002250671387, "best_solution": [[[[0, [16, 9, 32, 19, 30, 22, 1]], [16, []], [9, []], [32, []], [19, []], [30, []], [22, []], [1, []], [39, [39]], [29, [29]], [15, [15, 31, 10, 14, 33, 18]], [31, [27, 36]], [10, []], [14, []], [33, []], [18, []], [27, []], [36, []]], [[0, [3]], [3, []], [28, [28, 5, 25]], [5, []], [25, []], [20, [20, 4, 13, 34]], [4, []], [13, []], [34, []], [38, [38, 17, 2, 37, 6]], [17, []], [2, []], [37, []], [6, []], [40, [40, 21, 35, 11, 8, 26, 23, 12, 7, 24]], [21, []], [35, []], [11, []], [8, []], [26, []], [23, []], [12, []], [7, []], [24, []]]], [[[28, [28, 5, 25]]], [[20, [20, 4, 13, 34]]], [[38, [38, 17, 2, 37, 6]]], [[39, [39]]], [[29, [29]]], [[15, [15, 31, 10, 14, 33, 18]]], [[40, [40, 21, 35, 11, 8, 26, 23, 12, 7, 24]]], [[31, [27, 36]]]]]}
{"file_name": "U_40_1", "number_of_trucks": 2, "drone_capacity": 10, "number_of_drones": 2, "iteration": 5, "best_fitness": 706.752859606726, "runtime": 58.03510808944702, "best_solution": [[[[0, []], [28, [28]], [19, [19, 17, 5, 30, 20, 22, 13, 38, 29]], [17, []], [5, []], [30, []], [20, []], [22, []], [13, []], [38, []], [29, []], [15, [15, 10, 39, 40, 18, 35, 21, 8, 27, 36]], [10, []], [39, []], [40, []], [18, []], [35, []], [21, []], [8, []], [27, []], [36, []]], [[0, [32, 16]], [32, []], [16, []], [3, [3]], [25, [25, 9, 1, 4, 34, 31]], [9, []], [1, []], [4, []], [34, [2]], [31, []], [2, []], [37, [37, 6, 14, 33, 26, 23, 12, 11, 7, 24]], [6, []], [14, []], [33, []], [26, []], [23, []], [12, []], [11, []], [7, []], [24, []]]], [[[3, [3]]], [[25, [25, 9, 1, 4, 34, 31]]], [[28, [28]]], [[19, [19, 17, 5, 30, 20, 22, 13, 38, 29]]], [[34, [2]]], [[15, [15, 10, 39, 40, 18, 35, 21, 8, 27, 36]]], [[37, [37, 6, 14, 33, 26, 23, 12, 11, 7, 24]]]]]}
