{"file_name": "U_40_0", "number_of_trucks": 2, "drone_capacity": 10, "number_of_drones": 2, "iteration": 1, "best_fitness": 357.4572103883672, "runtime": 3640.9077277183533, "best_solution": [[[[0, [4]], [4, []], [0, [23, 34, 5, 11, 31]], [26, [26, 24, 6]], [11, []], [31, []], [24, []], [6, []], [33, [33, 38, 36, 15, 1, 13, 25, 39, 37]], [38, []], [5, []], [36, []], [15, []], [1, []], [23, []], [13, []], [25, []], [34, []], [39, []], [35, [35, 12, 30, 3]], [37, []], [12, []], [3, []], [30, []]], [[0, [17, 28, 9]], [17, []], [28, []], [19, [19, 32, 16, 29, 2, 20, 40]], [9, []], [32, []], [16, []], [29, []], [10, [10, 14, 8, 18, 7, 22, 27, 21]], [14, []], [8, []], [2, []], [20, []], [40, []], [18, []], [7, []], [22, []], [27, []], [21, []]]], [[[26, [26, 24, 6]]], [[19, [19, 32, 16, 29, 2, 20, 40]]], [[33, [33, 38, 36, 15, 1, 13, 25, 39, 37]]], [[10, [10, 14, 8, 18, 7, 22, 27, 21]]], [[35, [35, 12, 30, 3]]]]]}
{"file_name": "U_40_0", "number_of_trucks": 2, "drone_capacity": 10, "number_of_drones": 2, "iteration": 2, "best_fitness": 477.0000000000001, "runtime": 41.60709357261658, "best_solution": [[[[0, [17, 28, 16, 9, 32, 29, 14, 8, 2, 34, 39, 35, 37, 18, 10, 7, 22, 27, 12, 3, 30, 26]], [17, []], [28, []], [16, []], [9, []], [32, []], [29, []], [14, []], [8, []], [2, []], [34, []], [39, []], [35, []], [37, []], [18, []], [10, []], [7, []], [22, []], [27, []], [12, []], [3, []], [30, []], [26, []]], [[0, [4, 23, 20, 40, 21, 19, 15, 1, 13, 25, 38, 5, 36, 33, 6, 24, 31, 11]], [4, []], [23, []], [20, []], [40, []], [21, []], [19, []], [15, []], [1, []], [13, []], [25, []], [38, []], [5, []], [36, []], [33, []], [6, []], [24, []], [31, []], [11, []]]], []]}
{"file_name": "U_40_0", "number_of_trucks": 2, "drone_capacity": 10, "number_of_drones": 2, "iteration": 3, "best_fitness": 392.2022504812575, "runtime": 61.53845715522766, "best_solution": [[[[0, [17]], [4, [4]], [17, []], [28, [28]], [31, [31, 11, 24, 23, 36, 15, 13]], [11, []], [24, []], [23, []], [36, []], [15, []], [13, []], [25, [25, 2, 8, 34, 39, 35, 10, 7, 22, 30]], [2, []], [8, []], [34, []], [39, []], [35, []], [10, []], [7, []], [22, []], [30, []]], [[0, []], [40, [40]], [20, [20, 16, 29]], [16, []], [29, []], [14, [14, 37, 18, 32, 9, 19, 26]], [37, []], [18, []], [32, []], [9, []], [19, []], [3, [3, 21, 27, 1, 5, 38, 33, 6, 12]], [21, []], [27, []], [1, []], [5, []], [38, []], [33, []], [6, []], [12, []], [26, []]]], [[[4, [4]]], [[40, [40]]], [[20, [20, 16, 29]]], [[28, [28]]], [[31, [31, 11, 24, 23, 36, 15, 13]]], [[14, [14, 37, 18, 32, 9, 19, 26]]], [[3, [3, 21, 27, 1, 5, 38, 33, 6, 12]]], [[25, [25, 2, 8, 34, 39, 35, 10, 7, 22, 30]]]]]}
{"file_name": "U_40_0", "number_of_trucks": 2, "drone_capacity": 10, "number_of_drones": 2, "iteration": 4, "best_fitness": 477.84000000000003, "runtime": 41.04848313331604, "best_solution": [[[[0, [4, 17, 28, 9, 16, 39, 34, 8, 14, 10, 35, 37, 18, 7, 27, 22, 19, 3, 12]], [4, []], [17, []], [28, []], [9, []], [16, []], [39, []], [34, []], [8, []], [14, []], [10, []], [35, []], [37, []], [18, []], [7, []], [27, []], [22, []], [19, []], [3, []], [12, []]], [[0, [20, 2, 29, 32, 21, 15, 36, 24, 6, 33, 38, 5, 23, 25, 13, 40, 1, 31, 11, 30, 26]], [20, []], [2, []], [29, []], [32, []], [21, []], [15, []], [36, []], [24, []], [6, []], [33, []], [38, []], [5, []], [23, []], [25, []], [13, []], [40, []], [1, []], [31, []], [11, []], [30, []], [26, []]]], []]}
{"file_name": "U_40_0", "number_of_trucks": 2, "drone_capacity": 10, "number_of_drones": 2, "iteration": 5, "best_fitness": 459.0400000000001, "runtime": 45.581008434295654, "best_solution": [[[[0, [4, 17, 28, 11, 31, 40, 20, 39, 34, 8, 14]], [4, [10]], [17, []], [28, []], [11, []], [31, []], [40, []], [20, []], [39, []], [34, []], [8, []], [14, []], [10, []], [35, [35, 37, 18, 7, 22, 27, 21, 12, 3, 30]], [37, []], [18, []], [7, []], [22, []], [27, []], [21, []], [12, []], [3, []], [30, []]], [[0, [2, 29, 16, 32, 9, 19, 15, 1, 23, 13, 25, 38, 5, 36, 33, 6, 24, 26]], [2, []], [29, []], [16, []], [32, []], [9, []], [19, []], [15, []], [1, []], [23, []], [13, []], [25, []], [38, []], [5, []], [36, []], [33, []], [6, []], [24, []], [26, []]]], [[[4, [10]]], [[35, [35, 37, 18, 7, 22, 27, 21, 12, 3, 30]]]]]}
