{"file_name": "U_40_0", "number_of_trucks": 2, "drone_capacity": 10, "number_of_drones": 2, "iteration": 1, "best_fitness": 351.68115705927806, "runtime": 1350.2499461174011, "best_solution": [[[[0, []], [39, [39, 23, 28]], [23, []], [28, []], [17, [17, 27, 8, 34, 35, 30]], [27, []], [8, []], [34, []], [35, []], [24, [24, 25, 11, 3, 33, 1, 22, 29, 9]], [25, []], [11, []], [3, []], [33, []], [1, []], [22, []], [29, []], [9, []], [30, []]], [[0, []], [14, [14, 2, 16]], [2, []], [16, []], [18, [18, 4, 19]], [4, []], [19, []], [31, [31, 37, 38, 7, 21, 36]], [37, []], [38, []], [7, []], [21, []], [36, []], [40, [40, 12, 32, 6, 20, 10, 15, 5, 26, 13]], [12, []], [32, []], [6, []], [20, []], [10, []], [15, []], [5, []], [26, []], [13, []]]], [[[14, [14, 2, 16]]], [[18, [18, 4, 19]]], [[39, [39, 23, 28]]], [[17, [17, 27, 8, 34, 35, 30]]], [[31, [31, 37, 38, 7, 21, 36]]], [[24, [24, 25, 11, 3, 33, 1, 22, 29, 9]]], [[40, [40, 12, 32, 6, 20, 10, 15, 5, 26, 13]]]]]}
{"file_name": "U_40_0", "number_of_trucks": 2, "drone_capacity": 10, "number_of_drones": 2, "iteration": 2, "best_fitness": 348.7335817862709, "runtime": 2298.0915434360504, "best_solution": [[[[0, []], [14, [14, 16]], [16, []], [32, [32, 34, 15, 4, 31, 19, 38]], [34, []], [15, []], [6, [6, 26, 20, 21, 36, 12, 10, 5, 7, 13]], [20, []], [4, []], [31, []], [19, []], [38, []], [7, []], [10, []], [26, []], [5, []], [21, []], [36, []], [12, []], [13, []]], [[0, []], [2, [2, 40, 18, 39]], [40, []], [18, [27, 8, 1]], [30, [30, 35, 11, 3, 22, 29, 28, 37, 23]], [39, []], [27, []], [8, []], [35, []], [37, []], [24, [33, 17, 9, 24, 25]], [25, []], [11, []], [33, []], [3, []], [1, []], [9, []], [22, []], [29, []], [17, []], [28, []], [23, []]]], [[[2, [2, 40, 18, 39]]], [[14, [14, 16]]], [[18, [27, 8, 1]]], [[32, [32, 34, 15, 4, 31, 19, 38]]], [[30, [30, 35, 11, 3, 22, 29, 28, 37, 23]]], [[6, [6, 26, 20, 21, 36, 12, 10, 5, 7, 13]]], [[24, [33, 17, 9, 24, 25]]]]]}
{"file_name": "U_40_0", "number_of_trucks": 2, "drone_capacity": 10, "number_of_drones": 2, "iteration": 3, "best_fitness": 381.1539346905611, "runtime": 57.53069996833801, "best_solution": [[[[0, []], [8, [8, 24, 37, 31, 19, 38]], [24, []], [37, []], [31, [35, 29, 30, 23]], [19, []], [38, []], [35, []], [29, []], [9, [9, 11, 25, 33, 3, 1, 22, 17]], [11, []], [25, []], [33, []], [3, []], [1, []], [22, []], [17, []], [30, []], [23, []]], [[0, [14, 28]], [14, []], [28, []], [39, [39]], [27, [27, 2, 12, 16, 40, 18, 36, 21, 7]], [2, []], [12, []], [16, []], [40, []], [18, []], [36, []], [21, []], [7, []], [20, [20, 4, 6, 32, 15, 10, 5, 26, 34, 13]], [4, []], [6, []], [32, []], [15, []], [10, []], [5, []], [26, []], [34, []], [13, []]]], [[[8, [8, 24, 37, 31, 19, 38]]], [[39, [39]]], [[27, [27, 2, 12, 16, 40, 18, 36, 21, 7]]], [[31, [35, 29, 30, 23]]], [[9, [9, 11, 25, 33, 3, 1, 22, 17]]], [[20, [20, 4, 6, 32, 15, 10, 5, 26, 34, 13]]]]]}
{"file_name": "U_40_0", "number_of_trucks": 2, "drone_capacity": 10, "number_of_drones": 2, "iteration": 4, "best_fitness": 361.54888784698977, "runtime": 53.5134859085083, "best_solution": [[[[0, [16, 4, 40, 18, 2]], [16, []], [4, []], [40, []], [18, []], [2, []], [12, [12, 36, 21, 5, 34, 35, 9, 33, 30, 14]], [36, []], [21, []], [5, []], [34, []], [35, []], [9, []], [33, []], [30, []], [14, []]], [[0, [28]], [28, []], [23, [23, 39, 27, 8]], [39, []], [27, []], [8, []], [17, [17, 22, 29, 1, 3, 11, 25, 24, 37, 31]], [22, []], [29, []], [1, []], [3, []], [11, []], [25, []], [24, []], [37, []], [31, []], [19, [19, 38, 7, 20, 6, 32, 15, 10, 26, 13]], [38, []], [7, []], [20, []], [6, []], [32, []], [15, []], [10, []], [26, []], [13, []]]], [[[23, [23, 39, 27, 8]]], [[17, [17, 22, 29, 1, 3, 11, 25, 24, 37, 31]]], [[12, [12, 36, 21, 5, 34, 35, 9, 33, 30, 14]]], [[19, [19, 38, 7, 20, 6, 32, 15, 10, 26, 13]]]]]}
{"file_name": "U_40_0", "number_of_trucks": 2, "drone_capacity": 10, "number_of_drones": 2, "iteration": 5, "best_fitness": 361.2688878469896, "runtime": 57.5761821269989, "best_solution": [[[[0, []], [28, [16, 2, 14, 28, 1, 3]], [1, []], [3, []], [31, [31, 19, 38, 7, 15, 32]], [19, []], [38, []], [7, [6, 4, 20, 10]], [15, []], [32, []], [6, []], [4, []], [20, []], [10, []], [5, [5, 26, 21, 36, 18, 40, 12]], [26, []], [21, []], [36, []], [18, []], [40, []], [12, []], [16, []], [2, []], [14, []]], [[0, [39]], [39, []], [23, [23, 17, 27, 8, 34, 35, 13]], [17, []], [27, []], [8, []], [34, []], [35, []], [37, [37, 24, 25, 11, 33, 22, 29, 9, 30]], [24, []], [25, []], [11, []], [33, []], [22, []], [29, []], [9, []], [30, []], [13, []]]], [[[28, [16, 2, 14, 28, 1, 3]]], [[31, [31, 19, 38, 7, 15, 32]]], [[23, [23, 17, 27, 8, 34, 35, 13]]], [[7, [6, 4, 20, 10]]], [[37, [37, 24, 25, 11, 33, 22, 29, 9, 30]]], [[5, [5, 26, 21, 36, 18, 40, 12]]]]]}
