{"file_name": "U_40_1", "number_of_trucks": 2, "drone_capacity": 10, "number_of_drones": 2, "iteration": 1, "best_fitness": 426.93783097512005, "runtime": 3671.3259778022766, "best_solution": [[[[0, []], [7, [7]], [4, [4, 12, 16, 21, 6]], [12, []], [16, []], [2, [2, 5, 40]], [21, []], [5, []], [32, [32, 15, 36, 20, 31, 34, 26, 13, 10]], [15, []], [10, []], [36, []], [40, []], [18, [18, 38, 37, 19]], [6, []], [20, []], [38, []], [31, []], [37, []], [19, []], [34, []], [26, []], [13, []]], [[0, [22, 1, 3, 25, 24, 35, 28]], [14, [14, 30, 9, 29, 27]], [27, []], [8, [8, 39, 17]], [39, []], [17, []], [28, []], [30, []], [23, [23, 33]], [9, []], [29, []], [22, []], [1, []], [3, []], [33, []], [11, [11]], [25, []], [24, []], [35, []]]], [[[7, [7]]], [[4, [4, 12, 16, 21, 6]]], [[14, [14, 30, 9, 29, 27]]], [[2, [2, 5, 40]]], [[8, [8, 39, 17]]], [[32, [32, 15, 36, 20, 31, 34, 26, 13, 10]]], [[23, [23, 33]]], [[18, [18, 38, 37, 19]]], [[11, [11]]]]]}
{"file_name": "U_40_1", "number_of_trucks": 2, "drone_capacity": 10, "number_of_drones": 2, "iteration": 2, "best_fitness": 502.1421355989793, "runtime": 56.520721673965454, "best_solution": [[[[0, [7, 6]], [7, []], [6, []], [16, [16, 40, 21, 28, 30, 39, 27, 14, 35, 34]], [40, []], [21, []], [28, []], [30, []], [39, []], [27, []], [14, []], [35, []], [34, []], [38, [38, 20, 32, 15, 5, 26, 10, 36, 18, 2]], [20, []], [32, []], [15, []], [5, []], [26, []], [10, []], [36, []], [18, []], [2, []]], [[0, []], [12, [12, 4, 24, 25, 1, 3, 22]], [4, []], [24, []], [25, [37, 19, 9, 29, 17]], [1, []], [3, []], [22, []], [37, []], [19, []], [9, []], [29, []], [17, []], [8, [8, 23, 33, 11, 31, 13]], [23, []], [33, []], [11, []], [31, []], [13, []]]], [[[12, [12, 4, 24, 25, 1, 3, 22]]], [[25, [37, 19, 9, 29, 17]]], [[16, [16, 40, 21, 28, 30, 39, 27, 14, 35, 34]]], [[38, [38, 20, 32, 15, 5, 26, 10, 36, 18, 2]]], [[8, [8, 23, 33, 11, 31, 13]]]]]}
{"file_name": "U_40_1", "number_of_trucks": 2, "drone_capacity": 10, "number_of_drones": 2, "iteration": 3, "best_fitness": 541.8, "runtime": 55.54604196548462, "best_solution": [[[[0, [16, 6, 40, 12, 37, 19, 34]], [16, [5, 26, 21]], [6, []], [40, []], [12, []], [37, []], [19, []], [34, []], [5, []], [26, []], [21, []], [10, [10, 32, 15, 36, 18, 2, 13, 23, 28, 30]], [32, []], [15, []], [36, []], [18, []], [2, []], [13, []], [23, []], [28, []], [30, []]], [[0, [27]], [25, [14, 25, 22, 1, 35, 3, 29, 9, 17, 39]], [22, []], [1, []], [35, []], [3, []], [29, []], [9, []], [17, []], [39, []], [27, []], [8, [8, 7, 38, 20, 4, 31, 33, 11, 24]], [7, []], [38, []], [20, []], [4, []], [31, []], [33, []], [11, []], [24, []], [14, []]]], [[[16, [5, 26, 21]]], [[25, [14, 25, 22, 1, 35, 3, 29, 9, 17, 39]]], [[8, [8, 7, 38, 20, 4, 31, 33, 11, 24]]], [[10, [10, 32, 15, 36, 18, 2, 13, 23, 28, 30]]]]]}
{"file_name": "U_40_1", "number_of_trucks": 2, "drone_capacity": 10, "number_of_drones": 2, "iteration": 4, "best_fitness": 481.566054674787, "runtime": 57.97063732147217, "best_solution": [[[[0, []], [12, [12, 21]], [21, []], [14, [14, 2, 40, 5, 26, 7, 6, 20]], [2, []], [40, []], [5, []], [26, []], [7, []], [6, []], [20, []], [32, [32, 38, 31, 34, 8, 10, 15, 36, 18, 13]], [38, []], [31, []], [34, []], [8, []], [10, []], [15, []], [36, []], [18, []], [13, []]], [[0, [16]], [16, []], [4, [4]], [24, [24, 25, 37, 19, 35, 9, 29]], [25, []], [37, []], [19, []], [35, [17]], [9, []], [29, []], [17, []], [1, [1, 3, 22, 28, 30, 39, 23, 33, 11, 27]], [3, []], [22, []], [28, []], [30, []], [39, []], [23, []], [33, []], [11, []], [27, []]]], [[[12, [12, 21]]], [[4, [4]]], [[24, [24, 25, 37, 19, 35, 9, 29]]], [[14, [14, 2, 40, 5, 26, 7, 6, 20]]], [[35, [17]]], [[32, [32, 38, 31, 34, 8, 10, 15, 36, 18, 13]]], [[1, [1, 3, 22, 28, 30, 39, 23, 33, 11, 27]]]]]}
{"file_name": "U_40_1", "number_of_trucks": 2, "drone_capacity": 10, "number_of_drones": 2, "iteration": 5, "best_fitness": 477.69059970334837, "runtime": 61.29721641540527, "best_solution": [[[[0, []], [35, [35, 22]], [22, [3, 37, 19, 6]], [3, []], [37, []], [19, []], [6, []], [2, [2, 20, 32, 7, 38, 31, 24, 25, 33, 11]], [20, []], [32, []], [7, []], [38, []], [31, []], [24, []], [25, []], [33, []], [11, []]], [[0, []], [4, [4]], [40, [40, 12, 16]], [12, []], [16, []], [21, [21, 27, 17, 1, 29, 9, 8, 34, 26, 5]], [27, []], [17, []], [1, []], [29, []], [9, []], [8, []], [34, []], [26, []], [5, []], [10, [10, 15, 18, 36, 13, 23, 39, 30, 28, 14]], [15, []], [18, []], [36, []], [13, []], [23, []], [39, []], [30, []], [28, []], [14, []]]], [[[4, [4]]], [[35, [35, 22]]], [[40, [40, 12, 16]]], [[22, [3, 37, 19, 6]]], [[21, [21, 27, 17, 1, 29, 9, 8, 34, 26, 5]]], [[10, [10, 15, 18, 36, 13, 23, 39, 30, 28, 14]]], [[2, [2, 20, 32, 7, 38, 31, 24, 25, 33, 11]]]]]}
