{"file_name": "U_40_1", "number_of_trucks": 2, "drone_capacity": 10, "number_of_drones": 2, "iteration": 1, "best_fitness": 439.953982302163, "runtime": 742.0329566001892, "best_solution": [[[[0, [38]], [38, []], [33, [33]], [15, [15, 37, 1, 36]], [37, []], [1, []], [36, [10, 31, 4, 18]], [10, []], [31, []], [4, []], [32, [32, 28, 23, 19, 9, 12]], [28, []], [23, []], [19, []], [9, []], [18, []], [12, []], [21, [21, 40]], [40, []]], [[0, [11]], [29, [29, 35, 34]], [11, []], [35, []], [34, []], [24, [24, 7, 2, 6, 22, 20, 8]], [7, []], [2, []], [6, []], [22, []], [20, []], [8, []], [26, [26, 27, 30, 16, 25, 3]], [30, []], [16, []], [25, []], [27, []], [5, [5, 13, 17, 14, 39]], [13, []], [17, []], [14, []], [3, []], [39, []]]], [[[29, [29, 35, 34]]], [[33, [33]]], [[15, [15, 37, 1, 36]]], [[24, [24, 7, 2, 6, 22, 20, 8]]], [[36, [10, 31, 4, 18]]], [[32, [32, 28, 23, 19, 9, 12]]], [[26, [26, 27, 30, 16, 25, 3]]], [[5, [5, 13, 17, 14, 39]]], [[21, [21, 40]]]]]}
{"file_name": "U_40_1", "number_of_trucks": 2, "drone_capacity": 10, "number_of_drones": 2, "iteration": 2, "best_fitness": 442.6741112083723, "runtime": 2895.4074742794037, "best_solution": [[[[0, [11, 38, 16, 34]], [34, []], [6, [6, 22, 25, 33]], [22, []], [20, [20]], [11, []], [38, []], [32, [32, 27]], [16, []], [27, []], [25, []], [33, []], [5, [5, 14, 10, 1, 31, 39, 40]], [1, []], [14, []], [31, []], [10, []], [39, []], [40, []]], [[0, [7, 30, 37, 35, 36, 29, 8]], [37, []], [36, []], [15, [4, 24, 2, 15]], [29, []], [4, []], [24, []], [7, []], [2, []], [35, []], [12, [12, 26, 9, 28, 18, 3, 19]], [30, []], [26, []], [19, []], [8, []], [9, []], [23, [23, 21, 17, 13]], [28, []], [21, []], [18, []], [13, []], [17, []], [3, []]]], [[[15, [4, 24, 2, 15]]], [[6, [6, 22, 25, 33]]], [[20, [20]]], [[12, [12, 26, 9, 28, 18, 3, 19]]], [[32, [32, 27]]], [[5, [5, 14, 10, 1, 31, 39, 40]]], [[23, [23, 21, 17, 13]]]]]}
{"file_name": "U_40_1", "number_of_trucks": 2, "drone_capacity": 10, "number_of_drones": 2, "iteration": 3, "best_fitness": 500.8435738409614, "runtime": 54.98188138008118, "best_solution": [[[[0, [34]], [34, []], [38, [38, 35, 7, 1, 36]], [35, []], [7, []], [1, []], [36, []], [31, [31, 10, 15, 29, 37, 18, 16, 27]], [10, []], [15, []], [29, []], [37, []], [18, []], [16, []], [27, []], [32, [32, 14, 3, 17, 5, 13, 4]], [14, []], [3, []], [17, []], [5, []], [13, []], [4, []]], [[0, [25]], [33, [33, 8]], [25, []], [8, []], [6, [6, 2, 24, 11, 30, 28]], [2, []], [24, []], [11, []], [30, []], [28, []], [20, [20, 9, 19, 23, 26, 22, 21, 12, 40, 39]], [9, []], [19, []], [23, []], [26, []], [22, []], [21, []], [12, []], [40, []], [39, []]]], [[[38, [38, 35, 7, 1, 36]]], [[33, [33, 8]]], [[31, [31, 10, 15, 29, 37, 18, 16, 27]]], [[6, [6, 2, 24, 11, 30, 28]]], [[20, [20, 9, 19, 23, 26, 22, 21, 12, 40, 39]]], [[32, [32, 14, 3, 17, 5, 13, 4]]]]]}
{"file_name": "U_40_1", "number_of_trucks": 2, "drone_capacity": 10, "number_of_drones": 2, "iteration": 4, "best_fitness": 503.0953833339028, "runtime": 54.600213289260864, "best_solution": [[[[0, [34, 22, 30, 35, 6, 37, 29]], [34, []], [22, []], [30, []], [35, []], [6, []], [37, []], [29, []], [2, [2, 18, 8, 12, 38, 1, 14, 17, 21, 40]], [18, []], [8, []], [12, []], [38, []], [1, []], [14, []], [17, []], [21, []], [40, []]], [[0, []], [11, [11, 33]], [33, []], [36, [36, 7, 15]], [7, []], [15, []], [10, [10, 31, 4, 24, 20, 26, 9]], [31, [28]], [4, []], [24, []], [20, []], [26, []], [9, []], [28, []], [23, [23, 19, 16, 25, 27, 5, 32, 13, 3, 39]], [19, []], [16, []], [25, []], [27, []], [5, []], [32, []], [13, []], [3, []], [39, []]]], [[[11, [11, 33]]], [[36, [36, 7, 15]]], [[10, [10, 31, 4, 24, 20, 26, 9]]], [[31, [28]]], [[2, [2, 18, 8, 12, 38, 1, 14, 17, 21, 40]]], [[23, [23, 19, 16, 25, 27, 5, 32, 13, 3, 39]]]]]}
{"file_name": "U_40_1", "number_of_trucks": 2, "drone_capacity": 10, "number_of_drones": 2, "iteration": 5, "best_fitness": 507.4484161269048, "runtime": 52.87757992744446, "best_solution": [[[[0, []], [38, [38, 29, 37, 35, 6, 22, 30, 8]], [29, []], [37, []], [35, [18]], [6, []], [22, []], [30, []], [8, []], [18, []], [25, [25, 27, 32, 16, 1, 14, 3, 17, 5, 13]], [27, []], [32, []], [16, []], [1, []], [14, []], [3, []], [17, []], [5, []], [13, []]], [[0, [34]], [34, []], [11, [11]], [33, [33, 36, 7, 2, 4, 10, 31, 15, 24]], [36, []], [7, []], [2, []], [4, []], [10, []], [31, []], [15, []], [24, []], [20, [20, 28, 26, 9, 23, 19, 21, 12, 40, 39]], [28, []], [26, []], [9, []], [23, []], [19, []], [21, []], [12, []], [40, []], [39, []]]], [[[11, [11]]], [[33, [33, 36, 7, 2, 4, 10, 31, 15, 24]]], [[38, [38, 29, 37, 35, 6, 22, 30, 8]]], [[35, [18]]], [[20, [20, 28, 26, 9, 23, 19, 21, 12, 40, 39]]], [[25, [25, 27, 32, 16, 1, 14, 3, 17, 5, 13]]]]]}
