{"file_name": "U_40_0", "number_of_trucks": 2, "drone_capacity": 10, "number_of_drones": 2, "iteration": 1, "best_fitness": 327.9922880074229, "runtime": 3695.365910768509, "best_solution": [[[[0, [14, 15, 4, 34]], [13, [13, 23, 29]], [23, []], [4, []], [29, []], [34, []], [15, []], [37, [37, 35, 30, 2, 25]], [14, []], [35, []], [25, []], [30, []], [19, [19, 12, 33, 17, 32, 27, 18, 36, 24]], [12, []], [33, []], [17, []], [32, []], [2, []], [27, []], [18, []], [36, []], [24, []]], [[0, [26, 22, 40]], [22, []], [9, [9, 20, 6, 10, 28, 7, 39, 5]], [20, []], [6, []], [10, []], [38, [38, 16, 3, 11, 1, 21, 8]], [8, []], [28, []], [7, []], [39, []], [16, []], [5, []], [3, []], [11, []], [26, []], [1, []], [31, [31]], [21, []], [40, []]]], [[[13, [13, 23, 29]]], [[9, [9, 20, 6, 10, 28, 7, 39, 5]]], [[37, [37, 35, 30, 2, 25]]], [[38, [38, 16, 3, 11, 1, 21, 8]]], [[19, [19, 12, 33, 17, 32, 27, 18, 36, 24]]], [[31, [31]]]]]}
{"file_name": "U_40_0", "number_of_trucks": 2, "drone_capacity": 10, "number_of_drones": 2, "iteration": 2, "best_fitness": 398.88000000000005, "runtime": 46.908904790878296, "best_solution": [[[[0, [22, 13, 9, 5, 39, 16, 34, 2, 27, 30, 15, 29, 4, 25, 35, 14, 37, 23, 11, 26, 24]], [22, []], [13, []], [9, []], [5, []], [39, []], [16, []], [34, []], [2, []], [27, []], [30, []], [15, []], [29, []], [4, []], [25, []], [35, []], [14, []], [37, []], [23, []], [11, []], [26, []], [24, []]], [[0, [40, 7, 28, 20, 8, 6]], [40, [38, 10, 12]], [7, []], [28, []], [20, []], [8, []], [6, []], [38, []], [10, []], [12, []], [19, [19, 33, 17, 32, 18, 36, 3, 1, 21, 31]], [33, []], [17, []], [32, []], [18, []], [36, []], [3, []], [1, []], [21, []], [31, []]]], [[[40, [38, 10, 12]]], [[19, [19, 33, 17, 32, 18, 36, 3, 1, 21, 31]]]]]}
{"file_name": "U_40_0", "number_of_trucks": 2, "drone_capacity": 10, "number_of_drones": 2, "iteration": 3, "best_fitness": 341.52888941387187, "runtime": 55.24941802024841, "best_solution": [[[[0, []], [26, [26, 13, 7, 20]], [13, []], [7, [18, 17]], [20, []], [18, []], [17, []], [33, [33, 19, 2, 27, 30, 15, 37, 35, 25, 11]], [19, []], [2, []], [27, []], [30, []], [15, []], [37, []], [35, []], [25, []], [11, []]], [[0, [40]], [40, []], [14, [14, 4, 23]], [4, []], [23, []], [29, [29, 34, 32, 12, 10, 38, 28, 8, 6, 3]], [34, []], [32, []], [12, []], [10, []], [38, []], [28, []], [8, []], [6, []], [3, []], [36, [36, 5, 16, 39, 1, 21, 31, 22, 9, 24]], [5, []], [16, []], [39, []], [1, []], [21, []], [31, []], [22, []], [9, []], [24, []]]], [[[26, [26, 13, 7, 20]]], [[14, [14, 4, 23]]], [[7, [18, 17]]], [[29, [29, 34, 32, 12, 10, 38, 28, 8, 6, 3]]], [[36, [36, 5, 16, 39, 1, 21, 31, 22, 9, 24]]], [[33, [33, 19, 2, 27, 30, 15, 37, 35, 25, 11]]]]]}
{"file_name": "U_40_0", "number_of_trucks": 2, "drone_capacity": 10, "number_of_drones": 2, "iteration": 4, "best_fitness": 361.57988969988753, "runtime": 57.89947438240051, "best_solution": [[[[0, []], [13, [13, 26, 22]], [26, []], [22, []], [28, [28, 7, 39, 16, 5, 18]], [7, []], [39, []], [16, []], [5, []], [18, []], [20, [20, 6, 8, 38, 10, 36, 3, 1, 21, 31]], [6, []], [8, []], [38, []], [10, []], [36, []], [3, []], [1, []], [21, []], [31, []]], [[0, [40]], [40, []], [14, [14]], [4, [4]], [23, [23, 9, 24, 37, 29, 34, 32, 17]], [9, []], [24, []], [37, []], [29, []], [34, []], [32, []], [17, []], [33, [33, 12, 19, 2, 27, 30, 15, 35, 25, 11]], [12, []], [19, []], [2, []], [27, []], [30, []], [15, []], [35, []], [25, []], [11, []]]], [[[14, [14]]], [[13, [13, 26, 22]]], [[4, [4]]], [[23, [23, 9, 24, 37, 29, 34, 32, 17]]], [[28, [28, 7, 39, 16, 5, 18]]], [[20, [20, 6, 8, 38, 10, 36, 3, 1, 21, 31]]], [[33, [33, 12, 19, 2, 27, 30, 15, 35, 25, 11]]]]]}
{"file_name": "U_40_0", "number_of_trucks": 2, "drone_capacity": 10, "number_of_drones": 2, "iteration": 5, "best_fitness": 352.093264942882, "runtime": 59.70665383338928, "best_solution": [[[[0, []], [40, [24, 40, 39, 7, 6, 20, 5]], [39, []], [7, []], [6, []], [20, []], [5, []], [16, [16, 8, 28, 38, 10, 17, 2, 27, 18]], [8, []], [28, []], [38, []], [10, []], [17, []], [2, []], [27, []], [18, []], [24, []]], [[0, []], [26, [34, 26, 13]], [13, []], [14, [14, 4, 29]], [4, []], [29, []], [34, []], [33, [33]], [32, [32, 12, 19, 30, 15, 25, 35]], [12, []], [19, []], [30, []], [15, []], [25, []], [35, []], [37, [37, 23, 11, 36, 3, 1, 21, 31, 22, 9]], [23, []], [11, []], [36, []], [3, []], [1, []], [21, []], [31, []], [22, []], [9, []]]], [[[26, [34, 26, 13]]], [[14, [14, 4, 29]]], [[40, [24, 40, 39, 7, 6, 20, 5]]], [[33, [33]]], [[32, [32, 12, 19, 30, 15, 25, 35]]], [[16, [16, 8, 28, 38, 10, 17, 2, 27, 18]]], [[37, [37, 23, 11, 36, 3, 1, 21, 31, 22, 9]]]]]}
