{"file_name": "U_40_1", "number_of_trucks": 2, "drone_capacity": 10, "number_of_drones": 2, "iteration": 1, "best_fitness": 549.1930875044117, "runtime": 3602.4823751449585, "best_solution": [[[[0, [12, 2, 7, 26, 13, 34, 10, 19]], [34, []], [12, [31, 21]], [10, []], [2, []], [7, []], [26, []], [13, []], [21, []], [31, []], [19, []], [17, [17, 28, 8, 37]], [28, []], [8, []], [37, []], [38, [38, 25, 11, 23]], [23, []], [25, []], [11, []]], [[0, [18, 5, 16, 39]], [33, [33, 40, 35]], [35, []], [18, []], [39, []], [40, []], [14, [14, 6, 30, 36, 22]], [5, []], [6, []], [16, []], [30, []], [36, []], [22, []], [15, [15, 27, 20, 32]], [27, []], [32, []], [1, [1, 29, 4]], [29, []], [20, []], [9, [9, 3, 24]], [3, []], [24, []], [4, []]]], [[[33, [33, 40, 35]]], [[14, [14, 6, 30, 36, 22]]], [[12, [31, 21]]], [[17, [17, 28, 8, 37]]], [[15, [15, 27, 20, 32]]], [[1, [1, 29, 4]]], [[9, [9, 3, 24]]], [[38, [38, 25, 11, 23]]]]]}
{"file_name": "U_40_1", "number_of_trucks": 2, "drone_capacity": 10, "number_of_drones": 2, "iteration": 2, "best_fitness": 665.6416821079812, "runtime": 61.62654209136963, "best_solution": [[[[0, []], [5, [5]], [35, [35, 39, 18, 34, 12, 19, 26, 36, 22, 14]], [39, []], [18, []], [34, []], [12, []], [19, []], [26, []], [36, []], [22, []], [14, []], [27, [27, 17, 20, 1, 29, 9, 3]], [17, []], [20, [38, 23]], [1, []], [29, []], [9, []], [3, []], [38, []], [23, []]], [[0, []], [33, [10, 33]], [40, [40]], [10, []], [6, [6, 2, 7, 30, 16, 13, 31, 21]], [2, []], [7, []], [30, []], [16, []], [13, []], [31, []], [21, []], [32, [32]], [37, [37, 15, 8, 28, 4, 24, 25, 11]], [15, []], [8, []], [28, []], [4, []], [24, []], [25, []], [11, []]]], [[[33, [10, 33]]], [[40, [40]]], [[5, [5]]], [[35, [35, 39, 18, 34, 12, 19, 26, 36, 22, 14]]], [[6, [6, 2, 7, 30, 16, 13, 31, 21]]], [[32, [32]]], [[27, [27, 17, 20, 1, 29, 9, 3]]], [[37, [37, 15, 8, 28, 4, 24, 25, 11]]], [[20, [38, 23]]]]]}
{"file_name": "U_40_1", "number_of_trucks": 2, "drone_capacity": 10, "number_of_drones": 2, "iteration": 3, "best_fitness": 637.5751973215615, "runtime": 54.173237800598145, "best_solution": [[[[0, [5]], [5, []], [35, [35, 39, 18, 34, 12, 19, 26, 13]], [39, []], [18, []], [34, []], [12, []], [19, []], [26, []], [13, []], [31, [31, 37, 17]], [37, []], [17, []], [20, [20, 4, 29, 9, 3, 38, 23]], [4, []], [29, []], [9, []], [3, []], [38, []], [23, []]], [[0, [33, 16]], [33, []], [16, []], [40, [40, 10, 6, 2]], [10, [7, 30, 36, 22, 14, 21]], [6, []], [2, []], [7, []], [30, []], [36, []], [22, []], [14, []], [21, []], [32, [32, 27, 15]], [27, []], [15, []], [8, [8, 28, 1, 24, 25, 11]], [28, []], [1, []], [24, []], [25, []], [11, []]]], [[[40, [40, 10, 6, 2]]], [[35, [35, 39, 18, 34, 12, 19, 26, 13]]], [[10, [7, 30, 36, 22, 14, 21]]], [[31, [31, 37, 17]]], [[32, [32, 27, 15]]], [[8, [8, 28, 1, 24, 25, 11]]], [[20, [20, 4, 29, 9, 3, 38, 23]]]]]}
{"file_name": "U_40_1", "number_of_trucks": 2, "drone_capacity": 10, "number_of_drones": 2, "iteration": 4, "best_fitness": 649.6509647156329, "runtime": 59.431376218795776, "best_solution": [[[[0, [33]], [33, []], [35, [35]], [5, [5, 39, 18, 34, 12]], [39, []], [18, []], [34, []], [12, []], [19, [19, 26, 36, 22, 14, 27, 17]], [26, []], [36, []], [22, []], [14, []], [27, []], [17, []], [20, [20, 4, 29, 9, 3, 38, 23]], [4, []], [29, []], [9, []], [3, []], [38, []], [23, []]], [[0, [10]], [10, []], [6, [6, 2]], [2, [7, 30, 16, 40, 13, 31]], [7, []], [30, []], [16, []], [40, []], [13, []], [31, []], [21, [21]], [32, [32, 15]], [15, []], [8, [8, 37, 28, 1, 24, 25, 11]], [37, []], [28, []], [1, []], [24, []], [25, []], [11, []]]], [[[35, [35]]], [[6, [6, 2]]], [[5, [5, 39, 18, 34, 12]]], [[2, [7, 30, 16, 40, 13, 31]]], [[19, [19, 26, 36, 22, 14, 27, 17]]], [[21, [21]]], [[32, [32, 15]]], [[8, [8, 37, 28, 1, 24, 25, 11]]], [[20, [20, 4, 29, 9, 3, 38, 23]]]]]}
{"file_name": "U_40_1", "number_of_trucks": 2, "drone_capacity": 10, "number_of_drones": 2, "iteration": 5, "best_fitness": 681.4255756899234, "runtime": 58.30802941322327, "best_solution": [[[[0, [33, 35]], [33, []], [35, []], [5, [5]], [39, [39]], [18, [18, 34, 12, 10, 19, 26, 13, 31]], [34, []], [12, []], [10, []], [19, []], [26, []], [13, []], [31, []], [32, [32, 27, 17, 20]], [27, []], [17, [4, 29, 9, 3, 38, 23]], [20, []], [4, []], [29, []], [9, []], [3, []], [38, []], [23, []]], [[0, []], [40, [40, 16, 6, 2, 7, 30, 36, 22, 14]], [16, []], [6, []], [2, []], [7, []], [30, []], [36, []], [22, []], [14, []], [21, [21]], [15, [15, 8, 28, 37, 1, 24, 25, 11]], [8, []], [28, []], [37, []], [1, []], [24, []], [25, []], [11, []]]], [[[5, [5]]], [[39, [39]]], [[40, [40, 16, 6, 2, 7, 30, 36, 22, 14]]], [[18, [18, 34, 12, 10, 19, 26, 13, 31]]], [[21, [21]]], [[32, [32, 27, 17, 20]]], [[17, [4, 29, 9, 3, 38, 23]]], [[15, [15, 8, 28, 37, 1, 24, 25, 11]]]]]}
