{"file_name": "U_40_0", "number_of_trucks": 2, "drone_capacity": 10, "number_of_drones": 2, "iteration": 1, "best_fitness": 343.2, "runtime": 2044.4235243797302, "best_solution": [[[[0, [18]], [18, []], [22, [22, 8, 32, 6]], [8, []], [32, []], [6, []], [1, [1, 23, 20, 30, 19, 5, 2, 21, 10]], [23, []], [20, []], [30, []], [19, []], [40, [40, 9, 36, 27, 31, 3]], [9, []], [5, []], [2, []], [36, []], [10, []], [21, []], [27, []], [31, []], [3, []]], [[0, [29, 7, 33, 25, 16]], [12, [12, 39, 37, 35]], [39, []], [24, [24, 38, 4, 15, 11, 34, 28]], [38, []], [37, []], [15, []], [35, []], [25, []], [11, []], [34, []], [33, []], [26, [26, 13, 14]], [13, []], [7, []], [4, []], [29, []], [14, []], [28, []], [16, []], [17, [17]]]], [[[22, [22, 8, 32, 6]]], [[12, [12, 39, 37, 35]]], [[24, [24, 38, 4, 15, 11, 34, 28]]], [[1, [1, 23, 20, 30, 19, 5, 2, 21, 10]]], [[40, [40, 9, 36, 27, 31, 3]]], [[26, [26, 13, 14]]], [[17, [17]]]]]}
{"file_name": "U_40_0", "number_of_trucks": 2, "drone_capacity": 10, "number_of_drones": 2, "iteration": 2, "best_fitness": 348.5264550183935, "runtime": 1249.5422794818878, "best_solution": [[[[0, [7]], [7, []], [22, [22, 21, 10, 32, 6, 1, 20, 25]], [21, []], [10, []], [32, []], [6, []], [1, []], [20, []], [25, []], [35, [35, 11, 19, 36, 14, 16, 28, 27, 31, 3]], [11, []], [19, []], [36, []], [14, []], [16, []], [28, []], [27, []], [31, []], [3, []]], [[0, [18]], [18, []], [23, [23, 30, 2]], [30, []], [2, []], [8, [8, 29, 13, 37, 38, 12, 39]], [29, []], [13, []], [37, []], [38, []], [12, []], [39, []], [24, [24, 33, 26, 34, 15, 40, 9, 5, 4, 17]], [33, []], [26, []], [34, []], [15, []], [40, []], [9, []], [5, []], [4, []], [17, []]]], [[[22, [22, 21, 10, 32, 6, 1, 20, 25]]], [[23, [23, 30, 2]]], [[8, [8, 29, 13, 37, 38, 12, 39]]], [[24, [24, 33, 26, 34, 15, 40, 9, 5, 4, 17]]], [[35, [35, 11, 19, 36, 14, 16, 28, 27, 31, 3]]]]]}
{"file_name": "U_40_0", "number_of_trucks": 2, "drone_capacity": 10, "number_of_drones": 2, "iteration": 3, "best_fitness": 356.92222150235, "runtime": 384.7848451137543, "best_solution": [[[[0, []], [16, [16, 20, 37, 33]], [20, []], [30, [30, 19, 4, 13, 35, 11, 25, 39, 24, 12]], [19, []], [4, []], [13, []], [34, [34, 15, 40, 9, 38, 26]], [15, []], [35, []], [11, []], [25, []], [40, []], [9, []], [38, []], [37, []], [26, []], [33, []], [24, []], [39, []], [12, []]], [[0, [18]], [18, []], [7, [7, 29]], [29, []], [21, [21, 10, 32, 6, 1, 23, 22, 2]], [10, []], [32, []], [6, []], [1, []], [23, []], [22, [28, 17, 5, 36, 14, 27, 31, 3, 8]], [28, []], [17, []], [8, []], [5, []], [2, []], [36, []], [14, []], [27, []], [31, []], [3, []]]], [[[16, [16, 20, 37, 33]]], [[7, [7, 29]]], [[21, [21, 10, 32, 6, 1, 23, 22, 2]]], [[30, [30, 19, 4, 13, 35, 11, 25, 39, 24, 12]]], [[34, [34, 15, 40, 9, 38, 26]]], [[22, [28, 17, 5, 36, 14, 27, 31, 3, 8]]]]]}
{"file_name": "U_40_0", "number_of_trucks": 2, "drone_capacity": 10, "number_of_drones": 2, "iteration": 4, "best_fitness": 345.77231576973645, "runtime": 56.34945487976074, "best_solution": [[[[0, []], [22, [22, 10, 32, 23, 6]], [10, []], [32, []], [23, []], [6, []], [1, [1, 20, 25, 11, 31, 3]], [20, []], [25, []], [11, []], [35, [35, 15, 26, 13, 4, 8, 21, 27]], [15, []], [26, []], [13, []], [4, []], [8, []], [21, []], [27, []], [31, []], [3, []]], [[0, [7]], [29, [29, 18, 33]], [7, []], [18, []], [33, []], [12, [12, 39, 37, 24, 38, 34, 5]], [39, []], [37, []], [24, []], [38, []], [34, []], [5, []], [9, [9, 40, 19, 30, 2, 36, 14, 28, 16, 17]], [40, []], [19, []], [30, []], [2, []], [36, []], [14, []], [28, []], [16, []], [17, []]]], [[[22, [22, 10, 32, 23, 6]]], [[29, [29, 18, 33]]], [[12, [12, 39, 37, 24, 38, 34, 5]]], [[1, [1, 20, 25, 11, 31, 3]]], [[35, [35, 15, 26, 13, 4, 8, 21, 27]]], [[9, [9, 40, 19, 30, 2, 36, 14, 28, 16, 17]]]]]}
{"file_name": "U_40_0", "number_of_trucks": 2, "drone_capacity": 10, "number_of_drones": 2, "iteration": 5, "best_fitness": 367.0782263965899, "runtime": 54.0623140335083, "best_solution": [[[[0, [22]], [22, []], [16, [16, 21, 8, 4, 7]], [21, []], [8, [34, 13]], [4, []], [7, []], [34, []], [13, []], [25, [25, 40, 9, 5, 36, 14, 28, 27, 31, 3]], [40, []], [9, []], [5, []], [36, []], [14, []], [28, []], [27, []], [31, []], [3, []]], [[0, [18, 29]], [18, []], [29, []], [2, [2, 32, 10, 6]], [32, []], [10, []], [6, []], [1, [1, 23, 20, 30, 19, 11]], [23, []], [20, []], [30, []], [19, []], [11, []], [15, [15, 35, 33, 26, 37, 38, 24, 12, 39, 17]], [35, []], [33, []], [26, []], [37, []], [38, []], [24, []], [12, []], [39, []], [17, []]]], [[[16, [16, 21, 8, 4, 7]]], [[2, [2, 32, 10, 6]]], [[8, [34, 13]]], [[1, [1, 23, 20, 30, 19, 11]]], [[15, [15, 35, 33, 26, 37, 38, 24, 12, 39, 17]]], [[25, [25, 40, 9, 5, 36, 14, 28, 27, 31, 3]]]]]}
