{"file_name": "U_75_1", "number_of_trucks": 2, "drone_capacity": 10, "number_of_drones": 20, "iteration": 1, "best_fitness": 604.1149034122509, "runtime": 4710.868608474731, "best_solution": [[[[0, [21]], [62, [62, 30]], [30, []], [75, [75, 17]], [21, []], [38, [38]], [17, []], [1, [1, 63, 50, 39, 52, 35, 68, 31]], [63, []], [31, []], [68, []], [50, []], [39, []], [52, []], [32, [46, 32, 47, 16, 41, 43, 51, 7, 23, 69, 60, 10, 11, 3, 37, 74, 24]], [47, []], [35, []], [16, []], [41, []], [11, []], [7, []], [46, []], [23, []], [54, [18, 54, 8, 67, 66, 4, 56]], [8, []], [67, []], [43, []], [66, []], [4, []], [69, []], [74, []], [51, []], [60, []], [10, []], [3, []], [18, []], [24, []], [56, []], [37, []]], [[0, [42, 48, 29, 12, 19, 2, 57]], [57, []], [58, [28, 44, 71, 58]], [19, []], [2, []], [42, [61, 34, 5, 40, 14, 53, 6, 70, 13, 9, 36, 72, 65]], [28, []], [29, []], [12, []], [61, []], [34, []], [5, []], [40, []], [14, []], [33, [33, 26, 22]], [53, []], [6, []], [70, []], [13, []], [9, []], [36, []], [22, []], [72, []], [15, [15, 49, 64, 25, 27, 55, 20, 59, 45, 73]], [73, []], [44, []], [45, []], [71, []], [65, []], [48, []], [49, []], [64, []], [25, []], [27, []], [55, []], [26, []], [59, []], [20, []]]], [[[62, [62, 30]]], [[75, [75, 17]]], [[58, [28, 44, 71, 58]]], [[38, [38]]], [[1, [52, 35, 68, 31]]], [[42, [14, 53, 6, 70, 13, 9, 36, 72, 65]]], [[42, [61, 34, 5, 40]]], [[33, [33, 26, 22]]], [[1, [1, 63, 50, 39]]], [[32, [69, 60, 10, 11, 3, 37, 74, 24]]], [[15, [15, 20, 59, 45, 73]]], [[32, [46, 32, 47, 16, 41, 43, 51, 7, 23]]], [[54, [54, 8, 67, 66, 4]]], [[54, [18, 56]]], [[15, [49, 64, 25, 27, 55]]]]]}
{"file_name": "U_75_1", "number_of_trucks": 2, "drone_capacity": 10, "number_of_drones": 20, "iteration": 2, "best_fitness": 691.7200000000001, "runtime": 635.3504929542542, "best_solution": [[[[0, []], [57, [57]], [34, [34, 17, 38, 31, 63, 66]], [17, [65, 71]], [38, []], [31, []], [63, []], [66, []], [65, []], [71, []], [62, [62, 32, 16, 41, 35, 7, 11, 23, 46, 43]], [32, []], [16, []], [41, []], [35, []], [7, []], [11, []], [23, []], [46, []], [43, []], [67, [67, 60, 73, 45, 19, 8, 54, 4, 69, 10]], [60, []], [73, []], [45, []], [19, []], [8, []], [54, []], [4, []], [69, []], [10, []]], [[0, []], [42, [42]], [44, [44]], [29, [29, 12]], [12, []], [2, [2, 68, 1]], [68, []], [1, []], [75, [75, 55, 9, 70, 6, 13, 36, 40, 14]], [55, []], [9, []], [70, []], [6, []], [13, []], [36, []], [40, []], [14, []], [5, [5, 50, 39, 52, 61, 21, 3, 47, 18, 24]], [50, []], [39, []], [52, []], [61, []], [21, []], [3, []], [47, []], [18, []], [24, []], [74, [74, 51, 58, 30, 59, 22, 49, 48, 72, 15]], [51, []], [58, []], [30, []], [59, []], [22, []], [49, []], [48, []], [72, []], [15, []], [28, [28, 25, 64, 27, 26, 53, 56, 37, 33, 20]], [25, []], [64, []], [27, []], [26, []], [53, []], [56, []], [37, []], [33, []], [20, []]]], [[[57, [57]]], [[42, [42]]], [[44, [44]]], [[34, [34, 17, 38, 31, 63, 66]]], [[29, [29, 12]]], [[2, [2, 68, 1]]], [[75, [75, 55, 9, 70, 6, 13, 36, 40, 14]]], [[17, [65, 71]]], [[62, [62, 32, 16, 41, 35, 7, 11, 23, 46, 43]]], [[5, [5, 50, 39, 52, 61, 21, 3, 47, 18, 24]]], [[74, [74, 51, 58, 30, 59, 22, 49, 48, 72, 15]]], [[28, [28, 25, 64, 27, 26, 53, 56, 37, 33, 20]]], [[67, [67, 60, 73, 45, 19, 8, 54, 4, 69, 10]]]]]}
{"file_name": "U_75_1", "number_of_trucks": 2, "drone_capacity": 10, "number_of_drones": 20, "iteration": 3, "best_fitness": 666.6097321010409, "runtime": 642.3537001609802, "best_solution": [[[[0, [21, 17, 34, 48]], [21, []], [17, []], [34, []], [5, [5, 72, 28, 36, 9]], [72, [14, 40, 61, 38, 50]], [28, []], [48, []], [36, []], [9, []], [14, []], [40, []], [61, []], [38, []], [50, []], [12, [12, 51, 57, 37, 13, 55, 32, 73, 45, 41]], [51, []], [57, []], [37, []], [13, []], [55, []], [32, []], [73, []], [45, []], [41, []], [16, [16, 11, 23, 54, 8, 46, 10, 3, 56, 6]], [11, []], [23, []], [54, []], [8, []], [46, []], [10, []], [3, []], [56, []], [6, []]], [[0, []], [42, [42]], [35, [35, 62]], [44, [44, 29]], [62, []], [29, []], [71, [71, 2, 66, 31, 68, 1]], [2, []], [66, []], [31, []], [68, []], [1, []], [39, [39, 75, 70, 65, 30, 58, 53, 52, 63, 7]], [75, []], [70, []], [65, []], [30, []], [58, []], [53, []], [52, []], [63, []], [7, []], [19, [19, 43, 67, 4, 60, 47, 26, 22, 49, 64]], [43, []], [67, []], [4, []], [60, []], [47, []], [26, []], [22, []], [49, []], [64, []], [25, [25, 27, 15, 59, 74, 18, 24, 69, 33, 20]], [27, []], [15, []], [59, []], [74, []], [18, []], [24, []], [69, []], [33, []], [20, []]]], [[[42, [42]]], [[35, [35, 62]]], [[5, [5, 72, 28, 36, 9]]], [[44, [44, 29]]], [[71, [71, 2, 66, 31, 68, 1]]], [[72, [14, 40, 61, 38, 50]]], [[39, [39, 75, 70, 65, 30, 58, 53, 52, 63, 7]]], [[19, [19, 43, 67, 4, 60, 47, 26, 22, 49, 64]]], [[12, [12, 51, 57, 37, 13, 55, 32, 73, 45, 41]]], [[25, [25, 27, 15, 59, 74, 18, 24, 69, 33, 20]]], [[16, [16, 11, 23, 54, 8, 46, 10, 3, 56, 6]]]]]}
