{"file_name": "U_100_1", "number_of_trucks": 2, "drone_capacity": 10, "number_of_drones": 20, "iteration": 1, "best_fitness": 752.9862544265773, "runtime": 7990.0467829704285, "best_solution": [[[[0, [25, 16]], [25, []], [62, [62, 61, 7]], [61, []], [16, []], [7, []], [60, [60, 91, 28, 88, 86]], [91, [67]], [28, []], [88, []], [86, []], [67, []], [8, [8, 40, 17, 74, 42, 70, 83, 23, 1]], [40, []], [17, []], [74, []], [42, []], [70, []], [83, []], [23, []], [1, []], [87, [87, 20, 57, 44, 14, 93, 97, 26, 76, 31]], [20, []], [57, []], [44, []], [14, []], [93, []], [97, []], [26, []], [76, []], [31, []], [35, [35, 64, 36, 6, 22, 82, 15, 100, 33, 84]], [64, []], [36, []], [6, []], [22, []], [82, []], [15, []], [100, []], [33, []], [84, []], [47, [47, 90, 92, 66, 10, 63, 55, 2, 72, 98]], [90, []], [92, []], [66, []], [10, []], [63, []], [55, []], [2, []], [72, []], [98, []]], [[0, []], [73, [73, 58]], [53, [53, 50]], [58, []], [50, []], [96, [96, 24, 54, 9, 18]], [24, []], [54, []], [9, []], [18, []], [4, [4, 81]], [27, [27, 77, 45, 56, 65]], [95, [95, 38, 30, 89]], [38, []], [77, []], [30, []], [45, []], [56, []], [65, []], [89, []], [3, [3, 68, 99, 69, 21, 78, 41, 80, 37, 51]], [68, []], [99, []], [69, []], [21, []], [78, []], [41, []], [80, []], [37, []], [51, []], [49, [49, 94, 11, 46, 71, 29, 75, 19, 85, 12]], [94, []], [11, []], [46, []], [71, []], [29, []], [75, []], [19, []], [85, []], [12, []], [39, [39, 48, 5, 52, 34, 43, 13, 79, 32, 59]], [48, []], [5, []], [52, []], [34, []], [81, []], [43, []], [13, []], [79, []], [32, []], [59, []]]], [[[62, [62, 61, 7]]], [[73, [73, 58]]], [[53, [53, 50]]], [[60, [60, 91, 28, 88, 86]]], [[96, [96, 24, 54, 9, 18]]], [[4, [4, 81]]], [[27, [27, 77, 45, 56, 65]]], [[91, [67]]], [[8, [8, 40, 17, 74, 42, 70, 83, 23, 1]]], [[95, [95, 38, 30, 89]]], [[87, [87, 20, 57, 44, 14, 93, 97, 26, 76, 31]]], [[3, [3, 68, 99, 69, 21, 78, 41, 80, 37, 51]]], [[35, [35, 64, 36, 6, 22, 82, 15, 100, 33, 84]]], [[49, [49, 94, 11, 46, 71, 29, 75, 19, 85, 12]]], [[47, [47, 90, 92, 66, 10, 63, 55, 2, 72, 98]]], [[39, [39, 48, 5, 52, 34, 43, 13, 79, 32, 59]]]]]}
{"file_name": "U_100_1", "number_of_trucks": 2, "drone_capacity": 10, "number_of_drones": 20, "iteration": 2, "best_fitness": 793.9869028503288, "runtime": 1765.8568267822266, "best_solution": [[[[0, [50, 58]], [50, []], [58, []], [60, [60, 91, 99, 77, 59]], [91, []], [99, []], [77, []], [59, []], [81, [81, 4, 18, 24, 83, 23, 87, 47, 79, 69]], [4, []], [18, []], [24, []], [83, []], [23, []], [87, []], [47, []], [79, []], [69, []], [80, [80, 37, 51, 95, 38, 30, 97, 65, 89, 3]], [37, []], [51, []], [95, []], [38, []], [30, []], [97, []], [65, []], [89, []], [3, []], [2, [2, 45, 31, 21, 33, 26, 32, 82, 15, 6]], [45, []], [31, []], [21, []], [33, []], [26, []], [32, []], [82, []], [15, []], [6, []], [22, [22, 84, 13, 43, 92, 66, 55, 72, 88, 98]], [84, []], [13, []], [43, []], [92, []], [66, []], [55, []], [72, []], [88, []], [98, []]], [[0, []], [16, [61, 16, 73, 54]], [73, []], [54, []], [10, [10, 42]], [42, []], [62, [62]], [86, [86, 68, 28, 67, 8, 40, 56]], [68, []], [28, []], [67, []], [8, []], [40, []], [56, []], [25, [25, 100, 36, 78, 74, 17, 7, 35, 1, 70]], [100, []], [36, []], [78, []], [74, []], [17, []], [7, []], [35, []], [1, []], [70, []], [96, [96, 9, 19, 57, 75, 29, 27, 93, 94, 46, 39, 48, 5]], [9, []], [19, []], [57, []], [75, []], [29, []], [27, []], [93, []], [94, []], [46, []], [14, [14, 53, 11, 44, 71, 63, 49, 20, 85, 12, 52, 34, 41, 64, 76, 90]], [53, []], [11, []], [44, []], [71, []], [63, []], [49, []], [20, []], [85, []], [12, []], [90, []], [39, []], [48, []], [5, []], [52, []], [34, []], [41, []], [64, []], [76, []], [61, []]]], [[[16, [61, 16, 73, 54]]], [[10, [10, 42]]], [[62, [62]]], [[86, [86, 68, 28, 67, 8, 40, 56]]], [[25, [25, 100, 36, 78, 74, 17, 7, 35, 1, 70]]], [[60, [60, 91, 99, 77, 59]]], [[81, [81, 4, 18, 24, 83, 23, 87, 47, 79, 69]]], [[80, [80, 37, 51, 95, 38, 30, 97, 65, 89, 3]]], [[96, [96, 9, 19, 57, 75, 29, 27, 93, 94, 46]]], [[2, [2, 45, 31, 21, 33, 26, 32, 82, 15, 6]]], [[22, [22, 84, 13, 43, 92, 66, 55, 72, 88, 98]]], [[96, [39, 48, 5]]], [[14, [14, 53, 11, 44, 71, 63, 49, 20, 85, 12]]], [[14, [52, 34, 41, 64, 76, 90]]]]]}
{"file_name": "U_100_1", "number_of_trucks": 2, "drone_capacity": 10, "number_of_drones": 20, "iteration": 3, "best_fitness": 766.9199999999997, "runtime": 1728.6854140758514, "best_solution": [[[[0, []], [16, [16]], [73, [73, 54, 58, 27, 10]], [54, []], [58, []], [27, []], [10, []], [88, [88, 25, 17, 74, 67, 91, 60, 68]], [25, []], [17, []], [74, []], [67, []], [91, []], [60, []], [68, []], [99, [99, 28, 56, 77, 30, 38, 95, 57, 81, 9]], [28, []], [56, []], [77, []], [30, []], [38, []], [95, []], [57, []], [81, []], [9, []], [23, [23, 1, 87, 75, 20, 49, 86, 8, 32, 76]], [1, []], [87, []], [75, []], [20, []], [49, []], [86, []], [8, []], [32, []], [76, []], [31, [31, 64, 36, 22, 15, 82, 79, 84, 13, 47]], [64, []], [36, []], [22, []], [15, []], [82, []], [79, []], [84, []], [13, []], [47, []], [51, [51, 12, 85, 92, 37, 66, 55, 72, 45, 98]], [12, []], [85, []], [92, []], [37, []], [66, []], [55, []], [72, []], [45, []], [98, []]], [[0, [62, 61, 50, 53]], [62, []], [61, []], [50, [42, 4]], [53, []], [42, []], [4, []], [18, [18, 24, 83, 96, 70, 52, 7, 35, 69, 40]], [24, []], [83, []], [96, []], [70, []], [52, []], [7, []], [35, []], [69, []], [40, []], [59, [59, 100, 6, 78, 21, 33, 97, 93, 65, 3]], [100, []], [6, []], [78, []], [21, []], [33, []], [97, []], [93, []], [65, []], [3, []], [89, [89, 2, 14, 46, 94, 44, 11, 63, 71, 29]], [2, []], [14, []], [46, []], [94, []], [44, []], [11, []], [63, []], [71, []], [29, []], [19, [19, 90, 39, 48, 5, 34, 41, 43, 80, 26]], [90, []], [39, []], [48, []], [5, []], [34, []], [41, []], [43, []], [80, []], [26, []]]], [[[16, [16]]], [[73, [73, 54, 58, 27, 10]]], [[50, [42, 4]]], [[88, [88, 25, 17, 74, 67, 91, 60, 68]]], [[99, [99, 28, 56, 77, 30, 38, 95, 57, 81, 9]]], [[18, [18, 24, 83, 96, 70, 52, 7, 35, 69, 40]]], [[59, [59, 100, 6, 78, 21, 33, 97, 93, 65, 3]]], [[23, [23, 1, 87, 75, 20, 49, 86, 8, 32, 76]]], [[31, [31, 64, 36, 22, 15, 82, 79, 84, 13, 47]]], [[89, [89, 2, 14, 46, 94, 44, 11, 63, 71, 29]]], [[51, [51, 12, 85, 92, 37, 66, 55, 72, 45, 98]]], [[19, [19, 90, 39, 48, 5, 34, 41, 43, 80, 26]]]]]}
