{"file_name": "U_100_1", "number_of_trucks": 2, "drone_capacity": 10, "number_of_drones": 20, "iteration": 1, "best_fitness": 731.0350955329063, "runtime": 3961.3328416347504, "best_solution": [[[[0, [58, 27]], [58, []], [90, [80, 90]], [93, [93, 85, 50, 99, 63, 12]], [85, []], [27, []], [50, []], [99, []], [63, []], [12, []], [42, [42, 25, 94, 19, 10, 35]], [25, []], [80, []], [94, []], [19, []], [10, []], [35, []], [54, [54, 91, 18, 45, 8, 23, 16, 44, 28, 39]], [91, []], [18, []], [45, []], [8, []], [23, []], [16, []], [44, []], [28, []], [39, []], [64, [64, 97, 38, 68, 87, 24, 34, 74, 37, 76]], [97, []], [38, []], [68, []], [87, []], [24, []], [34, []], [74, []], [37, []], [76, []], [33, [33, 36, 13, 22, 52, 73, 3, 21, 15]], [36, []], [13, []], [15, []], [22, []], [52, []], [73, []], [3, []], [21, []]], [[0, [9, 32, 1, 72, 57]], [57, []], [1, []], [9, []], [17, [17, 100, 41, 40, 81, 49, 70, 67, 2]], [100, []], [41, []], [40, []], [81, []], [32, []], [49, []], [70, []], [67, []], [2, []], [72, []], [71, [71, 20, 47, 96, 82, 6, 29, 69, 48]], [20, []], [47, []], [96, []], [82, []], [6, []], [29, []], [69, []], [48, []], [31, [31, 92, 26, 14, 65, 30, 59, 88, 43]], [92, []], [26, []], [14, []], [65, []], [30, []], [59, []], [88, []], [43, []], [46, [46, 62, 75, 60, 53, 61, 55, 86, 51]], [62, []], [75, []], [60, []], [53, []], [61, []], [55, []], [86, []], [51, []], [83, [83, 7, 66, 89, 77, 56, 11, 78, 4, 95]], [7, []], [66, []], [89, []], [77, []], [56, []], [11, []], [5, [5, 84, 98, 79]], [78, []], [4, []], [95, []], [98, []], [79, []], [84, []]]], [[[90, [80, 90]]], [[93, [93, 85, 50, 99, 63, 12]]], [[17, [17, 100, 41, 40, 81, 49, 70, 67, 2]]], [[42, [42, 25, 94, 19, 10, 35]]], [[71, [71, 20, 47, 96, 82, 6, 29, 69, 48]]], [[31, [31, 92, 26, 14, 65, 30, 59, 88, 43]]], [[54, [54, 91, 18, 45, 8, 23, 16, 44, 28, 39]]], [[46, [46, 62, 75, 60, 53, 61, 55, 86, 51]]], [[64, [64, 97, 38, 68, 87, 24, 34, 74, 37, 76]]], [[83, [83, 7, 66, 89, 77, 56, 11, 78, 4, 95]]], [[5, [5, 84, 98, 79]]], [[33, [33, 36, 13, 22, 52, 73, 3, 21, 15]]]]]}
{"file_name": "U_100_1", "number_of_trucks": 2, "drone_capacity": 10, "number_of_drones": 20, "iteration": 2, "best_fitness": 1090.24, "runtime": 1357.1683642864227, "best_solution": [[[[0, [93, 50, 1, 32, 81, 49, 39, 2, 71, 15, 67, 41, 100, 25, 42, 24, 65, 79, 6, 44, 28, 54, 35, 10, 4, 78, 31, 64, 29, 91, 97, 22, 52, 30, 27, 14, 34, 66, 7, 74, 37, 89, 77, 33, 76, 87, 68, 38, 53, 61]], [93, []], [50, []], [1, []], [32, []], [81, []], [49, []], [39, []], [2, []], [71, []], [15, []], [67, []], [41, []], [100, []], [25, []], [42, []], [24, []], [65, []], [79, []], [6, []], [44, []], [28, []], [54, []], [35, []], [10, []], [4, []], [78, []], [31, []], [64, []], [29, []], [91, []], [97, []], [22, []], [52, []], [30, []], [27, []], [14, []], [34, []], [66, []], [7, []], [74, []], [37, []], [89, []], [77, []], [33, []], [76, []], [87, []], [68, []], [38, []], [53, []], [61, []]], [[0, [85, 58, 19, 72, 80, 9, 70, 40, 90, 47, 96, 17, 99, 63, 57, 60, 92, 26, 88, 8, 69, 18, 12, 45, 23, 16, 94, 11, 20, 59, 84, 73, 86, 75, 62, 46, 55, 43, 51, 5, 83, 56, 36, 13, 95, 82, 98, 48, 3, 21]], [85, []], [58, []], [19, []], [72, []], [80, []], [9, []], [70, []], [40, []], [90, []], [47, []], [96, []], [17, []], [99, []], [63, []], [57, []], [60, []], [92, []], [26, []], [88, []], [8, []], [69, []], [18, []], [12, []], [45, []], [23, []], [16, []], [94, []], [11, []], [20, []], [59, []], [84, []], [73, []], [86, []], [75, []], [62, []], [46, []], [55, []], [43, []], [51, []], [5, []], [83, []], [56, []], [36, []], [13, []], [95, []], [82, []], [98, []], [48, []], [3, []], [21, []]]], []]}
{"file_name": "U_100_1", "number_of_trucks": 2, "drone_capacity": 10, "number_of_drones": 20, "iteration": 3, "best_fitness": 765.9200000000001, "runtime": 1805.820191860199, "best_solution": [[[[0, [9, 59, 17]], [9, []], [59, []], [17, []], [25, [25]], [26, [26, 42, 20, 94, 41, 80, 2, 54, 35]], [42, []], [20, []], [94, []], [41, []], [80, []], [2, []], [54, []], [35, []], [44, [44, 28, 39, 16, 23, 78, 82, 14, 30, 37]], [28, []], [39, []], [16, []], [23, []], [78, []], [82, []], [14, []], [30, []], [37, []], [77, [77, 33, 36, 89, 76, 68, 87, 24, 34, 7]], [33, []], [36, []], [89, []], [76, []], [68, []], [87, []], [24, []], [34, []], [7, []], [66, [66, 83, 5, 22, 52, 31, 3, 21, 57, 75]], [83, []], [5, []], [22, []], [52, []], [31, []], [3, []], [21, []], [57, []], [75, []]], [[0, [99]], [99, []], [93, [93, 85, 27, 1]], [85, []], [27, []], [1, []], [50, [50, 65]], [65, []], [100, [100, 53, 60, 88, 96, 47, 58, 49, 67, 72]], [53, []], [60, []], [88, []], [96, []], [47, []], [58, []], [49, []], [67, []], [72, []], [15, [15, 10, 71, 19, 32, 81, 40, 90, 79, 92]], [10, []], [71, []], [19, []], [32, []], [81, []], [40, []], [90, []], [79, []], [92, []], [29, [29, 8, 69, 45, 18, 12, 46, 63, 48, 73, 86, 62, 55, 61]], [8, []], [69, []], [45, []], [18, []], [12, []], [46, []], [63, []], [48, []], [73, []], [84, [84, 97, 64, 91, 6, 98, 95, 4, 11, 70, 56, 74, 38, 43, 51, 13]], [97, []], [64, []], [91, []], [6, []], [98, []], [95, []], [4, []], [11, []], [70, []], [13, []], [56, []], [74, []], [38, []], [43, []], [51, []], [86, []], [62, []], [55, []], [61, []]]], [[[93, [93, 85, 27, 1]]], [[50, [50, 65]]], [[100, [100, 53, 60, 88, 96, 47, 58, 49, 67, 72]]], [[25, [25]]], [[15, [15, 10, 71, 19, 32, 81, 40, 90, 79, 92]]], [[26, [26, 42, 20, 94, 41, 80, 2, 54, 35]]], [[29, [29, 8, 69, 45, 18, 12, 46, 63, 48, 73]]], [[44, [44, 28, 39, 16, 23, 78, 82, 14, 30, 37]]], [[29, [86, 62, 55, 61]]], [[84, [84, 97, 64, 91, 6, 98, 95, 4, 11, 70]]], [[84, [56, 74, 38, 43, 51, 13]]], [[77, [77, 33, 36, 89, 76, 68, 87, 24, 34, 7]]], [[66, [66, 83, 5, 22, 52, 31, 3, 21, 57, 75]]]]]}
