{"file_name": "U_100_1", "number_of_trucks": 2, "drone_capacity": 10, "number_of_drones": 20, "iteration": 1, "best_fitness": 792.2400000000001, "runtime": 4364.794323205948, "best_solution": [[[[0, []], [58, [58]], [0, [78, 42, 33, 91, 62]], [78, []], [42, []], [33, []], [91, []], [62, []], [0, [53, 77, 87, 93, 26, 64, 13, 18, 81]], [68, [68]], [53, []], [77, []], [87, []], [93, []], [26, []], [64, []], [13, []], [18, []], [81, []], [0, [57, 12, 89, 31, 41, 48, 94, 55, 21, 61, 99, 44, 4, 79, 1, 52, 14, 63, 11, 71, 40, 30, 90, 19, 43, 66, 96, 25, 86, 16, 97, 46, 65, 82]], [46, []], [90, []], [86, []], [16, []], [57, []], [12, []], [89, []], [31, []], [41, []], [48, []], [94, []], [55, []], [21, []], [61, []], [99, []], [65, []], [82, []], [19, []], [43, []], [44, []], [4, []], [97, []], [96, []], [66, []], [79, []], [25, []], [1, []], [52, []], [14, []], [63, []], [11, []], [71, []], [40, []], [30, []]], [[0, [22, 23]], [22, []], [23, [51, 2]], [51, []], [2, []], [0, [76, 47, 17, 35, 83, 95, 80, 100]], [100, []], [56, [56, 45, 69]], [45, []], [76, []], [47, []], [69, []], [17, []], [80, []], [35, []], [83, []], [95, []], [0, [88, 75, 20, 9, 54, 39, 10, 5, 34, 6, 27, 50, 98, 8, 70, 3, 32, 24, 15, 28, 73, 92, 67, 85, 29, 84, 38, 60, 36, 7, 37, 59, 74, 72, 49]], [59, []], [75, []], [20, []], [74, []], [88, []], [8, []], [9, []], [54, []], [39, []], [10, []], [5, []], [34, []], [6, []], [70, []], [3, []], [27, []], [50, []], [24, []], [72, []], [98, []], [49, []], [15, []], [32, []], [37, []], [28, []], [73, []], [92, []], [67, []], [85, []], [29, []], [84, []], [38, []], [60, []], [36, []], [7, []]]], [[[58, [58]]], [[23, [51, 2]]], [[68, [68]]], [[56, [56, 45, 69]]]]]}
{"file_name": "U_100_1", "number_of_trucks": 2, "drone_capacity": 10, "number_of_drones": 20, "iteration": 2, "best_fitness": 1079.3200000000002, "runtime": 1333.6593396663666, "best_solution": [[[[0, [22, 83, 2, 9, 31, 86, 48, 41, 16, 37, 93, 45, 50, 99, 61, 88, 3, 70, 77, 53, 14, 68, 30, 75, 20, 58, 42, 7, 36, 60, 38, 34, 5, 10, 54, 39, 73, 97, 79, 1, 52, 63, 11, 71, 40]], [22, []], [83, []], [2, []], [9, []], [31, []], [86, []], [48, []], [41, []], [16, []], [37, []], [93, []], [45, []], [50, []], [99, []], [61, []], [88, []], [3, []], [70, []], [77, []], [53, []], [14, []], [68, []], [30, []], [75, []], [20, []], [58, []], [42, []], [7, []], [36, []], [60, []], [38, []], [34, []], [5, []], [10, []], [54, []], [39, []], [73, []], [97, []], [79, []], [1, []], [52, []], [63, []], [11, []], [71, []], [40, []]], [[0, [23, 78, 62, 85, 91, 35, 80, 47, 17, 18, 26, 87, 100, 95, 59, 84, 67, 92, 19, 96, 81, 51, 25, 13, 64, 69, 66, 24, 56, 46, 27, 15, 76, 98, 49, 72, 32, 90, 44, 57, 89, 12, 94, 55, 4, 43, 21, 65, 8, 82, 28, 74, 6, 29, 33]], [23, []], [78, []], [62, []], [85, []], [91, []], [35, []], [80, []], [47, []], [17, []], [18, []], [26, []], [87, []], [100, []], [95, []], [59, []], [84, []], [67, []], [92, []], [19, []], [96, []], [81, []], [51, []], [25, []], [13, []], [64, []], [69, []], [66, []], [24, []], [56, []], [46, []], [27, []], [15, []], [76, []], [98, []], [49, []], [72, []], [32, []], [90, []], [44, []], [57, []], [89, []], [12, []], [94, []], [55, []], [4, []], [43, []], [21, []], [65, []], [8, []], [82, []], [28, []], [74, []], [6, []], [29, []], [33, []]]], []]}
{"file_name": "U_100_1", "number_of_trucks": 2, "drone_capacity": 10, "number_of_drones": 20, "iteration": 3, "best_fitness": 1099.4800000000005, "runtime": 1400.0323164463043, "best_solution": [[[[0, [78, 85, 22, 60, 58, 42, 2, 80, 32, 93, 47, 72, 50, 56, 35, 92, 84, 33, 99, 46, 27, 37, 16, 48, 89, 94, 41, 31, 54, 73, 67, 6, 20, 75, 29, 34, 5, 10, 39, 55, 12, 57, 15, 49, 24, 97, 74, 70, 30, 40]], [78, []], [85, []], [22, []], [60, []], [58, []], [42, []], [2, []], [80, []], [32, []], [93, []], [47, []], [72, []], [50, []], [56, []], [35, []], [92, []], [84, []], [33, []], [99, []], [46, []], [27, []], [37, []], [16, []], [48, []], [89, []], [94, []], [41, []], [31, []], [54, []], [73, []], [67, []], [6, []], [20, []], [75, []], [29, []], [34, []], [5, []], [10, []], [39, []], [55, []], [12, []], [57, []], [15, []], [49, []], [24, []], [97, []], [74, []], [70, []], [30, []], [40, []]], [[0, [23, 76, 77, 53, 83, 19, 9, 61, 62, 91, 81, 100, 59, 95, 51, 13, 26, 45, 96, 98, 17, 69, 64, 18, 66, 87, 1, 3, 88, 28, 8, 82, 90, 86]], [23, []], [76, [44, 43, 4, 21, 65, 79]], [77, []], [53, []], [83, []], [19, []], [9, []], [61, []], [62, []], [91, []], [81, []], [100, []], [59, []], [95, []], [51, []], [13, []], [26, []], [45, []], [96, []], [98, []], [17, []], [69, []], [64, []], [18, []], [66, []], [87, []], [1, []], [3, []], [88, []], [28, []], [8, []], [82, []], [90, []], [86, []], [44, []], [43, []], [4, []], [21, []], [65, []], [79, []], [25, [25, 52, 68, 14, 63, 11, 71, 38, 36, 7]], [52, []], [68, []], [14, []], [63, []], [11, []], [71, []], [38, []], [36, []], [7, []]]], [[[76, [44, 43, 4, 21, 65, 79]]], [[25, [25, 52, 68, 14, 63, 11, 71, 38, 36, 7]]]]]}
