{"file_name": "U_75_1", "number_of_trucks": 2, "drone_capacity": 10, "number_of_drones": 20, "iteration": 1, "best_fitness": 674.6368375618497, "runtime": 5407.764577865601, "best_solution": [[[[0, []], [14, [14]], [68, [68]], [7, [7]], [59, [59, 10]], [10, []], [63, [63, 25, 15, 56]], [25, []], [15, []], [56, []], [34, [34, 33, 2, 73, 58, 31, 1, 74]], [58, []], [33, []], [2, []], [1, []], [74, []], [73, []], [31, []], [21, [21, 50, 23, 64, 35, 16, 54, 18, 11, 38]], [50, []], [23, []], [64, []], [35, []], [16, []], [18, []], [11, []], [54, []], [38, []], [5, [5, 32, 60, 66, 6, 43, 20, 41, 45, 48]], [32, []], [60, []], [66, []], [6, []], [43, []], [20, []], [41, []], [45, []], [48, []]], [[0, []], [29, [29, 40]], [36, [72, 36, 9, 70]], [9, []], [13, [13]], [70, [47, 27, 39, 3]], [40, []], [72, []], [47, []], [27, []], [3, []], [75, [75, 61, 19, 28, 30, 17, 71]], [61, []], [19, []], [28, []], [30, []], [39, []], [17, []], [71, []], [12, [12, 65, 49, 26, 67, 8, 22, 69, 44, 51]], [65, []], [49, []], [26, []], [57, [57, 42, 37, 55, 62, 4, 52, 24, 46, 53]], [67, []], [8, []], [22, []], [69, []], [42, []], [37, []], [55, []], [46, []], [62, []], [53, []], [4, []], [44, []], [51, []], [52, []], [24, []]]], [[[29, [29, 40]]], [[14, [14]]], [[68, [68]]], [[36, [72, 36, 9, 70]]], [[13, [13]]], [[7, [7]]], [[59, [59, 10]]], [[63, [63, 25, 15, 56]]], [[34, [34, 33, 2, 73, 58, 31, 1, 74]]], [[70, [47, 27, 39, 3]]], [[75, [75, 61, 19, 28, 30, 17, 71]]], [[12, [12, 65, 49, 26, 67, 8, 22, 69, 44, 51]]], [[57, [57, 42, 37, 55, 62, 4, 52, 24, 46, 53]]], [[21, [21, 50, 23, 64, 35, 16, 54, 18, 11, 38]]], [[5, [5, 32, 60, 66, 6, 43, 20, 41, 45, 48]]]]]}
{"file_name": "U_75_1", "number_of_trucks": 2, "drone_capacity": 10, "number_of_drones": 20, "iteration": 2, "best_fitness": 720.0, "runtime": 571.2414267063141, "best_solution": [[[[0, [14, 64, 12, 65, 7, 13, 21, 11, 35, 28]], [14, []], [64, []], [12, []], [65, []], [7, []], [13, []], [21, []], [11, []], [35, []], [28, []], [61, [61, 17, 30, 49, 67, 71, 39, 69, 10, 8]], [17, []], [30, []], [49, []], [67, []], [71, []], [39, []], [69, []], [10, []], [8, []], [22, [22, 20, 41, 43, 66, 6, 50, 23, 48, 45]], [20, []], [41, []], [43, []], [66, []], [6, []], [50, []], [23, []], [48, []], [45, []]], [[0, [29, 34]], [29, []], [34, []], [63, [63, 68]], [68, []], [9, [9, 59, 3]], [59, []], [3, []], [36, [36, 15, 19, 25, 56, 75, 74, 1]], [15, []], [19, []], [25, []], [56, []], [75, []], [74, []], [1, []], [2, [2, 33, 58, 73, 47, 27, 4, 72, 46, 53]], [33, []], [58, []], [73, []], [47, []], [27, []], [4, []], [72, []], [46, []], [53, []], [40, [40, 57, 26, 44, 31, 38, 52, 24, 51, 60]], [57, []], [26, []], [44, []], [31, []], [38, []], [52, []], [24, []], [51, []], [60, []], [32, [32, 42, 37, 55, 62, 5, 54, 70, 18, 16]], [42, []], [37, []], [55, []], [62, []], [5, []], [54, []], [70, []], [18, []], [16, []]]], [[[63, [63, 68]]], [[9, [9, 59, 3]]], [[36, [36, 15, 19, 25, 56, 75, 74, 1]]], [[2, [2, 33, 58, 73, 47, 27, 4, 72, 46, 53]]], [[61, [61, 17, 30, 49, 67, 71, 39, 69, 10, 8]]], [[40, [40, 57, 26, 44, 31, 38, 52, 24, 51, 60]]], [[32, [32, 42, 37, 55, 62, 5, 54, 70, 18, 16]]], [[22, [22, 20, 41, 43, 66, 6, 50, 23, 48, 45]]]]]}
{"file_name": "U_75_1", "number_of_trucks": 2, "drone_capacity": 10, "number_of_drones": 20, "iteration": 3, "best_fitness": 715.2154014608636, "runtime": 553.1457142829895, "best_solution": [[[[0, []], [64, [14, 64, 70, 16]], [70, []], [16, []], [28, [28, 56, 15, 21, 74, 3, 33]], [56, []], [15, []], [21, []], [74, []], [3, []], [33, []], [2, [2, 1, 58, 68, 63, 71, 17, 65, 47, 73]], [1, []], [58, []], [68, []], [63, []], [71, []], [17, []], [65, []], [47, []], [73, []], [27, [27, 72, 40, 26, 7, 49, 67, 23, 50, 48]], [72, []], [40, []], [26, []], [7, []], [49, []], [67, []], [23, []], [50, []], [48, []], [45, [45, 41, 20, 69, 8, 43, 6, 66, 60]], [41, []], [20, []], [69, []], [8, []], [43, []], [6, []], [66, []], [60, []], [14, []]], [[0, [59, 34, 36, 29, 9]], [59, []], [34, []], [36, []], [29, []], [9, []], [10, [10, 75, 12, 30, 39, 19, 22, 61, 25, 13]], [75, []], [12, []], [30, []], [39, []], [19, []], [22, []], [61, []], [25, []], [13, []], [44, [44, 57, 4, 46, 18, 11, 38, 31, 52, 51]], [57, []], [4, []], [46, []], [18, []], [11, []], [38, []], [31, []], [52, []], [51, []], [42, [42, 37, 55, 53, 62, 5, 54, 32, 24, 35]], [37, []], [55, []], [53, []], [62, []], [5, []], [54, []], [32, []], [24, []], [35, []]]], [[[64, [14, 64, 70, 16]]], [[28, [28, 56, 15, 21, 74, 3, 33]]], [[10, [10, 75, 12, 30, 39, 19, 22, 61, 25, 13]]], [[2, [2, 1, 58, 68, 63, 71, 17, 65, 47, 73]]], [[44, [44, 57, 4, 46, 18, 11, 38, 31, 52, 51]]], [[27, [27, 72, 40, 26, 7, 49, 67, 23, 50, 48]]], [[45, [45, 41, 20, 69, 8, 43, 6, 66, 60]]], [[42, [42, 37, 55, 53, 62, 5, 54, 32, 24, 35]]]]]}
