{"file_name": "U_75_1", "number_of_trucks": 2, "drone_capacity": 10, "number_of_drones": 20, "iteration": 1, "best_fitness": 668.967619120004, "runtime": 3734.5207011699677, "best_solution": [[[[0, [13, 11, 45, 3]], [13, [51, 47]], [11, []], [45, []], [3, []], [51, []], [47, []], [15, [15]], [50, [50, 19, 16, 66, 35, 1, 43, 29]], [19, []], [16, []], [66, []], [35, []], [1, []], [43, []], [29, []], [36, [36, 41, 63, 61, 14, 56, 22, 60, 39, 27]], [41, []], [63, []], [61, []], [14, []], [56, []], [22, []], [60, []], [39, []], [27, []], [34, [34, 71, 48, 26, 55, 32, 75, 23, 17, 62]], [71, []], [48, []], [26, []], [55, []], [32, []], [75, []], [23, []], [17, []], [62, []]], [[0, [73, 49, 4]], [73, []], [49, []], [4, []], [70, [70]], [57, [57, 24, 46, 40, 69, 2]], [24, []], [46, []], [40, []], [69, []], [2, []], [10, [10, 20, 72, 65, 44, 31, 64, 28, 12, 42, 9]], [20, []], [72, []], [65, []], [44, []], [31, []], [64, []], [28, []], [12, []], [42, []], [7, [7, 54, 38, 74, 67, 25, 30, 59, 18, 53, 8, 5, 6, 68, 33, 52, 58, 21, 37]], [54, []], [38, []], [74, []], [67, []], [25, []], [30, []], [59, []], [18, []], [53, []], [33, []], [52, []], [58, []], [21, []], [37, []], [8, []], [5, []], [6, []], [68, []], [9, []]]], [[[13, [51, 47]]], [[70, [70]]], [[57, [57, 24, 46, 40, 69, 2]]], [[10, [9]]], [[10, [10, 20, 72, 65, 44, 31, 64, 28, 12, 42]]], [[15, [15]]], [[50, [50, 19, 16, 66, 35, 1, 43, 29]]], [[36, [36, 41, 63, 61, 14, 56, 22, 60, 39, 27]]], [[7, [7, 54, 38, 74, 67, 25, 30, 59, 18, 53]]], [[7, [8, 5, 6, 68, 33, 52, 58, 21, 37]]], [[34, [34, 71, 48, 26, 55, 32, 75, 23, 17, 62]]]]]}
{"file_name": "U_75_1", "number_of_trucks": 2, "drone_capacity": 10, "number_of_drones": 20, "iteration": 2, "best_fitness": 679.1315542353153, "runtime": 625.4192452430725, "best_solution": [[[[0, []], [57, [57, 3, 69, 72, 10]], [3, []], [69, []], [72, []], [10, []], [28, [28]], [23, [23, 13, 2, 20, 46, 65, 31, 27]], [13, []], [2, []], [20, []], [46, []], [65, []], [31, []], [27, []], [44, [44, 39, 22, 40, 25, 30, 18, 60, 14, 56]], [39, []], [22, []], [40, []], [25, []], [30, []], [18, []], [60, []], [14, []], [56, []], [6, [6, 5, 8, 37, 48, 68, 71, 34, 45, 64]], [5, []], [8, []], [37, []], [48, []], [68, []], [71, []], [34, []], [45, []], [64, []]], [[0, [49]], [49, []], [29, [29]], [73, [73, 11, 51, 70, 4, 24, 59, 15]], [11, [9]], [51, []], [70, []], [4, []], [24, []], [59, []], [15, []], [9, []], [47, [47, 36, 42, 12, 35, 61, 63, 41, 55, 16]], [36, []], [42, []], [12, []], [35, []], [61, []], [63, []], [41, []], [55, []], [16, []], [50, [50, 19, 7, 66, 38, 74, 67, 53, 33, 21]], [19, []], [7, []], [66, []], [38, []], [74, []], [67, []], [53, []], [33, []], [21, []], [54, [54, 58, 52, 32, 75, 26, 1, 17, 43, 62]], [58, []], [52, []], [32, []], [75, []], [26, []], [1, []], [17, []], [43, []], [62, []]]], [[[57, [57, 3, 69, 72, 10]]], [[28, [28]]], [[29, [29]]], [[73, [73, 11, 51, 70, 4, 24, 59, 15]]], [[11, [9]]], [[47, [47, 36, 42, 12, 35, 61, 63, 41, 55, 16]]], [[23, [23, 13, 2, 20, 46, 65, 31, 27]]], [[44, [44, 39, 22, 40, 25, 30, 18, 60, 14, 56]]], [[50, [50, 19, 7, 66, 38, 74, 67, 53, 33, 21]]], [[54, [54, 58, 52, 32, 75, 26, 1, 17, 43, 62]]], [[6, [6, 5, 8, 37, 48, 68, 71, 34, 45, 64]]]]]}
{"file_name": "U_75_1", "number_of_trucks": 2, "drone_capacity": 10, "number_of_drones": 20, "iteration": 3, "best_fitness": 671.9251725486992, "runtime": 607.3562486171722, "best_solution": [[[[0, []], [15, [15]], [54, [54, 51, 47]], [51, [64, 9]], [47, []], [64, []], [9, []], [65, [65, 20, 69, 72, 40, 46, 74, 38, 8, 14]], [20, []], [69, []], [72, []], [40, []], [46, []], [74, []], [38, []], [8, []], [14, []], [2, [2, 3, 71, 27, 31, 39, 44, 22, 60, 56]], [3, []], [71, []], [27, []], [31, []], [39, []], [44, []], [22, []], [60, []], [56, []], [6, [6, 53, 33, 21, 58, 52, 16, 37, 48, 62]], [53, []], [33, []], [21, []], [58, []], [52, []], [16, []], [37, []], [48, []], [62, []]], [[0, []], [49, [49]], [45, [45, 11, 10, 57, 24, 70, 73, 13, 29]], [11, []], [10, []], [57, []], [24, []], [70, []], [73, []], [13, []], [28, [28, 23, 36, 42, 35, 66, 67, 59, 18, 30]], [23, []], [36, []], [42, []], [35, []], [66, []], [67, []], [59, []], [18, []], [30, []], [25, [25, 4, 41, 63, 61, 55, 12, 26, 1]], [4, []], [41, []], [63, []], [61, []], [55, []], [12, []], [26, []], [1, []], [29, []], [43, [43, 17, 75, 32, 50, 19, 7, 5, 68, 34]], [17, []], [75, []], [32, []], [50, []], [19, []], [7, []], [5, []], [68, []], [34, []]]], [[[49, [49]]], [[45, [45, 11, 10, 57, 24, 70, 73, 13, 29]]], [[15, [15]]], [[54, [54, 51, 47]]], [[51, [64, 9]]], [[65, [65, 20, 69, 72, 40, 46, 74, 38, 8, 14]]], [[28, [28, 23, 36, 42, 35, 66, 67, 59, 18, 30]]], [[25, [25, 4, 41, 63, 61, 55, 12, 26, 1]]], [[2, [2, 3, 71, 27, 31, 39, 44, 22, 60, 56]]], [[43, [43, 17, 75, 32, 50, 19, 7, 5, 68, 34]]], [[6, [6, 53, 33, 21, 58, 52, 16, 37, 48, 62]]]]]}
