{"file_name": "U_75_1", "number_of_trucks": 2, "drone_capacity": 10, "number_of_drones": 20, "iteration": 1, "best_fitness": 628.223902755326, "runtime": 4512.151559352875, "best_solution": [[[[0, [7, 32, 51]], [7, []], [51, [16, 24, 8]], [32, []], [16, []], [24, []], [8, []], [9, [9, 38, 46, 65, 59, 31, 21, 12, 14, 43, 13, 26, 45]], [38, []], [46, []], [65, []], [59, []], [31, []], [21, []], [12, []], [13, [68, 37, 35]], [26, []], [63, [34, 74, 72, 3, 56, 63, 11, 28, 40, 1, 19]], [45, []], [11, []], [28, []], [68, []], [37, []], [35, []], [34, []], [74, []], [72, []], [14, []], [3, []], [56, []], [43, []], [40, []], [19, []], [1, []]], [[0, []], [61, [64, 6, 61, 23, 39, 58, 18, 52, 67, 73, 54, 10, 50]], [64, []], [6, []], [69, [69]], [23, [75]], [39, []], [58, []], [18, []], [52, []], [22, [22, 29, 30, 20, 5]], [29, []], [30, []], [20, []], [5, []], [73, []], [54, []], [10, []], [50, []], [75, []], [55, [55, 49, 66, 57, 47, 53, 2, 70, 17, 62]], [49, []], [66, []], [57, []], [47, []], [53, []], [2, []], [70, []], [17, []], [62, []], [27, [27, 60, 42, 25, 36, 71, 44, 48, 15, 33]], [60, []], [42, []], [25, []], [36, []], [71, []], [44, []], [48, []], [15, []], [33, []], [67, []], [4, [4, 41]], [41, []]]], [[[51, [16, 24, 8]]], [[9, [14, 43, 13, 26, 45]]], [[61, [23, 39, 58, 18, 52, 67, 73, 54, 10, 50]]], [[61, [64, 6, 61]]], [[9, [9, 38, 46, 65, 59, 31, 21, 12]]], [[13, [68, 37, 35]]], [[63, [63, 11, 28]]], [[63, [34, 74, 72, 3, 56, 40, 1, 19]]], [[69, [69]]], [[23, [75]]], [[22, [22, 29, 30, 20, 5]]], [[55, [55, 49, 66, 57, 47, 53, 2, 70, 17, 62]]], [[27, [27, 60, 42, 25, 36, 71, 44, 48, 15, 33]]], [[4, [4, 41]]]]]}
{"file_name": "U_75_1", "number_of_trucks": 2, "drone_capacity": 10, "number_of_drones": 20, "iteration": 2, "best_fitness": 642.3033364981404, "runtime": 593.7515964508057, "best_solution": [[[[0, []], [5, [8, 5, 51, 32, 34]], [51, []], [32, []], [34, []], [74, [74, 7, 65, 38, 46, 61, 23]], [7, []], [65, []], [38, []], [46, []], [61, []], [23, []], [8, []], [9, [9, 21, 31, 59, 1, 22, 13, 24, 69, 47]], [21, []], [31, []], [59, []], [1, []], [22, []], [13, []], [24, []], [69, []], [47, []], [49, [49, 55, 50, 10, 54, 68, 56, 28, 11, 14]], [55, []], [50, []], [10, []], [54, []], [68, []], [56, []], [28, []], [11, []], [14, []], [3, [3, 72, 43, 40, 20, 36, 71, 44, 48, 19]], [72, []], [43, []], [40, []], [20, []], [36, []], [71, []], [44, []], [48, []], [19, []]], [[0, []], [75, [75, 58, 17, 6]], [58, []], [17, []], [6, []], [64, [64, 2, 39, 16, 18, 52, 67]], [2, [33, 29]], [39, []], [16, []], [18, []], [52, []], [67, []], [33, []], [29, []], [63, [63, 45, 35, 37, 73, 30, 25, 42, 57, 66]], [45, []], [35, []], [37, []], [73, []], [30, []], [25, []], [42, []], [57, []], [66, []], [53, [53, 70, 62, 27, 60, 4, 15, 26, 12, 41]], [70, []], [62, []], [27, []], [60, []], [4, []], [15, []], [26, []], [12, []], [41, []]]], [[[5, [8, 5, 51, 32, 34]]], [[74, [74, 7, 65, 38, 46, 61, 23]]], [[75, [75, 58, 17, 6]]], [[64, [64, 2, 39, 16, 18, 52, 67]]], [[2, [33, 29]]], [[9, [9, 21, 31, 59, 1, 22, 13, 24, 69, 47]]], [[63, [63, 45, 35, 37, 73, 30, 25, 42, 57, 66]]], [[49, [49, 55, 50, 10, 54, 68, 56, 28, 11, 14]]], [[53, [53, 70, 62, 27, 60, 4, 15, 26, 12, 41]]], [[3, [3, 72, 43, 40, 20, 36, 71, 44, 48, 19]]]]]}
{"file_name": "U_75_1", "number_of_trucks": 2, "drone_capacity": 10, "number_of_drones": 20, "iteration": 3, "best_fitness": 676.9600672876677, "runtime": 653.2265403270721, "best_solution": [[[[0, []], [7, [7, 51, 5, 75]], [51, []], [5, []], [75, []], [55, [55, 61, 2, 69]], [2, []], [69, []], [70, [70]], [18, [18, 30, 45, 22, 13, 33]], [30, []], [45, []], [22, []], [13, []], [33, []], [26, [26, 1, 38, 46, 63, 65, 31, 23, 9]], [1, []], [38, []], [46, []], [63, []], [65, []], [31, []], [23, []], [9, []], [61, []], [60, [60, 42, 25, 40, 43, 28, 74, 72, 3, 11]], [42, []], [25, []], [40, []], [43, []], [28, []], [74, []], [72, []], [3, []], [11, []], [66, [66, 57, 27, 62, 52, 4, 67, 12, 41, 59]], [57, []], [27, []], [62, []], [52, []], [4, []], [67, []], [12, []], [41, []], [59, []]], [[0, [64]], [64, []], [6, [6]], [17, [17]], [24, [24]], [8, [8, 21, 49, 32, 34, 50, 54]], [21, []], [49, []], [32, []], [34, []], [50, []], [54, []], [35, [35, 10, 73, 29, 39, 58, 20, 15, 16, 37]], [10, []], [73, []], [29, []], [39, []], [58, []], [20, []], [15, []], [16, []], [37, []], [68, [68, 56, 14, 53, 47, 36, 71, 44, 48, 19]], [56, []], [14, []], [53, []], [47, []], [36, []], [71, []], [44, []], [48, []], [19, []]]], [[[6, [6]]], [[7, [7, 51, 5, 75]]], [[55, [55, 61, 2, 69]]], [[17, [17]]], [[24, [24]]], [[70, [70]]], [[8, [8, 21, 49, 32, 34, 50, 54]]], [[18, [18, 30, 45, 22, 13, 33]]], [[26, [26, 1, 38, 46, 63, 65, 31, 23, 9]]], [[35, [35, 10, 73, 29, 39, 58, 20, 15, 16, 37]]], [[60, [60, 42, 25, 40, 43, 28, 74, 72, 3, 11]]], [[66, [66, 57, 27, 62, 52, 4, 67, 12, 41, 59]]], [[68, [68, 56, 14, 53, 47, 36, 71, 44, 48, 19]]]]]}
