{"file_name": "U_75_1", "number_of_trucks": 2, "drone_capacity": 10, "number_of_drones": 20, "iteration": 1, "best_fitness": 653.2037479808521, "runtime": 4513.477185726166, "best_solution": [[[[0, []], [26, [31, 26]], [67, [67, 70, 43]], [70, []], [43, []], [41, [41, 51, 9]], [51, [38, 59, 64, 47]], [9, []], [38, []], [59, []], [64, []], [47, []], [6, [6, 12, 63, 58, 36, 45, 55, 2, 7, 74]], [12, []], [63, []], [58, []], [36, []], [45, []], [55, []], [2, []], [7, []], [74, []], [10, [10, 21, 18, 68, 42, 13, 49, 61, 25, 28]], [21, []], [18, []], [68, []], [42, []], [13, []], [49, []], [61, []], [25, []], [28, []], [23, [23, 62, 54, 5, 20, 8, 50, 19, 33]], [62, []], [54, []], [5, []], [20, []], [8, []], [50, []], [19, []], [33, []], [31, []]], [[0, []], [22, [22]], [52, [52, 24, 3, 14]], [24, []], [3, []], [15, [15, 44, 11, 73, 71, 4, 16, 56, 17]], [44, []], [11, []], [73, []], [71, []], [4, []], [16, []], [56, []], [17, []], [14, []], [48, [48, 27, 34, 35, 29, 69, 57, 39, 72, 30]], [27, []], [34, []], [35, []], [29, []], [69, []], [57, []], [39, []], [72, []], [30, []], [53, [53, 32, 75, 60, 1, 66, 65, 46, 37, 40]], [32, []], [75, []], [60, []], [1, []], [66, []], [65, []], [46, []], [37, []], [40, []]]], [[[22, [22]]], [[26, [31, 26]]], [[67, [67, 70, 43]]], [[41, [41, 51, 9]]], [[52, [52, 24, 3, 14]]], [[51, [38, 59, 64, 47]]], [[15, [15, 44, 11, 73, 71, 4, 16, 56, 17]]], [[6, [6, 12, 63, 58, 36, 45, 55, 2, 7, 74]]], [[48, [48, 27, 34, 35, 29, 69, 57, 39, 72, 30]]], [[10, [10, 21, 18, 68, 42, 13, 49, 61, 25, 28]]], [[23, [23, 62, 54, 5, 20, 8, 50, 19, 33]]], [[53, [53, 32, 75, 60, 1, 66, 65, 46, 37, 40]]]]]}
{"file_name": "U_75_1", "number_of_trucks": 2, "drone_capacity": 10, "number_of_drones": 20, "iteration": 2, "best_fitness": 679.6862484051238, "runtime": 609.820351600647, "best_solution": [[[[0, [31, 26]], [31, []], [26, []], [24, [24]], [59, [59]], [6, [6, 64, 47, 40, 16]], [64, []], [47, []], [40, []], [16, []], [35, [35, 29, 43, 53, 72]], [29, []], [43, []], [53, []], [72, []], [58, [58, 36, 63, 34, 27, 41, 25, 28]], [36, []], [63, []], [34, []], [27, []], [41, []], [25, []], [28, []], [61, [61, 48, 23, 50, 8, 15, 54, 5, 20, 21]], [48, []], [23, []], [50, []], [8, []], [15, []], [54, []], [5, []], [20, []], [21, []], [4, [4, 18, 17, 37, 68, 46, 44, 19, 33, 12]], [18, []], [17, []], [37, []], [68, []], [46, []], [44, []], [19, []], [33, []], [12, []]], [[0, [62, 70, 52]], [62, []], [70, []], [52, []], [14, [14]], [9, [9, 73, 22, 11, 56, 45, 67, 3, 55]], [73, []], [22, []], [11, []], [56, []], [45, []], [67, []], [3, []], [55, []], [7, [7, 2, 74, 10, 49, 13, 69, 51, 57, 75]], [2, []], [74, []], [10, []], [49, []], [13, []], [69, []], [51, []], [57, []], [75, []], [60, [60, 30, 71, 39, 65, 66, 1, 32, 38, 42]], [30, []], [71, []], [39, []], [65, []], [66, []], [1, []], [32, []], [38, []], [42, []]]], [[[14, [14]]], [[24, [24]]], [[59, [59]]], [[6, [6, 64, 47, 40, 16]]], [[35, [35, 29, 43, 53, 72]]], [[9, [9, 73, 22, 11, 56, 45, 67, 3, 55]]], [[7, [7, 2, 74, 10, 49, 13, 69, 51, 57, 75]]], [[58, [58, 36, 63, 34, 27, 41, 25, 28]]], [[61, [61, 48, 23, 50, 8, 15, 54, 5, 20, 21]]], [[4, [4, 18, 17, 37, 68, 46, 44, 19, 33, 12]]], [[60, [60, 30, 71, 39, 65, 66, 1, 32, 38, 42]]]]]}
{"file_name": "U_75_1", "number_of_trucks": 2, "drone_capacity": 10, "number_of_drones": 20, "iteration": 3, "best_fitness": 654.4068434213938, "runtime": 625.0810334682465, "best_solution": [[[[0, [64, 6]], [64, []], [6, []], [47, [47]], [62, [62]], [17, [17, 56, 16, 35, 41]], [56, []], [16, []], [35, []], [41, []], [34, [34, 27, 59, 12, 55, 7, 2, 45, 36, 58]], [27, []], [59, []], [12, []], [55, []], [7, []], [2, []], [45, []], [36, []], [58, []], [42, [42, 26, 49, 61, 48, 23, 63, 54, 5, 20]], [26, []], [49, []], [61, []], [48, []], [23, []], [63, []], [54, []], [5, []], [20, []], [74, [74, 4, 18, 46, 68, 8, 50, 3, 28, 25]], [4, []], [18, []], [46, []], [68, []], [8, []], [50, []], [3, []], [28, []], [25, []]], [[0, []], [67, [67, 31]], [31, []], [10, [10, 37, 11, 52]], [37, []], [11, []], [52, []], [22, [22, 24, 15, 21, 44, 14, 73, 38, 9, 71]], [24, []], [15, []], [21, []], [44, []], [14, []], [73, []], [38, []], [9, []], [71, []], [72, [72, 13, 43, 51, 57, 69, 29, 53, 30, 40]], [13, []], [43, []], [51, []], [57, []], [69, []], [29, []], [70, [70, 33, 19, 39, 65, 66, 1, 60, 75, 32]], [33, []], [19, []], [39, []], [65, []], [66, []], [1, []], [60, []], [75, []], [32, []], [53, []], [30, []], [40, []]]], [[[67, [67, 31]]], [[10, [10, 37, 11, 52]]], [[47, [47]]], [[62, [62]]], [[22, [22, 24, 15, 21, 44, 14, 73, 38, 9, 71]]], [[17, [17, 56, 16, 35, 41]]], [[34, [34, 27, 59, 12, 55, 7, 2, 45, 36, 58]]], [[72, [53, 30, 40]]], [[72, [72, 13, 43, 51, 57, 69, 29]]], [[70, [70, 33, 19, 39, 65, 66, 1, 60, 75, 32]]], [[42, [42, 26, 49, 61, 48, 23, 63, 54, 5, 20]]], [[74, [74, 4, 18, 46, 68, 8, 50, 3, 28, 25]]]]]}
