{"file_name": "U_100_1", "number_of_trucks": 2, "drone_capacity": 10, "number_of_drones": 20, "iteration": 1, "best_fitness": 797.9200000000002, "runtime": 5119.1311411857605, "best_solution": [[[[0, [53]], [53, [3]], [3, []], [0, [21, 12, 33, 100, 80, 37, 15, 63, 55, 67, 25, 84, 89, 99, 20]], [21, []], [12, []], [33, []], [100, []], [80, []], [99, []], [37, []], [15, []], [63, []], [55, []], [20, []], [67, []], [25, []], [84, []], [89, []], [0, [82, 23, 69, 39, 4, 29, 62, 34, 51, 52, 16, 14, 28, 13, 98, 17, 73, 41, 86, 87, 5, 65, 40, 60, 7, 24, 26, 57, 22, 58, 48, 64, 46, 31, 50, 59]], [82, []], [23, []], [34, []], [69, []], [39, []], [4, []], [29, []], [62, []], [64, []], [51, []], [52, []], [16, []], [14, []], [28, []], [13, []], [98, []], [17, []], [73, []], [41, []], [86, []], [46, []], [87, []], [5, []], [65, []], [40, []], [60, []], [7, []], [24, []], [26, []], [31, []], [50, []], [59, []], [57, []], [22, []], [58, []], [48, []]], [[0, []], [9, [9, 18, 47, 83, 92, 19]], [18, []], [47, []], [83, []], [92, []], [19, []], [36, [36]], [0, [81, 91, 71, 85, 1, 74, 77]], [81, []], [91, []], [71, []], [85, []], [1, []], [77, []], [74, []], [0, [66, 32, 70, 49, 6, 79, 72, 96, 30, 75, 93, 56, 95, 8, 42, 78, 88, 2, 76, 43, 61, 68, 11, 44, 35, 38, 90, 54, 97, 27, 10, 45, 94]], [10, []], [66, []], [45, []], [32, []], [70, []], [49, []], [6, []], [94, []], [79, []], [72, []], [96, []], [30, []], [75, []], [93, []], [56, []], [95, []], [8, []], [42, []], [78, []], [88, []], [2, []], [76, []], [43, []], [61, []], [68, []], [11, []], [44, []], [35, []], [38, []], [90, []], [54, []], [97, []], [27, []]]], [[[53, [3]]], [[9, [9, 18, 47, 83, 92, 19]]], [[36, [36]]]]]}
{"file_name": "U_100_1", "number_of_trucks": 2, "drone_capacity": 10, "number_of_drones": 20, "iteration": 2, "best_fitness": 1166.6800000000007, "runtime": 1330.891607761383, "best_solution": [[[[0, [20, 81, 84, 67, 89, 74, 33, 61, 25, 38, 3, 24, 86, 71, 50, 73, 29, 40, 37, 15, 63, 32, 94, 4, 79, 52, 34, 28, 13, 93, 95, 43, 68, 66, 48, 31, 7, 60, 26, 22, 59]], [20, []], [81, []], [84, []], [67, []], [89, []], [74, []], [33, []], [61, []], [25, []], [38, []], [3, []], [24, []], [86, []], [71, []], [50, []], [73, []], [29, []], [40, []], [37, []], [15, []], [63, []], [32, []], [94, []], [4, []], [79, []], [52, []], [34, []], [28, []], [13, []], [93, []], [95, []], [43, []], [68, []], [66, []], [48, []], [31, []], [7, []], [60, []], [26, []], [22, []], [59, []]], [[0, [80, 17, 47, 18, 9, 8, 92, 55, 70, 75, 19, 100, 99, 23, 98, 12, 77, 36, 10, 58, 41, 91, 87, 51, 5, 65, 16, 82, 14, 57, 27, 21, 1, 85, 90, 35, 11, 83, 56, 78, 42, 53, 49, 6, 45, 62, 72, 96, 46, 64, 69, 39, 30, 88, 2, 76, 44, 54, 97]], [80, []], [17, []], [47, []], [18, []], [9, []], [8, []], [92, []], [55, []], [70, []], [75, []], [19, []], [100, []], [99, []], [23, []], [98, []], [12, []], [77, []], [36, []], [10, []], [58, []], [41, []], [91, []], [87, []], [51, []], [5, []], [65, []], [16, []], [82, []], [14, []], [57, []], [27, []], [21, []], [1, []], [85, []], [90, []], [35, []], [11, []], [83, []], [56, []], [78, []], [42, []], [53, []], [49, []], [6, []], [45, []], [62, []], [72, []], [96, []], [46, []], [64, []], [69, []], [39, []], [30, []], [88, []], [2, []], [76, []], [44, []], [54, []], [97, []]]], []]}
{"file_name": "U_100_1", "number_of_trucks": 2, "drone_capacity": 10, "number_of_drones": 20, "iteration": 3, "best_fitness": 1151.88, "runtime": 1327.740799188614, "best_solution": [[[[0, [47, 9, 83, 100, 63, 15, 92, 55, 70, 8, 53, 75, 19, 12, 74, 21, 1, 84, 38, 33, 34, 16, 73, 41, 69, 80, 99, 79, 4, 39, 14, 98, 28, 48, 59, 26, 60, 5, 51, 46, 96, 62, 29, 6, 49, 42, 18, 56, 95, 88, 93, 30, 66]], [47, []], [9, []], [83, []], [100, []], [63, []], [15, []], [92, []], [55, []], [70, []], [8, []], [53, []], [75, []], [19, []], [12, []], [74, []], [21, []], [1, []], [84, []], [38, []], [33, []], [34, []], [16, []], [73, []], [41, []], [69, []], [80, []], [99, []], [79, []], [4, []], [39, []], [14, []], [98, []], [28, []], [48, []], [59, []], [26, []], [60, []], [5, []], [51, []], [46, []], [96, []], [62, []], [29, []], [6, []], [49, []], [42, []], [18, []], [56, []], [95, []], [88, []], [93, []], [30, []], [66, []]], [[0, [3, 17, 23, 81, 37, 65, 7, 24, 89, 67, 11, 20, 61, 78, 2, 85, 25, 36, 57, 10, 50, 86, 91, 71, 87, 72, 40, 94, 32, 45, 52, 82, 58, 22, 31, 64, 13, 68, 43, 54, 90, 35, 44, 76, 97, 77, 27]], [3, []], [17, []], [23, []], [81, []], [37, []], [65, []], [7, []], [24, []], [89, []], [67, []], [11, []], [20, []], [61, []], [78, []], [2, []], [85, []], [25, []], [36, []], [57, []], [10, []], [50, []], [86, []], [91, []], [71, []], [87, []], [72, []], [40, []], [94, []], [32, []], [45, []], [52, []], [82, []], [58, []], [22, []], [31, []], [64, []], [13, []], [68, []], [43, []], [54, []], [90, []], [35, []], [44, []], [76, []], [97, []], [77, []], [27, []]]], []]}
