{"file_name": "U_100_1", "number_of_trucks": 2, "drone_capacity": 10, "number_of_drones": 20, "iteration": 1, "best_fitness": 886.2399999999996, "runtime": 3871.8294966220856, "best_solution": [[[[0, [27]], [27, []], [79, [79]], [0, [64, 6, 2, 78, 90]], [73, [73, 21, 50]], [21, []], [64, []], [50, []], [6, []], [2, []], [78, []], [94, [94]], [90, []], [0, [31, 23, 18, 81, 38, 96, 51, 29, 7, 53, 10, 83, 40, 87, 68, 45, 55, 69, 32, 49, 52, 57, 42, 61, 33, 60, 11, 41, 56, 86, 88, 93, 70, 37, 95, 71, 48, 63, 36, 17]], [31, []], [23, []], [18, []], [81, []], [38, []], [96, []], [51, []], [29, []], [7, []], [53, []], [10, []], [83, []], [40, []], [87, []], [68, []], [45, []], [55, []], [69, []], [32, []], [49, []], [52, []], [57, []], [42, []], [61, []], [33, []], [60, []], [11, []], [41, []], [56, []], [86, []], [88, []], [93, []], [70, []], [37, []], [95, []], [71, []], [48, []], [63, []], [36, []], [17, []]], [[0, []], [75, [75]], [0, [34, 82, 65, 97, 22, 14]], [14, []], [34, []], [1, [1, 85]], [85, []], [82, []], [65, []], [97, []], [22, []], [0, [67, 4, 54, 72, 44, 84, 77, 5, 15, 89, 47, 100, 24, 13, 98, 19, 9, 25, 16, 91, 3, 80, 12, 46, 66, 92, 59, 30, 43, 99, 26, 76, 39, 35, 58, 28, 8, 20, 74, 62]], [20, []], [67, []], [4, []], [8, []], [54, []], [72, []], [44, []], [84, []], [77, []], [74, []], [62, []], [5, []], [15, []], [89, []], [47, []], [100, []], [24, []], [13, []], [98, []], [19, []], [9, []], [25, []], [16, []], [91, []], [3, []], [80, []], [12, []], [46, []], [66, []], [92, []], [59, []], [30, []], [43, []], [99, []], [26, []], [76, []], [39, []], [35, []], [58, []], [28, []]]], [[[79, [79]]], [[75, [75]]], [[73, [73, 21, 50]]], [[1, [1, 85]]], [[94, [94]]]]]}
{"file_name": "U_100_1", "number_of_trucks": 2, "drone_capacity": 10, "number_of_drones": 20, "iteration": 2, "best_fitness": 1195.76, "runtime": 1324.1184561252594, "best_solution": [[[[0, [53, 90, 33, 50, 65, 78, 87, 83, 10, 7, 46, 80, 59, 3, 96, 82, 12, 66, 30, 51, 40, 14, 57, 52, 42, 49, 70, 93, 88, 86, 41, 56, 11, 60, 37, 95, 71, 48, 24, 98, 8, 1, 39]], [53, []], [90, []], [33, []], [50, []], [65, []], [78, []], [87, []], [83, []], [10, []], [7, []], [46, []], [80, []], [59, []], [3, []], [96, []], [82, []], [12, []], [66, []], [30, []], [51, []], [40, []], [14, []], [57, []], [52, []], [42, []], [49, []], [70, []], [93, []], [88, []], [86, []], [41, []], [56, []], [11, []], [60, []], [37, []], [95, []], [71, []], [48, []], [24, []], [98, []], [8, []], [1, []], [39, []]], [[0, [63, 6, 27, 79, 76, 15, 100, 19, 22, 43, 97, 21, 58, 89, 47, 34, 75, 73, 77, 54, 84, 62, 13, 36, 72, 74, 23, 25, 16, 28, 26, 94, 35, 4, 69, 32, 55, 85, 64, 81, 9, 91, 99, 18, 92, 29, 68, 45, 61, 2, 38, 67, 31, 20, 5, 44, 17]], [63, []], [6, []], [27, []], [79, []], [76, []], [15, []], [100, []], [19, []], [22, []], [43, []], [97, []], [21, []], [58, []], [89, []], [47, []], [34, []], [75, []], [73, []], [77, []], [54, []], [84, []], [62, []], [13, []], [36, []], [72, []], [74, []], [23, []], [25, []], [16, []], [28, []], [26, []], [94, []], [35, []], [4, []], [69, []], [32, []], [55, []], [85, []], [64, []], [81, []], [9, []], [91, []], [99, []], [18, []], [92, []], [29, []], [68, []], [45, []], [61, []], [2, []], [38, []], [67, []], [31, []], [20, []], [5, []], [44, []], [17, []]]], []]}
{"file_name": "U_100_1", "number_of_trucks": 2, "drone_capacity": 10, "number_of_drones": 20, "iteration": 3, "best_fitness": 1173.76, "runtime": 1382.4385085105896, "best_solution": [[[[0, [64, 78, 79, 6, 41, 27, 75, 2, 21, 77, 58, 50, 63, 72, 13, 36, 54, 98, 1, 85, 80, 30, 51, 66, 96, 9, 91, 3, 99, 81, 12, 82, 40, 42, 57]], [64, [56, 86, 88, 93, 37, 95, 70]], [78, []], [79, []], [6, []], [41, []], [27, []], [75, []], [2, []], [21, []], [77, []], [58, []], [50, []], [63, []], [72, []], [13, []], [36, []], [54, []], [98, []], [1, []], [85, []], [80, []], [30, []], [51, []], [66, []], [96, []], [9, []], [91, []], [3, []], [99, []], [81, []], [12, []], [82, []], [40, []], [42, []], [57, []], [56, []], [86, []], [88, []], [93, []], [37, []], [95, []], [70, []], [60, [60, 11, 49, 55, 8, 39, 19, 94, 73, 62]], [11, []], [49, []], [55, []], [8, []], [39, []], [19, []], [94, []], [73, []], [62, []]], [[0, [84, 43, 76, 100, 34, 90, 65, 87, 52, 53, 14, 10, 83, 7, 59, 46, 22, 97, 74, 5, 24, 28, 35, 4, 32, 69, 33, 47, 67, 31, 20, 23, 16, 25, 18, 92, 29, 68, 45, 61, 38, 26, 15, 89, 71, 48, 44, 17]], [84, []], [43, []], [76, []], [100, []], [34, []], [90, []], [65, []], [87, []], [52, []], [53, []], [14, []], [10, []], [83, []], [7, []], [59, []], [46, []], [22, []], [97, []], [74, []], [5, []], [24, []], [28, []], [35, []], [4, []], [32, []], [69, []], [33, []], [47, []], [67, []], [31, []], [20, []], [23, []], [16, []], [25, []], [18, []], [92, []], [29, []], [68, []], [45, []], [61, []], [38, []], [26, []], [15, []], [89, []], [71, []], [48, []], [44, []], [17, []]]], [[[64, [56, 86, 88, 93, 37, 95, 70]]], [[60, [60, 11, 49, 55, 8, 39, 19, 94, 73, 62]]]]]}
