{"file_name": "U_100_1", "number_of_trucks": 2, "drone_capacity": 10, "number_of_drones": 20, "iteration": 1, "best_fitness": 870.7034620637721, "runtime": 5652.096260547638, "best_solution": [[[[0, [14]], [14, []], [27, [27, 70, 60]], [70, []], [60, []], [66, [66]], [0, [17, 50]], [89, [89]], [17, []], [50, []], [0, [71, 93, 88, 72, 77, 81, 9, 73, 51, 4, 16, 36, 44, 75, 96, 53, 39, 23, 83, 85, 28, 87, 35, 99, 11, 92, 40, 45, 21, 6, 63, 90, 59, 12, 43, 84]], [12, []], [21, []], [6, []], [43, []], [63, []], [90, []], [71, []], [59, []], [93, []], [88, []], [72, []], [77, []], [81, []], [9, []], [73, []], [51, []], [4, []], [16, []], [36, []], [44, []], [75, []], [96, []], [53, []], [39, []], [23, []], [83, []], [85, []], [28, []], [87, []], [35, []], [99, []], [11, []], [92, []], [40, []], [84, []], [45, []]], [[0, [74, 31, 29]], [29, []], [69, [69, 3, 55, 32, 13, 86, 2, 80, 47, 15, 25, 42, 62, 94, 30, 82, 37]], [74, []], [86, []], [25, []], [42, []], [31, []], [58, [58]], [62, []], [94, []], [3, []], [55, []], [32, []], [13, []], [2, []], [80, []], [47, []], [30, []], [82, []], [37, []], [15, []], [0, [18, 91, 78, 38, 48, 79, 56, 57, 100, 52, 24, 34, 33, 76, 67, 41, 98, 64, 19, 26, 20, 54, 8, 7, 95, 97, 49, 5, 46, 22, 10, 61]], [61, []], [68, [68, 65, 1]], [65, []], [18, []], [1, []], [91, []], [78, []], [38, []], [48, []], [79, []], [56, []], [57, []], [100, []], [52, []], [24, []], [34, []], [33, []], [76, []], [67, []], [41, []], [98, []], [64, []], [19, []], [26, []], [20, []], [54, []], [8, []], [7, []], [95, []], [97, []], [49, []], [5, []], [46, []], [22, []], [10, []]]], [[[69, [69, 3, 55, 32, 13, 86, 2, 80, 47]]], [[27, [27, 70, 60]]], [[66, [66]]], [[69, [30, 82, 37]]], [[89, [89]]], [[69, [15, 25, 42, 62, 94]]], [[58, [58]]], [[68, [68, 65, 1]]]]]}
{"file_name": "U_100_1", "number_of_trucks": 2, "drone_capacity": 10, "number_of_drones": 20, "iteration": 2, "best_fitness": 1094.0000000000002, "runtime": 1332.789810180664, "best_solution": [[[[0, [38, 50, 24, 33, 18, 29, 69, 71, 88, 93, 31, 42, 63, 34, 78, 21, 91, 86, 61, 27, 80, 75, 66, 85, 99, 97, 58, 59, 72, 3, 9, 11, 83, 36, 39, 37, 82, 92, 65, 46, 22, 68, 84, 40, 10, 48, 100, 56, 57, 89]], [38, []], [50, []], [24, []], [33, []], [18, []], [29, []], [69, []], [71, []], [88, []], [93, []], [31, []], [42, []], [63, []], [34, []], [78, []], [21, []], [91, []], [86, []], [61, []], [27, []], [80, []], [75, []], [66, []], [85, []], [99, []], [97, []], [58, []], [59, []], [72, []], [3, []], [9, []], [11, []], [83, []], [36, []], [39, []], [37, []], [82, []], [92, []], [65, []], [46, []], [22, []], [68, []], [84, []], [40, []], [10, []], [48, []], [100, []], [56, []], [57, []], [89, []]], [[0, [74, 47, 2, 19, 52, 14, 15, 70, 16, 51, 44, 4, 53, 96, 30, 60, 23, 55, 32, 77, 81, 94, 95, 17, 67, 43, 25, 79, 1, 54, 8, 62, 7, 76, 6, 90, 98, 41, 64, 26, 20, 35, 87, 28, 73, 13, 49, 5, 45, 12]], [74, []], [47, []], [2, []], [19, []], [52, []], [14, []], [15, []], [70, []], [16, []], [51, []], [44, []], [4, []], [53, []], [96, []], [30, []], [60, []], [23, []], [55, []], [32, []], [77, []], [81, []], [94, []], [95, []], [17, []], [67, []], [43, []], [25, []], [79, []], [1, []], [54, []], [8, []], [62, []], [7, []], [76, []], [6, []], [90, []], [98, []], [41, []], [64, []], [26, []], [20, []], [35, []], [87, []], [28, []], [73, []], [13, []], [49, []], [5, []], [45, []], [12, []]]], []]}
{"file_name": "U_100_1", "number_of_trucks": 2, "drone_capacity": 10, "number_of_drones": 20, "iteration": 3, "best_fitness": 745.9869297079358, "runtime": 1747.995970249176, "best_solution": [[[[0, [67, 19]], [67, []], [19, []], [71, [71]], [69, [69, 15, 27, 4, 30]], [15, []], [27, []], [4, []], [30, []], [80, [80, 2, 99, 3, 62, 94, 95, 77, 74, 14]], [2, []], [99, []], [3, []], [62, []], [94, []], [95, []], [77, []], [74, []], [14, []], [38, [38, 12, 61, 65, 91, 1, 78, 21, 5, 89]], [12, []], [61, []], [65, []], [91, []], [1, []], [78, []], [21, []], [5, []], [89, []], [82, [82, 39, 36, 29, 56, 100, 57, 48, 79, 25]], [39, []], [36, []], [29, []], [56, []], [100, []], [57, []], [48, []], [79, []], [25, []], [43, [43, 6, 42, 90, 41, 98, 76, 64, 46, 22]], [6, []], [42, []], [90, []], [41, []], [98, []], [76, []], [64, []], [46, []], [22, []]], [[0, [85]], [55, [55, 32]], [85, []], [32, []], [23, [23, 60]], [60, []], [47, [47, 16, 51, 86, 34, 24, 63]], [16, []], [51, []], [86, []], [34, []], [24, []], [63, []], [52, [52, 18, 70, 44, 53, 37, 96, 66, 33, 20]], [18, []], [70, []], [44, []], [53, []], [37, []], [96, []], [66, []], [33, []], [20, []], [72, [72, 93, 88, 59, 31, 58, 26, 49, 17, 7]], [93, []], [88, []], [59, []], [31, []], [58, []], [26, []], [49, []], [17, []], [7, []], [8, [8, 54, 50, 97, 9, 81, 35, 87, 28, 83]], [54, []], [50, []], [97, []], [9, []], [81, []], [35, []], [87, []], [28, []], [83, []], [73, [73, 11, 13, 75, 92, 68, 84, 45, 40, 10]], [11, []], [13, []], [75, []], [92, []], [68, []], [84, []], [45, []], [40, []], [10, []]]], [[[55, [55, 32]]], [[23, [23, 60]]], [[71, [71]]], [[47, [47, 16, 51, 86, 34, 24, 63]]], [[69, [69, 15, 27, 4, 30]]], [[80, [80, 2, 99, 3, 62, 94, 95, 77, 74, 14]]], [[52, [52, 18, 70, 44, 53, 37, 96, 66, 33, 20]]], [[38, [38, 12, 61, 65, 91, 1, 78, 21, 5, 89]]], [[72, [72, 93, 88, 59, 31, 58, 26, 49, 17, 7]]], [[82, [82, 39, 36, 29, 56, 100, 57, 48, 79, 25]]], [[8, [8, 54, 50, 97, 9, 81, 35, 87, 28, 83]]], [[43, [43, 6, 42, 90, 41, 98, 76, 64, 46, 22]]], [[73, [73, 11, 13, 75, 92, 68, 84, 45, 40, 10]]]]]}
