{"file_name": "U_100_1", "number_of_trucks": 2, "drone_capacity": 10, "number_of_drones": 20, "iteration": 1, "best_fitness": 853.3599999999998, "runtime": 4544.845022201538, "best_solution": [[[[0, []], [5, [10, 5, 96, 40]], [96, []], [32, [74, 92, 32, 6, 2]], [6, [3, 91, 20, 86, 94, 35]], [2, []], [3, []], [91, []], [20, []], [86, []], [40, []], [94, []], [35, []], [74, []], [92, []], [10, []], [16, [16]], [0, [26, 45, 99, 11, 42, 60, 49, 69, 47, 51, 56, 63, 13, 75, 8, 7, 14, 84, 73, 77, 4, 27, 46, 93, 89, 76, 37, 18, 39, 78, 25, 72, 67, 71, 61]], [18, []], [26, []], [45, []], [99, []], [11, []], [42, []], [60, []], [49, []], [69, []], [25, []], [47, []], [51, []], [56, []], [63, []], [67, []], [72, []], [13, []], [75, []], [8, []], [7, []], [14, []], [84, []], [73, []], [77, []], [4, []], [27, []], [46, []], [39, []], [93, []], [89, []], [78, []], [71, []], [61, []], [76, []], [37, []]], [[0, [9, 66, 64, 38, 65, 30, 24, 79, 12, 28, 22, 41, 44, 57, 19, 97]], [9, []], [98, [98]], [66, []], [64, []], [38, []], [65, []], [30, []], [24, []], [79, []], [12, []], [28, []], [22, []], [41, []], [44, []], [57, []], [19, []], [97, []], [0, [43, 88, 80, 82, 15, 55, 83, 62, 23, 29, 59, 1, 17, 87, 68, 58, 36, 85, 81, 48, 53, 52, 50, 90, 31, 21, 100, 70, 34, 95, 33, 54]], [43, []], [88, []], [80, []], [95, []], [82, []], [15, []], [55, []], [83, []], [62, []], [23, []], [29, []], [59, []], [1, []], [17, []], [33, []], [54, []], [87, []], [68, []], [58, []], [36, []], [85, []], [81, []], [48, []], [53, []], [52, []], [50, []], [90, []], [31, []], [21, []], [100, []], [70, []], [34, []]]], [[[5, [10, 5, 96, 40]]], [[32, [74, 92, 32, 6, 2]]], [[6, [3, 91, 20, 86, 94, 35]]], [[98, [98]]], [[16, [16]]]]]}
{"file_name": "U_100_1", "number_of_trucks": 2, "drone_capacity": 10, "number_of_drones": 20, "iteration": 2, "best_fitness": 763.8730323545419, "runtime": 1697.5468192100525, "best_solution": [[[[0, []], [74, [19, 74, 18, 46]], [18, []], [46, []], [43, [43, 88, 6, 3, 93, 28, 26, 45, 89]], [88, []], [6, []], [3, []], [93, []], [28, []], [26, []], [45, []], [89, []], [19, []], [57, [57, 41, 22, 97, 51, 47, 56, 67, 69, 80]], [41, []], [22, []], [97, []], [51, []], [47, []], [56, []], [67, []], [69, []], [80, []], [78, [78, 27, 4, 25, 79, 72, 37, 62, 83, 68]], [27, []], [4, []], [25, []], [79, []], [72, []], [37, []], [62, []], [83, []], [68, []], [58, [58, 48, 95, 53, 52, 50, 90, 21, 31, 100]], [48, []], [95, []], [53, []], [52, []], [50, []], [90, []], [21, []], [31, []], [100, []]], [[0, [70, 9, 11]], [70, []], [9, []], [11, []], [66, [66, 10, 76, 77]], [10, []], [76, []], [77, []], [13, [13, 63, 32, 33, 64, 40, 38, 86, 35, 94]], [63, []], [32, []], [33, []], [64, []], [40, []], [38, []], [86, []], [35, []], [94, []], [20, [20, 96, 91, 2, 81, 85, 36, 16, 99, 5, 14, 92, 8, 7]], [96, []], [91, []], [2, []], [81, []], [85, []], [36, []], [16, []], [99, []], [5, []], [98, [98, 12, 73, 24, 65, 61, 71, 1, 59, 17]], [12, []], [73, []], [24, []], [65, []], [61, []], [71, []], [1, []], [59, []], [17, []], [49, [49, 42, 60, 87, 82, 15, 55, 23, 29, 54, 75, 84, 39, 44, 34, 30]], [42, []], [60, []], [87, []], [82, []], [15, []], [55, []], [23, []], [29, []], [54, []], [30, []], [14, []], [92, []], [8, []], [7, []], [75, []], [84, []], [39, []], [44, []], [34, []]]], [[[66, [66, 10, 76, 77]]], [[74, [19, 74, 18, 46]]], [[13, [13, 63, 32, 33, 64, 40, 38, 86, 35, 94]]], [[43, [43, 88, 6, 3, 93, 28, 26, 45, 89]]], [[20, [14, 92, 8, 7]]], [[57, [57, 41, 22, 97, 51, 47, 56, 67, 69, 80]]], [[20, [20, 96, 91, 2, 81, 85, 36, 16, 99, 5]]], [[98, [98, 12, 73, 24, 65, 61, 71, 1, 59, 17]]], [[49, [49, 42, 60, 87, 82, 15, 55, 23, 29, 54]]], [[49, [75, 84, 39, 44, 34, 30]]], [[78, [78, 27, 4, 25, 79, 72, 37, 62, 83, 68]]], [[58, [58, 48, 95, 53, 52, 50, 90, 21, 31, 100]]]]]}
{"file_name": "U_100_1", "number_of_trucks": 2, "drone_capacity": 10, "number_of_drones": 20, "iteration": 3, "best_fitness": 764.7476491912079, "runtime": 1721.3324882984161, "best_solution": [[[[0, []], [5, [5, 96]], [96, []], [9, [9, 31, 18, 70]], [31, []], [18, []], [70, []], [99, [99, 11, 3, 2, 47, 93, 71, 28, 33, 40]], [11, []], [3, []], [2, []], [47, []], [93, []], [71, []], [28, []], [33, []], [40, []], [35, [35, 85, 91, 53, 16, 6, 57, 19, 97, 89]], [85, []], [91, []], [53, []], [16, []], [6, []], [57, []], [19, []], [97, []], [89, []], [51, [51, 78, 4, 25, 7, 84, 14, 74, 92, 8]], [78, []], [4, []], [25, []], [7, []], [84, []], [14, []], [74, []], [92, []], [8, []], [75, [75, 13, 56, 95, 81, 52, 50, 90, 21, 100]], [13, []], [56, []], [95, []], [81, []], [52, []], [50, []], [90, []], [21, []], [100, []]], [[0, []], [38, [38]], [86, [86, 94, 76, 77]], [94, []], [76, []], [10, [10, 66, 32, 82, 20, 36, 64, 79, 12]], [66, []], [32, []], [82, []], [20, []], [36, []], [64, []], [79, []], [12, []], [77, []], [67, [67, 63, 30, 65, 24, 73, 72, 61, 22, 41]], [63, []], [30, []], [65, []], [24, []], [73, []], [72, []], [61, []], [22, []], [41, []], [44, [44, 46, 43, 45, 26, 80, 42, 49, 60, 87]], [46, []], [43, []], [45, []], [26, []], [80, []], [42, []], [49, []], [60, []], [87, []], [55, [55, 15, 17, 1, 59, 37, 54, 29, 23, 62]], [15, []], [17, []], [1, []], [59, []], [37, []], [54, []], [29, []], [23, []], [62, []], [83, [83, 68, 48, 58, 98, 69, 88, 27, 39, 34]], [68, []], [48, []], [58, []], [98, []], [69, []], [88, []], [27, []], [39, []], [34, []]]], [[[38, [38]]], [[5, [5, 96]]], [[9, [9, 31, 18, 70]]], [[86, [86, 94, 76, 77]]], [[10, [10, 66, 32, 82, 20, 36, 64, 79, 12]]], [[99, [99, 11, 3, 2, 47, 93, 71, 28, 33, 40]]], [[35, [35, 85, 91, 53, 16, 6, 57, 19, 97, 89]]], [[67, [67, 63, 30, 65, 24, 73, 72, 61, 22, 41]]], [[44, [44, 46, 43, 45, 26, 80, 42, 49, 60, 87]]], [[51, [51, 78, 4, 25, 7, 84, 14, 74, 92, 8]]], [[55, [55, 15, 17, 1, 59, 37, 54, 29, 23, 62]]], [[83, [83, 68, 48, 58, 98, 69, 88, 27, 39, 34]]], [[75, [75, 13, 56, 95, 81, 52, 50, 90, 21, 100]]]]]}
