{"file_name": "U_75_1", "number_of_trucks": 2, "drone_capacity": 10, "number_of_drones": 20, "iteration": 1, "best_fitness": 671.8590624780262, "runtime": 4074.1304981708527, "best_solution": [[[[0, [22]], [22, []], [61, [53, 61, 71, 60, 11]], [71, []], [60, []], [11, []], [56, [56, 26]], [26, [74, 18, 31, 21, 72]], [53, []], [74, []], [18, []], [31, []], [21, []], [72, []], [35, [35, 67]], [67, []], [0, [37, 75, 70, 25, 5, 57, 41, 7, 52, 13, 54, 14, 8, 59, 1, 39, 28, 64, 34, 12, 6]], [13, []], [52, []], [37, []], [64, []], [75, []], [70, []], [25, []], [5, []], [57, []], [41, []], [7, []], [54, []], [14, []], [8, []], [59, []], [1, []], [39, []], [28, []], [12, []], [6, []], [34, []]], [[0, [27, 47, 2]], [27, []], [47, []], [2, [58, 19, 29, 45]], [58, []], [19, []], [29, []], [45, []], [0, [48]], [15, [15, 10, 33, 16]], [10, []], [33, []], [48, []], [17, [17]], [16, []], [0, [66, 43, 20, 68, 49, 51, 9, 46, 40, 38, 65, 50, 24, 44, 63, 73, 42, 36, 32, 3, 4, 30, 69, 62, 55, 23]], [50, []], [66, []], [43, []], [20, []], [30, []], [68, []], [69, []], [62, []], [49, []], [51, []], [9, []], [46, []], [40, []], [38, []], [65, []], [24, []], [44, []], [63, []], [73, []], [42, []], [36, []], [32, []], [3, []], [4, []], [23, []], [55, []]]], [[[61, [53, 61, 71, 60, 11]]], [[2, [58, 19, 29, 45]]], [[15, [15, 10, 33, 16]]], [[56, [56, 26]]], [[26, [74, 18, 31, 21, 72]]], [[17, [17]]], [[35, [35, 67]]]]]}
{"file_name": "U_75_1", "number_of_trucks": 2, "drone_capacity": 10, "number_of_drones": 20, "iteration": 2, "best_fitness": 679.0241505636839, "runtime": 554.6558744907379, "best_solution": [[[[0, [47]], [47, [61, 28, 5, 48]], [61, []], [28, []], [5, []], [48, []], [31, [31, 21, 7, 58, 2]], [21, []], [7, []], [58, []], [2, []], [73, [73, 15, 29, 45, 67, 50, 43, 65, 52, 37]], [15, []], [29, []], [45, []], [67, []], [50, []], [43, []], [65, []], [52, []], [37, []], [33, [33, 57, 39, 25, 70, 75, 4, 42, 63, 10]], [57, []], [39, []], [25, []], [70, []], [75, []], [4, []], [42, []], [63, []], [10, []], [13, [13, 30, 38, 6, 12, 3, 23, 64, 34, 44]], [30, []], [38, []], [6, []], [12, []], [3, []], [23, []], [64, []], [34, []], [44, []]], [[0, [11]], [11, []], [71, [71, 27, 36, 53]], [27, []], [36, []], [53, []], [32, [32, 55, 26, 22, 19, 16, 56, 20, 68, 60]], [55, []], [26, []], [22, []], [19, []], [16, []], [56, []], [20, []], [68, []], [60, []], [62, [62, 51, 49, 72, 35, 69, 66, 40, 24, 17]], [51, []], [49, []], [72, []], [35, []], [69, []], [66, []], [40, []], [24, []], [17, []], [46, [46, 9, 14, 54, 8, 59, 18, 74, 1, 41]], [9, []], [14, []], [54, []], [8, []], [59, []], [18, []], [74, []], [1, []], [41, []]]], [[[71, [71, 27, 36, 53]]], [[47, [61, 28, 5, 48]]], [[31, [31, 21, 7, 58, 2]]], [[73, [73, 15, 29, 45, 67, 50, 43, 65, 52, 37]]], [[32, [32, 55, 26, 22, 19, 16, 56, 20, 68, 60]]], [[62, [62, 51, 49, 72, 35, 69, 66, 40, 24, 17]]], [[33, [33, 57, 39, 25, 70, 75, 4, 42, 63, 10]]], [[13, [13, 30, 38, 6, 12, 3, 23, 64, 34, 44]]], [[46, [46, 9, 14, 54, 8, 59, 18, 74, 1, 41]]]]]}
{"file_name": "U_75_1", "number_of_trucks": 2, "drone_capacity": 10, "number_of_drones": 20, "iteration": 3, "best_fitness": 921.7599999999999, "runtime": 465.01347160339355, "best_solution": [[[[0, [21, 53, 26, 5, 36, 55, 70, 32, 4, 75, 61, 33, 37, 52, 16, 17, 46, 13, 45, 10, 34, 44, 63, 73, 42, 3, 12, 6, 24, 38, 65, 40, 62, 69, 35, 67]], [21, []], [53, []], [26, []], [5, []], [36, []], [55, []], [70, []], [32, []], [4, []], [75, []], [61, []], [33, []], [37, []], [52, []], [16, []], [17, []], [46, []], [13, []], [45, []], [10, []], [34, []], [44, []], [63, []], [73, []], [42, []], [3, []], [12, []], [6, []], [24, []], [38, []], [65, []], [40, []], [62, []], [69, []], [35, []], [67, []]], [[0, [11, 60, 23, 28, 71, 58, 48, 2, 47, 43, 29, 27, 72, 56, 18, 74, 31, 14, 51, 49, 9, 19, 22, 7, 41, 59]], [11, [8, 1, 57]], [60, []], [23, []], [28, []], [71, []], [58, []], [48, []], [2, []], [47, []], [43, []], [29, []], [27, []], [72, []], [56, []], [18, []], [74, []], [31, []], [14, []], [51, []], [49, []], [9, []], [19, []], [22, []], [7, []], [41, []], [59, []], [8, []], [1, []], [57, []], [25, [25, 39, 64, 54, 20, 30, 68, 66, 50, 15]], [39, []], [64, []], [54, []], [20, []], [30, []], [68, []], [66, []], [50, []], [15, []]]], [[[11, [8, 1, 57]]], [[25, [25, 39, 64, 54, 20, 30, 68, 66, 50, 15]]]]]}
