{"file_name": "U_100_1", "number_of_trucks": 2, "drone_capacity": 10, "number_of_drones": 20, "iteration": 1, "best_fitness": 878.1745569457113, "runtime": 7302.832624912262, "best_solution": [[[[0, [39, 66, 54]], [54, []], [66, []], [49, [21, 40, 26, 90, 82, 98, 75, 10, 70, 64, 73, 38, 24, 17, 87, 86, 48, 43, 71, 83, 29, 45, 65, 49, 33, 11, 50, 60, 84, 27, 2, 1, 63, 13, 93, 42, 96]], [96, []], [33, [52, 74, 79, 23, 37, 72, 28, 76, 22, 67, 12]], [11, []], [76, []], [50, []], [60, []], [84, []], [28, []], [27, []], [22, []], [67, []], [2, []], [52, []], [74, []], [79, []], [23, []], [47, [47, 25, 61, 19, 80]], [25, []], [37, []], [13, []], [93, []], [63, []], [72, []], [15, [15, 55, 51, 91, 58, 35]], [55, []], [51, []], [43, []], [71, []], [83, []], [29, []], [39, []], [38, []], [24, []], [17, []], [87, []], [86, []], [48, []], [70, []], [64, []], [73, []], [40, []], [26, []], [90, []], [82, []], [98, []], [75, []], [10, []], [19, []], [80, []], [91, []], [45, []], [65, []], [1, []], [21, []], [58, []], [12, []], [61, []], [35, []], [42, []]], [[0, [68]], [68, []], [0, [16]], [16, []], [57, [57]], [4, [4]], [0, [92]], [36, [36, 20]], [92, []], [20, []], [0, [18, 95, 8, 5, 34, 44, 94, 9, 41, 85, 7, 81, 56, 62, 88, 97, 77, 14, 59, 32, 46, 6, 99, 53, 31, 3, 30, 78, 69, 89, 100]], [14, []], [31, []], [3, []], [46, []], [77, []], [99, []], [18, []], [95, []], [78, []], [69, []], [8, []], [5, []], [34, []], [44, []], [59, []], [89, []], [100, []], [94, []], [9, []], [41, []], [85, []], [7, []], [30, []], [81, []], [56, []], [62, []], [6, []], [53, []], [32, []], [88, []], [97, []]]], [[[57, [57]]], [[4, [4]]], [[49, [49, 33, 11, 50, 60, 84, 27, 2]]], [[36, [36, 20]]], [[49, [43, 71, 83, 29, 45, 65, 1, 63, 13, 42]]], [[49, [70, 64, 73, 38, 24, 17, 87, 86, 48]]], [[49, [40, 26, 90, 82, 98, 75, 10, 93, 96]]], [[49, [21]]], [[33, [72, 28, 76, 22, 67, 12]]], [[33, [52, 74, 79, 23, 37]]], [[47, [47, 25, 61, 19, 80]]], [[15, [15, 55, 51, 91, 58, 35]]]]]}
{"file_name": "U_100_1", "number_of_trucks": 2, "drone_capacity": 10, "number_of_drones": 20, "iteration": 2, "best_fitness": 1106.04, "runtime": 1353.952642917633, "best_solution": [[[[0, [21, 76, 86, 54, 67, 22, 51, 66, 27, 52, 74, 84, 79, 75, 13, 38, 2, 29, 83, 43, 57, 50, 60, 28, 9, 80, 94, 19, 72, 45, 44, 34, 5, 58, 96, 92, 3, 64, 39, 73]], [21, []], [76, []], [86, [40, 26, 90, 41, 100, 10, 91, 7, 61, 35]], [54, []], [67, []], [22, []], [51, []], [66, []], [27, []], [52, []], [74, []], [84, []], [79, []], [75, []], [13, []], [38, []], [2, []], [29, []], [83, []], [43, []], [57, []], [50, []], [60, []], [28, []], [9, []], [80, []], [94, []], [19, []], [72, []], [45, []], [44, []], [34, []], [5, []], [58, []], [96, []], [92, []], [3, []], [64, []], [39, []], [73, []], [40, []], [26, []], [90, []], [41, []], [100, []], [10, []], [91, []], [7, []], [61, []], [35, []]], [[0, [33, 49, 11, 68, 16, 37, 8, 42, 93, 63, 23, 89, 53, 77, 12, 20, 4, 62, 78, 47, 88, 95, 65, 1, 82, 36, 17, 48, 87, 30, 56, 6, 81, 24, 70, 31, 71, 14, 85, 55, 15, 98, 99, 18, 32, 25, 59, 97, 69, 46]], [33, []], [49, []], [11, []], [68, []], [16, []], [37, []], [8, []], [42, []], [93, []], [63, []], [23, []], [89, []], [53, []], [77, []], [12, []], [20, []], [4, []], [62, []], [78, []], [47, []], [88, []], [95, []], [65, []], [1, []], [82, []], [36, []], [17, []], [48, []], [87, []], [30, []], [56, []], [6, []], [81, []], [24, []], [70, []], [31, []], [71, []], [14, []], [85, []], [55, []], [15, []], [98, []], [99, []], [18, []], [32, []], [25, []], [59, []], [97, []], [69, []], [46, []]]], [[[86, [40, 26, 90, 41, 100, 10, 91, 7, 61, 35]]]]]}
{"file_name": "U_100_1", "number_of_trucks": 2, "drone_capacity": 10, "number_of_drones": 20, "iteration": 3, "best_fitness": 1112.8400000000004, "runtime": 1355.7389454841614, "best_solution": [[[[0, [6, 86, 68, 21, 22, 51, 50, 52, 74, 28, 63, 72, 79, 49, 1, 37, 53, 5, 33, 77, 12, 48, 17, 16, 36, 43, 57, 64, 73, 2, 31, 38, 24, 70, 87, 71, 83, 14, 29]], [6, []], [86, [40, 26, 90, 41, 94, 100, 10, 91, 45, 32]], [68, []], [21, []], [22, []], [51, []], [50, []], [52, []], [74, []], [28, []], [63, []], [72, []], [79, []], [49, []], [1, []], [37, []], [53, []], [5, []], [33, []], [77, []], [12, []], [48, []], [17, []], [16, []], [36, []], [43, []], [57, []], [64, []], [73, []], [2, []], [31, []], [38, []], [24, []], [70, []], [87, []], [71, []], [83, []], [14, []], [29, []], [40, []], [26, []], [90, []], [41, []], [94, []], [100, []], [10, []], [91, []], [45, []], [32, []]], [[0, [92, 27, 67, 54, 39, 76, 66, 11, 20, 96, 88, 95, 78, 18, 8, 34, 13, 84, 85, 60, 9, 80, 19, 93, 44, 23, 89, 47, 25, 69, 42, 4, 62, 56, 81, 30, 3, 58, 7, 98, 82, 55, 15, 75, 65, 59, 97, 99, 61, 35, 46]], [92, []], [27, []], [67, []], [54, []], [39, []], [76, []], [66, []], [11, []], [20, []], [96, []], [88, []], [95, []], [78, []], [18, []], [8, []], [34, []], [13, []], [84, []], [85, []], [60, []], [9, []], [80, []], [19, []], [93, []], [44, []], [23, []], [89, []], [47, []], [25, []], [69, []], [42, []], [4, []], [62, []], [56, []], [81, []], [30, []], [3, []], [58, []], [7, []], [98, []], [82, []], [55, []], [15, []], [75, []], [65, []], [59, []], [97, []], [99, []], [61, []], [35, []], [46, []]]], [[[86, [40, 26, 90, 41, 94, 100, 10, 91, 45, 32]]]]]}
