{"file_name": "U_75_1", "number_of_trucks": 2, "drone_capacity": 10, "number_of_drones": 20, "iteration": 1, "best_fitness": 608.1835046341633, "runtime": 5385.883181095123, "best_solution": [[[[0, []], [64, [52, 64, 21, 7, 68, 6, 3, 11, 43, 47]], [21, []], [7, []], [68, []], [11, []], [43, []], [69, [69, 39, 19, 60, 62, 66, 22, 44, 33, 32, 36, 51, 17, 61, 45, 8, 73, 24, 31, 23, 71, 5]], [47, []], [6, []], [66, []], [73, []], [31, []], [22, []], [44, []], [3, []], [61, []], [52, []], [40, [40, 48, 4, 35, 54, 2]], [4, []], [24, []], [35, []], [8, []], [48, []], [45, []], [51, []], [17, []], [33, []], [39, []], [19, []], [60, []], [62, []], [32, []], [36, []], [54, []], [23, []], [71, []], [2, []], [5, []]], [[0, []], [67, [67]], [26, [26, 38, 34, 57, 65, 29]], [38, []], [34, []], [57, []], [65, []], [56, [56, 15]], [15, []], [29, [28, 75, 72, 20, 16, 9, 46, 10, 74, 50, 25]], [75, []], [9, []], [16, []], [46, []], [10, []], [63, [63, 49, 55, 13, 59, 12]], [55, []], [28, []], [72, []], [20, []], [58, [58, 37, 18, 27, 70]], [49, [53, 30, 41, 42, 14, 1]], [41, []], [74, []], [42, []], [14, []], [1, []], [13, []], [50, []], [37, []], [25, []], [53, []], [30, []], [18, []], [59, []], [27, []], [12, []], [70, []]]], [[[67, [67]]], [[26, [26, 38, 34, 57, 65, 29]]], [[56, [56, 15]]], [[29, [72, 20, 16, 9, 46, 10, 74, 50, 25]]], [[64, [64, 21, 7, 68, 6, 3, 11, 43, 47]]], [[64, [52]]], [[69, [39, 19, 60, 62, 66, 22, 44, 51, 17]]], [[69, [33, 32, 36, 45, 8, 73, 31, 23, 71, 5]]], [[29, [28, 75]]], [[63, [63, 49, 55, 13, 59, 12]]], [[58, [58, 37, 18, 27, 70]]], [[49, [41, 42, 14, 1]]], [[49, [53, 30]]], [[69, [69, 61, 24]]], [[40, [40, 48, 4, 35, 54, 2]]]]]}
{"file_name": "U_75_1", "number_of_trucks": 2, "drone_capacity": 10, "number_of_drones": 20, "iteration": 2, "best_fitness": 654.0801830182361, "runtime": 672.8942058086395, "best_solution": [[[[0, [26]], [26, []], [57, [57]], [38, [38]], [47, [47, 42, 1, 41, 67, 11]], [42, []], [1, []], [41, []], [67, []], [11, []], [68, [68]], [29, [29, 54, 66, 6, 13, 49, 70]], [54, []], [66, []], [6, []], [13, []], [49, []], [70, []], [69, [69, 53, 59, 18, 75, 25, 12, 48, 45, 51]], [53, []], [59, []], [18, []], [75, []], [25, []], [12, []], [48, []], [45, []], [51, []], [17, [17, 33, 8, 56, 62, 39, 19, 32, 5, 58]], [33, []], [8, []], [56, []], [62, []], [39, []], [19, []], [32, []], [5, []], [58, []]], [[0, []], [34, [34]], [43, [43]], [15, [15, 64, 52, 3]], [64, [44, 22]], [52, []], [3, []], [44, []], [22, []], [61, [61, 16, 46, 21, 72, 9, 24, 35, 65, 40]], [16, []], [46, []], [21, []], [72, []], [9, []], [24, []], [35, []], [65, []], [40, []], [60, [60, 4, 10, 63, 55, 7, 28, 20, 71, 27]], [4, []], [10, []], [63, []], [55, []], [7, []], [28, []], [20, []], [71, []], [27, []], [2, [2, 37, 50, 23, 30, 36, 31, 73, 14, 74]], [37, []], [50, []], [23, []], [30, []], [36, []], [31, []], [73, []], [14, []], [74, []]]], [[[57, [57]]], [[38, [38]]], [[47, [47, 42, 1, 41, 67, 11]]], [[34, [34]]], [[43, [43]]], [[15, [15, 64, 52, 3]]], [[64, [44, 22]]], [[68, [68]]], [[61, [61, 16, 46, 21, 72, 9, 24, 35, 65, 40]]], [[29, [29, 54, 66, 6, 13, 49, 70]]], [[69, [69, 53, 59, 18, 75, 25, 12, 48, 45, 51]]], [[60, [60, 4, 10, 63, 55, 7, 28, 20, 71, 27]]], [[2, [2, 37, 50, 23, 30, 36, 31, 73, 14, 74]]], [[17, [17, 33, 8, 56, 62, 39, 19, 32, 5, 58]]]]]}
{"file_name": "U_75_1", "number_of_trucks": 2, "drone_capacity": 10, "number_of_drones": 20, "iteration": 3, "best_fitness": 701.5555344059048, "runtime": 547.2947385311127, "best_solution": [[[[0, [57, 38, 67]], [57, [15, 28, 47, 6]], [38, []], [67, []], [15, []], [28, []], [47, []], [6, []], [42, [42, 41, 1, 75, 54, 29, 11, 66, 13, 70]], [41, []], [1, []], [75, []], [54, []], [29, []], [11, []], [66, []], [13, []], [70, []], [69, [69, 68, 20, 63, 55, 12, 59, 50, 25, 71]], [68, []], [20, []], [63, []], [55, []], [12, []], [59, []], [50, []], [25, []], [71, []], [2, [2, 48, 8, 45, 51, 33, 39, 60, 19, 27]], [48, []], [8, []], [45, []], [51, []], [33, []], [39, []], [60, []], [19, []], [27, []]], [[0, [26, 64, 65, 7, 62, 56, 35, 52]], [26, []], [64, []], [65, []], [7, []], [62, []], [56, []], [35, []], [52, []], [3, [3, 61, 4, 21, 17, 24, 46, 10, 72, 9]], [61, []], [4, []], [21, []], [17, []], [24, []], [46, []], [10, []], [72, []], [9, []], [16, [16, 40, 34, 43, 49, 14, 74, 18, 23, 30]], [40, []], [34, []], [43, []], [49, []], [14, []], [74, []], [18, []], [23, []], [30, []], [31, [31, 73, 36, 22, 44, 32, 53, 37, 5, 58]], [73, []], [36, []], [22, []], [44, []], [32, []], [53, []], [37, []], [5, []], [58, []]]], [[[57, [15, 28, 47, 6]]], [[3, [3, 61, 4, 21, 17, 24, 46, 10, 72, 9]]], [[42, [42, 41, 1, 75, 54, 29, 11, 66, 13, 70]]], [[69, [69, 68, 20, 63, 55, 12, 59, 50, 25, 71]]], [[2, [2, 48, 8, 45, 51, 33, 39, 60, 19, 27]]], [[16, [16, 40, 34, 43, 49, 14, 74, 18, 23, 30]]], [[31, [31, 73, 36, 22, 44, 32, 53, 37, 5, 58]]]]]}
