{"file_name": "U_75_1", "number_of_trucks": 2, "drone_capacity": 10, "number_of_drones": 20, "iteration": 1, "best_fitness": 627.9536230316222, "runtime": 4659.020494937897, "best_solution": [[[[0, [60, 72, 65, 35, 52]], [48, [48]], [60, [57, 15, 53]], [53, []], [72, []], [65, []], [57, []], [35, []], [52, []], [15, []], [39, [39]], [0, [66, 55, 22, 46, 73, 29, 68, 59, 36, 58, 8, 21, 26, 49, 34, 61]], [66, []], [55, []], [17, [17, 20]], [20, []], [22, []], [46, []], [73, []], [29, []], [68, []], [59, []], [36, []], [58, []], [8, []], [21, []], [26, []], [49, []], [34, []], [61, []], [0, []], [41, [41]]], [[0, []], [7, [7, 9, 47, 12, 64, 24, 25, 74, 31, 14, 11, 13, 3, 6, 32, 33, 71, 75, 2, 27, 30, 44, 19, 23, 62, 5, 38, 16, 67, 45, 69, 40, 4, 63, 54, 42]], [5, []], [38, []], [69, []], [16, []], [67, []], [75, []], [2, []], [9, []], [27, []], [30, []], [33, []], [3, []], [6, []], [32, []], [12, []], [64, []], [24, []], [25, []], [74, []], [31, []], [14, []], [11, []], [13, []], [44, []], [19, []], [23, []], [62, []], [71, []], [47, []], [45, []], [42, []], [40, []], [18, [18, 1, 43, 51, 56, 50, 70, 37, 10, 28]], [50, []], [1, []], [70, []], [54, []], [37, []], [4, []], [56, []], [10, []], [43, []], [51, []], [28, []], [63, []]]], [[[48, [48]]], [[60, [57, 15, 53]]], [[39, [39]]], [[7, [5, 38, 16, 45, 69, 54]]], [[17, [17, 20]]], [[41, [41]]], [[7, [75, 2, 27, 30, 44, 19, 23, 62, 67, 42]]], [[7, [12, 64, 24, 25, 74, 31, 14, 11, 71]]], [[7, [7, 9, 13, 3, 6, 32, 33, 40, 4, 63]]], [[7, [47]]], [[18, [18, 1, 43, 51, 56, 50, 70, 37, 10, 28]]]]]}
{"file_name": "U_75_1", "number_of_trucks": 2, "drone_capacity": 10, "number_of_drones": 20, "iteration": 2, "best_fitness": 682.311511277482, "runtime": 608.4378199577332, "best_solution": [[[[0, [47]], [47, []], [61, [61]], [45, [45, 15, 52, 69, 22, 16, 38]], [15, [74]], [52, []], [69, []], [22, []], [16, []], [38, []], [74, []], [64, [64, 24, 20, 46, 21, 23, 71, 62, 11, 14]], [24, []], [20, []], [46, []], [21, []], [23, []], [71, []], [62, []], [11, []], [14, []], [67, [67, 70, 25, 12, 32, 33, 3, 10, 28, 41]], [70, []], [25, []], [12, []], [32, []], [33, []], [3, []], [10, []], [28, []], [41, []]], [[0, []], [29, [29, 58]], [58, []], [35, [35, 44, 19]], [44, []], [19, []], [57, [57]], [53, [53, 60, 65, 72, 31, 5, 48, 56, 27]], [60, []], [65, []], [72, []], [31, []], [5, []], [48, []], [56, []], [27, []], [6, [6, 30, 63, 55, 66, 2, 75, 4, 54, 40]], [30, []], [63, []], [55, []], [66, []], [2, []], [75, []], [4, []], [54, []], [40, []], [42, [42, 26, 59, 36, 68, 18, 1, 39, 9, 43]], [26, []], [59, []], [36, []], [68, []], [18, []], [1, []], [39, []], [9, []], [43, []], [51, [51, 17, 37, 50, 73, 8, 13, 49, 34, 7]], [17, []], [37, []], [50, []], [73, []], [8, []], [13, []], [49, []], [34, []], [7, []]]], [[[29, [29, 58]]], [[35, [35, 44, 19]]], [[57, [57]]], [[61, [61]]], [[45, [45, 15, 52, 69, 22, 16, 38]]], [[53, [53, 60, 65, 72, 31, 5, 48, 56, 27]]], [[15, [74]]], [[6, [6, 30, 63, 55, 66, 2, 75, 4, 54, 40]]], [[64, [64, 24, 20, 46, 21, 23, 71, 62, 11, 14]]], [[42, [42, 26, 59, 36, 68, 18, 1, 39, 9, 43]]], [[51, [51, 17, 37, 50, 73, 8, 13, 49, 34, 7]]], [[67, [67, 70, 25, 12, 32, 33, 3, 10, 28, 41]]]]]}
{"file_name": "U_75_1", "number_of_trucks": 2, "drone_capacity": 10, "number_of_drones": 20, "iteration": 3, "best_fitness": 1010.8399999999995, "runtime": 446.8706693649292, "best_solution": [[[[0, [72, 31, 66, 49, 61, 7, 52, 74, 14, 11, 67, 8, 21, 26, 42, 36, 59, 71, 62, 44, 23, 19, 13, 16, 25, 12, 32, 10, 39]], [72, []], [31, []], [66, []], [49, []], [61, []], [7, []], [52, []], [74, []], [14, []], [11, []], [67, []], [8, []], [21, []], [26, []], [42, []], [36, []], [59, []], [71, []], [62, []], [44, []], [23, []], [19, []], [13, []], [16, []], [25, []], [12, []], [32, []], [10, []], [39, []]], [[0, [65, 69, 29, 47, 53, 60, 57, 45, 58, 15, 55, 63, 56, 40, 35, 73, 68, 2, 75, 18, 46, 1, 22, 24, 64, 48, 6, 33, 30, 3, 9, 27, 43, 28, 51, 17, 50, 4, 54, 37, 38, 5, 70, 20, 41, 34]], [65, []], [69, []], [29, []], [47, []], [53, []], [60, []], [57, []], [45, []], [58, []], [15, []], [55, []], [63, []], [56, []], [40, []], [35, []], [73, []], [68, []], [2, []], [75, []], [18, []], [46, []], [1, []], [22, []], [24, []], [64, []], [48, []], [6, []], [33, []], [30, []], [3, []], [9, []], [27, []], [43, []], [28, []], [51, []], [17, []], [50, []], [4, []], [54, []], [37, []], [38, []], [5, []], [70, []], [20, []], [41, []], [34, []]]], []]}
