{"file_name": "U_75_1", "number_of_trucks": 2, "drone_capacity": 10, "number_of_drones": 20, "iteration": 1, "best_fitness": 688.92, "runtime": 4610.746532440186, "best_solution": [[[[0, [19, 47]], [19, []], [47, []], [45, [45]], [46, [46, 16]], [16, []], [29, [29]], [73, [73, 23, 30, 54, 11, 71]], [23, []], [30, []], [54, []], [11, []], [71, []], [69, [69, 44, 62, 20, 68, 60, 38, 5, 1, 65]], [44, []], [62, []], [20, []], [68, []], [60, []], [38, []], [5, []], [1, []], [65, []], [70, [70, 4, 25, 33, 6, 40, 32, 26, 52, 61]], [4, []], [25, []], [33, []], [6, []], [40, []], [32, []], [26, []], [52, []], [61, []]], [[0, [64, 72, 12, 36]], [64, []], [72, []], [12, []], [36, []], [58, [58]], [18, [18]], [57, [57, 51, 2, 63, 31, 37, 49]], [51, []], [2, []], [63, []], [31, []], [37, []], [49, []], [21, [21, 10, 24, 50, 28, 55, 22, 74, 15, 43, 75, 17, 39, 53, 35]], [10, []], [24, []], [50, []], [28, []], [55, []], [22, []], [74, []], [15, []], [43, []], [34, [34, 42, 59, 7, 8, 27, 41, 13, 3, 9, 48, 14, 56, 67, 66]], [42, []], [59, []], [7, []], [8, []], [27, []], [41, []], [13, []], [3, []], [9, []], [35, []], [48, []], [14, []], [56, []], [67, []], [66, []], [75, []], [17, []], [39, []], [53, []]]], [[[58, [58]]], [[18, [18]]], [[57, [57, 51, 2, 63, 31, 37, 49]]], [[45, [45]]], [[46, [46, 16]]], [[29, [29]]], [[73, [73, 23, 30, 54, 11, 71]]], [[69, [69, 44, 62, 20, 68, 60, 38, 5, 1, 65]]], [[21, [21, 10, 24, 50, 28, 55, 22, 74, 15, 43]]], [[21, [75, 17, 39, 53, 35]]], [[34, [34, 42, 59, 7, 8, 27, 41, 13, 3, 9]]], [[34, [48, 14, 56, 67, 66]]], [[70, [70, 4, 25, 33, 6, 40, 32, 26, 52, 61]]]]]}
{"file_name": "U_75_1", "number_of_trucks": 2, "drone_capacity": 10, "number_of_drones": 20, "iteration": 2, "best_fitness": 754.8870927835364, "runtime": 574.8802585601807, "best_solution": [[[[0, []], [47, [47, 12, 36, 73, 5, 23, 51]], [12, []], [36, []], [73, []], [5, []], [23, []], [51, []], [62, [62, 56, 10, 58, 16, 30, 35, 48, 18, 20]], [56, []], [10, []], [58, []], [16, []], [30, []], [35, []], [48, []], [18, []], [20, []], [68, [68, 24, 28, 45, 29, 66, 44, 75, 1, 38]], [24, []], [28, []], [45, []], [29, []], [66, []], [44, []], [75, []], [1, []], [38, []], [60, [60, 50, 59, 54, 33, 25, 65, 39, 17, 53]], [50, []], [59, []], [54, []], [33, []], [25, []], [65, []], [39, []], [17, []], [53, []]], [[0, [26, 72, 64, 19, 31, 7, 37]], [26, []], [72, [49, 8]], [64, []], [19, []], [31, []], [7, []], [37, []], [49, []], [8, []], [57, [57, 2, 55, 69, 46, 42, 4, 21, 3]], [2, []], [55, []], [69, []], [46, []], [42, []], [4, []], [21, []], [3, []], [13, [13, 74, 22, 52, 61, 11, 71, 34, 15, 43]], [74, []], [22, []], [52, []], [61, []], [11, []], [71, []], [34, []], [15, []], [43, []], [63, [63, 27, 32, 40, 6, 41, 9, 14, 67, 70]], [27, []], [32, []], [40, []], [6, []], [41, []], [9, []], [14, []], [67, []], [70, []]]], [[[47, [47, 12, 36, 73, 5, 23, 51]]], [[72, [49, 8]]], [[62, [62, 56, 10, 58, 16, 30, 35, 48, 18, 20]]], [[57, [57, 2, 55, 69, 46, 42, 4, 21, 3]]], [[13, [13, 74, 22, 52, 61, 11, 71, 34, 15, 43]]], [[68, [68, 24, 28, 45, 29, 66, 44, 75, 1, 38]]], [[63, [63, 27, 32, 40, 6, 41, 9, 14, 67, 70]]], [[60, [60, 50, 59, 54, 33, 25, 65, 39, 17, 53]]]]]}
{"file_name": "U_75_1", "number_of_trucks": 2, "drone_capacity": 10, "number_of_drones": 20, "iteration": 3, "best_fitness": 698.445570015624, "runtime": 565.2735335826874, "best_solution": [[[[0, [72, 19, 26, 47]], [72, []], [19, []], [26, []], [47, []], [23, [23, 5, 73, 58, 45, 63, 42, 54]], [5, [43, 30]], [73, []], [58, []], [45, []], [63, []], [42, []], [54, []], [43, []], [30, []], [44, [44, 62, 20, 68, 56, 28, 49, 27, 8, 40]], [62, []], [20, []], [68, []], [56, []], [28, []], [49, []], [27, []], [8, []], [40, []], [13, [13, 25, 41, 6, 32, 33, 60, 70, 65, 1]], [25, []], [41, []], [6, []], [32, []], [33, []], [60, []], [70, []], [65, []], [1, []]], [[0, [69, 64, 7]], [69, []], [64, []], [7, []], [2, [2, 36, 51, 16, 29, 46, 31, 55]], [36, []], [51, []], [16, []], [29, []], [46, []], [31, []], [55, []], [37, [37, 21, 57, 18, 10, 24, 4, 12, 38, 11]], [21, []], [57, []], [18, []], [10, []], [24, []], [4, []], [12, []], [38, []], [11, []], [61, [61, 71, 52, 22, 74, 15, 34, 50, 59, 3]], [71, []], [52, []], [22, []], [74, []], [15, []], [34, []], [50, []], [59, []], [3, []], [48, [48, 35, 9, 14, 67, 66, 75, 17, 39, 53]], [35, []], [9, []], [14, []], [67, []], [66, []], [75, []], [17, []], [39, []], [53, []]]], [[[23, [23, 5, 73, 58, 45, 63, 42, 54]]], [[2, [2, 36, 51, 16, 29, 46, 31, 55]]], [[5, [43, 30]]], [[37, [37, 21, 57, 18, 10, 24, 4, 12, 38, 11]]], [[61, [61, 71, 52, 22, 74, 15, 34, 50, 59, 3]]], [[44, [44, 62, 20, 68, 56, 28, 49, 27, 8, 40]]], [[48, [48, 35, 9, 14, 67, 66, 75, 17, 39, 53]]], [[13, [13, 25, 41, 6, 32, 33, 60, 70, 65, 1]]]]]}
