{"file_name": "U_75_1", "number_of_trucks": 2, "drone_capacity": 10, "number_of_drones": 20, "iteration": 1, "best_fitness": 613.569676790418, "runtime": 5150.710743427277, "best_solution": [[[[0, [40, 59, 36, 14, 64]], [14, []], [64, []], [59, []], [40, []], [70, [70, 7, 13]], [21, [21, 3, 47, 39]], [13, []], [3, []], [7, [30, 22, 10]], [47, []], [22, []], [10, []], [71, [71, 23, 17, 61, 19, 15, 55, 46, 5, 54, 37, 53, 44, 31]], [39, []], [17, []], [36, []], [61, []], [19, []], [15, []], [23, []], [30, []], [60, [60, 66, 42, 67, 62, 52, 24, 51]], [66, []], [67, []], [42, []], [37, []], [55, []], [46, []], [53, []], [62, []], [5, []], [54, []], [44, []], [31, []], [51, []], [52, []], [24, []]], [[0, []], [34, [29, 72, 34, 9, 63, 68]], [63, []], [29, []], [9, []], [25, [25, 75, 56, 16]], [56, []], [75, []], [68, []], [12, [12, 74, 65, 33, 2, 28, 58]], [74, []], [65, []], [33, []], [58, []], [2, []], [1, [1, 73]], [73, []], [27, [35, 26, 57, 38, 11, 18, 49, 27, 4]], [4, []], [72, []], [26, []], [57, []], [38, []], [11, []], [18, []], [16, []], [35, [32, 69, 20, 8, 41, 45, 43, 6, 50, 48]], [32, []], [49, []], [69, []], [20, []], [8, []], [41, []], [43, []], [6, []], [50, []], [48, []], [28, []], [45, []]]], [[[34, [29, 72, 34, 9, 63, 68]]], [[70, [70, 7, 13]]], [[21, [21, 3, 47, 39]]], [[25, [25, 75, 56, 16]]], [[12, [12, 74, 65, 33, 2, 28, 58]]], [[1, [1, 73]]], [[7, [30, 22, 10]]], [[71, [55, 46, 5, 54, 37, 53, 44, 31]]], [[27, [35, 26, 57, 38, 11, 18, 49, 27, 4]]], [[35, [32, 69, 20, 8, 41, 45, 43, 6, 50, 48]]], [[71, [71, 23, 17, 61, 19, 15]]], [[60, [60, 66, 42, 67, 62, 52, 24, 51]]]]]}
{"file_name": "U_75_1", "number_of_trucks": 2, "drone_capacity": 10, "number_of_drones": 20, "iteration": 2, "best_fitness": 751.4994362685183, "runtime": 543.610771894455, "best_solution": [[[[0, [70, 72, 63, 59, 65]], [70, []], [72, []], [63, []], [59, []], [65, []], [27, [27, 13, 35, 39, 19, 12, 74, 49, 47, 7]], [13, []], [35, []], [39, []], [19, []], [12, []], [74, []], [49, []], [47, []], [7, []], [73, [73, 75, 71, 22, 8, 69, 58, 2, 1, 37]], [75, []], [71, []], [22, []], [8, []], [69, []], [58, []], [2, []], [1, []], [37, []], [42, [42, 20, 41, 43, 6, 50, 23, 48, 28, 45]], [20, []], [41, []], [43, []], [6, []], [50, []], [23, []], [48, []], [28, []], [45, []]], [[0, [68, 36, 29, 64, 14]], [68, []], [36, []], [29, []], [64, [25, 30, 15, 56, 34]], [14, []], [25, []], [30, []], [15, []], [56, []], [34, []], [17, [17, 61, 9, 10, 33, 3, 53, 4, 26, 31]], [61, []], [9, []], [10, []], [33, []], [3, []], [53, []], [4, []], [26, []], [31, []], [38, [38, 11, 18, 16, 24, 51, 21, 52, 44, 5]], [11, []], [18, []], [16, []], [24, []], [51, []], [21, []], [52, []], [44, []], [5, []], [54, [54, 55, 46, 62, 40, 57, 67, 66, 60, 32]], [55, []], [46, []], [62, []], [40, []], [57, []], [67, []], [66, []], [60, []], [32, []]]], [[[64, [25, 30, 15, 56, 34]]], [[27, [27, 13, 35, 39, 19, 12, 74, 49, 47, 7]]], [[17, [17, 61, 9, 10, 33, 3, 53, 4, 26, 31]]], [[38, [38, 11, 18, 16, 24, 51, 21, 52, 44, 5]]], [[73, [73, 75, 71, 22, 8, 69, 58, 2, 1, 37]]], [[54, [54, 55, 46, 62, 40, 57, 67, 66, 60, 32]]], [[42, [42, 20, 41, 43, 6, 50, 23, 48, 28, 45]]]]]}
{"file_name": "U_75_1", "number_of_trucks": 2, "drone_capacity": 10, "number_of_drones": 20, "iteration": 3, "best_fitness": 698.4633522190657, "runtime": 580.3017251491547, "best_solution": [[[[0, [14, 70, 36, 75]], [14, []], [70, []], [36, []], [75, []], [65, [65, 72, 27, 2, 10, 22, 1, 33, 74, 3]], [72, []], [27, []], [2, []], [10, []], [22, []], [1, []], [33, []], [74, []], [3, []], [58, [58, 49, 71, 17, 61, 67, 30, 50, 23, 48]], [49, []], [71, []], [17, []], [61, []], [67, []], [30, []], [50, []], [23, []], [48, []], [45, [45, 41, 20, 69, 8, 43, 6, 39, 66, 60]], [41, []], [20, []], [69, []], [8, []], [43, []], [6, []], [39, []], [66, []], [60, []]], [[0, []], [59, [59, 68, 63, 9]], [68, []], [63, []], [9, []], [56, [56, 34, 19, 28, 15, 25, 29]], [34, []], [19, []], [28, []], [15, []], [25, []], [29, []], [13, [13]], [12, [12, 21, 35, 64, 16, 47, 73, 7, 4]], [21, []], [35, []], [64, []], [16, []], [47, []], [73, []], [7, []], [4, []], [57, [57, 40, 26, 44, 31, 38, 18, 11, 24, 52]], [40, []], [26, []], [44, []], [31, []], [38, []], [18, []], [11, []], [24, []], [52, []], [51, [51, 42, 37, 55, 46, 53, 62, 5, 54, 32]], [42, []], [37, []], [55, []], [46, []], [53, []], [62, []], [5, []], [54, []], [32, []]]], [[[65, [65, 72, 27, 2, 10, 22, 1, 33, 74, 3]]], [[59, [59, 68, 63, 9]]], [[56, [56, 34, 19, 28, 15, 25, 29]]], [[13, [13]]], [[12, [12, 21, 35, 64, 16, 47, 73, 7, 4]]], [[57, [57, 40, 26, 44, 31, 38, 18, 11, 24, 52]]], [[58, [58, 49, 71, 17, 61, 67, 30, 50, 23, 48]]], [[51, [51, 42, 37, 55, 46, 53, 62, 5, 54, 32]]], [[45, [45, 41, 20, 69, 8, 43, 6, 39, 66, 60]]]]]}
