{"file_name": "U_75_1", "number_of_trucks": 2, "drone_capacity": 10, "number_of_drones": 20, "iteration": 1, "best_fitness": 579.9824965009052, "runtime": 9594.403167963028, "best_solution": [[[[0, [62, 29]], [58, [58, 30]], [30, []], [29, []], [35, [35, 42, 44]], [42, []], [44, []], [62, []], [28, [28, 72]], [72, [70, 75, 5, 40, 14, 19, 63]], [70, []], [75, []], [5, []], [40, []], [14, []], [53, [53, 3, 51, 23, 11]], [23, []], [11, []], [19, []], [3, []], [24, [24, 54, 8, 60, 74, 4, 67, 18]], [4, []], [63, []], [54, []], [8, []], [67, []], [60, []], [10, [10, 47, 22, 59, 9, 56]], [47, []], [74, []], [51, []], [18, []], [56, []], [59, []], [9, []], [22, []]], [[0, [48, 17, 2]], [48, []], [36, [36, 1, 38, 31, 61, 68, 12, 34, 57, 50, 7, 66, 13, 39]], [12, []], [21, [21, 71, 25, 41, 55]], [2, []], [7, []], [66, []], [17, []], [1, []], [31, []], [68, []], [50, []], [61, []], [34, []], [39, []], [38, []], [71, []], [65, [65, 6, 32, 43, 52, 26]], [13, []], [6, []], [26, []], [55, []], [15, [15, 49, 64, 73, 27, 37]], [27, []], [49, []], [64, []], [25, []], [32, []], [73, []], [45, [45, 16, 46, 33, 69, 20]], [16, []], [41, []], [46, []], [43, []], [69, []], [52, []], [33, []], [37, []], [57, []], [20, []]]], [[[58, [58, 30]]], [[35, [35, 42, 44]]], [[36, [1, 38, 31, 61, 68, 50, 7, 66, 13, 39]]], [[28, [28, 72]]], [[36, [36, 12, 34, 57]]], [[72, [70, 75, 5, 40, 14, 19, 63]]], [[53, [53, 3, 51, 23, 11]]], [[21, [71, 25, 41, 55]]], [[21, [21]]], [[65, [65, 6, 32, 43, 52, 26]]], [[15, [15, 49, 64, 73, 27, 37]]], [[24, [24, 54, 8, 60, 74, 4, 67, 18]]], [[10, [10, 47, 22, 59, 9, 56]]], [[45, [45, 16, 46, 33, 69, 20]]]]]}
{"file_name": "U_75_1", "number_of_trucks": 2, "drone_capacity": 10, "number_of_drones": 20, "iteration": 2, "best_fitness": 668.0115410652867, "runtime": 548.6975710391998, "best_solution": [[[[0, [12, 58, 36, 63, 21]], [12, []], [58, []], [36, []], [63, []], [17, [17, 31, 1, 68, 34, 61, 50, 39, 55, 65]], [31, []], [1, []], [68, []], [34, []], [61, []], [50, []], [39, []], [21, []], [55, []], [65, []], [29, [29, 32, 25, 47, 71, 44, 62, 35, 16, 41]], [32, []], [25, []], [47, []], [71, []], [44, []], [62, []], [35, []], [16, []], [41, []], [42, [42, 73, 45, 66, 8, 54, 4, 69, 33, 20]], [73, []], [45, []], [66, []], [8, []], [54, []], [4, []], [69, []], [33, []], [20, []]], [[0, [2]], [2, []], [57, [57, 28, 48, 72, 30]], [28, []], [48, []], [72, []], [30, []], [14, [14, 5, 40, 6]], [5, []], [40, []], [6, []], [53, [53, 13, 52, 75, 38, 51, 7, 19, 46, 23]], [13, []], [52, []], [75, []], [38, []], [51, []], [7, []], [19, []], [46, []], [23, []], [11, [11, 67, 43, 24, 18, 70, 59, 9, 22, 49]], [67, []], [43, []], [24, []], [18, []], [70, []], [59, []], [9, []], [22, []], [49, []], [64, [64, 15, 27, 26, 74, 60, 10, 3, 56, 37]], [15, []], [27, []], [26, []], [74, []], [60, []], [10, []], [3, []], [56, []], [37, []]]], [[[17, [17, 31, 1, 68, 34, 61, 50, 39, 55, 65]]], [[57, [57, 28, 48, 72, 30]]], [[14, [14, 5, 40, 6]]], [[53, [53, 13, 52, 75, 38, 51, 7, 19, 46, 23]]], [[29, [29, 32, 25, 47, 71, 44, 62, 35, 16, 41]]], [[11, [11, 67, 43, 24, 18, 70, 59, 9, 22, 49]]], [[64, [64, 15, 27, 26, 74, 60, 10, 3, 56, 37]]], [[42, [42, 73, 45, 66, 8, 54, 4, 69, 33, 20]]]]]}
{"file_name": "U_75_1", "number_of_trucks": 2, "drone_capacity": 10, "number_of_drones": 20, "iteration": 3, "best_fitness": 661.1600000000003, "runtime": 597.7649166584015, "best_solution": [[[[0, [48]], [42, [42, 19]], [19, []], [17, [17]], [12, [12, 62, 28]], [62, [55, 57]], [28, []], [55, []], [57, []], [14, [14, 25, 72, 32, 65, 29, 71, 35, 41, 16]], [48, []], [25, []], [72, []], [32, []], [65, []], [29, []], [71, []], [35, []], [41, []], [16, []], [46, [46, 11, 23, 43, 60, 44, 73, 45, 47, 74]], [11, []], [23, []], [43, []], [60, []], [44, []], [73, []], [45, []], [47, []], [74, []], [51, [51, 69, 24, 56, 18, 70, 59, 36, 9, 20]], [69, []], [24, []], [56, []], [18, []], [70, []], [59, []], [36, []], [9, []], [20, []]], [[0, []], [30, [30, 34]], [34, []], [58, [58, 40, 5, 75]], [40, []], [5, []], [75, []], [13, [13, 2, 66, 38, 50, 63, 1, 31, 68, 61]], [2, []], [66, []], [38, []], [50, []], [63, []], [1, []], [31, []], [68, []], [61, []], [39, [39, 3, 21, 6, 53, 52, 37, 33, 4, 54]], [3, []], [21, []], [6, []], [53, []], [52, []], [37, []], [33, []], [4, []], [54, []], [8, [8, 67, 7, 10, 26, 27, 15, 64, 49, 22]], [67, []], [7, []], [10, []], [26, []], [27, []], [15, []], [64, []], [49, []], [22, []]]], [[[42, [42, 19]]], [[17, [17]]], [[12, [12, 62, 28]]], [[30, [30, 34]]], [[58, [58, 40, 5, 75]]], [[13, [13, 2, 66, 38, 50, 63, 1, 31, 68, 61]]], [[62, [55, 57]]], [[14, [14, 25, 72, 32, 65, 29, 71, 35, 41, 16]]], [[39, [39, 3, 21, 6, 53, 52, 37, 33, 4, 54]]], [[46, [46, 11, 23, 43, 60, 44, 73, 45, 47, 74]]], [[51, [51, 69, 24, 56, 18, 70, 59, 36, 9, 20]]], [[8, [8, 67, 7, 10, 26, 27, 15, 64, 49, 22]]]]]}
