{"file_name": "U_100_1", "number_of_trucks": 2, "drone_capacity": 10, "number_of_drones": 20, "iteration": 1, "best_fitness": 794.1610491352176, "runtime": 12607.332225322723, "best_solution": [[[[0, [78, 62, 58, 22, 77]], [78, []], [22, []], [62, []], [58, [26, 17, 86, 80]], [2, [93, 47, 72, 2, 18]], [77, []], [18, []], [26, []], [93, []], [47, []], [72, []], [17, []], [80, []], [86, []], [6, [6, 67, 83, 40]], [67, []], [83, []], [40, []], [0, [98, 69, 64, 13, 90, 37, 15, 76, 45, 66, 1, 25, 11, 29, 85, 42, 49, 96, 32, 65, 8, 79, 7, 36, 33, 56, 99, 19, 61, 82, 44]], [96, []], [98, []], [49, []], [69, []], [64, []], [13, []], [56, []], [61, []], [82, []], [99, []], [65, []], [8, []], [19, []], [44, []], [90, []], [37, []], [32, []], [15, []], [76, []], [45, []], [66, []], [79, []], [1, []], [25, []], [11, []], [29, []], [85, []], [7, []], [36, []], [33, []], [42, []]], [[0, [100, 91, 50, 81, 53, 87, 35, 51]], [59, [59, 95, 84, 74, 28, 73, 5, 10, 94, 12, 89, 38, 52, 4, 21, 46, 97, 88, 20, 75, 57, 34, 92, 70, 63, 68, 60, 9, 31, 41, 16, 48, 54, 43, 39, 55]], [95, []], [84, []], [60, []], [9, []], [31, []], [41, []], [43, []], [35, []], [81, []], [51, []], [87, []], [100, []], [91, []], [27, [24, 27, 14, 71, 23, 30, 3]], [50, []], [24, []], [16, []], [57, []], [48, []], [54, []], [38, []], [34, []], [92, []], [70, []], [53, []], [52, []], [14, []], [63, []], [68, []], [71, []], [23, []], [30, []], [3, []], [74, []], [28, []], [73, []], [5, []], [10, []], [39, []], [94, []], [12, []], [89, []], [55, []], [4, []], [21, []], [46, []], [97, []], [88, []], [20, []], [75, []]]], [[[58, [26, 17, 86, 80]]], [[2, [93, 47, 72, 2, 18]]], [[6, [6, 67, 83, 40]]], [[59, [34, 92, 70, 63, 68]]], [[59, [74, 28, 73, 5, 10, 94, 12, 89, 57, 43]]], [[59, [60, 9, 31, 41, 16, 48, 54, 39, 55]]], [[59, [38, 52, 4, 21, 46, 97, 88, 20, 75]]], [[59, [59, 95, 84]]], [[27, [24, 27, 14, 71, 23, 30, 3]]]]]}
{"file_name": "U_100_1", "number_of_trucks": 2, "drone_capacity": 10, "number_of_drones": 20, "iteration": 2, "best_fitness": 1045.6000000000004, "runtime": 1429.6387910842896, "best_solution": [[[[0, [22, 76, 86, 80, 47, 26, 17, 72, 81, 32, 37, 16, 41, 31, 89, 48, 54, 35, 88, 65, 61, 21, 43, 46, 96, 69, 79, 45, 98, 49, 15, 90, 44, 57, 12, 94, 55, 97, 3, 20, 75, 59]], [22, []], [76, []], [86, []], [80, []], [47, []], [26, []], [17, []], [72, []], [81, []], [32, []], [37, []], [16, []], [41, []], [31, []], [89, []], [48, []], [54, []], [35, []], [88, []], [65, []], [61, []], [21, []], [43, []], [46, []], [96, []], [69, []], [79, []], [45, []], [98, []], [49, []], [15, []], [90, []], [44, []], [57, []], [12, []], [94, []], [55, []], [97, []], [3, []], [20, []], [75, []], [59, []]], [[0, [19, 42, 62, 51, 83, 85, 92, 9, 33, 95, 58, 84, 78, 100, 91, 87, 77, 53, 68, 40, 23, 2, 63, 25, 1, 18, 93, 64, 13, 66]], [19, []], [42, [24, 50, 27, 56, 4, 99, 8, 82]], [62, []], [51, []], [83, []], [85, []], [92, []], [9, []], [33, []], [95, []], [58, []], [84, []], [78, []], [100, []], [91, []], [87, []], [77, []], [53, []], [68, []], [40, []], [23, []], [2, []], [63, []], [25, []], [1, []], [18, []], [93, []], [64, []], [13, []], [66, []], [24, []], [50, []], [27, []], [56, []], [4, []], [99, []], [8, []], [82, []], [67, [67, 6, 29, 36, 7, 60, 38, 34, 5, 10]], [6, []], [29, []], [36, []], [7, []], [60, []], [38, []], [34, []], [5, []], [10, []], [39, [39, 73, 28, 74, 70, 52, 14, 11, 71, 30]], [73, []], [28, []], [74, []], [70, []], [52, []], [14, []], [11, []], [71, []], [30, []]]], [[[42, [24, 50, 27, 56, 4, 99, 8, 82]]], [[67, [67, 6, 29, 36, 7, 60, 38, 34, 5, 10]]], [[39, [39, 73, 28, 74, 70, 52, 14, 11, 71, 30]]]]]}
{"file_name": "U_100_1", "number_of_trucks": 2, "drone_capacity": 10, "number_of_drones": 20, "iteration": 3, "best_fitness": 789.6365151509941, "runtime": 1662.137983083725, "best_solution": [[[[0, [78, 33, 42, 35, 58, 2]], [78, []], [33, []], [42, []], [35, []], [58, []], [2, []], [85, [85, 54, 84, 92, 48, 89, 31, 41, 16, 37]], [54, []], [84, []], [92, []], [48, []], [89, []], [31, []], [41, []], [16, []], [37, []], [96, [96, 45, 13, 66, 77, 14, 68, 63, 11, 71]], [45, []], [13, []], [66, []], [77, []], [14, []], [68, []], [63, []], [11, []], [71, []], [23, [23, 40, 30, 20, 74, 97, 24, 72, 49, 15]], [40, []], [30, []], [20, []], [74, []], [97, []], [24, []], [72, []], [49, []], [15, []], [90, [90, 44, 57, 12, 94, 55, 39, 10, 29, 59]], [44, []], [57, []], [12, []], [94, []], [55, []], [39, []], [10, []], [29, []], [59, []]], [[0, [53]], [53, []], [60, [60, 86]], [86, [61]], [61, []], [9, [9, 22, 62, 67, 100, 91, 56, 32, 80, 47]], [22, []], [62, []], [67, []], [100, []], [91, []], [56, []], [32, []], [80, []], [47, []], [98, [98, 76, 17, 69, 93, 26, 64, 18, 1, 87]], [76, []], [17, []], [69, []], [93, []], [26, []], [64, []], [18, []], [1, []], [87, []], [81, [81, 70, 3, 88, 50, 27, 46, 99, 4, 43]], [70, []], [3, []], [88, []], [50, []], [27, []], [46, []], [99, []], [4, []], [43, []], [19, [19, 21, 65, 8, 82, 73, 6, 83, 75, 51]], [21, []], [65, []], [8, []], [82, []], [73, []], [6, []], [83, []], [75, []], [51, []], [25, [25, 52, 79, 28, 5, 34, 38, 7, 36, 95]], [52, []], [79, []], [28, []], [5, []], [34, []], [38, []], [7, []], [36, []], [95, []]]], [[[60, [60, 86]]], [[86, [61]]], [[9, [9, 22, 62, 67, 100, 91, 56, 32, 80, 47]]], [[85, [85, 54, 84, 92, 48, 89, 31, 41, 16, 37]]], [[98, [98, 76, 17, 69, 93, 26, 64, 18, 1, 87]]], [[81, [81, 70, 3, 88, 50, 27, 46, 99, 4, 43]]], [[96, [96, 45, 13, 66, 77, 14, 68, 63, 11, 71]]], [[19, [19, 21, 65, 8, 82, 73, 6, 83, 75, 51]]], [[23, [23, 40, 30, 20, 74, 97, 24, 72, 49, 15]]], [[25, [25, 52, 79, 28, 5, 34, 38, 7, 36, 95]]], [[90, [90, 44, 57, 12, 94, 55, 39, 10, 29, 59]]]]]}
