{"file_name": "U_100_1", "number_of_trucks": 2, "drone_capacity": 10, "number_of_drones": 20, "iteration": 1, "best_fitness": 685.7868082975419, "runtime": 16743.48234963417, "best_solution": [[[[0, [68, 30, 66]], [30, []], [68, []], [66, []], [33, [33, 60, 50]], [60, []], [50, []], [57, [57, 73, 74, 93, 52, 39]], [74, []], [52, []], [73, []], [39, []], [51, [51, 63, 79, 88, 42]], [42, []], [78, [78, 5, 23, 72, 89, 80, 9, 95, 69, 44, 34, 12, 47, 1, 19]], [95, []], [5, []], [34, []], [44, []], [23, []], [93, []], [63, []], [9, []], [80, []], [72, []], [89, []], [47, []], [32, [45, 10, 100, 91, 41, 32, 97, 94, 58, 59, 25, 35, 65, 61, 99, 82, 55]], [69, []], [97, []], [88, []], [59, []], [25, []], [45, []], [91, []], [19, []], [10, []], [100, []], [94, []], [41, []], [79, []], [82, []], [55, []], [1, []], [65, []], [58, []], [12, []], [35, []], [61, []], [99, []]], [[0, []], [21, [21, 67, 22, 54]], [92, [6, 86, 76, 27, 92, 49]], [6, []], [86, []], [76, []], [27, []], [22, []], [49, []], [37, [37, 77, 18, 8, 53, 11, 16, 28, 96, 84, 20]], [77, []], [18, []], [8, []], [53, []], [96, []], [11, []], [16, []], [36, [36, 38, 85, 75, 83, 4]], [13, [62, 48, 13, 43, 71, 24, 17]], [75, []], [84, []], [85, []], [43, []], [14, [14, 87, 64, 3, 98]], [67, []], [83, []], [54, []], [71, []], [64, []], [24, []], [17, []], [3, []], [87, [90, 26, 40, 2, 29, 56, 70, 81, 31, 7, 46, 15]], [48, []], [7, []], [98, []], [15, []], [90, []], [28, []], [26, []], [40, []], [2, []], [29, []], [31, []], [38, []], [70, []], [81, []], [56, []], [62, []], [4, []], [46, []], [20, []]]], [[[33, [33, 60, 50]]], [[21, [21, 67, 22, 54]]], [[92, [6, 86, 76, 27, 92, 49]]], [[37, [77, 18, 8, 53, 11, 16, 28]]], [[37, [37, 96, 84, 20]]], [[36, [36, 38, 85, 75, 83, 4]]], [[13, [62, 48, 13, 43, 71, 24, 17]]], [[57, [57, 73, 74, 93, 52, 39]]], [[51, [51, 63, 79, 88, 42]]], [[78, [80, 9, 95, 69, 44, 34, 12, 47, 1, 19]]], [[14, [14, 87, 64, 3, 98]]], [[78, [78, 5, 23, 72, 89]]], [[87, [31, 7, 46, 15]]], [[32, [32, 97, 94, 58, 25, 35, 61, 99, 82, 55]]], [[32, [45, 10, 100, 91, 41, 59, 65]]], [[87, [90, 26, 40, 2, 29, 56, 70, 81]]]]]}
{"file_name": "U_100_1", "number_of_trucks": 2, "drone_capacity": 10, "number_of_drones": 20, "iteration": 2, "best_fitness": 796.8524160963303, "runtime": 2098.133441925049, "best_solution": [[[[0, [6]], [6, []], [92, [92]], [66, [66, 8, 33]], [49, [49, 30, 39, 73, 52, 74, 60]], [8, []], [33, []], [30, []], [39, []], [73, []], [52, []], [74, []], [60, []], [57, [57, 17, 75, 71, 83, 84, 36, 72, 34]], [17, []], [75, []], [71, []], [83, []], [84, []], [36, []], [72, []], [34, []], [5, [5, 44, 25, 47, 45, 19, 93, 63, 9, 28, 10, 79, 13, 65, 7, 58, 12, 35]], [44, []], [25, []], [47, []], [45, []], [19, []], [93, []], [63, []], [9, []], [28, []], [90, [90, 26, 40, 2, 29, 14, 85, 55, 82, 15, 91, 98]], [26, []], [40, []], [2, []], [29, []], [14, []], [85, []], [55, []], [82, []], [15, []], [98, []], [91, []], [10, []], [79, []], [13, []], [65, []], [7, []], [58, []], [12, []], [35, []]], [[0, []], [76, [76]], [22, [22, 27, 21]], [21, []], [86, [86, 11, 54, 51, 50, 67]], [11, []], [54, []], [51, []], [50, []], [27, []], [67, []], [16, [16, 23, 89, 88, 42, 78, 95, 18, 77]], [23, []], [89, []], [88, []], [42, []], [78, []], [95, []], [18, []], [77, []], [53, [53, 1, 37, 96, 20, 4, 62, 56, 87, 3]], [1, []], [37, []], [96, []], [20, []], [4, []], [62, []], [56, []], [87, []], [3, []], [48, [48, 68, 24, 64, 38, 70, 31, 43, 80, 94]], [68, []], [24, []], [64, []], [38, []], [70, []], [31, []], [43, []], [80, []], [94, []], [100, [100, 41, 32, 59, 97, 69, 99, 61, 81, 46]], [41, []], [32, []], [59, []], [97, []], [69, []], [99, []], [61, []], [81, []], [46, []]]], [[[76, [76]]], [[22, [22, 27, 21]]], [[92, [92]]], [[66, [66, 8, 33]]], [[49, [49, 30, 39, 73, 52, 74, 60]]], [[86, [86, 11, 54, 51, 50, 67]]], [[16, [16, 23, 89, 88, 42, 78, 95, 18, 77]]], [[57, [57, 17, 75, 71, 83, 84, 36, 72, 34]]], [[53, [53, 1, 37, 96, 20, 4, 62, 56, 87, 3]]], [[5, [5, 44, 25, 47, 45, 19, 93, 63, 9, 28]]], [[48, [48, 68, 24, 64, 38, 70, 31, 43, 80, 94]]], [[5, [10, 79, 13, 65, 7, 58, 12, 35]]], [[100, [100, 41, 32, 59, 97, 69, 99, 61, 81, 46]]], [[90, [90, 26, 40, 2, 29, 14, 85, 55, 82, 15]]], [[90, [91, 98]]]]]}
{"file_name": "U_100_1", "number_of_trucks": 2, "drone_capacity": 10, "number_of_drones": 20, "iteration": 3, "best_fitness": 1172.1599999999996, "runtime": 1376.712737083435, "best_solution": [[[[0, [39, 68, 30, 6, 51, 60, 52, 74, 50, 76, 28, 84, 63, 79, 72, 23, 89, 12, 53, 96, 43, 57, 54, 73, 64, 24, 82, 90, 85, 14, 71, 83, 38, 70, 31, 29, 2, 40, 26, 55, 15, 98, 36, 48, 3, 81, 56, 4]], [39, []], [68, []], [30, []], [6, []], [51, []], [60, []], [52, []], [74, []], [50, []], [76, []], [28, []], [84, []], [63, []], [79, []], [72, []], [23, []], [89, []], [12, []], [53, []], [96, []], [43, []], [57, []], [54, []], [73, []], [64, []], [24, []], [82, []], [90, []], [85, []], [14, []], [71, []], [83, []], [38, []], [70, []], [31, []], [29, []], [2, []], [40, []], [26, []], [55, []], [15, []], [98, []], [36, []], [48, []], [3, []], [81, []], [56, []], [4, []]], [[0, [21, 66, 67, 22, 27, 49, 8, 33, 16, 37, 42, 20, 18, 93, 75, 13, 1, 11, 17, 62, 92, 87, 86, 44, 25, 47, 32, 5, 34, 65, 45, 19, 10, 100, 9, 41, 94, 80, 91, 7, 58, 99, 95, 78, 69, 97, 88, 59, 61, 35, 77, 46]], [21, []], [66, []], [67, []], [22, []], [27, []], [49, []], [8, []], [33, []], [16, []], [37, []], [42, []], [20, []], [18, []], [93, []], [75, []], [13, []], [1, []], [11, []], [17, []], [62, []], [92, []], [87, []], [86, []], [44, []], [25, []], [47, []], [32, []], [5, []], [34, []], [65, []], [45, []], [19, []], [10, []], [100, []], [9, []], [41, []], [94, []], [80, []], [91, []], [7, []], [58, []], [99, []], [95, []], [78, []], [69, []], [97, []], [88, []], [59, []], [61, []], [35, []], [77, []], [46, []]]], []]}
