{"file_name": "U_75_1", "number_of_trucks": 2, "drone_capacity": 10, "number_of_drones": 20, "iteration": 1, "best_fitness": 630.022337136049, "runtime": 7990.723193407059, "best_solution": [[[[0, []], [3, [64, 3, 6, 52]], [15, [73, 15, 41]], [73, []], [67, [35, 67, 62, 47]], [62, []], [35, []], [41, []], [47, []], [64, []], [27, [27, 34, 72]], [34, []], [69, [69, 51, 57, 9, 38, 28, 29, 43, 13, 75]], [51, []], [57, []], [9, []], [38, []], [28, [39, 32, 60, 1, 46, 8, 66, 30, 65]], [6, []], [29, []], [43, []], [13, []], [32, []], [75, []], [60, []], [1, []], [66, []], [65, []], [39, []], [52, []], [72, []], [30, []], [46, []], [8, []]], [[0, [21, 40, 16, 56, 59, 71, 11, 22, 17, 24, 4, 10]], [31, [53, 48, 44, 31, 12, 37]], [12, []], [70, [36, 7, 55, 45, 63, 70, 14, 42, 49, 26, 54, 20, 5, 2, 61, 33, 50, 68, 58, 74, 19, 23, 25, 18]], [53, []], [71, []], [11, []], [22, []], [17, []], [56, []], [68, []], [14, []], [42, []], [49, []], [26, []], [48, []], [61, []], [33, []], [19, []], [44, []], [37, []], [18, []], [24, []], [21, []], [4, []], [10, []], [58, []], [36, []], [54, []], [7, []], [2, []], [55, []], [5, []], [20, []], [74, []], [45, []], [63, []], [16, []], [50, []], [40, []], [23, []], [59, []], [25, []]]], [[[3, [64, 3, 6, 52]]], [[31, [53, 48, 44, 31, 12, 37]]], [[15, [73, 15, 41]]], [[67, [35, 67, 62, 47]]], [[70, [70, 14, 42, 49, 26, 68, 58, 74]]], [[70, [5, 61, 33, 50, 19, 23, 25, 18]]], [[27, [27, 34, 72]]], [[69, [69, 51, 57, 9, 38, 28, 29, 43, 13, 75]]], [[28, [39, 46, 8, 66, 30, 65]]], [[28, [32, 60, 1]]], [[70, [7, 55, 45, 63, 54, 20, 2]]], [[70, [36]]]]]}
{"file_name": "U_75_1", "number_of_trucks": 2, "drone_capacity": 10, "number_of_drones": 20, "iteration": 2, "best_fitness": 692.8042995700858, "runtime": 560.0108592510223, "best_solution": [[[[0, [40, 15, 16, 45, 55, 6, 59, 64, 47, 35, 34, 27]], [40, []], [15, []], [16, []], [45, []], [55, []], [6, []], [59, []], [64, []], [47, []], [35, []], [34, []], [27, []], [29, [29, 41, 69, 13, 42, 49, 33, 61, 23, 28]], [41, []], [69, []], [13, []], [42, []], [49, []], [33, []], [61, []], [23, []], [28, []], [25, [25, 12, 50, 8, 54, 74, 20, 5, 7, 2]], [12, []], [50, []], [8, []], [54, []], [74, []], [20, []], [5, []], [7, []], [2, []]], [[0, [67, 31]], [67, [62, 43]], [31, []], [62, []], [43, []], [14, [14, 26, 24, 22, 11, 52, 73, 71, 9]], [26, []], [24, []], [22, []], [11, []], [52, []], [73, []], [71, []], [9, []], [38, [38, 57, 51, 53, 48, 70, 36, 10, 4, 17]], [57, []], [51, []], [53, []], [48, []], [70, []], [36, []], [10, []], [4, []], [17, []], [68, [68, 56, 18, 21, 58, 63, 30, 72, 39, 1]], [56, []], [18, []], [21, []], [58, []], [63, []], [30, []], [72, []], [39, []], [1, []], [60, [60, 75, 32, 66, 65, 46, 37, 44, 19, 3]], [75, []], [32, []], [66, []], [65, []], [46, []], [37, []], [44, []], [19, []], [3, []]]], [[[67, [62, 43]]], [[14, [14, 26, 24, 22, 11, 52, 73, 71, 9]]], [[38, [38, 57, 51, 53, 48, 70, 36, 10, 4, 17]]], [[68, [68, 56, 18, 21, 58, 63, 30, 72, 39, 1]]], [[29, [29, 41, 69, 13, 42, 49, 33, 61, 23, 28]]], [[25, [25, 12, 50, 8, 54, 74, 20, 5, 7, 2]]], [[60, [60, 75, 32, 66, 65, 46, 37, 44, 19, 3]]]]]}
{"file_name": "U_75_1", "number_of_trucks": 2, "drone_capacity": 10, "number_of_drones": 20, "iteration": 3, "best_fitness": 666.0612137676593, "runtime": 594.3471491336823, "best_solution": [[[[0, []], [51, [51, 9]], [9, [44, 70]], [44, []], [12, [12, 40, 16, 21, 7, 55, 17, 56, 37, 43]], [40, []], [16, []], [21, []], [7, []], [55, []], [17, []], [56, []], [37, []], [43, []], [13, [13, 42, 49, 38, 57, 69, 34, 27, 23]], [42, []], [49, []], [38, []], [57, []], [69, []], [34, []], [27, []], [23, []], [70, []], [50, [50, 8, 68, 46, 19, 74, 54, 20, 5, 2]], [8, []], [68, []], [46, []], [19, []], [74, []], [54, []], [20, []], [5, []], [2, []]], [[0, [62, 31]], [62, []], [31, []], [14, [14, 26]], [26, []], [11, [11, 22, 3, 67, 59, 6, 64, 47]], [22, []], [3, []], [67, []], [59, []], [6, []], [64, []], [47, []], [35, [35, 29, 41, 48, 36, 45, 63, 15, 58, 4]], [29, []], [41, []], [48, []], [36, []], [45, []], [63, []], [15, []], [58, []], [4, []], [10, [10, 24, 52, 71, 73, 72, 75, 53, 30, 33]], [24, []], [52, []], [71, []], [73, []], [72, []], [75, []], [53, []], [30, []], [33, []], [18, [18, 39, 65, 66, 1, 60, 32, 61, 28, 25]], [39, []], [65, []], [66, []], [1, []], [60, []], [32, []], [61, []], [28, []], [25, []]]], [[[51, [51, 9]]], [[14, [14, 26]]], [[11, [11, 22, 3, 67, 59, 6, 64, 47]]], [[9, [44, 70]]], [[12, [12, 40, 16, 21, 7, 55, 17, 56, 37, 43]]], [[35, [35, 29, 41, 48, 36, 45, 63, 15, 58, 4]]], [[13, [13, 42, 49, 38, 57, 69, 34, 27, 23]]], [[10, [10, 24, 52, 71, 73, 72, 75, 53, 30, 33]]], [[50, [50, 8, 68, 46, 19, 74, 54, 20, 5, 2]]], [[18, [18, 39, 65, 66, 1, 60, 32, 61, 28, 25]]]]]}
