{"file_name": "U_100_1", "number_of_trucks": 2, "drone_capacity": 10, "number_of_drones": 20, "iteration": 1, "best_fitness": 700.4765595040204, "runtime": 15614.333968877792, "best_solution": [[[[0, [74, 2]], [70, [13, 70, 99]], [2, []], [99, []], [76, [76, 33, 38]], [33, []], [38, []], [35, [31, 35, 94, 82]], [94, []], [82, []], [31, [85, 90, 20, 36, 12]], [90, []], [96, [96, 42, 67, 24, 73, 8]], [42, []], [67, []], [24, []], [73, []], [13, []], [8, []], [74, []], [7, [7, 30, 65, 72, 61, 56, 78, 88, 53, 15, 55, 86, 16]], [30, []], [65, []], [72, []], [12, []], [61, []], [56, []], [78, []], [88, []], [27, [27, 25, 83, 68, 58, 48, 52, 98, 87, 4]], [4, []], [25, []], [98, []], [87, []], [15, []], [55, []], [86, []], [83, []], [20, []], [68, []], [58, []], [36, []], [85, []], [48, []], [53, []], [52, []], [50, [50, 21, 100]], [21, []], [100, []], [16, []]], [[0, [9]], [5, [5, 11, 40, 64, 10, 66]], [11, []], [40, []], [64, []], [10, []], [66, []], [9, [43, 6, 3, 91, 32, 92]], [43, []], [6, []], [3, []], [91, []], [81, [81, 18, 28, 47, 51, 77, 63, 79]], [32, []], [28, []], [47, []], [51, []], [77, []], [63, []], [79, []], [71, [71, 45, 26, 46, 89, 97, 19]], [45, []], [26, []], [41, [41, 44, 22, 57]], [44, []], [22, []], [46, []], [89, []], [97, []], [19, []], [57, []], [34, [34, 80, 69, 17, 1, 59, 37, 75, 84, 39, 95, 60, 49, 54, 14, 93, 62, 29, 23]], [80, []], [69, []], [95, []], [49, []], [60, []], [17, []], [1, []], [59, []], [62, []], [29, []], [23, []], [37, []], [54, []], [92, []], [75, []], [14, []], [84, []], [93, []], [39, []], [18, []]]], [[[70, [13, 70, 99]]], [[5, [5, 11, 40, 64, 10, 66]]], [[9, [43, 6, 3, 91, 32, 92]]], [[81, [81, 18, 28, 47, 51, 77, 63, 79]]], [[76, [76, 33, 38]]], [[71, [71, 45, 26, 46, 89, 97, 19]]], [[35, [31, 35, 94, 82]]], [[41, [41, 44, 22, 57]]], [[31, [85, 90, 20, 36, 12]]], [[96, [96, 42, 67, 24, 73, 8]]], [[7, [53, 15, 55, 86, 16]]], [[34, [34, 80, 69, 17, 1, 59, 60, 54, 14, 93]]], [[34, [37, 75, 84, 39, 95, 49, 62, 29, 23]]], [[7, [7, 30, 65, 72, 61, 56, 78, 88]]], [[27, [27, 25, 83, 68, 58, 48, 52, 98, 87, 4]]], [[50, [50, 21, 100]]]]]}
{"file_name": "U_100_1", "number_of_trucks": 2, "drone_capacity": 10, "number_of_drones": 20, "iteration": 2, "best_fitness": 788.1999999999998, "runtime": 1678.1199672222137, "best_solution": [[[[0, [70, 38, 96, 91, 3, 18, 43, 19]], [70, []], [38, []], [96, []], [91, []], [3, []], [18, []], [43, []], [19, []], [31, [31, 46, 89, 93, 78, 56, 51, 97, 57, 34]], [46, []], [89, []], [93, []], [78, []], [56, []], [51, []], [97, []], [57, []], [34, []], [6, [6, 41, 4, 47, 88, 44, 22, 25, 54, 30]], [41, []], [4, []], [47, []], [88, []], [44, []], [22, []], [25, []], [54, []], [30, []], [14, [14, 8, 75, 7, 84, 39, 27, 26, 45, 16]], [8, []], [75, []], [7, []], [84, []], [39, []], [27, []], [26, []], [45, []], [16, []]], [[0, []], [13, [5, 13, 92, 74]], [92, []], [74, []], [76, [76, 66, 10, 33, 64]], [66, [86, 35, 94, 82]], [10, []], [33, []], [64, []], [86, []], [35, []], [94, []], [82, []], [2, [2, 11, 9, 71, 28, 12, 79, 77, 67, 73]], [11, []], [9, []], [71, []], [28, []], [12, []], [79, []], [77, []], [67, []], [73, []], [24, [24, 63, 65, 72, 61, 87, 42, 98, 32]], [63, []], [65, []], [72, []], [61, []], [87, []], [42, []], [98, []], [32, []], [5, []], [80, [80, 69, 99, 81, 36, 49, 60, 17, 1, 59]], [69, []], [99, []], [81, []], [36, []], [49, []], [60, []], [17, []], [1, []], [59, []], [37, [37, 40, 29, 23, 62, 83, 55, 15, 20, 68]], [40, []], [29, []], [23, []], [62, []], [83, []], [55, []], [15, []], [20, []], [68, []], [58, [58, 85, 95, 48, 53, 52, 50, 90, 21, 100]], [85, []], [95, []], [48, []], [53, []], [52, []], [50, []], [90, []], [21, []], [100, []]]], [[[13, [5, 13, 92, 74]]], [[76, [76, 66, 10, 33, 64]]], [[66, [86, 35, 94, 82]]], [[2, [2, 11, 9, 71, 28, 12, 79, 77, 67, 73]]], [[24, [24, 63, 65, 72, 61, 87, 42, 98, 32]]], [[31, [31, 46, 89, 93, 78, 56, 51, 97, 57, 34]]], [[80, [80, 69, 99, 81, 36, 49, 60, 17, 1, 59]]], [[6, [6, 41, 4, 47, 88, 44, 22, 25, 54, 30]]], [[37, [37, 40, 29, 23, 62, 83, 55, 15, 20, 68]]], [[58, [58, 85, 95, 48, 53, 52, 50, 90, 21, 100]]], [[14, [14, 8, 75, 7, 84, 39, 27, 26, 45, 16]]]]]}
{"file_name": "U_100_1", "number_of_trucks": 2, "drone_capacity": 10, "number_of_drones": 20, "iteration": 3, "best_fitness": 923.9999999999998, "runtime": 1532.6499891281128, "best_solution": [[[[0, [99, 32, 3, 70, 9, 43, 51, 81, 91, 90, 31, 57, 93, 69, 98, 85, 82, 60, 42, 4, 56, 92, 14, 24, 67, 13, 8, 74]], [99, []], [32, []], [3, []], [70, []], [9, []], [43, []], [51, []], [81, []], [91, []], [90, []], [31, []], [57, []], [93, []], [69, []], [98, []], [85, []], [82, []], [60, []], [42, []], [4, []], [56, []], [92, []], [14, []], [24, []], [67, []], [13, []], [8, []], [74, []], [7, [7, 75, 84, 72, 87, 48, 52, 50, 21, 100]], [75, []], [84, []], [72, []], [87, []], [48, []], [52, []], [50, []], [21, []], [100, []]], [[0, [2, 11, 76, 5, 10, 38, 86, 64, 40, 94, 20, 35]], [2, []], [11, []], [76, []], [5, []], [10, []], [38, []], [86, [65, 30, 12, 71, 77, 73, 63, 79, 61, 88]], [64, []], [40, []], [94, []], [20, []], [35, []], [65, []], [30, []], [12, []], [71, []], [77, []], [73, []], [63, []], [79, []], [61, []], [88, []], [44, [44, 41, 22, 46, 89, 97, 19, 34, 18, 16]], [41, []], [22, []], [46, []], [89, []], [97, []], [19, []], [34, []], [18, []], [16, []], [80, [80, 53, 96, 68, 58, 36, 95, 49, 17, 1]], [53, []], [96, []], [68, []], [58, []], [36, []], [95, []], [49, []], [17, []], [1, []], [59, [59, 55, 15, 83, 29, 23, 62, 37, 54, 33]], [55, []], [15, []], [83, []], [29, []], [23, []], [62, []], [37, []], [54, []], [33, []], [66, [66, 28, 25, 47, 78, 27, 39, 26, 45, 6]], [28, []], [25, []], [47, []], [78, []], [27, []], [39, []], [26, []], [45, []], [6, []]]], [[[86, [65, 30, 12, 71, 77, 73, 63, 79, 61, 88]]], [[44, [44, 41, 22, 46, 89, 97, 19, 34, 18, 16]]], [[80, [80, 53, 96, 68, 58, 36, 95, 49, 17, 1]]], [[59, [59, 55, 15, 83, 29, 23, 62, 37, 54, 33]]], [[66, [66, 28, 25, 47, 78, 27, 39, 26, 45, 6]]], [[7, [7, 75, 84, 72, 87, 48, 52, 50, 21, 100]]]]]}
