{"file_name": "U_75_1", "number_of_trucks": 2, "drone_capacity": 10, "number_of_drones": 20, "iteration": 1, "best_fitness": 574.99567594097, "runtime": 5961.652401924133, "best_solution": [[[[0, [39]], [39, []], [64, [64, 55, 75, 58, 22, 32]], [55, []], [75, []], [58, []], [67, [67, 23, 65, 46, 38, 12, 9, 18]], [22, []], [12, []], [23, []], [65, []], [46, []], [38, []], [1, [1, 31, 52, 45, 13, 33]], [31, []], [52, []], [33, []], [13, []], [15, [15, 63, 37, 73, 41, 25]], [63, []], [44, [44, 42, 62, 27, 60]], [45, []], [37, []], [32, []], [56, [56, 68, 51, 40, 4]], [68, []], [51, []], [73, []], [40, []], [18, []], [25, []], [42, []], [60, []], [9, []], [62, []], [27, []], [4, []], [41, []]], [[0, []], [8, [8, 61, 21]], [61, []], [21, []], [17, [24, 17]], [24, []], [16, [16, 7, 70, 2, 20, 5, 6]], [7, []], [30, [30]], [20, []], [5, []], [70, []], [2, [74, 54, 35, 34, 50, 59]], [74, []], [54, []], [35, []], [34, []], [10, [28, 47, 69, 66, 53, 43, 57, 49, 10, 29]], [50, []], [43, []], [28, []], [47, []], [57, []], [69, []], [66, []], [53, []], [6, []], [49, []], [11, [11, 36, 19, 3, 72, 71, 48, 26, 14]], [3, []], [14, []], [72, []], [29, []], [36, []], [71, []], [48, []], [19, []], [26, []], [59, []]]], [[[8, [8, 61, 21]]], [[17, [24, 17]]], [[16, [16, 7, 70, 2, 20, 5, 6]]], [[30, [30]]], [[64, [64, 55, 75, 58, 22, 32]]], [[67, [67, 23, 65, 46, 38, 12, 9, 18]]], [[2, [74, 54, 35, 34, 50, 59]]], [[1, [1, 31, 52, 45, 13, 33]]], [[15, [15, 63, 37, 73, 41, 25]]], [[44, [44, 42, 62, 27, 60]]], [[10, [28, 47, 69, 66, 53, 10]]], [[10, [43, 57, 49, 29]]], [[56, [56, 68, 51, 40, 4]]], [[11, [11, 36, 19, 3, 72, 71, 48, 26, 14]]]]]}
{"file_name": "U_75_1", "number_of_trucks": 2, "drone_capacity": 10, "number_of_drones": 20, "iteration": 2, "best_fitness": 647.287572582032, "runtime": 568.6036283969879, "best_solution": [[[[0, []], [32, [32, 34, 5, 51, 7]], [34, []], [5, []], [51, []], [7, []], [38, [38, 46, 65, 12, 75]], [46, []], [65, [50, 29]], [12, []], [75, []], [50, []], [29, []], [16, [16, 13, 67, 33, 52, 31, 21, 22, 59, 26]], [13, []], [67, []], [33, []], [52, []], [31, []], [21, []], [22, []], [59, []], [26, []], [15, [15, 30, 10, 68, 56, 74, 11, 14, 3, 72]], [30, []], [10, []], [68, []], [56, []], [74, []], [11, []], [14, []], [3, []], [72, []], [28, [28, 40, 36, 20, 39, 25, 18, 42, 4, 41]], [40, []], [36, []], [20, []], [39, []], [25, []], [18, []], [42, []], [4, []], [41, []]], [[0, [61, 8, 23]], [61, []], [8, []], [23, []], [9, [9, 17, 24, 58, 49, 55, 6, 64, 70, 2]], [17, []], [24, []], [58, []], [49, []], [55, []], [6, []], [64, []], [70, []], [2, []], [69, [69, 43, 54, 35, 37, 73, 57, 66, 53, 47]], [43, []], [54, []], [35, []], [37, []], [73, []], [57, []], [66, []], [53, []], [47, []], [62, [62, 27, 60, 63, 45, 44, 71, 48, 19, 1]], [27, []], [60, []], [63, []], [45, []], [44, []], [71, []], [48, []], [19, []], [1, []]]], [[[32, [32, 34, 5, 51, 7]]], [[38, [38, 46, 65, 12, 75]]], [[9, [9, 17, 24, 58, 49, 55, 6, 64, 70, 2]]], [[65, [50, 29]]], [[16, [16, 13, 67, 33, 52, 31, 21, 22, 59, 26]]], [[69, [69, 43, 54, 35, 37, 73, 57, 66, 53, 47]]], [[15, [15, 30, 10, 68, 56, 74, 11, 14, 3, 72]]], [[28, [28, 40, 36, 20, 39, 25, 18, 42, 4, 41]]], [[62, [62, 27, 60, 63, 45, 44, 71, 48, 19, 1]]]]]}
{"file_name": "U_75_1", "number_of_trucks": 2, "drone_capacity": 10, "number_of_drones": 20, "iteration": 3, "best_fitness": 662.1199999999999, "runtime": 550.4141893386841, "best_solution": [[[[0, [39, 7, 51, 75]], [39, []], [7, []], [51, []], [75, []], [5, [5, 6, 64, 55, 49, 74]], [6, []], [64, []], [55, []], [49, []], [74, []], [29, [29, 38, 46, 45, 63, 30, 20, 32, 34, 10]], [38, []], [46, []], [45, []], [63, []], [30, []], [20, []], [32, []], [34, []], [10, []], [54, [54, 35, 68, 37, 73, 56, 43, 28, 3, 72]], [35, []], [68, []], [37, []], [73, []], [56, []], [43, []], [28, []], [3, []], [72, []], [14, [14, 11, 69, 47, 62, 27, 60, 4, 41, 59]], [11, []], [69, []], [47, []], [62, []], [27, []], [60, []], [4, []], [41, []], [59, []]], [[0, [8, 22, 17]], [8, []], [22, [24, 2]], [17, []], [24, []], [2, []], [70, [70, 9, 61, 21, 52, 12, 18, 58, 1, 65]], [9, []], [61, []], [21, []], [52, []], [12, []], [18, []], [58, []], [1, []], [65, []], [23, [23, 31, 33, 67, 13, 26, 15, 16, 25, 42]], [31, []], [33, []], [67, []], [13, []], [26, []], [15, []], [16, []], [25, []], [42, []], [57, [57, 66, 53, 50, 40, 36, 71, 44, 48, 19]], [66, []], [53, []], [50, []], [40, []], [36, []], [71, []], [44, []], [48, []], [19, []]]], [[[22, [24, 2]]], [[5, [5, 6, 64, 55, 49, 74]]], [[70, [70, 9, 61, 21, 52, 12, 18, 58, 1, 65]]], [[29, [29, 38, 46, 45, 63, 30, 20, 32, 34, 10]]], [[23, [23, 31, 33, 67, 13, 26, 15, 16, 25, 42]]], [[54, [54, 35, 68, 37, 73, 56, 43, 28, 3, 72]]], [[14, [14, 11, 69, 47, 62, 27, 60, 4, 41, 59]]], [[57, [57, 66, 53, 50, 40, 36, 71, 44, 48, 19]]]]]}
