{"file_name": "U_100_1", "number_of_trucks": 2, "drone_capacity": 10, "number_of_drones": 20, "iteration": 1, "best_fitness": 697.6589729734402, "runtime": 15177.732769012451, "best_solution": [[[[0, [10, 27, 50, 58]], [10, []], [27, []], [53, [4, 77, 88, 53]], [58, []], [50, []], [4, []], [77, []], [88, []], [28, [28, 74, 86, 67, 40, 59]], [74, [56, 91, 60, 99]], [86, []], [67, []], [40, []], [59, []], [56, []], [91, []], [60, []], [99, []], [30, [30, 93, 18, 46, 14, 44, 37, 12, 90, 48, 41, 21, 64, 36, 6, 22, 15, 52, 87, 23, 29]], [93, []], [37, []], [18, []], [11, [11, 71, 75]], [46, []], [14, []], [44, []], [71, []], [29, []], [75, []], [12, []], [90, []], [48, []], [23, []], [87, []], [5, [5, 34, 43, 84, 82]], [52, []], [34, []], [41, []], [43, []], [84, []], [21, []], [64, []], [36, []], [6, []], [22, []], [15, []], [82, []]], [[0, [54, 16, 73, 61, 62, 25]], [25, []], [61, []], [16, []], [62, []], [17, [24, 83, 17, 7]], [7, []], [54, []], [24, [9, 81]], [83, []], [73, []], [9, []], [81, []], [79, [79, 47, 42, 39, 1, 96, 70, 78, 35]], [47, []], [42, []], [39, []], [1, []], [96, []], [70, []], [78, []], [35, []], [33, [33, 100, 31, 32, 76, 8, 26, 95, 3, 38, 45, 80, 51, 20, 65, 57, 89]], [100, []], [31, []], [32, []], [76, []], [8, []], [26, []], [69, [69, 97, 68, 94, 63]], [97, []], [68, []], [65, []], [3, []], [89, []], [94, []], [63, []], [95, []], [49, [49, 19, 85, 92, 13, 2, 98, 66, 55, 72]], [20, []], [57, []], [19, []], [85, []], [92, []], [80, []], [13, []], [51, []], [66, []], [38, []], [55, []], [2, []], [72, []], [45, []], [98, []]]], [[[53, [4, 77, 88, 53]]], [[28, [28, 74, 86, 67, 40, 59]]], [[17, [24, 83, 17, 7]]], [[74, [56, 91, 60, 99]]], [[24, [9, 81]]], [[79, [79, 47, 42, 39, 1, 96, 70, 78, 35]]], [[33, [33, 100, 31, 32, 76, 8, 26]]], [[30, [46, 14, 44, 21, 36, 6, 52, 23]]], [[33, [95, 3, 38, 45, 80, 51, 20, 65, 57, 89]]], [[30, [37, 12, 90, 48, 41, 64, 22, 15, 87, 29]]], [[69, [69, 97, 68, 94, 63]]], [[30, [30, 93, 18]]], [[49, [49, 19, 85, 92, 13, 2, 98, 66, 55, 72]]], [[11, [11, 71, 75]]], [[5, [5, 34, 43, 84, 82]]]]]}
{"file_name": "U_100_1", "number_of_trucks": 2, "drone_capacity": 10, "number_of_drones": 20, "iteration": 2, "best_fitness": 800.3291949231196, "runtime": 1764.8397312164307, "best_solution": [[[[0, [50]], [50, []], [17, [17, 74, 100, 7, 8, 61]], [74, []], [100, []], [7, []], [8, []], [61, []], [59, [59, 40, 67]], [40, []], [67, []], [42, [42, 9, 10, 56, 28, 45, 36]], [9, []], [10, []], [56, []], [28, []], [45, []], [36, []], [78, [78, 35, 21, 33, 79, 86, 69, 97, 65, 44]], [35, []], [21, []], [33, []], [79, []], [86, []], [69, []], [97, []], [65, []], [44, []], [46, [46, 94, 14, 53, 11, 2, 26, 31, 64, 6]], [94, []], [14, []], [53, []], [11, []], [2, []], [26, []], [31, []], [64, []], [6, []], [22, [22, 15, 82, 37, 51, 66, 55, 72, 98, 25]], [15, []], [82, []], [37, []], [51, []], [66, []], [55, []], [72, []], [98, []], [25, []]], [[0, [62, 16, 60]], [62, []], [16, []], [60, []], [88, [88, 91, 99, 68, 77, 27, 4, 18, 81, 24]], [91, []], [99, []], [68, []], [77, []], [27, []], [4, []], [18, []], [81, []], [24, []], [54, [54, 83, 73, 58, 93, 30, 89, 3, 38, 95]], [83, []], [73, []], [58, []], [93, []], [30, []], [89, []], [3, []], [38, []], [95, []], [87, [87, 1, 70, 96, 23, 12, 19, 90, 20, 49, 34, 41, 43, 84]], [1, []], [70, []], [96, []], [23, []], [12, []], [19, []], [90, []], [20, []], [49, []], [57, [57, 75, 29, 71, 63, 85, 92, 39, 48, 52, 13, 47, 80, 76, 32, 5]], [75, []], [29, []], [71, []], [63, []], [85, []], [92, []], [39, []], [48, []], [52, []], [5, []], [34, []], [41, []], [43, []], [84, []], [13, []], [47, []], [80, []], [76, []], [32, []]]], [[[17, [17, 74, 100, 7, 8, 61]]], [[59, [59, 40, 67]]], [[88, [88, 91, 99, 68, 77, 27, 4, 18, 81, 24]]], [[42, [42, 9, 10, 56, 28, 45, 36]]], [[54, [54, 83, 73, 58, 93, 30, 89, 3, 38, 95]]], [[78, [78, 35, 21, 33, 79, 86, 69, 97, 65, 44]]], [[87, [87, 1, 70, 96, 23, 12, 19, 90, 20, 49]]], [[46, [46, 94, 14, 53, 11, 2, 26, 31, 64, 6]]], [[22, [22, 15, 82, 37, 51, 66, 55, 72, 98, 25]]], [[87, [34, 41, 43, 84]]], [[57, [57, 75, 29, 71, 63, 85, 92, 39, 48, 52]]], [[57, [13, 47, 80, 76, 32, 5]]]]]}
{"file_name": "U_100_1", "number_of_trucks": 2, "drone_capacity": 10, "number_of_drones": 20, "iteration": 3, "best_fitness": 790.741515112869, "runtime": 2036.9498007297516, "best_solution": [[[[0, []], [27, [27]], [17, [17]], [99, [99]], [86, [86, 91, 60, 25, 16, 47, 18, 79]], [91, []], [60, []], [25, []], [16, []], [47, []], [18, []], [96, [96, 70, 23, 9, 1, 87, 74, 31, 33]], [70, []], [23, []], [9, []], [1, []], [87, []], [74, []], [31, []], [33, []], [79, []], [69, [69, 97, 56, 88, 45, 28, 82, 22, 64, 78]], [97, []], [56, []], [88, []], [45, []], [28, []], [82, []], [22, []], [64, []], [78, []], [21, [21, 84, 13, 43, 66, 55, 77, 72, 2, 98]], [84, []], [13, []], [43, []], [66, []], [55, []], [77, []], [72, []], [2, []], [98, []]], [[0, []], [54, [54, 10, 61]], [50, [50, 4, 73]], [4, []], [73, []], [83, [83]], [24, [24, 7, 67, 40, 62]], [7, []], [67, []], [40, []], [61, []], [100, [100, 35, 42, 81, 38, 30, 65, 93, 95]], [35, []], [42, []], [81, []], [38, []], [30, []], [65, []], [93, []], [95, []], [10, []], [20, [20, 51, 37, 80, 76, 32, 8, 59, 26, 68]], [51, []], [37, []], [80, []], [76, []], [32, []], [8, []], [59, []], [26, []], [68, []], [3, [3, 89, 94, 46, 14, 58, 44, 53, 11, 63, 48, 5, 52]], [89, []], [94, []], [46, []], [14, []], [58, []], [44, []], [53, []], [11, []], [63, []], [71, [71, 29, 75, 85, 19, 57, 49, 12, 92, 90, 34, 41, 36, 6, 15, 39]], [29, []], [75, []], [85, []], [19, []], [57, []], [49, []], [12, []], [92, []], [90, []], [39, []], [48, []], [5, []], [52, []], [34, []], [41, []], [36, []], [6, []], [15, []], [62, []]]], [[[27, [27]]], [[54, [54, 10, 61]]], [[50, [50, 4, 73]]], [[17, [17]]], [[83, [83]]], [[24, [24, 7, 67, 40, 62]]], [[100, [100, 35, 42, 81, 38, 30, 65, 93, 95]]], [[99, [99]]], [[86, [86, 91, 60, 25, 16, 47, 18, 79]]], [[96, [96, 70, 23, 9, 1, 87, 74, 31, 33]]], [[20, [20, 51, 37, 80, 76, 32, 8, 59, 26, 68]]], [[69, [69, 97, 56, 88, 45, 28, 82, 22, 64, 78]]], [[3, [3, 89, 94, 46, 14, 58, 44, 53, 11, 63]]], [[3, [48, 5, 52]]], [[21, [21, 84, 13, 43, 66, 55, 77, 72, 2, 98]]], [[71, [71, 29, 75, 85, 19, 57, 49, 12, 92, 90]]], [[71, [34, 41, 36, 6, 15, 39]]]]]}
