{"file_name": "U_75_1", "number_of_trucks": 2, "drone_capacity": 10, "number_of_drones": 20, "iteration": 1, "best_fitness": 591.7006903862828, "runtime": 9219.99704504013, "best_solution": [[[[0, [56]], [56, []], [60, [60, 52, 53]], [53, []], [55, [55, 54, 24, 64, 34, 26, 21, 59, 74, 20, 32, 7, 22, 33, 6, 73, 8, 45, 49, 40, 12, 25, 43, 28, 9, 39, 41, 1, 4, 30]], [1, []], [73, []], [22, []], [20, []], [54, []], [4, []], [39, []], [34, []], [7, []], [26, []], [49, []], [21, []], [8, []], [45, []], [59, []], [52, []], [40, []], [36, [36, 3]], [50, [50, 37, 27]], [37, []], [12, []], [25, []], [74, []], [24, []], [64, []], [32, []], [33, []], [6, []], [30, []], [3, []], [27, []], [43, []], [28, []], [9, []], [41, []]], [[0, [58]], [35, [35, 72, 65]], [29, [29]], [48, [48, 5, 31, 69, 47]], [5, []], [72, []], [65, []], [31, []], [67, [67, 42, 57, 61, 16, 15]], [69, []], [47, []], [58, []], [15, []], [42, []], [68, [68, 75, 63, 19, 38, 62, 66]], [75, []], [66, []], [61, []], [2, [2, 71, 23, 14, 18, 46, 11, 13, 44, 17]], [18, []], [46, []], [14, []], [11, []], [16, []], [57, [51, 70, 10]], [71, []], [62, []], [23, []], [19, []], [13, []], [44, []], [38, []], [70, []], [10, []], [17, []], [51, []], [63, []]]], [[[35, [35, 72, 65]]], [[29, [29]]], [[48, [48, 5, 31, 69, 47]]], [[67, [67, 42, 57, 61, 16, 15]]], [[60, [60, 52, 53]]], [[55, [34, 26, 21, 59, 74, 20, 32, 33, 40, 39]]], [[68, [68, 75, 63, 19, 38, 62, 66]]], [[55, [24, 64, 7, 22, 6, 73, 8, 45, 49, 30]]], [[2, [2, 71, 14, 46, 11, 13, 44]]], [[55, [12, 25, 43, 28, 9, 41, 1, 4]]], [[2, [23, 18, 17]]], [[55, [55, 54]]], [[57, [51, 70, 10]]], [[36, [36, 3]]], [[50, [50, 37, 27]]]]]}
{"file_name": "U_75_1", "number_of_trucks": 2, "drone_capacity": 10, "number_of_drones": 20, "iteration": 2, "best_fitness": 693.4465406723461, "runtime": 641.0419492721558, "best_solution": [[[[0, []], [58, [58, 47, 29, 61, 52]], [47, []], [29, []], [61, []], [52, []], [45, [45]], [15, [15, 49, 75, 2, 55, 63, 39, 41]], [49, []], [75, []], [2, []], [55, []], [63, []], [39, []], [41, []], [30, [30, 33, 6, 4, 46, 73, 62, 71, 57, 25]], [33, []], [6, []], [4, []], [46, []], [73, []], [62, []], [71, []], [57, []], [25, []], [12, [12, 37, 50, 17, 51, 28, 10, 43, 3, 9]], [37, []], [50, []], [17, []], [51, []], [28, []], [10, []], [43, []], [3, []], [9, []]], [[0, [56]], [56, [66, 35]], [66, []], [35, []], [31, [31]], [69, [69, 53, 72, 60, 16, 65, 5]], [53, []], [72, []], [60, []], [16, []], [65, []], [5, []], [48, [48]], [54, [54, 27, 32, 24, 64, 74, 38, 14, 23]], [27, []], [32, []], [24, []], [64, []], [74, []], [38, []], [14, []], [23, []], [19, [19, 44, 8, 40, 36, 59, 68, 18, 1, 22]], [44, []], [8, []], [40, []], [36, []], [59, []], [68, []], [18, []], [1, []], [22, []], [20, [20, 70, 67, 11, 13, 21, 42, 26, 34, 7]], [70, []], [67, []], [11, []], [13, []], [21, []], [42, []], [26, []], [34, []], [7, []]]], [[[58, [58, 47, 29, 61, 52]]], [[56, [66, 35]]], [[31, [31]]], [[69, [69, 53, 72, 60, 16, 65, 5]]], [[48, [48]]], [[45, [45]]], [[15, [15, 49, 75, 2, 55, 63, 39, 41]]], [[54, [54, 27, 32, 24, 64, 74, 38, 14, 23]]], [[19, [19, 44, 8, 40, 36, 59, 68, 18, 1, 22]]], [[30, [30, 33, 6, 4, 46, 73, 62, 71, 57, 25]]], [[20, [20, 70, 67, 11, 13, 21, 42, 26, 34, 7]]], [[12, [12, 37, 50, 17, 51, 28, 10, 43, 3, 9]]]]]}
{"file_name": "U_75_1", "number_of_trucks": 2, "drone_capacity": 10, "number_of_drones": 20, "iteration": 3, "best_fitness": 687.8080066449672, "runtime": 581.966878414154, "best_solution": [[[[0, [65, 72, 53, 31]], [65, []], [72, []], [53, []], [31, []], [5, [5, 57, 60, 69, 45]], [57, []], [60, []], [69, []], [45, []], [54, [54]], [48, [48, 64, 38, 74, 24, 33, 30, 6, 41, 8, 29, 73, 18]], [64, []], [38, []], [74, []], [24, []], [33, []], [30, []], [6, []], [41, []], [66, [66, 61, 34, 26, 15, 40, 36, 59, 62, 71, 50, 17, 10, 28, 51, 13]], [61, []], [34, []], [26, []], [15, []], [40, []], [36, []], [59, []], [62, []], [71, []], [13, []], [8, []], [29, []], [73, []], [18, []], [50, []], [17, []], [10, []], [28, []], [51, []]], [[0, [56, 44, 58, 47, 35, 52]], [56, []], [44, []], [58, []], [47, []], [35, []], [52, []], [49, [49, 42, 7, 63, 55, 75, 46, 22, 16, 14]], [42, []], [7, []], [63, []], [55, []], [75, []], [46, []], [22, []], [16, []], [14, []], [11, [11, 67, 19, 23, 21, 68, 2, 39, 9, 27]], [67, []], [19, []], [23, []], [21, []], [68, []], [2, []], [39, []], [9, []], [27, []], [43, [43, 3, 32, 12, 25, 70, 20, 4, 37, 1]], [3, []], [32, []], [12, []], [25, []], [70, []], [20, []], [4, []], [37, []], [1, []]]], [[[5, [5, 57, 60, 69, 45]]], [[54, [54]]], [[48, [8, 29, 73, 18]]], [[48, [48, 64, 38, 74, 24, 33, 30, 6, 41]]], [[49, [49, 42, 7, 63, 55, 75, 46, 22, 16, 14]]], [[66, [66, 61, 34, 26, 15, 40, 36, 59, 62, 71]]], [[66, [50, 17, 10, 28, 51, 13]]], [[11, [11, 67, 19, 23, 21, 68, 2, 39, 9, 27]]], [[43, [43, 3, 32, 12, 25, 70, 20, 4, 37, 1]]]]]}
