{"file_name": "U_75_1", "number_of_trucks": 2, "drone_capacity": 10, "number_of_drones": 20, "iteration": 1, "best_fitness": 611.3807747544403, "runtime": 7276.517121076584, "best_solution": [[[[0, [64, 72, 26]], [69, [69, 19, 2]], [19, []], [64, []], [72, []], [26, []], [55, [55, 46, 45, 16, 29, 51, 58, 23]], [2, []], [46, []], [45, []], [16, []], [29, []], [51, []], [58, []], [56, [56, 24, 62, 71, 20, 35]], [24, []], [62, []], [44, [44, 5, 63, 52]], [75, [75, 17, 39, 30, 22, 74]], [23, []], [17, []], [39, []], [5, []], [71, []], [52, []], [22, []], [74, []], [63, []], [34, [68, 9, 14, 70, 38, 66, 34, 67]], [30, []], [67, []], [66, []], [68, []], [20, []], [9, []], [35, []], [14, []], [70, []], [38, []]], [[0, []], [47, [47, 12, 36, 7]], [36, []], [7, []], [31, [31, 49, 8, 37, 48, 18]], [8, []], [37, []], [49, []], [48, []], [18, []], [10, [10, 42, 54, 73, 57, 21, 4]], [57, []], [12, []], [4, []], [43, [43, 28, 13, 3, 50, 60, 11]], [28, []], [42, []], [54, [27, 41, 40, 15, 61, 53, 65]], [27, []], [41, []], [13, []], [3, []], [21, []], [25, [25]], [33, [33, 6, 32, 59, 1]], [6, []], [40, []], [32, []], [59, []], [50, []], [60, []], [1, []], [73, []], [65, []], [15, []], [61, []], [11, []], [53, []]]], [[[47, [47, 12, 36, 7]]], [[69, [69, 19, 2]]], [[55, [55, 46, 45, 16, 29, 51, 58, 23]]], [[31, [31, 49, 8, 37, 48, 18]]], [[56, [56, 24, 62, 71, 20, 35]]], [[10, [10, 42, 54, 73, 57, 21, 4]]], [[43, [43, 28, 13, 3, 50, 60, 11]]], [[44, [44, 5, 63, 52]]], [[75, [75, 17, 39, 30, 22, 74]]], [[54, [27, 41, 40, 15, 61, 53, 65]]], [[25, [25]]], [[34, [68, 9, 14, 70, 38, 66, 34, 67]]], [[33, [33, 6, 32, 59, 1]]]]]}
{"file_name": "U_75_1", "number_of_trucks": 2, "drone_capacity": 10, "number_of_drones": 20, "iteration": 2, "best_fitness": 693.4939137802808, "runtime": 630.5302555561066, "best_solution": [[[[0, []], [72, [72, 47, 64, 19]], [47, []], [64, []], [19, []], [46, [46, 55, 12, 10, 62, 51, 16]], [55, []], [12, []], [10, []], [62, []], [51, []], [16, []], [29, [29, 30, 58, 44, 17, 39, 23, 1, 11, 61, 28, 15, 69, 5]], [30, []], [58, []], [44, []], [17, []], [39, []], [23, []], [1, []], [11, []], [61, []], [26, [26, 22, 52, 71, 75, 66, 38, 43, 34, 50, 33, 6, 40, 32, 7, 59]], [22, []], [52, []], [71, []], [75, []], [66, []], [38, []], [43, []], [34, []], [50, []], [59, []], [33, []], [6, []], [40, []], [32, []], [7, []], [28, []], [15, []], [69, []], [5, []]], [[0, []], [37, [37]], [45, [45, 73, 31]], [73, []], [31, []], [24, [24, 56, 36, 35, 48, 18, 20, 57, 21, 60]], [56, []], [36, []], [35, []], [48, []], [18, []], [20, []], [57, []], [21, []], [60, []], [4, [4, 3, 13, 54, 42, 2, 63, 74, 8, 27]], [3, []], [13, []], [54, []], [42, []], [2, []], [63, []], [74, []], [8, []], [27, []], [49, [49, 41, 25, 14, 9, 68, 67, 70, 65, 53]], [41, []], [25, []], [14, []], [9, []], [68, []], [67, []], [70, []], [65, []], [53, []]]], [[[72, [72, 47, 64, 19]]], [[46, [46, 55, 12, 10, 62, 51, 16]]], [[37, [37]]], [[45, [45, 73, 31]]], [[24, [24, 56, 36, 35, 48, 18, 20, 57, 21, 60]]], [[29, [28, 15, 69, 5]]], [[29, [29, 30, 58, 44, 17, 39, 23, 1, 11, 61]]], [[4, [4, 3, 13, 54, 42, 2, 63, 74, 8, 27]]], [[26, [26, 22, 52, 71, 75, 66, 38, 43, 34, 50]]], [[26, [33, 6, 40, 32, 7, 59]]], [[49, [49, 41, 25, 14, 9, 68, 67, 70, 65, 53]]]]]}
{"file_name": "U_75_1", "number_of_trucks": 2, "drone_capacity": 10, "number_of_drones": 20, "iteration": 3, "best_fitness": 723.0669998378204, "runtime": 554.4581036567688, "best_solution": [[[[0, [19, 26, 47, 48, 51, 57]], [19, []], [26, []], [47, []], [48, []], [51, []], [57, []], [18, [18, 36, 21, 20, 12, 50, 42, 43, 63, 15]], [36, []], [21, []], [20, []], [12, []], [50, []], [42, []], [43, []], [63, []], [15, []], [72, [72, 52, 61, 11, 71, 73, 65, 38, 70, 60]], [52, []], [61, []], [11, []], [71, []], [73, []], [65, []], [38, []], [70, []], [60, []], [4, [4, 25, 49, 6, 40, 32, 33, 59, 34, 1]], [25, []], [49, []], [6, []], [40, []], [32, []], [33, []], [59, []], [34, []], [1, []]], [[0, [37, 7, 30]], [37, [46, 45, 2, 31, 55, 29]], [7, []], [30, []], [46, []], [45, []], [2, []], [31, []], [55, []], [29, []], [69, [69, 16, 5, 17, 23, 58, 62, 44, 24, 54]], [16, []], [5, []], [17, []], [23, []], [58, []], [62, []], [44, []], [24, []], [54, []], [28, [28, 64, 22, 74, 8, 27, 41, 13, 3, 9]], [64, []], [22, []], [74, []], [8, []], [27, []], [41, []], [13, []], [3, []], [9, []], [35, [35, 14, 10, 68, 56, 67, 66, 75, 39, 53]], [14, []], [10, []], [68, []], [56, []], [67, []], [66, []], [75, []], [39, []], [53, []]]], [[[37, [46, 45, 2, 31, 55, 29]]], [[69, [69, 16, 5, 17, 23, 58, 62, 44, 24, 54]]], [[18, [18, 36, 21, 20, 12, 50, 42, 43, 63, 15]]], [[72, [72, 52, 61, 11, 71, 73, 65, 38, 70, 60]]], [[28, [28, 64, 22, 74, 8, 27, 41, 13, 3, 9]]], [[35, [35, 14, 10, 68, 56, 67, 66, 75, 39, 53]]], [[4, [4, 25, 49, 6, 40, 32, 33, 59, 34, 1]]]]]}
