{"file_name": "U_100_1", "number_of_trucks": 2, "drone_capacity": 10, "number_of_drones": 20, "iteration": 1, "best_fitness": 673.2189219800933, "runtime": 15569.18506193161, "best_solution": [[[[0, []], [74, [74, 24]], [24, []], [88, [52, 88, 73]], [73, []], [52, [41, 21, 65, 1, 92, 9]], [41, []], [21, []], [43, [43, 98, 95, 2, 96, 40, 56, 22, 4, 47, 18, 32]], [95, []], [65, []], [1, []], [2, []], [92, []], [47, []], [4, []], [98, []], [96, []], [9, []], [14, [14, 86, 57, 6, 63, 85, 38, 31]], [31, []], [86, []], [22, []], [57, []], [18, []], [40, []], [32, []], [6, []], [91, [91, 82, 75, 58, 99, 55, 67, 51, 61, 87, 100]], [82, []], [87, []], [75, []], [99, []], [55, []], [100, []], [38, []], [56, []], [69, [69, 5, 76, 35, 94, 15, 11, 12]], [5, []], [76, []], [35, []], [58, []], [94, []], [15, []], [11, []], [12, []], [63, []], [67, []], [51, []], [61, []], [85, []]], [[0, []], [97, [97]], [50, [50, 30, 90, 71, 84, 29, 48, 44, 49, 81, 79, 62]], [30, []], [34, [34]], [90, []], [62, []], [71, []], [84, []], [29, []], [48, []], [44, []], [49, []], [81, []], [79, []], [37, [37, 54, 39, 36, 59, 70, 46, 93, 3]], [54, []], [39, []], [36, []], [59, []], [70, []], [46, []], [93, []], [3, []], [17, [78, 17, 23, 16, 89, 77, 19, 27, 45, 8, 83, 64, 53]], [78, []], [27, []], [23, []], [16, []], [89, []], [77, []], [19, []], [53, []], [26, [26, 68, 80, 72, 42, 66, 60, 20, 33, 10, 28, 13, 7, 25]], [68, []], [80, []], [83, []], [72, []], [42, []], [45, []], [8, []], [60, []], [13, []], [7, []], [33, []], [10, []], [28, []], [20, []], [66, []], [25, []], [64, []]]], [[[74, [74, 24]]], [[88, [52, 88, 73]]], [[97, [97]]], [[50, [90, 71, 84, 29, 48, 44, 49, 81, 79, 62]]], [[52, [41, 21, 65, 1, 92, 9]]], [[50, [50, 30]]], [[34, [34]]], [[37, [37, 54, 39, 36, 59, 70, 46, 93, 3]]], [[17, [83, 64, 53]]], [[17, [78, 17, 23, 16, 89, 77, 19, 27, 45, 8]]], [[43, [95, 2, 96, 40, 56, 22, 4, 47, 18, 32]]], [[43, [43, 98]]], [[14, [14, 86, 57, 6, 63, 85, 38, 31]]], [[91, [67, 51, 61, 87, 100]]], [[91, [91, 82, 75, 58, 99, 55]]], [[26, [26, 68, 80, 72, 42, 33, 10, 28, 13]]], [[26, [66, 60, 20, 7, 25]]], [[69, [69, 5, 76, 35, 94, 15, 11, 12]]]]]}
{"file_name": "U_100_1", "number_of_trucks": 2, "drone_capacity": 10, "number_of_drones": 20, "iteration": 2, "best_fitness": 1127.3999999999999, "runtime": 1327.2342944145203, "best_solution": [[[[0, [84, 21, 88, 29, 41, 79, 96, 92, 22, 40, 57, 2, 86, 49, 12, 48, 56, 38, 5, 55, 87, 99, 81, 11, 42, 83, 80, 68, 6, 75, 35, 31, 94, 43, 15, 76, 100, 69, 82, 91, 61, 85]], [84, []], [21, []], [88, []], [29, []], [41, []], [79, []], [96, []], [92, []], [22, []], [40, []], [57, []], [2, []], [86, []], [49, []], [12, []], [48, []], [56, []], [38, []], [5, []], [55, []], [87, []], [99, []], [81, []], [11, []], [42, []], [83, []], [80, []], [68, []], [6, []], [75, []], [35, []], [31, []], [94, []], [43, []], [15, []], [76, []], [100, []], [69, []], [82, []], [91, []], [61, []], [85, []]], [[0, [97, 74, 36, 39, 59, 70, 23, 73, 50, 62, 71, 44, 32, 14, 9, 47, 4, 98, 37, 1, 54, 46, 30, 24, 8, 65, 95, 18, 58, 45, 72, 19, 63, 53, 26, 34, 52, 25, 66, 78, 27, 28, 10, 17, 20, 89, 77, 16, 3, 93, 7, 33, 13, 60, 67, 51, 90, 64]], [97, []], [74, []], [36, []], [39, []], [59, []], [70, []], [23, []], [73, []], [50, []], [62, []], [71, []], [44, []], [32, []], [14, []], [9, []], [47, []], [4, []], [98, []], [37, []], [1, []], [54, []], [46, []], [30, []], [24, []], [8, []], [65, []], [95, []], [18, []], [58, []], [45, []], [72, []], [19, []], [63, []], [53, []], [26, []], [34, []], [52, []], [25, []], [66, []], [78, []], [27, []], [28, []], [10, []], [17, []], [20, []], [89, []], [77, []], [16, []], [3, []], [93, []], [7, []], [33, []], [13, []], [60, []], [67, []], [51, []], [90, []], [64, []]]], []]}
{"file_name": "U_100_1", "number_of_trucks": 2, "drone_capacity": 10, "number_of_drones": 20, "iteration": 3, "best_fitness": 1113.8799999999999, "runtime": 1309.7523114681244, "best_solution": [[[[0, [9, 44, 48, 21, 50, 34, 90, 97, 84, 49, 98, 47, 57, 22, 2, 79, 6, 5, 38, 82, 62, 41, 99, 12, 35, 58, 18, 86, 43, 11, 14, 31, 81, 72, 42, 83, 80, 75, 76, 94, 15, 69, 100, 55, 91, 61]], [9, []], [44, []], [48, []], [21, []], [50, []], [34, []], [90, []], [97, []], [84, []], [49, []], [98, []], [47, []], [57, []], [22, []], [2, []], [79, []], [6, []], [5, []], [38, []], [82, []], [62, []], [41, []], [99, []], [12, []], [35, []], [58, []], [18, []], [86, []], [43, []], [11, []], [14, []], [31, []], [81, []], [72, []], [42, []], [83, []], [80, []], [75, []], [76, []], [94, []], [15, []], [69, []], [100, []], [55, []], [91, []], [61, []]], [[0, [1, 92, 36, 30, 74, 24, 73, 88, 29, 56, 71, 32, 40, 95, 65, 96, 4, 54, 46, 39, 7, 70, 59, 37, 68, 45, 16, 3, 93, 89, 17, 78, 25, 52, 66, 26, 87, 67, 19, 77, 20, 10, 28, 27, 23, 33, 13, 60, 8, 51, 63, 53, 64, 85]], [1, []], [92, []], [36, []], [30, []], [74, []], [24, []], [73, []], [88, []], [29, []], [56, []], [71, []], [32, []], [40, []], [95, []], [65, []], [96, []], [4, []], [54, []], [46, []], [39, []], [7, []], [70, []], [59, []], [37, []], [68, []], [45, []], [16, []], [3, []], [93, []], [89, []], [17, []], [78, []], [25, []], [52, []], [66, []], [26, []], [87, []], [67, []], [19, []], [77, []], [20, []], [10, []], [28, []], [27, []], [23, []], [33, []], [13, []], [60, []], [8, []], [51, []], [63, []], [53, []], [64, []], [85, []]]], []]}
