{"file_name": "U_75_1", "number_of_trucks": 2, "drone_capacity": 10, "number_of_drones": 20, "iteration": 1, "best_fitness": 588.8340642547516, "runtime": 7207.798871994019, "best_solution": [[[[0, [47, 11, 35, 43, 34, 17]], [38, [38, 6, 28, 41, 42]], [6, []], [41, [66, 54, 44, 3, 61, 4, 10, 24, 46]], [42, []], [47, []], [66, []], [11, []], [54, []], [44, []], [3, []], [61, []], [4, []], [35, []], [10, []], [24, []], [46, [27, 75]], [34, []], [27, []], [30, [30, 25, 50, 12, 71, 55, 20, 48, 45, 51]], [75, []], [43, []], [25, []], [50, []], [12, []], [71, []], [55, []], [20, []], [48, []], [8, [8, 33, 5, 58, 70, 74]], [45, []], [51, []], [17, []], [33, []], [28, []], [5, []], [58, []], [70, []], [74, []]], [[0, []], [67, [26, 21, 15, 1, 9, 16, 52, 22, 56, 67, 64]], [26, []], [64, [65]], [65, [62, 57, 7]], [56, []], [21, []], [62, []], [57, []], [7, []], [15, []], [1, []], [13, [13, 69, 68]], [68, []], [69, [2, 72, 29]], [2, []], [72, []], [9, []], [16, []], [52, []], [22, []], [29, []], [73, [73, 31, 18, 59, 53, 40, 63, 49, 14, 60]], [31, []], [23, [23, 36, 32, 37, 19, 39]], [18, []], [59, []], [53, []], [36, []], [32, []], [40, []], [60, []], [19, []], [39, []], [63, []], [37, []], [49, []], [14, []]]], [[[38, [38, 6, 28, 41, 42]]], [[41, [66, 54, 44, 3, 61, 4, 10, 24, 46]]], [[67, [15, 1, 9, 16, 52, 22, 56, 67, 64]]], [[67, [26, 21]]], [[64, [65]]], [[65, [62, 57, 7]]], [[13, [13, 69, 68]]], [[69, [2, 72, 29]]], [[73, [73, 31, 18, 59, 53, 40, 63, 49, 14, 60]]], [[46, [27, 75]]], [[30, [30, 25, 50, 12, 71, 55, 20, 48, 45, 51]]], [[23, [23, 36, 32, 37, 19, 39]]], [[8, [8, 33, 5, 58, 70, 74]]]]]}
{"file_name": "U_75_1", "number_of_trucks": 2, "drone_capacity": 10, "number_of_drones": 20, "iteration": 2, "best_fitness": 911.52, "runtime": 482.79395151138306, "best_solution": [[[[0, [64, 41, 47, 11, 28, 6, 66, 1, 15, 49, 38, 2, 12, 22, 59, 53, 25, 75, 71, 27, 39, 56, 48, 8, 4, 60, 19, 32, 36, 73, 31, 23, 18, 37, 5, 58]], [64, []], [41, []], [47, []], [11, []], [28, []], [6, []], [66, []], [1, []], [15, []], [49, []], [38, []], [2, []], [12, []], [22, []], [59, []], [53, []], [25, []], [75, []], [71, []], [27, []], [39, []], [56, []], [48, []], [8, []], [4, []], [60, []], [19, []], [32, []], [36, []], [73, []], [31, []], [23, []], [18, []], [37, []], [5, []], [58, []]], [[0, [67, 65, 26, 17, 7, 34, 3, 21, 35, 62, 44, 54, 29, 43, 57, 9, 52, 40, 61, 16, 20, 72, 63, 55, 46, 24, 10]], [67, []], [65, []], [26, [45, 51]], [17, []], [7, []], [34, []], [3, []], [21, []], [35, []], [62, []], [44, []], [54, []], [29, []], [43, []], [57, []], [9, []], [52, []], [40, []], [61, []], [16, []], [20, []], [72, []], [63, []], [55, []], [46, []], [24, []], [10, []], [45, []], [51, []], [70, [70, 74, 14, 42, 13, 30, 68, 50, 69, 33]], [74, []], [14, []], [42, []], [13, []], [30, []], [68, []], [50, []], [69, []], [33, []]]], [[[26, [45, 51]]], [[70, [70, 74, 14, 42, 13, 30, 68, 50, 69, 33]]]]]}
{"file_name": "U_75_1", "number_of_trucks": 2, "drone_capacity": 10, "number_of_drones": 20, "iteration": 3, "best_fitness": 679.2730218558894, "runtime": 540.9300272464752, "best_solution": [[[[0, [64, 47, 29, 43, 6]], [64, []], [47, []], [29, []], [43, []], [6, []], [15, [15, 13, 66, 11, 54, 22, 68, 41, 1, 70]], [13, []], [66, []], [11, []], [54, []], [22, []], [68, []], [41, []], [1, []], [70, []], [42, [42, 14, 74, 49, 50, 25, 75, 18, 71, 27]], [14, []], [74, []], [49, []], [50, []], [25, []], [75, []], [18, []], [71, []], [27, []], [52, [52, 40, 19, 60, 39, 46, 48, 8, 33, 67]], [40, []], [19, []], [60, []], [39, []], [46, []], [48, []], [8, []], [33, []], [67, []]], [[0, [26, 38, 57, 62]], [26, []], [38, []], [57, [17, 56, 10, 35, 3, 61]], [62, []], [17, []], [56, []], [10, []], [35, []], [3, []], [61, []], [4, [4, 24, 9, 16, 21, 34, 2, 7, 72, 28]], [24, []], [9, []], [16, []], [21, []], [34, []], [2, []], [7, []], [72, []], [28, []], [69, [69, 53, 59, 55, 20, 65, 45, 51, 63, 37]], [53, []], [59, []], [55, []], [20, []], [65, []], [45, []], [51, []], [63, []], [37, []], [12, [12, 23, 30, 31, 73, 36, 32, 44, 5, 58]], [23, []], [30, []], [31, []], [73, []], [36, []], [32, []], [44, []], [5, []], [58, []]]], [[[57, [17, 56, 10, 35, 3, 61]]], [[4, [4, 24, 9, 16, 21, 34, 2, 7, 72, 28]]], [[15, [15, 13, 66, 11, 54, 22, 68, 41, 1, 70]]], [[42, [42, 14, 74, 49, 50, 25, 75, 18, 71, 27]]], [[69, [69, 53, 59, 55, 20, 65, 45, 51, 63, 37]]], [[12, [12, 23, 30, 31, 73, 36, 32, 44, 5, 58]]], [[52, [52, 40, 19, 60, 39, 46, 48, 8, 33, 67]]]]]}
