{"file_name": "U_75_1", "number_of_trucks": 2, "drone_capacity": 10, "number_of_drones": 20, "iteration": 1, "best_fitness": 554.7181923013391, "runtime": 5423.678010940552, "best_solution": [[[[0, [14, 52, 5]], [14, []], [27, [27, 15, 65, 59, 16]], [52, []], [15, []], [49, [49, 42]], [42, []], [65, []], [11, [11, 19, 35, 56, 43, 17]], [19, []], [56, []], [39, [39, 53, 68, 6, 10]], [17, []], [5, []], [68, []], [64, [64, 55]], [36, [36, 23, 73, 74, 34]], [59, []], [34, []], [43, []], [35, []], [10, []], [16, []], [23, [48, 12, 66, 44, 24, 47, 46]], [73, []], [74, []], [66, []], [55, []], [47, []], [53, []], [44, []], [46, []], [24, []], [48, []], [12, []], [6, []]], [[0, [25, 28, 1, 70, 51, 71, 21]], [70, []], [69, [69, 4, 61, 20, 33, 32, 54, 38]], [28, []], [9, [45, 9, 13]], [13, [2, 7, 3, 31, 67]], [45, []], [2, []], [7, []], [3, []], [31, []], [67, []], [4, []], [1, []], [61, []], [20, []], [33, []], [32, []], [54, []], [38, []], [29, [29, 26, 60, 72, 63, 40, 57]], [71, []], [21, []], [57, []], [26, [62, 8, 22, 37, 50, 75, 41, 58, 18, 30]], [60, []], [72, []], [62, []], [25, []], [51, []], [8, []], [22, []], [37, []], [50, []], [63, []], [40, []], [41, []], [18, []], [75, []], [58, []], [30, []]]], [[[69, [4, 61, 20, 33, 32, 54, 38]]], [[27, [27, 15, 65, 59, 16]]], [[49, [49, 42]]], [[11, [11, 19, 35, 56, 43, 17]]], [[39, [39, 53, 68, 6, 10]]], [[64, [64, 55]]], [[69, [69]]], [[9, [45, 9, 13]]], [[36, [36, 23, 73, 74, 34]]], [[13, [2, 7, 3, 31, 67]]], [[29, [29, 26, 60, 72, 57]]], [[29, [63, 40]]], [[26, [62, 8, 22, 37, 50, 75, 41, 58, 18, 30]]], [[23, [48, 12, 66, 44, 24, 47, 46]]]]]}
{"file_name": "U_75_1", "number_of_trucks": 2, "drone_capacity": 10, "number_of_drones": 20, "iteration": 2, "best_fitness": 701.56, "runtime": 531.1017589569092, "best_solution": [[[[0, [65, 5, 20, 52, 15, 49]], [65, []], [5, [42, 53, 13]], [20, []], [52, []], [15, []], [49, []], [42, []], [53, []], [13, []], [28, [28, 9, 17, 39, 59, 3, 4, 36, 34, 10]], [9, []], [17, []], [39, []], [59, []], [3, []], [4, []], [36, []], [34, []], [10, []], [75, [75, 18, 27, 41, 40, 35, 16, 23, 73, 74]], [18, []], [27, []], [41, []], [40, []], [35, []], [16, []], [23, []], [73, []], [74, []], [66, [66, 55, 24, 46, 48, 44, 47, 69, 58, 30]], [55, []], [24, []], [46, []], [48, []], [44, []], [47, []], [69, []], [58, []], [30, []]], [[0, [70, 21, 71, 19, 14, 11, 63, 43, 2, 45, 56, 7, 67, 31, 1, 61]], [70, []], [21, []], [71, []], [19, []], [14, []], [11, []], [63, []], [43, []], [2, []], [45, []], [56, []], [7, []], [67, []], [31, []], [1, []], [61, []], [38, [38, 33, 32, 54, 25, 68, 64, 57, 29, 60]], [33, []], [32, []], [54, []], [25, []], [68, []], [64, []], [57, []], [29, []], [60, []], [26, [26, 51, 37, 22, 8, 72, 62, 50, 12, 6]], [51, []], [37, []], [22, []], [8, []], [72, []], [62, []], [50, []], [12, []], [6, []]]], [[[5, [42, 53, 13]]], [[28, [28, 9, 17, 39, 59, 3, 4, 36, 34, 10]]], [[38, [38, 33, 32, 54, 25, 68, 64, 57, 29, 60]]], [[75, [75, 18, 27, 41, 40, 35, 16, 23, 73, 74]]], [[66, [66, 55, 24, 46, 48, 44, 47, 69, 58, 30]]], [[26, [26, 51, 37, 22, 8, 72, 62, 50, 12, 6]]]]]}
{"file_name": "U_75_1", "number_of_trucks": 2, "drone_capacity": 10, "number_of_drones": 20, "iteration": 3, "best_fitness": 643.5037619344977, "runtime": 578.9848916530609, "best_solution": [[[[0, []], [25, [25, 5, 71, 49, 15, 52]], [5, [42, 33, 21]], [71, []], [49, []], [15, []], [52, []], [42, []], [33, []], [21, []], [57, [57, 60, 29, 38, 54, 32, 61, 68, 64, 26]], [60, []], [29, []], [38, []], [54, []], [32, []], [61, []], [68, []], [64, []], [26, []], [37, [37, 22, 8, 51, 62, 36, 72, 50, 40, 41]], [22, []], [8, []], [51, []], [62, []], [36, []], [72, []], [50, []], [40, []], [41, []]], [[0, []], [69, [69, 28, 70, 14, 65, 20]], [28, []], [70, []], [14, []], [65, []], [20, []], [31, [31, 43, 27, 19, 35, 45, 53, 13, 9, 2]], [43, []], [27, []], [19, []], [35, []], [45, []], [53, []], [13, []], [9, []], [2, []], [56, [56, 7, 39, 17, 1, 4, 59, 63, 11, 34]], [7, []], [39, []], [17, []], [1, []], [4, []], [59, []], [63, []], [11, []], [34, []], [10, [10, 16, 23, 75, 58, 18, 30, 47, 48, 24]], [16, []], [23, []], [75, []], [58, []], [18, []], [30, []], [47, []], [48, []], [24, []], [44, [44, 46, 55, 66, 74, 73, 3, 12, 67, 6]], [46, []], [55, []], [66, []], [74, []], [73, []], [3, []], [12, []], [67, []], [6, []]]], [[[25, [25, 5, 71, 49, 15, 52]]], [[69, [69, 28, 70, 14, 65, 20]]], [[5, [42, 33, 21]]], [[31, [31, 43, 27, 19, 35, 45, 53, 13, 9, 2]]], [[56, [56, 7, 39, 17, 1, 4, 59, 63, 11, 34]]], [[10, [10, 16, 23, 75, 58, 18, 30, 47, 48, 24]]], [[57, [57, 60, 29, 38, 54, 32, 61, 68, 64, 26]]], [[37, [37, 22, 8, 51, 62, 36, 72, 50, 40, 41]]], [[44, [44, 46, 55, 66, 74, 73, 3, 12, 67, 6]]]]]}
