{"file_name": "U_100_1", "number_of_trucks": 2, "drone_capacity": 10, "number_of_drones": 20, "iteration": 1, "best_fitness": 809.4, "runtime": 17456.006917476654, "best_solution": [[[[0, [28, 16, 65, 14, 77, 33, 36, 13, 78, 4, 95, 45, 18, 35, 2, 54, 53, 83, 61, 98, 79, 71, 74, 69, 52, 96, 22, 15, 19, 88, 43, 6, 10, 5, 72, 92]], [45, []], [18, []], [69, []], [52, []], [6, []], [22, []], [54, []], [35, []], [2, []], [28, []], [16, []], [5, []], [96, []], [65, []], [14, []], [83, []], [74, []], [77, []], [33, []], [36, []], [13, []], [71, []], [15, []], [72, []], [10, []], [19, []], [78, []], [4, []], [95, []], [98, []], [79, []], [88, []], [43, []], [92, []], [53, []], [61, []]], [[0, [59, 27, 85, 58, 93, 67, 49]], [93, []], [12, [12, 63, 40, 70, 9, 80, 1, 47, 90, 17]], [63, []], [40, []], [70, [41, 81, 32, 100]], [41, []], [9, []], [80, []], [1, []], [47, []], [90, []], [67, []], [49, []], [58, []], [81, [44, 39, 23, 82, 62, 60, 26, 99, 29, 8]], [32, []], [100, []], [26, []], [27, []], [99, []], [64, [64, 91, 20, 86]], [29, []], [91, []], [8, []], [44, []], [39, []], [23, []], [82, []], [59, []], [3, [3, 21, 55, 7, 66, 75, 46, 57, 56, 94, 11, 73, 31, 48]], [21, []], [75, []], [62, []], [60, []], [55, []], [46, []], [57, []], [86, []], [73, []], [85, []], [97, [97, 84, 87, 42, 25, 38, 68, 24, 50, 34, 37, 76, 89, 51, 30]], [31, []], [48, []], [84, []], [30, []], [87, []], [42, []], [25, []], [38, []], [68, []], [24, []], [50, []], [34, []], [7, []], [66, []], [17, []], [37, []], [76, []], [89, []], [56, []], [94, []], [11, []], [20, []], [51, []]]], [[[12, [17]]], [[12, [12, 63, 40, 70, 9, 80, 1, 47, 90]]], [[70, [41, 81, 32, 100]]], [[81, [26, 99, 29, 8]]], [[81, [44, 39, 23, 82, 62, 60]]], [[64, [64, 91, 20, 86]]], [[3, [75, 46, 57, 56, 94, 11]]], [[3, [3, 21, 55, 7, 66, 73, 31, 48]]], [[97, [97, 84, 87, 42, 25, 38, 68, 24, 50]]], [[97, [34, 37, 76, 89, 51, 30]]]]]}
{"file_name": "U_100_1", "number_of_trucks": 2, "drone_capacity": 10, "number_of_drones": 20, "iteration": 2, "best_fitness": 1105.9599999999998, "runtime": 1320.4246010780334, "best_solution": [[[[0, [99, 90, 9, 80, 70, 32, 100, 40, 6, 17, 24, 25, 86, 85, 31, 48, 94, 2, 28, 16, 44, 39, 23, 69, 64, 91, 45, 12, 97, 82, 95, 4, 78, 22, 72, 15, 13, 36, 41, 56, 83, 66, 34, 68, 87, 38, 61]], [99, []], [90, []], [9, []], [80, []], [70, []], [32, []], [100, []], [40, []], [6, []], [17, []], [24, []], [25, []], [86, []], [85, []], [31, []], [48, []], [94, []], [2, []], [28, []], [16, []], [44, []], [39, []], [23, []], [69, []], [64, []], [91, []], [45, []], [12, []], [97, []], [82, []], [95, []], [4, []], [78, []], [22, []], [72, []], [15, []], [13, []], [36, []], [41, []], [56, []], [83, []], [66, []], [34, []], [68, []], [87, []], [38, []], [61, []]], [[0, [27, 57, 63, 93, 18, 29, 8, 47, 50, 96, 1, 20, 59, 98, 81, 10, 19, 35, 54, 71, 67, 58, 49, 14, 26, 30, 88, 43, 79, 92, 62, 46, 53, 42, 60, 75, 21, 3, 73, 52, 51, 84, 5, 11, 89, 77, 33, 76, 37, 74, 7, 65, 55]], [27, []], [57, []], [63, []], [93, []], [18, []], [29, []], [8, []], [47, []], [50, []], [96, []], [1, []], [20, []], [59, []], [98, []], [81, []], [10, []], [19, []], [35, []], [54, []], [71, []], [67, []], [58, []], [49, []], [14, []], [26, []], [30, []], [88, []], [43, []], [79, []], [92, []], [62, []], [46, []], [53, []], [42, []], [60, []], [75, []], [21, []], [3, []], [73, []], [52, []], [51, []], [84, []], [5, []], [11, []], [89, []], [77, []], [33, []], [76, []], [37, []], [74, []], [7, []], [65, []], [55, []]]], []]}
{"file_name": "U_100_1", "number_of_trucks": 2, "drone_capacity": 10, "number_of_drones": 20, "iteration": 3, "best_fitness": 1058.44, "runtime": 1379.537171125412, "best_solution": [[[[0, [57, 58, 80, 19, 9, 17, 6, 67, 94, 41, 100, 20, 81, 39, 10, 54, 35, 28, 2, 44, 23, 16, 91, 45, 46, 61, 55, 62, 75, 85, 97, 52, 95, 4, 78, 22, 11, 56, 83, 7, 66, 34, 26, 30, 51, 86, 3, 21]], [57, []], [58, []], [80, []], [19, []], [9, []], [17, []], [6, []], [67, []], [94, []], [41, []], [100, []], [20, []], [81, []], [39, []], [10, []], [54, []], [35, []], [28, []], [2, []], [44, []], [23, []], [16, []], [91, []], [45, []], [46, []], [61, []], [55, []], [62, []], [75, []], [85, []], [97, []], [52, []], [95, []], [4, []], [78, []], [22, []], [11, []], [56, []], [83, []], [7, []], [66, []], [34, []], [26, []], [30, []], [51, []], [86, []], [3, []], [21, []]], [[0, [1, 99, 60, 90, 63, 12, 18, 93, 53, 27, 79, 65, 96, 59, 48, 31, 98, 82, 40, 32, 72, 15, 71, 49, 70, 47, 14, 92, 88, 43, 69, 8, 29, 64, 73]], [1, []], [99, [38, 25, 42, 68, 87, 24, 50]], [60, []], [90, []], [63, []], [12, []], [18, []], [93, []], [53, []], [27, []], [79, []], [65, []], [96, []], [59, []], [48, []], [31, []], [98, []], [82, []], [40, []], [32, []], [72, []], [15, []], [71, []], [49, []], [70, []], [47, []], [14, []], [92, []], [88, []], [43, []], [69, []], [8, []], [29, []], [64, []], [73, []], [38, []], [25, []], [42, []], [68, []], [87, []], [24, []], [50, []], [74, [74, 37, 76, 89, 77, 33, 36, 13, 5, 84]], [37, []], [76, []], [89, []], [77, []], [33, []], [36, []], [13, []], [5, []], [84, []]]], [[[99, [38, 25, 42, 68, 87, 24, 50]]], [[74, [74, 37, 76, 89, 77, 33, 36, 13, 5, 84]]]]]}
