{"file_name": "U_100_1", "number_of_trucks": 2, "drone_capacity": 10, "number_of_drones": 20, "iteration": 1, "best_fitness": 655.7969442208384, "runtime": 17488.071083545685, "best_solution": [[[[0, []], [14, [14, 85, 3]], [2, [23, 17, 71, 2]], [23, []], [17, []], [3, []], [71, [99, 31, 93, 88, 4, 91]], [31, []], [93, []], [88, []], [42, [42, 32, 27, 34, 69, 52]], [34, []], [52, []], [69, []], [29, [29, 1, 78, 70, 65, 61]], [91, []], [1, []], [78, []], [65, []], [70, []], [61, []], [27, []], [75, [75, 5, 49, 55, 81, 11, 73, 36, 82, 12]], [5, []], [49, []], [55, []], [32, []], [11, []], [73, []], [81, []], [99, []], [35, [35, 83, 39, 28, 87, 92, 68, 40, 89, 22, 46, 45, 84, 10]], [87, []], [28, []], [85, []], [83, []], [39, []], [4, []], [36, []], [82, []], [92, []], [68, []], [40, []], [89, []], [22, []], [46, []], [45, []], [84, []], [12, []], [10, []]], [[0, []], [37, [37]], [18, [18, 38, 30, 47, 60, 16, 44, 53, 67, 74, 80, 96]], [38, [86, 24, 33, 15]], [15, []], [86, []], [24, []], [33, []], [67, []], [74, []], [80, []], [96, []], [30, []], [47, []], [60, []], [53, []], [16, []], [44, []], [51, [51, 66, 13, 77, 62, 8, 54, 59, 72, 9, 41, 94, 79, 43, 21, 100, 48, 56, 58, 76, 95, 7]], [66, []], [13, []], [9, []], [97, [97, 19, 63, 25]], [77, []], [94, []], [95, []], [7, []], [62, []], [8, []], [54, []], [59, []], [72, []], [41, []], [76, []], [19, []], [64, [64, 26, 20, 98, 90, 50]], [63, []], [25, []], [79, []], [100, []], [48, []], [56, []], [57, [57, 6]], [26, []], [20, []], [50, []], [58, []], [98, []], [90, []], [6, []], [43, []], [21, []]]], [[[14, [14, 85, 3]]], [[37, [37]]], [[18, [30, 47, 60, 16, 44, 53, 67, 74, 80, 96]]], [[18, [18, 38]]], [[38, [86, 24, 33, 15]]], [[2, [23, 17, 71, 2]]], [[71, [99, 31, 93, 88, 4, 91]]], [[42, [42, 32, 27, 34, 69, 52]]], [[29, [29, 1, 78, 70, 65, 61]]], [[51, [9, 41, 94, 79, 48, 56, 95]]], [[51, [8, 54, 59, 72, 43, 21, 100, 58, 76, 7]]], [[75, [11, 73, 36, 82, 12]]], [[51, [51, 66, 13, 77, 62]]], [[75, [75, 5, 49, 55, 81]]], [[97, [97, 19, 63, 25]]], [[35, [35, 83, 39, 28, 87]]], [[64, [64, 26, 20, 98, 90, 50]]], [[57, [57, 6]]], [[35, [92, 68, 40, 89, 22, 46, 45, 84, 10]]]]]}
{"file_name": "U_100_1", "number_of_trucks": 2, "drone_capacity": 10, "number_of_drones": 20, "iteration": 2, "best_fitness": 733.609917069562, "runtime": 1911.7562305927277, "best_solution": [[[[0, []], [19, [19]], [50, [50]], [67, [67]], [69, [69, 38]], [38, [34, 33, 31, 93, 15, 88]], [34, []], [33, []], [31, []], [93, []], [88, []], [71, [71, 42, 48, 56, 29, 12, 61, 21]], [42, []], [48, []], [56, []], [29, []], [12, []], [61, []], [21, []], [15, []], [78, [78, 49, 95, 94, 7, 62, 54, 20, 26, 41]], [49, []], [95, []], [94, []], [7, []], [62, []], [54, []], [20, []], [26, []], [41, []], [63, [63, 43, 6, 25, 79, 100, 57, 52, 90, 98]], [43, []], [6, []], [25, []], [79, []], [100, []], [57, []], [52, []], [90, []], [98, []], [64, [64, 24, 1, 46, 22, 45, 5, 65, 84, 40]], [24, []], [1, []], [46, []], [22, []], [45, []], [5, []], [65, []], [84, []], [40, []]], [[0, []], [37, [37, 85]], [85, []], [55, [55]], [17, [17, 3]], [3, []], [86, [86, 14, 51, 53, 44, 16]], [14, []], [51, []], [53, []], [44, []], [16, []], [4, [4, 70, 74, 27, 30, 60, 47, 80, 2, 66]], [70, []], [74, []], [27, []], [30, []], [60, []], [47, []], [80, []], [2, []], [66, []], [23, [23, 99, 81, 77, 9, 97, 32, 13, 73, 75]], [99, []], [81, []], [77, []], [9, []], [97, []], [32, []], [13, []], [73, []], [75, []], [96, [96, 68, 18, 91, 76, 58, 72, 59, 8, 35]], [68, []], [18, []], [91, []], [76, []], [58, []], [72, []], [59, []], [8, []], [35, []], [87, [87, 28, 83, 11, 39, 36, 82, 92, 89, 10]], [28, []], [83, []], [11, []], [39, []], [36, []], [82, []], [92, []], [89, []], [10, []]]], [[[19, [19]]], [[50, [50]]], [[67, [67]]], [[37, [37, 85]]], [[69, [69, 38]]], [[55, [55]]], [[38, [34, 33, 31, 93, 15, 88]]], [[17, [17, 3]]], [[86, [86, 14, 51, 53, 44, 16]]], [[4, [4, 70, 74, 27, 30, 60, 47, 80, 2, 66]]], [[71, [71, 42, 48, 56, 29, 12, 61, 21]]], [[23, [23, 99, 81, 77, 9, 97, 32, 13, 73, 75]]], [[78, [78, 49, 95, 94, 7, 62, 54, 20, 26, 41]]], [[96, [96, 68, 18, 91, 76, 58, 72, 59, 8, 35]]], [[63, [63, 43, 6, 25, 79, 100, 57, 52, 90, 98]]], [[64, [64, 24, 1, 46, 22, 45, 5, 65, 84, 40]]], [[87, [87, 28, 83, 11, 39, 36, 82, 92, 89, 10]]]]]}
{"file_name": "U_100_1", "number_of_trucks": 2, "drone_capacity": 10, "number_of_drones": 20, "iteration": 3, "best_fitness": 747.3410829977365, "runtime": 1779.086808681488, "best_solution": [[[[0, []], [85, [85, 99]], [99, []], [23, [23, 55, 17, 31, 71, 19, 15]], [55, []], [17, []], [31, []], [71, []], [19, []], [62, [62]], [88, [88, 93, 42, 50, 77, 81, 95, 7]], [93, []], [42, []], [50, []], [77, [21, 1, 91, 18, 65, 68, 5, 74, 12, 89]], [81, []], [95, []], [7, []], [21, []], [1, []], [91, []], [18, []], [65, []], [68, []], [5, []], [74, []], [12, []], [89, []], [15, []], [40, [40, 29, 56, 48, 79, 100, 57, 25, 6, 43]], [29, []], [56, []], [48, []], [79, []], [100, []], [57, []], [25, []], [6, []], [43, []], [90, [90, 59, 72, 58, 76, 98, 41, 64, 46, 22]], [59, []], [72, []], [58, []], [76, []], [98, []], [41, []], [64, []], [46, []], [22, []]], [[0, [13, 32]], [13, []], [32, []], [38, [38, 86, 69, 52, 37, 53, 16, 44, 4, 51]], [86, []], [69, []], [52, []], [37, []], [53, []], [16, []], [44, []], [4, []], [51, []], [96, [96, 30, 60, 80, 47, 27, 70, 78, 14, 63]], [30, []], [60, []], [80, []], [47, []], [27, []], [70, []], [78, []], [14, []], [63, []], [34, [34, 33, 24, 67, 97, 49, 2, 75, 83, 73, 66, 39, 36, 82]], [33, []], [24, []], [67, []], [97, []], [49, []], [2, []], [75, []], [83, []], [73, []], [11, [11, 9, 3, 26, 20, 54, 8, 94, 35, 87, 92, 61, 84, 45, 10, 28]], [9, []], [3, []], [26, []], [20, []], [54, []], [8, []], [94, []], [35, []], [87, []], [28, []], [66, []], [39, []], [36, []], [82, []], [92, []], [61, []], [84, []], [45, []], [10, []]]], [[[85, [85, 99]]], [[23, [23, 55, 17, 31, 71, 19, 15]]], [[62, [62]]], [[88, [88, 93, 42, 50, 77, 81, 95, 7]]], [[38, [38, 86, 69, 52, 37, 53, 16, 44, 4, 51]]], [[77, [21, 1, 91, 18, 65, 68, 5, 74, 12, 89]]], [[96, [96, 30, 60, 80, 47, 27, 70, 78, 14, 63]]], [[34, [34, 33, 24, 67, 97, 49, 2, 75, 83, 73]]], [[34, [66, 39, 36, 82]]], [[40, [40, 29, 56, 48, 79, 100, 57, 25, 6, 43]]], [[11, [11, 9, 3, 26, 20, 54, 8, 94, 35, 87]]], [[11, [92, 61, 84, 45, 10, 28]]], [[90, [90, 59, 72, 58, 76, 98, 41, 64, 46, 22]]]]]}
