{"file_name": "U_100_1", "number_of_trucks": 2, "drone_capacity": 10, "number_of_drones": 20, "iteration": 1, "best_fitness": 688.4365762804898, "runtime": 14135.079107999802, "best_solution": [[[[0, [5, 20, 75, 19, 13, 10, 100, 53]], [5, []], [13, []], [10, []], [53, []], [20, []], [47, [47, 39, 71]], [39, []], [100, []], [71, []], [57, [57, 90, 81, 46, 87]], [90, []], [81, []], [46, []], [75, []], [32, [32, 23, 2, 88, 68, 15, 1, 14, 11, 66]], [23, []], [19, []], [2, []], [16, [16, 31, 97, 30, 99, 58]], [58, []], [88, []], [31, []], [97, []], [30, []], [99, []], [84, [84, 38, 25, 52, 79, 43, 96, 76, 82]], [38, []], [87, []], [68, []], [25, []], [52, []], [79, []], [80, [80, 27, 37, 4, 7, 67, 63]], [43, []], [96, []], [27, []], [15, []], [76, []], [82, []], [37, []], [1, []], [63, []], [14, []], [4, []], [7, []], [11, []], [66, []], [67, []]], [[0, [72]], [91, [91, 74]], [74, []], [72, []], [17, [17, 95, 94, 54, 36, 93]], [36, []], [93, []], [54, []], [95, []], [94, [59, 9, 56, 86, 60]], [59, []], [9, []], [56, []], [86, [49, 22, 18, 40, 92, 21, 44, 29, 8, 35, 83, 69, 61, 3]], [60, []], [83, []], [49, []], [61, []], [22, []], [18, []], [40, []], [44, []], [92, []], [21, []], [45, [45, 50, 64, 78, 55, 12, 73, 98]], [50, []], [64, []], [78, []], [35, [89, 41, 62, 33]], [3, []], [98, []], [73, []], [55, []], [89, []], [41, []], [26, [26, 77, 6, 24, 70, 65, 28, 51, 42, 85, 48, 34]], [77, []], [6, []], [24, []], [70, []], [65, []], [28, []], [51, []], [42, []], [29, []], [12, []], [33, []], [8, []], [85, []], [69, []], [48, []], [34, []], [62, []]]], [[[91, [91, 74]]], [[17, [17, 95, 94, 54, 36, 93]]], [[94, [59, 9, 56, 86, 60]]], [[86, [29, 8, 35, 83, 69, 61, 3]]], [[47, [47, 39, 71]]], [[57, [57, 90, 81, 46, 87]]], [[32, [32, 23, 2, 88, 68, 15, 1, 14, 11, 66]]], [[86, [49, 22, 18, 40, 92, 21, 44]]], [[16, [58]]], [[45, [12, 73, 98]]], [[45, [45, 50, 64, 78, 55]]], [[16, [16, 31, 97, 30, 99]]], [[84, [84, 38, 25, 52, 79, 43, 96, 76, 82]]], [[35, [89, 41, 62, 33]]], [[80, [80, 27, 37, 4, 7, 67, 63]]], [[26, [26, 77, 6, 24, 70, 65, 28, 51, 42]]], [[26, [85, 48, 34]]]]]}
{"file_name": "U_100_1", "number_of_trucks": 2, "drone_capacity": 10, "number_of_drones": 20, "iteration": 2, "best_fitness": 779.4036352423218, "runtime": 1761.6212224960327, "best_solution": [[[[0, [40]], [40, []], [13, [13]], [81, [81, 36, 54, 75, 46, 32, 93]], [36, [1, 8]], [54, []], [75, []], [46, []], [32, []], [93, []], [1, []], [8, []], [17, [17, 23, 24, 71, 79, 20, 52, 86, 12, 29]], [23, []], [24, []], [71, []], [79, []], [20, []], [52, []], [86, []], [12, []], [29, []], [42, [42, 43, 33, 90, 47, 80, 51, 100, 65, 70]], [43, []], [33, []], [90, []], [47, []], [80, []], [51, []], [100, []], [65, []], [70, []], [28, [28, 2, 96, 37, 94, 73, 34, 58, 31, 67]], [2, []], [96, []], [37, []], [94, []], [73, []], [34, []], [58, []], [31, []], [67, []]], [[0, []], [99, [99, 10]], [10, []], [5, [5, 60, 74, 53, 39, 57, 19]], [60, []], [74, []], [53, []], [39, []], [57, []], [19, []], [95, [95, 16, 91, 83, 49, 14, 22, 56, 59, 18]], [16, []], [91, []], [83, []], [49, []], [14, []], [22, []], [56, []], [59, []], [18, []], [69, [69, 35, 3, 21, 64, 78, 48, 92, 44, 88]], [35, []], [3, []], [21, []], [64, []], [78, []], [48, []], [92, []], [44, []], [88, []], [97, [97, 66, 30, 84, 38, 87, 25, 68, 9, 89]], [66, []], [30, []], [84, []], [38, []], [87, []], [25, []], [68, []], [9, []], [89, []], [55, [55, 98, 45, 85, 50, 41, 82, 76, 15, 26]], [98, []], [45, []], [85, []], [50, []], [41, []], [82, []], [76, []], [15, []], [26, []], [27, [27, 77, 6, 72, 63, 4, 11, 61, 7, 62]], [77, []], [6, []], [72, []], [63, []], [4, []], [11, []], [61, []], [7, []], [62, []]]], [[[99, [99, 10]]], [[13, [13]]], [[81, [81, 36, 54, 75, 46, 32, 93]]], [[5, [5, 60, 74, 53, 39, 57, 19]]], [[95, [95, 16, 91, 83, 49, 14, 22, 56, 59, 18]]], [[36, [1, 8]]], [[69, [69, 35, 3, 21, 64, 78, 48, 92, 44, 88]]], [[17, [17, 23, 24, 71, 79, 20, 52, 86, 12, 29]]], [[97, [97, 66, 30, 84, 38, 87, 25, 68, 9, 89]]], [[55, [55, 98, 45, 85, 50, 41, 82, 76, 15, 26]]], [[42, [42, 43, 33, 90, 47, 80, 51, 100, 65, 70]]], [[28, [28, 2, 96, 37, 94, 73, 34, 58, 31, 67]]], [[27, [27, 77, 6, 72, 63, 4, 11, 61, 7, 62]]]]]}
{"file_name": "U_100_1", "number_of_trucks": 2, "drone_capacity": 10, "number_of_drones": 20, "iteration": 3, "best_fitness": 769.0629749832309, "runtime": 1771.7246885299683, "best_solution": [[[[0, [10, 20]], [10, []], [20, []], [72, [72]], [55, [55, 19, 35, 18, 59, 83, 49, 13, 87]], [19, []], [35, []], [18, []], [59, []], [83, []], [49, []], [13, []], [87, []], [91, [91, 1, 2, 70, 24, 51, 79, 52, 25, 68]], [1, []], [2, []], [70, []], [24, []], [51, []], [79, []], [52, []], [25, []], [68, []], [84, [84, 38, 86, 12, 42, 90, 29, 33, 43, 96]], [38, []], [86, []], [12, []], [42, []], [90, []], [29, []], [33, []], [43, []], [96, []], [65, [65, 100, 28, 80, 63, 4, 7, 97, 67, 62]], [100, []], [28, []], [80, []], [63, []], [4, []], [7, []], [97, []], [67, []], [62, []]], [[0, [99, 5]], [99, []], [5, []], [74, [74, 47]], [47, []], [53, [53, 60, 56]], [60, [9, 17]], [56, []], [9, []], [17, []], [36, [36, 71, 16, 81, 57, 39, 22, 14, 61]], [71, []], [16, []], [81, []], [57, []], [39, []], [22, []], [14, []], [61, []], [11, [11, 66, 30, 31, 40, 73, 3, 50, 78, 21]], [66, []], [30, []], [31, []], [40, []], [73, []], [3, []], [50, []], [78, []], [21, []], [64, [64, 54, 48, 94, 98, 89, 82, 41, 45, 32]], [54, []], [48, []], [94, []], [98, []], [89, []], [82, []], [41, []], [45, []], [32, []], [26, [26, 15, 75, 76, 93, 37, 8, 46, 6, 77]], [15, []], [75, []], [76, []], [93, []], [37, []], [8, []], [46, []], [6, []], [77, []], [23, [23, 27, 85, 95, 69, 34, 92, 44, 58, 88]], [27, []], [85, []], [95, []], [69, []], [34, []], [92, []], [44, []], [58, []], [88, []]]], [[[74, [74, 47]]], [[53, [53, 60, 56]]], [[60, [9, 17]]], [[72, [72]]], [[55, [55, 19, 35, 18, 59, 83, 49, 13, 87]]], [[36, [36, 71, 16, 81, 57, 39, 22, 14, 61]]], [[11, [11, 66, 30, 31, 40, 73, 3, 50, 78, 21]]], [[91, [91, 1, 2, 70, 24, 51, 79, 52, 25, 68]]], [[64, [64, 54, 48, 94, 98, 89, 82, 41, 45, 32]]], [[84, [84, 38, 86, 12, 42, 90, 29, 33, 43, 96]]], [[26, [26, 15, 75, 76, 93, 37, 8, 46, 6, 77]]], [[23, [23, 27, 85, 95, 69, 34, 92, 44, 58, 88]]], [[65, [65, 100, 28, 80, 63, 4, 7, 97, 67, 62]]]]]}
