{"file_name": "U_100_1", "number_of_trucks": 2, "drone_capacity": 10, "number_of_drones": 20, "iteration": 1, "best_fitness": 759.1163823159877, "runtime": 10996.692801713943, "best_solution": [[[[0, [92, 53, 84, 20, 8]], [92, []], [8, []], [53, [89]], [20, []], [84, []], [89, []], [0, []], [36, [36]], [98, [98, 33, 51, 87, 5, 65, 34]], [33, []], [51, []], [87, [14, 28]], [5, []], [65, []], [34, []], [14, []], [28, []], [0, [75, 61, 11, 35, 88, 78, 42, 6, 94, 62, 4, 52, 64, 46, 91, 71, 81, 60, 24, 26, 50, 59, 70, 58, 44, 54, 90, 30, 22, 19]], [30, []], [19, []], [75, []], [61, []], [11, []], [44, []], [54, []], [90, []], [35, []], [88, []], [78, []], [42, []], [70, []], [6, []], [94, []], [62, []], [4, []], [52, []], [64, []], [46, []], [91, []], [71, []], [81, []], [60, []], [24, []], [26, []], [58, []], [22, []], [50, []], [59, []]], [[0, []], [23, [80, 23]], [9, [9, 83, 100, 37, 63, 15, 47, 67, 17]], [83, []], [99, [99]], [80, []], [100, []], [37, []], [63, []], [15, []], [47, [25, 73, 7, 79]], [67, []], [25, []], [38, [12, 41, 86, 38, 3, 21, 77, 39, 40, 82, 31, 69, 85, 1, 45, 74, 10, 29]], [85, []], [3, []], [21, []], [77, []], [12, []], [41, []], [73, []], [17, []], [86, []], [31, []], [7, []], [74, []], [82, []], [16, [16, 13, 66, 96, 49, 27, 57, 72]], [69, []], [39, []], [96, []], [72, []], [79, []], [40, []], [29, []], [45, []], [32, [32, 55, 56, 18, 95, 2, 76, 43, 97, 68, 93, 48]], [49, []], [55, []], [56, []], [18, []], [95, []], [2, []], [76, []], [43, []], [68, []], [93, []], [13, []], [66, []], [1, []], [97, []], [27, []], [57, []], [48, []], [10, []]]], [[[23, [80, 23]]], [[9, [100, 37, 63, 15, 47, 67, 17]]], [[53, [89]]], [[9, [9, 83]]], [[99, [99]]], [[47, [25, 73, 7, 79]]], [[36, [36]]], [[98, [98, 33, 51, 87, 5, 65, 34]]], [[38, [12, 41, 86, 38, 3, 21, 77, 1, 74]]], [[38, [39, 40, 82, 31, 69, 85, 45, 10, 29]]], [[16, [16, 13, 66, 96, 49, 27, 57, 72]]], [[87, [14, 28]]], [[32, [32, 55, 56, 18, 95, 2, 76, 43]]], [[32, [97, 68, 93, 48]]]]]}
{"file_name": "U_100_1", "number_of_trucks": 2, "drone_capacity": 10, "number_of_drones": 20, "iteration": 2, "best_fitness": 1154.3599999999997, "runtime": 1348.967434167862, "best_solution": [[[[0, [89, 12, 80, 92, 37, 29, 99, 51, 31, 73, 39, 17, 28, 16, 58, 50, 59, 36, 74, 57, 10, 27, 21, 56, 9, 42, 78, 18, 95, 88, 2, 76, 43, 68, 93, 30, 96, 46, 7, 60, 24, 26, 22, 48]], [89, []], [12, []], [80, []], [92, []], [37, []], [29, []], [99, []], [51, []], [31, []], [73, []], [39, []], [17, []], [28, []], [16, []], [58, []], [50, []], [59, []], [36, []], [74, []], [57, []], [10, []], [27, []], [21, []], [56, []], [9, []], [42, []], [78, []], [18, []], [95, []], [88, []], [2, []], [76, []], [43, []], [68, []], [93, []], [30, []], [96, []], [46, []], [7, []], [60, []], [24, []], [26, []], [22, []], [48, []]], [[0, [20, 3, 84, 100, 83, 55, 47, 8, 70, 75, 61, 38, 25, 67, 11, 19, 4, 69, 23, 34, 33, 82, 91, 71, 87, 5, 86, 81, 41, 65, 40, 72, 79, 63, 15, 32, 45, 94, 53, 49, 6, 62, 64, 52, 14, 98, 77, 1, 97, 85, 54, 90, 44, 35, 13, 66]], [20, []], [3, []], [84, []], [100, []], [83, []], [55, []], [47, []], [8, []], [70, []], [75, []], [61, []], [38, []], [25, []], [67, []], [11, []], [19, []], [4, []], [69, []], [23, []], [34, []], [33, []], [82, []], [91, []], [71, []], [87, []], [5, []], [86, []], [81, []], [41, []], [65, []], [40, []], [72, []], [79, []], [63, []], [15, []], [32, []], [45, []], [94, []], [53, []], [49, []], [6, []], [62, []], [64, []], [52, []], [14, []], [98, []], [77, []], [1, []], [97, []], [85, []], [54, []], [90, []], [44, []], [35, []], [13, []], [66, []]]], []]}
{"file_name": "U_100_1", "number_of_trucks": 2, "drone_capacity": 10, "number_of_drones": 20, "iteration": 3, "best_fitness": 739.4755703309651, "runtime": 1845.97882771492, "best_solution": [[[[0, []], [19, [19, 17]], [17, []], [84, [84]], [89, [89]], [74, [74, 23, 51, 87, 71]], [23, []], [51, []], [87, []], [71, []], [65, [65, 91, 81, 73, 31, 50, 24, 7]], [91, [86, 82]], [81, []], [73, []], [31, []], [50, []], [24, []], [7, []], [86, []], [82, []], [34, [34, 39, 40, 37, 79, 72, 99, 4, 80, 69]], [39, []], [40, []], [37, []], [79, []], [72, []], [99, []], [4, []], [80, []], [69, []], [13, [13, 61, 56, 8, 42, 53, 49, 6, 45, 32]], [61, []], [56, []], [8, []], [42, []], [53, []], [49, []], [6, []], [45, []], [32, []], [94, [94, 29, 62, 96, 64, 46, 5, 60, 26, 59]], [29, []], [62, []], [96, []], [64, []], [46, []], [5, []], [60, []], [26, []], [59, []]], [[0, [3]], [3, []], [20, [20, 18]], [18, []], [9, [9, 83]], [83, []], [12, [12, 100, 75, 55, 63, 15]], [100, []], [75, []], [55, []], [63, []], [15, []], [92, [92, 70, 78, 47, 11, 38, 25, 67, 85, 1]], [70, []], [78, []], [47, []], [11, []], [38, []], [25, []], [67, []], [85, []], [1, []], [77, [77, 21, 27, 66, 98, 14, 16, 41, 58, 36]], [21, []], [27, []], [66, []], [98, []], [14, []], [16, []], [41, []], [58, []], [36, []], [97, [97, 54, 90, 35, 44, 76, 2, 88, 95, 43]], [54, []], [90, []], [35, []], [44, []], [76, []], [2, []], [88, []], [95, []], [43, []], [68, [68, 93, 30, 28, 33, 52, 22, 10, 57, 48]], [93, []], [30, []], [28, []], [33, []], [52, []], [22, []], [10, []], [57, []], [48, []]]], [[[19, [19, 17]]], [[20, [20, 18]]], [[84, [84]]], [[89, [89]]], [[9, [9, 83]]], [[74, [74, 23, 51, 87, 71]]], [[65, [65, 91, 81, 73, 31, 50, 24, 7]]], [[12, [12, 100, 75, 55, 63, 15]]], [[91, [86, 82]]], [[92, [92, 70, 78, 47, 11, 38, 25, 67, 85, 1]]], [[77, [77, 21, 27, 66, 98, 14, 16, 41, 58, 36]]], [[34, [34, 39, 40, 37, 79, 72, 99, 4, 80, 69]]], [[13, [13, 61, 56, 8, 42, 53, 49, 6, 45, 32]]], [[97, [97, 54, 90, 35, 44, 76, 2, 88, 95, 43]]], [[68, [68, 93, 30, 28, 33, 52, 22, 10, 57, 48]]], [[94, [94, 29, 62, 96, 64, 46, 5, 60, 26, 59]]]]]}
