{"file_name": "U_75_1", "number_of_trucks": 2, "drone_capacity": 10, "number_of_drones": 20, "iteration": 1, "best_fitness": 625.5177843890743, "runtime": 5062.230697154999, "best_solution": [[[[0, [29, 70]], [29, []], [49, [49, 3, 24]], [3, []], [70, []], [24, []], [45, [45, 64, 11, 66, 13, 21, 19, 50, 16]], [64, []], [11, []], [66, []], [21, []], [16, []], [13, []], [19, []], [50, []], [7, [7, 33, 55, 39, 27, 31, 12, 42, 35]], [12, []], [42, []], [55, []], [75, [75, 23, 26, 47, 6, 8, 9]], [23, []], [26, []], [47, []], [62, [62, 34, 60, 22, 56, 5, 37]], [9, []], [34, []], [27, []], [31, []], [39, []], [60, []], [22, []], [56, []], [6, []], [5, []], [33, []], [8, []], [37, []], [35, []]], [[0, []], [4, [4, 10]], [10, []], [73, [73, 54, 15, 51]], [54, []], [15, []], [51, []], [72, [14, 69, 65, 44, 40, 46, 20, 2, 38, 28, 72, 36]], [65, []], [44, []], [40, []], [46, []], [14, []], [20, []], [69, []], [2, []], [74, [74, 52, 58, 32, 61, 41, 63, 1, 71]], [53, [53, 57, 59, 18, 30, 25, 67, 43]], [57, []], [59, []], [18, []], [30, []], [25, []], [67, []], [38, []], [68, [68, 17, 48]], [71, []], [28, []], [36, []], [43, []], [17, []], [1, []], [32, []], [52, []], [58, []], [61, []], [41, []], [63, []], [48, []]]], [[[4, [4, 10]]], [[73, [73, 54, 15, 51]]], [[49, [49, 3, 24]]], [[72, [72, 36]]], [[45, [45, 64, 11, 66, 13, 21, 19, 50, 16]]], [[72, [14, 69, 65, 44, 40, 46, 20, 2, 38, 28]]], [[7, [7, 33, 55, 39, 27, 31, 12, 42, 35]]], [[75, [75, 23, 26, 47, 6, 8, 9]]], [[62, [62, 34, 60, 22, 56, 5, 37]]], [[74, [52, 58, 32, 61, 41, 63, 1, 71]]], [[74, [74]]], [[53, [53, 57, 59, 18, 30, 25, 67, 43]]], [[68, [68, 17, 48]]]]]}
{"file_name": "U_75_1", "number_of_trucks": 2, "drone_capacity": 10, "number_of_drones": 20, "iteration": 2, "best_fitness": 680.6000000000001, "runtime": 551.3546030521393, "best_solution": [[[[0, [49, 29, 10, 69]], [49, []], [29, []], [10, []], [69, []], [51, [51, 20, 72, 40, 64]], [20, []], [72, []], [40, []], [64, []], [9, [9, 14, 46, 59, 30, 57, 24, 38, 67, 25]], [14, []], [46, []], [59, []], [30, []], [57, []], [24, []], [38, []], [67, []], [25, []], [18, [18, 39, 31, 27, 44, 65, 60, 22, 2, 56]], [39, []], [31, []], [27, []], [44, []], [65, []], [60, []], [22, []], [2, []], [56, []], [6, [6, 74, 53, 33, 5, 68, 71, 34, 48, 62]], [74, []], [53, []], [33, []], [5, []], [68, []], [71, []], [34, []], [48, []], [62, []]], [[0, [11, 3, 45, 70, 15, 73]], [11, []], [3, []], [45, []], [70, []], [15, []], [73, []], [4, [4, 23, 28, 36, 47, 66, 8, 16, 13, 41]], [23, []], [28, []], [36, []], [47, []], [66, []], [8, []], [16, []], [13, []], [41, []], [35, [35, 63, 61, 12, 42, 75, 26, 55, 52, 7]], [63, []], [61, []], [12, []], [42, []], [75, []], [26, []], [55, []], [52, []], [7, []], [50, [50, 19, 54, 21, 58, 37, 32, 1, 17, 43]], [19, []], [54, []], [21, []], [58, []], [37, []], [32, []], [1, []], [17, []], [43, []]]], [[[51, [51, 20, 72, 40, 64]]], [[9, [9, 14, 46, 59, 30, 57, 24, 38, 67, 25]]], [[4, [4, 23, 28, 36, 47, 66, 8, 16, 13, 41]]], [[35, [35, 63, 61, 12, 42, 75, 26, 55, 52, 7]]], [[18, [18, 39, 31, 27, 44, 65, 60, 22, 2, 56]]], [[6, [6, 74, 53, 33, 5, 68, 71, 34, 48, 62]]], [[50, [50, 19, 54, 21, 58, 37, 32, 1, 17, 43]]]]]}
{"file_name": "U_75_1", "number_of_trucks": 2, "drone_capacity": 10, "number_of_drones": 20, "iteration": 3, "best_fitness": 657.48, "runtime": 547.7370057106018, "best_solution": [[[[0, [49, 45, 3, 4, 57]], [49, []], [45, []], [3, []], [4, []], [57, [24, 70, 20, 40, 59]], [24, []], [70, []], [20, []], [40, []], [59, []], [46, [46, 69, 2, 65, 72, 41, 12, 63, 61, 9]], [69, []], [2, []], [65, []], [72, []], [41, []], [12, []], [63, []], [61, []], [9, []], [64, [64, 27, 31, 39, 44, 60, 22, 14, 56, 6]], [27, []], [31, []], [39, []], [44, []], [60, []], [22, []], [14, []], [56, []], [6, []], [74, [74, 53, 33, 5, 10, 68, 71, 34, 48, 62]], [53, []], [33, []], [5, []], [10, []], [68, []], [71, []], [34, []], [48, []], [62, []]], [[0, [29, 13, 73, 54, 15]], [29, []], [13, []], [73, []], [54, []], [15, []], [51, [51, 11, 42, 23, 36, 28, 47, 35, 66, 38]], [11, []], [42, []], [23, []], [36, []], [28, []], [47, []], [35, []], [66, []], [38, []], [30, [30, 25, 18, 67, 8, 16, 7, 55, 26, 1]], [25, []], [18, []], [67, []], [8, []], [16, []], [7, []], [55, []], [26, []], [1, []], [75, [75, 50, 19, 52, 58, 21, 37, 32, 17, 43]], [50, []], [19, []], [52, []], [58, []], [21, []], [37, []], [32, []], [17, []], [43, []]]], [[[57, [24, 70, 20, 40, 59]]], [[51, [51, 11, 42, 23, 36, 28, 47, 35, 66, 38]]], [[46, [46, 69, 2, 65, 72, 41, 12, 63, 61, 9]]], [[64, [64, 27, 31, 39, 44, 60, 22, 14, 56, 6]]], [[30, [30, 25, 18, 67, 8, 16, 7, 55, 26, 1]]], [[75, [75, 50, 19, 52, 58, 21, 37, 32, 17, 43]]], [[74, [74, 53, 33, 5, 10, 68, 71, 34, 48, 62]]]]]}
