{"file_name": "U_30_1", "number_of_trucks": 2, "drone_capacity": 10, "number_of_drones": 2, "iteration": 1, "best_fitness": 361.2215156179697, "runtime": 1029.2117984294891, "best_solution": [[[[0, [29, 14, 19]], [19, []], [29, []], [14, []], [2, [2, 23, 16, 21, 1, 10, 22, 3]], [23, []], [16, []], [3, []], [1, []], [15, [15, 20, 6, 25]], [20, []], [25, []], [22, []], [6, []], [10, []], [21, []]], [[0, [30]], [26, [26]], [9, [9, 12, 4, 7, 17]], [12, []], [30, []], [4, []], [7, []], [11, [11, 28, 5]], [17, []], [28, []], [5, []], [13, [13]], [8, [8, 24, 18, 27]], [24, []], [18, []], [27, []]]], [[[26, [26]]], [[9, [9, 12, 4, 7, 17]]], [[2, [2, 23, 16, 21, 1, 10, 22, 3]]], [[11, [11, 28, 5]]], [[13, [13]]], [[15, [15, 20, 6, 25]]], [[8, [8, 24, 18, 27]]]]]}
{"file_name": "U_30_1", "number_of_trucks": 2, "drone_capacity": 10, "number_of_drones": 2, "iteration": 2, "best_fitness": 362.9415156179698, "runtime": 1107.7543728351593, "best_solution": [[[[0, [23, 30, 19, 12, 21, 3, 4, 7, 16, 29, 10]], [30, []], [12, []], [21, []], [3, []], [10, []], [19, []], [4, []], [7, []], [16, []], [6, [6, 18]], [18, []], [29, []], [23, []], [24, [24, 8, 27]], [8, []], [27, []]], [[0, [17]], [26, [26, 9, 1]], [9, []], [1, []], [2, [28, 11, 14, 5, 2]], [17, []], [28, []], [11, []], [14, []], [5, []], [13, [13, 22, 25, 20, 15]], [22, []], [25, []], [20, []], [15, []]]], [[[26, [26, 9, 1]]], [[2, [28, 11, 14, 5, 2]]], [[13, [13, 22, 25, 20, 15]]], [[6, [6, 18]]], [[24, [24, 8, 27]]]]]}
{"file_name": "U_30_1", "number_of_trucks": 2, "drone_capacity": 10, "number_of_drones": 2, "iteration": 3, "best_fitness": 362.5419416555831, "runtime": 1176.8548531532288, "best_solution": [[[[0, [7, 30]], [26, [26, 9, 19]], [9, []], [30, []], [19, [2, 17]], [7, [28, 11, 14, 5]], [2, []], [17, []], [28, []], [11, []], [14, []], [5, []], [13, [13]], [8, [8, 24, 18]], [24, []], [18, []]], [[0, [23]], [3, [10, 4, 16, 29, 22, 3, 21, 12, 1]], [21, []], [12, []], [10, []], [4, []], [16, []], [29, []], [23, []], [6, [6, 15, 27, 25, 20]], [25, []], [22, []], [20, []], [15, []], [1, []], [27, []]]], [[[3, [10, 4, 16, 29, 22, 3, 21, 12, 1]]], [[26, [26, 9, 19]]], [[19, [2, 17]]], [[7, [28, 11, 14, 5]]], [[6, [6, 15, 27, 25, 20]]], [[13, [13]]], [[8, [8, 24, 18]]]]]}
