{"file_name": "U_30_0", "number_of_trucks": 2, "drone_capacity": 10, "number_of_drones": 2, "iteration": 1, "best_fitness": 306.256650978986, "runtime": 1746.7328946590424, "best_solution": [[[[0, []], [13, [13, 9, 4, 30, 18]], [9, []], [4, []], [30, []], [18, []], [10, [10, 1, 21, 23, 28, 7, 29, 11, 22, 8]], [1, []], [21, []], [23, []], [28, []], [7, []], [8, []], [29, []], [11, []], [22, []]], [[0, [2]], [2, []], [12, [12, 24, 25]], [15, [15, 3, 17, 14, 5, 20, 16]], [24, []], [14, []], [6, [6, 19, 26, 27]], [3, []], [27, []], [16, []], [25, []], [20, []], [19, []], [17, []], [5, []], [26, []]]], [[[13, [13, 9, 4, 30, 18]]], [[12, [12, 24, 25]]], [[15, [15, 3, 17, 14, 5, 20, 16]]], [[10, [10, 1, 21, 23, 28, 7, 29, 11, 22, 8]]], [[6, [6, 19, 26, 27]]]]]}
{"file_name": "U_30_0", "number_of_trucks": 2, "drone_capacity": 10, "number_of_drones": 2, "iteration": 2, "best_fitness": 311.3406058013434, "runtime": 1887.0966670513153, "best_solution": [[[[0, [13, 4, 2]], [13, []], [2, []], [15, [15, 20, 24, 14, 3, 17, 22, 8]], [24, []], [14, []], [6, [6, 16, 5, 29]], [3, []], [16, []], [4, []], [20, []], [17, []], [5, []], [29, []], [8, []], [22, []]], [[0, []], [9, [9, 25]], [12, [12, 18, 30]], [18, []], [30, []], [25, []], [27, [27, 10, 21, 23, 28, 1, 7, 19, 11, 26]], [10, []], [1, []], [19, []], [21, []], [23, []], [28, []], [7, []], [11, []], [26, []]]], [[[9, [9, 25]]], [[12, [12, 18, 30]]], [[15, [15, 20, 24, 14, 3, 17, 22, 8]]], [[27, [27, 10, 21, 23, 28, 1, 7, 19, 11, 26]]], [[6, [6, 16, 5, 29]]]]]}
{"file_name": "U_30_0", "number_of_trucks": 2, "drone_capacity": 10, "number_of_drones": 2, "iteration": 3, "best_fitness": 328.0008597335628, "runtime": 16.06178569793701, "best_solution": [[[[0, [2, 4]], [2, []], [4, []], [24, [24, 12, 25, 30, 16]], [12, []], [25, []], [30, []], [16, []], [18, [18, 10, 1, 19, 20, 27, 6, 14, 15, 26]], [10, []], [1, []], [19, []], [20, []], [27, []], [6, []], [14, []], [15, []], [26, []]], [[0, [13, 9]], [13, []], [9, [22]], [22, []], [7, [7, 5, 3, 17, 21, 23, 28, 8, 29, 11]], [5, []], [3, []], [17, []], [21, []], [23, []], [28, []], [8, []], [29, []], [11, []]]], [[[9, [22]]], [[24, [24, 12, 25, 30, 16]]], [[7, [7, 5, 3, 17, 21, 23, 28, 8, 29, 11]]], [[18, [18, 10, 1, 19, 20, 27, 6, 14, 15, 26]]]]]}
