{"file_name": "U_30_1", "number_of_trucks": 2, "drone_capacity": 10, "number_of_drones": 2, "iteration": 1, "best_fitness": 392.1595714898345, "runtime": 1079.9029183387756, "best_solution": [[[[0, [2, 9, 30]], [30, []], [22, [22, 14]], [14, []], [8, [8, 3, 26, 6]], [26, []], [6, []], [3, []], [9, []], [2, []], [20, [20, 16, 15, 23, 5, 11, 1]], [16, []], [15, []], [5, []], [11, []], [23, []], [1, []], [24, [24]]], [[0, [10, 28, 21, 29]], [29, []], [28, []], [18, [18]], [10, []], [13, [13, 17]], [17, []], [21, []], [19, [19, 12, 4, 7, 27, 25]], [12, []], [4, []], [7, []], [25, []], [27, []]]], [[[22, [22, 14]]], [[8, [8, 3, 26, 6]]], [[18, [18]]], [[13, [13, 17]]], [[20, [20, 16, 15, 23, 5, 11, 1]]], [[19, [19, 12, 4, 7, 27, 25]]], [[24, [24]]]]]}
{"file_name": "U_30_1", "number_of_trucks": 2, "drone_capacity": 10, "number_of_drones": 2, "iteration": 2, "best_fitness": 391.03767672314495, "runtime": 921.1873452663422, "best_solution": [[[[0, [9, 10, 2]], [2, []], [9, []], [3, [3, 6]], [6, []], [26, [26, 18, 17, 13, 28]], [18, []], [17, []], [13, []], [10, []], [1, [1, 24, 4, 7, 25, 27, 12]], [24, []], [12, []], [4, []], [28, []], [7, []], [25, []], [27, []]], [[0, [21]], [29, [30, 29]], [30, [8, 22]], [8, []], [14, [14]], [22, []], [23, [23, 11, 5, 15, 16, 20]], [11, []], [5, []], [15, []], [16, []], [20, []], [21, []], [19, [19]]]], [[[3, [3, 6]]], [[29, [30, 29]]], [[30, [8, 22]]], [[14, [14]]], [[26, [26, 18, 17, 13, 28]]], [[23, [23, 11, 5, 15, 16, 20]]], [[1, [1, 24, 4, 7, 25, 27, 12]]], [[19, [19]]]]]}
{"file_name": "U_30_1", "number_of_trucks": 2, "drone_capacity": 10, "number_of_drones": 2, "iteration": 3, "best_fitness": 385.43957148983446, "runtime": 1278.6248383522034, "best_solution": [[[[0, [29, 28, 10]], [28, []], [29, []], [22, [22, 18, 13]], [18, []], [23, [23, 11, 1, 17, 12]], [11, []], [17, []], [10, []], [13, []], [1, []], [24, [24, 4, 25, 7]], [12, []], [4, []], [7, []], [25, []]], [[0, [14, 2, 30, 9, 21]], [14, []], [30, []], [26, [26, 8, 6, 3]], [6, []], [3, []], [9, []], [2, []], [21, []], [19, [19, 20, 16, 15, 5, 27]], [20, []], [16, []], [15, []], [5, []], [27, []], [8, []]]], [[[22, [22, 18, 13]]], [[26, [26, 8, 6, 3]]], [[23, [23, 11, 1, 17, 12]]], [[19, [19, 20, 16, 15, 5, 27]]], [[24, [24, 4, 25, 7]]]]]}
