{"file_name": "U_30_1", "number_of_trucks": 2, "drone_capacity": 10, "number_of_drones": 2, "iteration": 1, "best_fitness": 476.9657367139764, "runtime": 1070.6883051395416, "best_solution": [[[[0, [2, 14, 27]], [15, [15]], [14, []], [27, []], [2, []], [10, [10]], [7, [7, 16, 26]], [17, [17, 8]], [8, []], [28, [28, 11, 29]], [29, []], [16, []], [26, []], [11, []], [3, [3, 1, 4]], [1, []], [4, []]], [[0, [18, 9, 13, 30, 21, 24, 5]], [9, []], [13, []], [30, []], [21, []], [24, []], [18, []], [5, []], [20, [20, 6, 22, 12, 25]], [6, []], [22, []], [12, []], [25, []], [23, [23, 19]], [19, []]]], [[[15, [15]]], [[10, [10]]], [[7, [7, 16, 26]]], [[17, [17, 8]]], [[20, [20, 6, 22, 12, 25]]], [[28, [28, 11, 29]]], [[3, [3, 1, 4]]], [[23, [23, 19]]]]]}
{"file_name": "U_30_1", "number_of_trucks": 2, "drone_capacity": 10, "number_of_drones": 2, "iteration": 2, "best_fitness": 476.9657367139764, "runtime": 956.3805651664734, "best_solution": [[[[0, [27, 15, 18, 2, 14]], [14, []], [27, []], [18, []], [2, []], [15, []], [7, [7, 17, 6, 20, 22]], [17, []], [6, []], [20, []], [22, []], [23, [23, 19]], [19, []]], [[0, []], [30, [30]], [13, [13, 21, 24, 29, 10, 5]], [21, []], [24, []], [29, []], [10, []], [9, [9, 16, 8, 28]], [28, []], [8, []], [16, []], [11, [11, 26, 12, 25]], [26, []], [12, []], [5, []], [25, []], [3, [3, 1, 4]], [1, []], [4, []]]], [[[30, [30]]], [[13, [13, 21, 24, 29, 10, 5]]], [[7, [7, 17, 6, 20, 22]]], [[9, [9, 16, 8, 28]]], [[11, [11, 26, 12, 25]]], [[3, [3, 1, 4]]], [[23, [23, 19]]]]]}
{"file_name": "U_30_1", "number_of_trucks": 2, "drone_capacity": 10, "number_of_drones": 2, "iteration": 3, "best_fitness": 476.9657367139764, "runtime": 756.4566926956177, "best_solution": [[[[0, [29, 27, 14, 18, 30, 13]], [30, []], [13, []], [27, []], [14, []], [18, []], [28, [28, 10, 16]], [10, []], [29, []], [16, []], [8, [8, 26, 11, 25, 12]], [12, []], [26, []], [11, []], [25, []], [3, [3, 1, 4]], [1, []], [4, []]], [[0, [2, 15]], [2, [24, 9, 21, 5]], [15, []], [21, []], [5, []], [24, []], [9, []], [7, [7, 17, 20, 6, 22]], [17, []], [20, []], [6, []], [22, []], [23, [23, 19]], [19, []]]], [[[2, [24, 9, 21, 5]]], [[7, [7, 17, 20, 6, 22]]], [[28, [28, 10, 16]]], [[8, [8, 26, 11, 25, 12]]], [[3, [3, 1, 4]]], [[23, [23, 19]]]]]}
