{"file_name": "U_30_0", "number_of_trucks": 2, "drone_capacity": 10, "number_of_drones": 2, "iteration": 1, "best_fitness": 293.36, "runtime": 1351.5271599292755, "best_solution": [[[[0, [14, 29, 26]], [14, []], [29, []], [30, [30, 15, 9, 16]], [26, []], [6, [6, 19, 3, 21, 2, 5, 20]], [19, []], [3, []], [21, []], [2, []], [5, []], [15, []], [20, []], [16, []], [9, []]], [[0, []], [24, [24, 13, 11, 17, 28, 10]], [10, []], [13, []], [11, []], [17, []], [1, [1, 4, 7, 25, 22, 27, 12, 8, 18, 23]], [23, []], [18, []], [12, []], [28, []], [4, []], [7, []], [25, []], [22, []], [27, []], [8, []]]], [[[24, [24, 13, 11, 17, 28, 10]]], [[30, [30, 15, 9, 16]]], [[6, [6, 19, 3, 21, 2, 5, 20]]], [[1, [1, 4, 7, 25, 22, 27, 12, 8, 18, 23]]]]]}
{"file_name": "U_30_0", "number_of_trucks": 2, "drone_capacity": 10, "number_of_drones": 2, "iteration": 2, "best_fitness": 295.47999999999996, "runtime": 910.8809411525726, "best_solution": [[[[0, [26, 9]], [26, []], [9, []], [3, [3, 19, 21, 16, 20, 15]], [19, []], [21, []], [16, []], [20, []], [15, [5, 2, 6, 30]], [5, []], [2, []], [6, []], [30, []]], [[0, []], [14, [14, 13, 10, 17]], [13, []], [10, []], [17, []], [23, [23, 11, 18, 12, 8]], [11, []], [18, []], [12, []], [1, [1, 24, 4, 28, 29, 7, 25, 22, 27]], [24, []], [4, []], [28, []], [29, []], [7, []], [25, []], [22, []], [27, []], [8, []]]], [[[14, [14, 13, 10, 17]]], [[23, [23, 11, 18, 12, 8]]], [[3, [3, 19, 21, 16, 20, 15]]], [[1, [1, 24, 4, 28, 29, 7, 25, 22, 27]]], [[15, [5, 2, 6, 30]]]]]}
{"file_name": "U_30_0", "number_of_trucks": 2, "drone_capacity": 10, "number_of_drones": 2, "iteration": 3, "best_fitness": 280.68000000000006, "runtime": 1361.8860836029053, "best_solution": [[[[0, [14, 29]], [14, []], [29, []], [12, [12, 11]], [18, [18, 23, 16, 21, 3, 30, 8]], [23, []], [11, []], [5, [5, 2, 20, 6]], [2, []], [16, []], [20, []], [21, []], [3, []], [6, []], [30, []], [8, []]], [[0, [10]], [26, [9, 15, 19, 26, 13, 24, 17]], [19, []], [9, []], [15, []], [17, []], [10, []], [13, []], [1, [1, 4, 28, 7, 22, 25, 27]], [24, []], [4, []], [28, []], [7, []], [22, []], [25, []], [27, []]]], [[[12, [12, 11]]], [[26, [9, 15, 19, 26, 13, 24, 17]]], [[18, [18, 23, 16, 21, 3, 30, 8]]], [[5, [5, 2, 20, 6]]], [[1, [1, 4, 28, 7, 22, 25, 27]]]]]}
