{"file_name": "U_30_1", "number_of_trucks": 2, "drone_capacity": 10, "number_of_drones": 2, "iteration": 1, "best_fitness": 468.67464905991966, "runtime": 1167.989176750183, "best_solution": [[[[0, [9, 24, 10, 8, 4]], [10, []], [8, []], [4, []], [6, [6]], [24, []], [9, [5, 2, 26]], [2, []], [26, []], [5, []], [17, [17, 19, 1, 12]], [19, []], [1, []], [12, []]], [[0, [13, 18]], [13, []], [18, []], [16, [16, 21, 15, 11]], [21, []], [15, []], [11, [29, 7, 22, 25]], [29, []], [7, []], [25, []], [14, [14, 30, 27, 28]], [28, []], [22, []], [30, []], [3, [3, 20]], [27, []], [23, [23]], [20, []]]], [[[16, [16, 21, 15, 11]]], [[11, [29, 7, 22, 25]]], [[6, [6]]], [[9, [5, 2, 26]]], [[14, [14, 30, 27, 28]]], [[3, [3, 20]]], [[17, [17, 19, 1, 12]]], [[23, [23]]]]]}
{"file_name": "U_30_1", "number_of_trucks": 2, "drone_capacity": 10, "number_of_drones": 2, "iteration": 2, "best_fitness": 466.61972972802783, "runtime": 960.2485766410828, "best_solution": [[[[0, [11, 15, 8, 16, 13]], [16, []], [15, []], [8, []], [11, []], [25, [25, 29, 2, 5]], [2, []], [13, []], [29, []], [27, [27, 19, 12]], [19, []], [5, []], [17, [17, 1]], [1, []], [12, []]], [[0, []], [18, [18]], [4, [4]], [9, [10, 9, 24, 21]], [21, []], [24, []], [6, [7, 6, 26, 22]], [26, []], [22, []], [7, []], [14, [14, 3, 30, 28]], [30, []], [28, []], [3, []], [10, []], [23, [23, 20]], [20, []]]], [[[18, [18]]], [[4, [4]]], [[9, [10, 9, 24, 21]]], [[25, [25, 29, 2, 5]]], [[6, [7, 6, 26, 22]]], [[14, [14, 3, 30, 28]]], [[27, [27, 19, 12]]], [[17, [17, 1]]], [[23, [23, 20]]]]]}
{"file_name": "U_30_1", "number_of_trucks": 2, "drone_capacity": 10, "number_of_drones": 2, "iteration": 3, "best_fitness": 463.4597297280278, "runtime": 1093.5633161067963, "best_solution": [[[[0, [18, 8]], [18, []], [8, []], [24, [24, 13]], [13, []], [22, [22, 7, 25, 29]], [7, []], [29, []], [27, [27, 14, 28]], [14, []], [30, [30, 3, 20]], [28, []], [3, []], [25, []], [20, []], [23, [23]]], [[0, []], [4, [4]], [15, [9, 15, 21, 16, 11, 10]], [21, []], [16, []], [11, []], [2, [2, 6, 5, 26]], [26, []], [10, []], [9, []], [6, []], [5, []], [19, [19, 17, 1, 12]], [17, []], [1, []], [12, []]]], [[[4, [4]]], [[24, [24, 13]]], [[15, [9, 15, 21, 16, 11, 10]]], [[22, [22, 7, 25, 29]]], [[2, [2, 6, 5, 26]]], [[27, [27, 14, 28]]], [[30, [30, 3, 20]]], [[19, [19, 17, 1, 12]]], [[23, [23]]]]]}
