{"file_name": "U_30_1", "number_of_trucks": 2, "drone_capacity": 10, "number_of_drones": 2, "iteration": 1, "best_fitness": 366.7576358669421, "runtime": 1175.988644361496, "best_solution": [[[[0, []], [2, [2]], [15, [15, 28, 8]], [28, []], [19, [19, 23, 10]], [8, []], [23, []], [10, []], [1, [1, 25, 7, 20, 11]], [25, []], [7, []], [11, []], [20, []]], [[0, []], [3, [3]], [18, [18, 26, 4, 9, 16]], [9, []], [16, []], [4, []], [26, []], [21, [21, 27, 24, 6, 17, 29]], [27, []], [24, []], [6, []], [29, []], [13, [13, 14, 30, 5, 12]], [14, []], [30, []], [17, []], [12, []], [5, []], [22, [22]]]], [[[3, [3]]], [[2, [2]]], [[18, [18, 26, 4, 9, 16]]], [[15, [15, 28, 8]]], [[19, [19, 23, 10]]], [[21, [21, 27, 24, 6, 17, 29]]], [[13, [13, 14, 30, 5, 12]]], [[1, [1, 25, 7, 20, 11]]], [[22, [22]]]]]}
{"file_name": "U_30_1", "number_of_trucks": 2, "drone_capacity": 10, "number_of_drones": 2, "iteration": 2, "best_fitness": 370.64250624899086, "runtime": 1149.0558497905731, "best_solution": [[[[0, [4, 26, 18, 16, 8, 9]], [18, []], [16, []], [26, []], [4, []], [9, []], [21, [21, 6, 14, 23, 19, 10]], [6, []], [14, []], [23, []], [1, [1, 25, 7, 20]], [25, []], [10, []], [8, []], [7, []], [19, []], [20, []]], [[0, [2]], [2, []], [3, [3, 28, 24, 29]], [28, []], [27, [27]], [24, []], [29, []], [13, [13, 30, 5, 17, 11, 12, 15]], [30, []], [17, []], [12, []], [5, []], [22, [22]], [11, []], [15, []]]], [[[3, [3, 28, 24, 29]]], [[21, [21, 6, 14, 23, 19, 10]]], [[27, [27]]], [[13, [13, 30, 5, 17, 11, 12, 15]]], [[1, [1, 25, 7, 20]]], [[22, [22]]]]]}
{"file_name": "U_30_1", "number_of_trucks": 2, "drone_capacity": 10, "number_of_drones": 2, "iteration": 3, "best_fitness": 369.8376358669422, "runtime": 1332.1604290008545, "best_solution": [[[[0, [3]], [18, [18, 26, 16, 4]], [3, []], [28, [28, 15]], [26, []], [16, []], [4, []], [27, [27, 21, 6, 14, 11]], [21, []], [6, []], [14, []], [13, [13, 30, 5]], [30, []], [5, []], [22, [22]], [11, []], [15, []]], [[0, [9, 8]], [9, []], [24, [24, 29, 12]], [29, [17, 23, 2]], [12, []], [17, []], [23, []], [2, []], [1, [1, 25, 10, 7, 19, 20]], [25, []], [10, []], [8, []], [7, []], [19, []], [20, []]]], [[[24, [24, 29, 12]]], [[18, [18, 26, 16, 4]]], [[28, [28, 15]]], [[29, [17, 23, 2]]], [[27, [27, 21, 6, 14, 11]]], [[13, [13, 30, 5]]], [[1, [1, 25, 10, 7, 19, 20]]], [[22, [22]]]]]}
