{"file_name": "U_30_1", "number_of_trucks": 2, "drone_capacity": 10, "number_of_drones": 2, "iteration": 1, "best_fitness": 444.6043304649052, "runtime": 780.6460342407227, "best_solution": [[[[0, []], [7, [7, 16]], [16, [15, 20, 1, 17]], [15, []], [20, []], [1, []], [17, []], [11, [11, 30, 23, 29]], [30, []], [29, []], [23, []], [18, [18, 4, 3]], [3, []], [4, []], [22, [22, 19]], [19, []]], [[0, [6, 8, 10, 25]], [6, []], [10, []], [8, []], [12, [12]], [2, [2, 5, 24]], [5, []], [24, []], [13, [13, 27, 21, 14, 9, 26, 28]], [27, []], [21, []], [14, []], [9, []], [26, []], [28, []], [25, []]]], [[[7, [7, 16]]], [[16, [15, 20, 1, 17]]], [[12, [12]]], [[2, [2, 5, 24]]], [[11, [11, 30, 23, 29]]], [[13, [13, 27, 21, 14, 9, 26, 28]]], [[18, [18, 4, 3]]], [[22, [22, 19]]]]]}
{"file_name": "U_30_1", "number_of_trucks": 2, "drone_capacity": 10, "number_of_drones": 2, "iteration": 2, "best_fitness": 444.6043304649052, "runtime": 815.5184745788574, "best_solution": [[[[0, [17, 20, 7, 1, 10]], [1, []], [10, []], [20, []], [7, []], [17, []], [30, [30, 23, 2, 29, 9]], [23, []], [2, []], [29, []], [28, [28, 26, 3, 4, 11]], [26, []], [9, []], [3, []], [4, []], [11, []]], [[0, [6, 25, 16]], [6, []], [25, []], [8, [8, 12, 15]], [12, []], [16, []], [15, []], [5, [5, 24, 27]], [24, []], [13, [13, 21, 14, 18]], [21, []], [27, []], [14, []], [18, []], [22, [22, 19]], [19, []]]], [[[30, [30, 23, 2, 29, 9]]], [[8, [8, 12, 15]]], [[5, [5, 24, 27]]], [[13, [13, 21, 14, 18]]], [[28, [28, 26, 3, 4, 11]]], [[22, [22, 19]]]]]}
{"file_name": "U_30_1", "number_of_trucks": 2, "drone_capacity": 10, "number_of_drones": 2, "iteration": 3, "best_fitness": 444.6043304649052, "runtime": 1127.9646384716034, "best_solution": [[[[0, [7, 8, 10, 20]], [8, []], [7, []], [12, [12]], [10, []], [20, []], [30, [30, 5, 24, 23]], [5, []], [24, []], [13, [13, 18, 4]], [18, []], [23, []], [4, []], [22, [22, 19]], [19, []]], [[0, [16, 1, 25, 6]], [25, []], [6, []], [16, []], [15, [15, 2, 29]], [29, []], [2, []], [17, [27, 17]], [1, []], [27, []], [21, [21, 28, 26, 14, 9, 11]], [14, []], [28, []], [26, []], [9, []], [3, [3]], [11, []]]], [[[15, [15, 2, 29]]], [[12, [12]]], [[17, [27, 17]]], [[30, [30, 5, 24, 23]]], [[21, [21, 28, 26, 14, 9, 11]]], [[13, [13, 18, 4]]], [[22, [22, 19]]], [[3, [3]]]]]}
