{"file_name": "U_30_1", "number_of_trucks": 2, "drone_capacity": 10, "number_of_drones": 2, "iteration": 1, "best_fitness": 496.04944876566543, "runtime": 1096.2101080417633, "best_solution": [[[[0, [2, 13, 30, 26, 10, 19, 17]], [19, []], [30, []], [26, []], [2, []], [9, [9]], [17, []], [13, []], [10, []], [12, [23, 12, 1]], [1, []], [23, []]], [[0, [28, 4, 5]], [24, [20, 29, 24, 16, 11, 22]], [5, []], [20, []], [16, []], [11, []], [28, []], [4, []], [25, [25, 14, 7]], [14, []], [7, []], [29, []], [22, []], [8, [8, 27, 18, 15]], [27, []], [18, []], [15, []], [21, [21, 3, 6]], [3, []], [6, []]]], [[[24, [20, 29, 24, 16, 11, 22]]], [[25, [25, 14, 7]]], [[9, [9]]], [[8, [8, 27, 18, 15]]], [[12, [23, 12, 1]]], [[21, [21, 3, 6]]]]]}
{"file_name": "U_30_1", "number_of_trucks": 2, "drone_capacity": 10, "number_of_drones": 2, "iteration": 2, "best_fitness": 486.15291783415216, "runtime": 1124.07013463974, "best_solution": [[[[0, [5, 2, 13, 26, 19, 11, 17, 10, 20, 16]], [26, []], [19, []], [20, []], [16, []], [11, []], [17, []], [10, []], [15, [15]], [5, []], [2, []], [13, []], [1, [1, 12]], [12, []]], [[0, [28, 29, 22, 4, 24]], [22, []], [25, [25]], [30, [30, 14, 7, 27]], [27, []], [7, []], [28, []], [4, []], [29, []], [14, []], [24, []], [18, [18, 23, 9, 8]], [23, []], [9, []], [21, [21, 6, 3]], [3, []], [6, []], [8, []]]], [[[25, [25]]], [[30, [14, 7, 27]]], [[30, [30]]], [[18, [18, 23, 9, 8]]], [[15, [15]]], [[21, [21, 6, 3]]], [[1, [1, 12]]]]]}
{"file_name": "U_30_1", "number_of_trucks": 2, "drone_capacity": 10, "number_of_drones": 2, "iteration": 3, "best_fitness": 485.1621798059925, "runtime": 875.1600866317749, "best_solution": [[[[0, [11, 20, 29]], [29, []], [19, [19, 26, 30]], [26, []], [30, []], [20, []], [11, []], [18, [18, 23, 9, 8]], [23, []], [9, []], [21, [21, 3, 6]], [3, []], [6, []], [8, []]], [[0, [5, 16, 22, 25, 4]], [22, []], [25, []], [4, [28]], [28, []], [14, [14, 13, 24, 10, 17]], [7, [7, 2, 27]], [24, []], [13, []], [10, []], [17, []], [5, []], [16, []], [2, [15, 1]], [15, []], [1, []], [12, [12]], [27, []]]], [[[19, [19, 26, 30]]], [[4, [28]]], [[14, [14, 13, 24, 10, 17]]], [[7, [7, 2, 27]]], [[2, [15, 1]]], [[18, [18, 23, 9, 8]]], [[21, [21, 3, 6]]], [[12, [12]]]]]}
