{"file_name": "U_30_1", "number_of_trucks": 2, "drone_capacity": 10, "number_of_drones": 2, "iteration": 1, "best_fitness": 366.61368882960454, "runtime": 1197.9431312084198, "best_solution": [[[[0, [20, 27]], [26, [26, 9]], [9, []], [15, [15, 21, 25]], [25, []], [27, []], [21, []], [20, []], [4, [4, 10, 19, 23, 17]], [10, []], [19, []], [23, []], [28, [28]], [17, []]], [[0, [1]], [7, [18, 7]], [1, []], [18, []], [16, [16, 2, 6, 30]], [30, []], [12, [12, 24, 3, 5]], [3, []], [2, []], [6, []], [24, []], [14, [14, 13, 22, 29, 11, 8]], [13, []], [5, []], [29, []], [8, []], [11, []], [22, []]]], [[[26, [26, 9]]], [[7, [18, 7]]], [[16, [16, 2, 6, 30]]], [[15, [15, 21, 25]]], [[12, [12, 24, 3, 5]]], [[4, [4, 10, 19, 23, 17]]], [[14, [14, 13, 22, 29, 11, 8]]], [[28, [28]]]]]}
{"file_name": "U_30_1", "number_of_trucks": 2, "drone_capacity": 10, "number_of_drones": 2, "iteration": 2, "best_fitness": 360.9171827770112, "runtime": 1420.8195950984955, "best_solution": [[[[0, [1, 27]], [26, [20, 26]], [1, []], [27, []], [2, [2, 17]], [17, []], [5, [5, 10, 23, 21, 19]], [20, []], [10, []], [19, []], [21, []], [23, []], [28, [28, 8, 29]], [29, []], [8, []]], [[0, []], [7, [7]], [9, [9]], [15, [15, 16, 6, 18, 25]], [6, []], [25, []], [16, []], [18, []], [30, [30, 4, 3, 12, 24]], [4, []], [3, []], [12, []], [24, []], [14, [14, 13, 11, 22]], [13, []], [11, []], [22, []]]], [[[7, [7]]], [[26, [20, 26]]], [[9, [9]]], [[15, [15, 16, 6, 18, 25]]], [[2, [2, 17]]], [[5, [5, 10, 23, 21, 19]]], [[30, [30, 4, 3, 12, 24]]], [[28, [28, 8, 29]]], [[14, [14, 13, 11, 22]]]]]}
{"file_name": "U_30_1", "number_of_trucks": 2, "drone_capacity": 10, "number_of_drones": 2, "iteration": 3, "best_fitness": 371.082607926168, "runtime": 1030.1915798187256, "best_solution": [[[[0, []], [26, [26, 7]], [7, []], [16, [16, 25, 15, 9, 6]], [25, []], [15, []], [9, []], [6, []], [14, [14, 24, 12, 3, 2, 8]], [24, []], [12, []], [3, []], [2, []], [8, []], [22, [22, 11, 13]], [11, []], [13, []]], [[0, [27, 1]], [20, [20, 18]], [18, []], [1, []], [17, [17, 21, 30, 19]], [21, []], [19, []], [10, [10, 4, 23, 5]], [30, []], [27, []], [4, []], [23, []], [28, [28, 29]], [29, []], [5, []]]], [[[20, [20, 18]]], [[26, [26, 7]]], [[16, [16, 25, 15, 9, 6]]], [[17, [17, 21, 30, 19]]], [[10, [10, 4, 23, 5]]], [[14, [14, 24, 12, 3, 2, 8]]], [[22, [22, 11, 13]]], [[28, [28, 29]]]]]}
