{"file_name": "U_30_1", "number_of_trucks": 2, "drone_capacity": 10, "number_of_drones": 2, "iteration": 1, "best_fitness": 373.3711503872207, "runtime": 1080.590868473053, "best_solution": [[[[0, [24, 19]], [14, [14, 3]], [19, []], [3, []], [24, []], [15, [15, 6, 23, 17, 1, 5, 21]], [6, []], [5, []], [17, []], [23, []], [27, [27, 20, 10, 9]], [10, []], [21, []], [12, [12, 22]], [1, []], [9, []], [22, []], [20, []]], [[0, [25]], [25, []], [8, [8]], [30, [30, 28, 16, 7, 11]], [28, []], [16, []], [7, []], [4, [4, 18, 29, 13, 2]], [11, []], [18, []], [2, []], [29, []], [13, []], [26, [26]]]], [[[8, [8]]], [[14, [14, 3]]], [[30, [30, 28, 16, 7, 11]]], [[15, [15, 6, 23, 17, 1, 5, 21]]], [[4, [4, 18, 29, 13, 2]]], [[27, [27, 20, 10, 9]]], [[26, [26]]], [[12, [12, 22]]]]]}
{"file_name": "U_30_1", "number_of_trucks": 2, "drone_capacity": 10, "number_of_drones": 2, "iteration": 2, "best_fitness": 377.9119296841701, "runtime": 927.967779636383, "best_solution": [[[[0, []], [8, [8, 16]], [16, []], [21, [21, 30, 29, 28]], [28, []], [30, []], [29, [13, 2]], [2, []], [13, []], [26, [26, 5, 20, 14]], [5, []], [20, []], [14, []]], [[0, [19, 24, 25, 7]], [24, [3]], [25, []], [19, []], [23, [23, 17, 15, 6, 11, 18, 1]], [17, []], [3, []], [15, []], [6, []], [27, [27, 10, 9, 4]], [10, []], [7, []], [18, []], [1, []], [12, [12, 22]], [9, []], [11, []], [4, []], [22, []]]], [[[24, [3]]], [[8, [8, 16]]], [[21, [21, 30, 29, 28]]], [[23, [23, 17, 15, 6, 11, 18, 1]]], [[29, [13, 2]]], [[27, [27, 10, 9, 4]]], [[26, [26, 5, 20, 14]]], [[12, [12, 22]]]]]}
{"file_name": "U_30_1", "number_of_trucks": 2, "drone_capacity": 10, "number_of_drones": 2, "iteration": 3, "best_fitness": 374.6719296841701, "runtime": 1007.7240195274353, "best_solution": [[[[0, []], [14, [14, 24, 25, 7]], [24, []], [25, []], [7, []], [21, [21, 8, 30, 16]], [30, []], [16, []], [8, []], [13, [13, 29, 1, 2, 28, 18]], [29, []], [2, []], [28, []], [18, []], [12, [12, 9, 22, 20]], [1, []], [9, []], [22, []], [20, []]], [[0, [19, 3, 11, 5, 23]], [23, []], [5, []], [17, [17, 15, 6]], [3, []], [15, []], [6, []], [19, []], [27, [27, 10, 26, 4]], [10, []], [11, []], [4, []], [26, []]]], [[[14, [14, 24, 25, 7]]], [[21, [21, 8, 30, 16]]], [[17, [17, 15, 6]]], [[13, [13, 29, 1, 2, 28, 18]]], [[27, [27, 10, 26, 4]]], [[12, [12, 9, 22, 20]]]]]}
