{"file_name": "U_30_1", "number_of_trucks": 2, "drone_capacity": 10, "number_of_drones": 2, "iteration": 1, "best_fitness": 471.63554505680014, "runtime": 1546.296903848648, "best_solution": [[[[0, [14]], [23, [23, 9, 4, 13, 18, 8, 3, 21, 6]], [9, []], [4, []], [13, []], [18, []], [8, []], [3, []], [21, []], [6, []], [14, []], [16, [16, 28, 20, 22]], [28, []], [20, []], [22, []], [11, [11, 1]], [1, []]], [[0, [2, 30]], [7, [7, 17, 10, 12]], [17, []], [10, []], [12, []], [26, [26, 29, 19, 15, 27]], [2, []], [27, []], [15, []], [29, []], [19, []], [30, []], [24, [24, 25, 5]], [25, []], [5, []]]], [[[7, [7, 17, 10, 12]]], [[23, [23, 9, 4, 13, 18, 8, 3, 21, 6]]], [[26, [26, 29, 19, 15, 27]]], [[16, [16, 28, 20, 22]]], [[11, [11, 1]]], [[24, [24, 25, 5]]]]]}
{"file_name": "U_30_1", "number_of_trucks": 2, "drone_capacity": 10, "number_of_drones": 2, "iteration": 2, "best_fitness": 467.4755450568001, "runtime": 934.8649528026581, "best_solution": [[[[0, [9, 30, 8, 12, 18]], [2, [2, 26]], [9, []], [26, []], [29, [29, 19]], [19, []], [30, []], [12, []], [28, [28]], [18, []], [8, []], [24, [24, 25]], [25, []]], [[0, [23]], [23, []], [10, [10, 21, 3, 13]], [21, [4, 17, 14, 7, 6]], [3, []], [13, []], [7, []], [4, []], [17, []], [6, []], [14, []], [20, [20, 16, 5, 27, 15]], [16, []], [5, []], [15, []], [1, [1, 22, 11]], [27, []], [22, []], [11, []]]], [[[10, [10, 21, 3, 13]]], [[21, [4, 17, 14, 7, 6]]], [[2, [2, 26]]], [[29, [29, 19]]], [[20, [20, 16, 5, 27, 15]]], [[28, [28]]], [[24, [24, 25]]], [[1, [1, 22, 11]]]]]}
{"file_name": "U_30_1", "number_of_trucks": 2, "drone_capacity": 10, "number_of_drones": 2, "iteration": 3, "best_fitness": 468.56810981006925, "runtime": 1141.9687864780426, "best_solution": [[[[0, [18]], [18, []], [14, [14, 3, 8, 21, 9]], [8, []], [21, []], [3, []], [9, []], [26, [26]], [29, [29, 15, 27]], [27, []], [15, []], [4, [4, 7, 22]], [22, []], [7, []], [11, [11, 5, 1]], [5, []], [1, []]], [[0, [13, 6]], [23, [23, 2, 12]], [2, []], [10, [17, 10]], [12, []], [13, []], [6, []], [17, []], [20, [20, 16]], [16, []], [28, [28, 19, 30]], [30, []], [19, []], [24, [24, 25]], [25, []]]], [[[23, [23, 2, 12]]], [[14, [14, 3, 8, 21, 9]]], [[10, [17, 10]]], [[26, [26]]], [[29, [29, 15, 27]]], [[20, [20, 16]]], [[28, [28, 19, 30]]], [[4, [4, 7, 22]]], [[11, [11, 5, 1]]], [[24, [24, 25]]]]]}
