{"file_name": "U_30_0", "number_of_trucks": 2, "drone_capacity": 10, "number_of_drones": 2, "iteration": 1, "best_fitness": 295.0632986156081, "runtime": 1345.9499139785767, "best_solution": [[[[0, [24]], [24, []], [18, [18, 21, 5, 3, 14, 16, 7, 2, 28]], [21, []], [5, []], [1, [1, 23, 12, 22, 6]], [12, []], [22, []], [6, []], [3, []], [14, []], [16, []], [7, []], [23, []], [2, []], [28, []]], [[0, []], [19, [27, 19, 13]], [27, []], [15, [15, 9, 10, 4, 26]], [9, []], [10, []], [4, []], [8, [8, 17, 30, 29, 11, 20, 25]], [11, []], [17, []], [30, []], [20, []], [25, []], [13, []], [26, []], [29, []]]], [[[19, [27, 19, 13]]], [[18, [18, 21, 5, 3, 14, 16, 7, 2, 28]]], [[15, [15, 9, 10, 4, 26]]], [[8, [8, 17, 30, 29, 11, 20, 25]]], [[1, [1, 23, 12, 22, 6]]]]]}
{"file_name": "U_30_0", "number_of_trucks": 2, "drone_capacity": 10, "number_of_drones": 2, "iteration": 2, "best_fitness": 294.26329861560816, "runtime": 1550.1861844062805, "best_solution": [[[[0, [19, 3]], [19, []], [3, []], [16, [16, 15, 18, 7, 28, 2]], [7, []], [15, []], [23, [23, 1, 12, 6, 5, 22, 14, 24]], [14, []], [24, []], [1, []], [5, []], [12, []], [22, []], [6, []], [18, []], [28, []], [2, []]], [[0, [27, 11, 21]], [21, []], [9, [9, 4, 10]], [27, []], [4, []], [10, []], [8, [8, 17, 30, 26, 13, 20, 25, 29]], [17, []], [11, []], [30, []], [20, []], [25, []], [13, []], [26, []], [29, []]]], [[[9, [9, 4, 10]]], [[16, [16, 15, 18, 7, 28, 2]]], [[8, [8, 17, 30, 26, 13, 20, 25, 29]]], [[23, [23, 1, 12, 6, 5, 22, 14, 24]]]]]}
{"file_name": "U_30_0", "number_of_trucks": 2, "drone_capacity": 10, "number_of_drones": 2, "iteration": 3, "best_fitness": 299.28015834812504, "runtime": 714.7708892822266, "best_solution": [[[[0, [19, 2, 13]], [2, []], [9, [9, 18, 21]], [19, []], [18, []], [21, []], [1, [1, 5, 30, 20, 22, 6, 12, 26]], [5, []], [30, []], [20, []], [12, []], [13, []], [25, [25]], [26, []], [22, []], [6, []]], [[0, [3]], [3, []], [28, [28, 11, 10, 24, 14, 15, 27, 4, 7]], [24, []], [14, []], [15, []], [27, []], [4, []], [8, [8, 23, 29, 17, 16]], [11, []], [17, []], [10, []], [7, []], [23, []], [16, []], [29, []]]], [[[9, [9, 18, 21]]], [[28, [28, 11, 10, 24, 14, 15, 27, 4, 7]]], [[8, [8, 23, 29, 17, 16]]], [[1, [1, 5, 30, 20, 22, 6, 12, 26]]], [[25, [25]]]]]}
