{"file_name": "U_30_1", "number_of_trucks": 2, "drone_capacity": 10, "number_of_drones": 2, "iteration": 1, "best_fitness": 435.8161838146312, "runtime": 1125.5390412807465, "best_solution": [[[[0, [13, 5, 23, 21, 29, 24]], [21, []], [24, []], [29, []], [23, []], [13, []], [5, [14, 28, 6, 22, 25, 2]], [14, []], [28, []], [2, []], [6, []], [25, []], [22, []], [17, [17, 11, 12]], [11, []], [12, []]], [[0, []], [27, [18, 27, 26, 30, 3, 8]], [3, []], [8, []], [18, []], [30, [10, 4, 19]], [4, []], [19, []], [15, [15, 1, 9]], [1, []], [26, []], [9, []], [20, [20, 16, 7]], [10, []], [16, []], [7, []]]], [[[5, [14, 28, 6, 22, 25, 2]]], [[27, [18, 27, 26, 30, 3, 8]]], [[30, [10, 4, 19]]], [[15, [15, 1, 9]]], [[17, [17, 11, 12]]], [[20, [20, 16, 7]]]]]}
{"file_name": "U_30_1", "number_of_trucks": 2, "drone_capacity": 10, "number_of_drones": 2, "iteration": 2, "best_fitness": 427.69003166780425, "runtime": 887.0453379154205, "best_solution": [[[[0, [3]], [3, []], [21, [21, 30, 29]], [30, []], [29, []], [26, [26, 6, 27]], [6, []], [10, [10, 19, 4]], [4, []], [19, []], [27, []], [12, [12, 1, 9, 15]], [1, []], [9, []], [15, []], [20, [20, 7, 16]], [7, []], [16, []]], [[0, [5]], [5, []], [18, [18, 2, 25]], [8, [8, 23, 24, 13]], [24, []], [23, []], [13, []], [14, [14, 28, 22]], [2, []], [22, []], [25, []], [28, []], [11, [11, 17]], [17, []]]], [[[21, [21, 30, 29]]], [[18, [18, 2, 25]]], [[8, [8, 23, 24, 13]]], [[26, [26, 6, 27]]], [[10, [10, 19, 4]]], [[14, [14, 28, 22]]], [[12, [12, 1, 9, 15]]], [[20, [20, 7, 16]]], [[11, [11, 17]]]]]}
{"file_name": "U_30_1", "number_of_trucks": 2, "drone_capacity": 10, "number_of_drones": 2, "iteration": 3, "best_fitness": 435.5210876298272, "runtime": 1050.0771849155426, "best_solution": [[[[0, [13, 8, 30, 21, 3]], [21, []], [3, []], [30, []], [8, []], [13, []], [19, [19, 28]], [15, [15, 22, 25]], [25, []], [22, []], [28, []], [11, [11, 16, 12, 7]], [16, []], [7, []], [12, []]], [[0, [5, 29]], [29, []], [24, [24, 23]], [23, []], [18, [18, 27, 26, 2]], [27, []], [10, [10, 4, 14, 6]], [4, []], [5, []], [14, []], [17, [17, 9, 1]], [2, []], [6, []], [20, [20]], [26, []], [9, []], [1, []]]], [[[24, [24, 23]]], [[18, [18, 27, 26, 2]]], [[10, [10, 4, 14, 6]]], [[19, [19, 28]]], [[15, [15, 22, 25]]], [[11, [11, 16, 12, 7]]], [[17, [17, 9, 1]]], [[20, [20]]]]]}
