{"file_name": "U_30_1", "number_of_trucks": 2, "drone_capacity": 10, "number_of_drones": 2, "iteration": 1, "best_fitness": 367.75821719811535, "runtime": 1635.9974024295807, "best_solution": [[[[0, [1, 4]], [4, []], [1, []], [5, [5, 23]], [23, []], [12, [12, 3, 25, 7]], [3, []], [25, []], [27, [27, 14, 19, 21, 30]], [14, []], [19, []], [21, []], [7, []], [30, []], [13, [13]]], [[0, [2, 6, 8, 11]], [8, []], [11, []], [2, []], [24, [24, 22, 20]], [6, []], [22, []], [20, []], [17, [17, 18, 16, 15, 29, 10, 9]], [18, []], [26, [26, 28]], [16, []], [15, []], [29, []], [10, []], [28, []], [9, []]]], [[[24, [24, 22, 20]]], [[5, [5, 23]]], [[12, [12, 3, 25, 7]]], [[17, [17, 18, 16, 15, 29, 10, 9]]], [[27, [27, 14, 19, 21, 30]]], [[26, [26, 28]]], [[13, [13]]]]]}
{"file_name": "U_30_1", "number_of_trucks": 2, "drone_capacity": 10, "number_of_drones": 2, "iteration": 2, "best_fitness": 372.74044958669094, "runtime": 1040.6303386688232, "best_solution": [[[[0, [23, 6, 20, 24]], [6, []], [20, []], [22, [22, 19]], [19, []], [24, []], [17, [17, 18, 21]], [18, []], [27, [13, 30, 27, 14]], [23, []], [14, []], [21, []], [13, []], [30, []]], [[0, [2, 8, 1, 4]], [8, []], [1, [5]], [5, []], [7, [7, 9, 10]], [9, []], [4, []], [10, []], [29, [29, 15, 16, 3, 25, 12, 11]], [2, []], [15, []], [16, []], [11, []], [3, []], [25, []], [12, []], [26, [26, 28]], [28, []]]], [[[1, [5]]], [[7, [7, 9, 10]]], [[22, [22, 19]]], [[29, [29, 15, 16, 3, 25, 12, 11]]], [[17, [17, 18, 21]]], [[27, [13, 30, 27, 14]]], [[26, [26, 28]]]]]}
{"file_name": "U_30_1", "number_of_trucks": 2, "drone_capacity": 10, "number_of_drones": 2, "iteration": 3, "best_fitness": 366.87896047776593, "runtime": 977.9211575984955, "best_solution": [[[[0, [8, 6, 2]], [8, []], [2, []], [22, [22, 20]], [6, []], [20, []], [30, [30, 9, 16, 7]], [9, []], [7, []], [21, [21, 18, 29]], [18, []], [26, [26, 28, 15, 10]], [16, []], [15, []], [29, []], [10, []], [28, []]], [[0, [4, 1, 11, 5]], [4, []], [24, [24, 23]], [5, []], [1, []], [11, []], [12, [12, 3, 25]], [3, []], [25, []], [23, []], [27, [27, 14, 19, 13, 17]], [14, []], [19, []], [17, []], [13, []]]], [[[22, [22, 20]]], [[24, [24, 23]]], [[12, [12, 3, 25]]], [[30, [30, 9, 16, 7]]], [[21, [21, 18, 29]]], [[27, [27, 14, 19, 13, 17]]], [[26, [26, 28, 15, 10]]]]]}
