{"file_name": "U_30_1", "number_of_trucks": 2, "drone_capacity": 10, "number_of_drones": 2, "iteration": 1, "best_fitness": 482.9652718885713, "runtime": 985.8380193710327, "best_solution": [[[[0, [22, 9, 29]], [9, [12, 13, 27, 21]], [29, []], [22, []], [12, []], [13, []], [27, []], [21, []], [11, [11]], [17, [17, 30, 24, 26]], [30, []], [24, []], [26, []]], [[0, []], [19, [19, 3, 7, 5, 16]], [3, []], [7, []], [5, []], [15, [15, 4, 14, 6, 23]], [16, []], [4, []], [14, []], [6, []], [23, []], [2, [2, 1, 8, 10]], [8, []], [10, []], [1, []], [25, [25, 28, 20, 18]], [28, []], [20, []], [18, []]]], [[[19, [19, 3, 7, 5, 16]]], [[9, [12, 13, 27, 21]]], [[15, [15, 4, 14, 6, 23]]], [[2, [2, 1, 8, 10]]], [[11, [11]]], [[17, [17, 30, 24, 26]]], [[25, [25, 28, 20, 18]]]]]}
{"file_name": "U_30_1", "number_of_trucks": 2, "drone_capacity": 10, "number_of_drones": 2, "iteration": 2, "best_fitness": 481.1252718885713, "runtime": 1392.0179204940796, "best_solution": [[[[0, [16, 22, 9, 19]], [9, []], [19, []], [22, []], [15, [15, 27, 21, 29, 13, 14]], [16, []], [27, []], [21, []], [4, [4, 6, 23, 10]], [6, []], [29, []], [13, []], [14, []], [30, [30, 2]], [2, []], [23, []], [10, []], [25, [25, 17, 18]], [17, []], [18, []]], [[0, [7, 1, 12, 3, 5]], [5, []], [1, []], [7, []], [8, [8]], [12, []], [11, [11]], [3, []], [28, [28, 20, 26, 24]], [20, []], [24, []], [26, []]]], [[[15, [15, 27, 21, 29, 13, 14]]], [[4, [4, 6, 23, 10]]], [[8, [8]]], [[30, [30, 2]]], [[11, [11]]], [[28, [28, 20, 26, 24]]], [[25, [25, 17, 18]]]]]}
{"file_name": "U_30_1", "number_of_trucks": 2, "drone_capacity": 10, "number_of_drones": 2, "iteration": 3, "best_fitness": 481.1252718885713, "runtime": 1235.1695516109467, "best_solution": [[[[0, [9, 13, 14, 5, 12, 1, 16, 4, 21, 29]], [16, []], [4, []], [21, []], [9, []], [29, []], [13, []], [14, []], [30, [30, 2, 10]], [5, []], [12, []], [2, []], [1, []], [10, []], [25, [25, 17, 18]], [17, []], [18, []]], [[0, [22, 7, 3, 19]], [3, []], [19, []], [22, [6, 8, 23, 15, 27]], [6, []], [8, []], [7, []], [23, []], [11, [11]], [27, []], [24, [24, 26, 28, 20]], [26, []], [28, []], [20, []], [15, []]]], [[[22, [6, 8, 23, 15, 27]]], [[30, [30, 2, 10]]], [[11, [11]]], [[24, [24, 26, 28, 20]]], [[25, [25, 17, 18]]]]]}
