{"file_name": "U_30_0", "number_of_trucks": 2, "drone_capacity": 10, "number_of_drones": 2, "iteration": 1, "best_fitness": 295.36237614760097, "runtime": 1087.344156742096, "best_solution": [[[[0, [25]], [2, [2, 15, 21, 14]], [25, []], [16, [16, 18, 29, 28, 13, 30]], [21, []], [15, []], [18, []], [27, [27, 7, 22, 3]], [29, []], [7, []], [14, []], [30, []], [22, []], [28, []], [3, []], [13, []]], [[0, []], [12, [12]], [20, [20, 23, 11, 19, 8, 6]], [23, []], [11, []], [19, []], [8, []], [5, [5, 17, 10, 4, 1, 24, 26, 9]], [17, []], [10, []], [4, []], [26, []], [1, []], [6, []], [24, []], [9, []]]], [[[2, [2, 15, 21, 14]]], [[12, [12]]], [[16, [16, 18, 29, 28, 13, 30]]], [[20, [20, 23, 11, 19, 8, 6]]], [[5, [5, 17, 10, 4, 1, 24, 26, 9]]], [[27, [27, 7, 22, 3]]]]]}
{"file_name": "U_30_0", "number_of_trucks": 2, "drone_capacity": 10, "number_of_drones": 2, "iteration": 2, "best_fitness": 305.9546490599197, "runtime": 1616.7781660556793, "best_solution": [[[[0, [15, 21]], [18, [18, 29, 16, 30]], [16, []], [15, []], [21, []], [27, [27, 7, 10, 26, 4, 22, 28, 14]], [29, []], [7, []], [30, []], [22, []], [28, []], [14, []], [10, []], [4, []], [26, []]], [[0, [25, 2]], [25, []], [13, [13, 11]], [2, []], [3, [6, 12, 8, 3, 20, 19, 23]], [23, []], [20, []], [11, []], [8, []], [19, []], [5, [5, 17, 24, 9, 1]], [17, []], [1, []], [6, []], [24, []], [9, []], [12, []]]], [[[13, [13, 11]]], [[18, [18, 29, 16, 30]]], [[3, [6, 12, 8, 3, 20, 19, 23]]], [[27, [27, 7, 10, 26, 4, 22, 28, 14]]], [[5, [5, 17, 24, 9, 1]]]]]}
{"file_name": "U_30_0", "number_of_trucks": 2, "drone_capacity": 10, "number_of_drones": 2, "iteration": 3, "best_fitness": 310.3969633656603, "runtime": 959.4882583618164, "best_solution": [[[[0, [15, 16, 23]], [12, [12, 30, 8, 29, 14, 13, 18, 28]], [23, []], [16, []], [15, []], [8, []], [18, []], [27, [27, 7, 22, 3]], [29, []], [7, []], [14, []], [28, []], [3, []], [22, []], [30, []], [13, []]], [[0, [25, 21, 2]], [2, []], [25, []], [11, [11]], [21, []], [1, [1, 9, 24, 17, 5, 6, 20, 19]], [9, []], [24, []], [6, []], [17, []], [5, []], [19, []], [20, []], [10, [10, 26, 4]], [4, []], [26, []]]], [[[12, [12, 30, 8, 29, 14, 13, 18, 28]]], [[11, [11]]], [[27, [27, 7, 22, 3]]], [[1, [1, 9, 24, 17, 5, 6, 20, 19]]], [[10, [10, 26, 4]]]]]}
