{"file_name": "U_30_1", "number_of_trucks": 2, "drone_capacity": 10, "number_of_drones": 2, "iteration": 1, "best_fitness": 363.4238941684225, "runtime": 987.137170791626, "best_solution": [[[[0, []], [14, [14, 3, 13]], [3, []], [13, []], [11, [11, 23, 16, 4, 22]], [7, [7, 20]], [20, []], [16, []], [4, []], [22, []], [23, []], [15, [15, 5, 26, 9, 10, 28]], [5, []], [26, []], [9, []], [10, []], [28, []]], [[0, []], [27, [27]], [1, [1, 12, 24, 19, 30, 2, 29, 25, 8]], [2, []], [29, []], [12, []], [25, []], [24, []], [19, []], [30, []], [8, []], [21, [21, 6, 17, 18]], [6, []], [17, []], [18, []]]], [[[14, [14, 3, 13]]], [[27, [27]]], [[11, [11, 23, 16, 4, 22]]], [[1, [1, 12, 24, 19, 30, 2, 29, 25, 8]]], [[7, [7, 20]]], [[15, [15, 5, 26, 9, 10, 28]]], [[21, [21, 6, 17, 18]]]]]}
{"file_name": "U_30_1", "number_of_trucks": 2, "drone_capacity": 10, "number_of_drones": 2, "iteration": 2, "best_fitness": 362.2238941684225, "runtime": 944.1458187103271, "best_solution": [[[[0, [14]], [13, [13]], [14, []], [29, [29, 19, 27, 30, 25, 1]], [19, []], [30, []], [25, []], [2, [2, 23]], [23, []], [1, []], [27, []], [15, [15, 5, 9, 26, 10, 28]], [5, []], [26, []], [9, []], [10, []], [28, []]], [[0, [3]], [24, [24, 12]], [12, []], [4, [4, 16, 22, 8, 11, 18, 7]], [16, []], [22, []], [20, [20]], [18, []], [8, []], [3, []], [21, [21, 6, 17]], [6, []], [17, []], [7, []], [11, []]]], [[[24, [24, 12]]], [[13, [13]]], [[29, [29, 19, 27, 30, 25, 1]]], [[4, [4, 16, 22, 8, 11, 18, 7]]], [[20, [20]]], [[2, [2, 23]]], [[15, [15, 5, 9, 26, 10, 28]]], [[21, [21, 6, 17]]]]]}
{"file_name": "U_30_1", "number_of_trucks": 2, "drone_capacity": 10, "number_of_drones": 2, "iteration": 3, "best_fitness": 362.2238941684225, "runtime": 1376.9747269153595, "best_solution": [[[[0, []], [22, [12, 22]], [23, [23, 2, 29, 30, 25, 1, 27]], [27, []], [1, []], [2, []], [29, []], [30, []], [25, []], [12, []], [28, [28, 10, 9, 26, 5, 15]], [10, []], [9, []], [26, []], [5, []], [15, []]], [[0, [14, 13]], [14, []], [13, []], [3, [3, 19, 24]], [24, []], [19, []], [18, [18, 8, 7, 16, 4, 20, 11]], [16, []], [4, []], [20, []], [8, []], [21, [21, 6, 17]], [6, []], [17, []], [7, []], [11, []]]], [[[22, [12, 22]]], [[3, [3, 19, 24]]], [[18, [18, 8, 7, 16, 4, 20, 11]]], [[23, [23, 2, 29, 30, 25, 1, 27]]], [[21, [21, 6, 17]]], [[28, [28, 10, 9, 26, 5, 15]]]]]}
