{"file_name": "U_30_0", "number_of_trucks": 2, "drone_capacity": 10, "number_of_drones": 2, "iteration": 1, "best_fitness": 300.48132296715056, "runtime": 1385.580764055252, "best_solution": [[[[0, []], [4, [4]], [9, [9, 8, 28, 26, 29]], [8, []], [28, []], [17, [17, 10, 21, 1, 18]], [18, []], [1, []], [5, [5, 2, 24, 7]], [26, []], [2, []], [29, []], [10, []], [24, []], [21, []], [7, []]], [[0, [11, 6, 12, 14]], [12, []], [11, []], [16, [16, 3, 15, 20, 13, 30, 22]], [15, []], [3, []], [25, [25, 27, 23, 19]], [23, []], [27, []], [14, []], [19, []], [22, []], [6, []], [20, []], [13, []], [30, []]]], [[[4, [4]]], [[9, [9, 8, 28, 26, 29]]], [[16, [16, 3, 15, 20, 13, 30, 22]]], [[17, [17, 10, 21, 1, 18]]], [[25, [25, 27, 23, 19]]], [[5, [5, 2, 24, 7]]]]]}
{"file_name": "U_30_0", "number_of_trucks": 2, "drone_capacity": 10, "number_of_drones": 2, "iteration": 2, "best_fitness": 290.21922700540983, "runtime": 1295.7608518600464, "best_solution": [[[[0, [12, 26, 11]], [4, [4, 9, 8, 28, 29]], [9, []], [8, []], [28, []], [10, [10, 15, 1, 16]], [29, []], [15, []], [2, [2, 5, 18, 24, 17]], [16, []], [11, []], [5, []], [1, []], [26, []], [12, []], [18, []], [24, []], [17, []]], [[0, [23, 6, 14]], [30, [30, 13, 22, 20]], [13, []], [20, []], [6, []], [22, []], [14, []], [25, [25, 27, 19, 3, 21, 7]], [3, []], [23, []], [27, []], [19, []], [21, []], [7, []]]], [[[30, [30, 13, 22, 20]]], [[4, [4, 9, 8, 28, 29]]], [[10, [10, 15, 1, 16]]], [[2, [2, 5, 18, 24, 17]]], [[25, [25, 27, 19, 3, 21, 7]]]]]}
{"file_name": "U_30_0", "number_of_trucks": 2, "drone_capacity": 10, "number_of_drones": 2, "iteration": 3, "best_fitness": 295.7536892403879, "runtime": 947.0915446281433, "best_solution": [[[[0, []], [8, [8, 11, 26, 12, 23, 14]], [11, []], [26, []], [12, []], [1, [1, 5, 25, 27, 18, 24, 17, 3]], [5, []], [25, []], [3, []], [23, []], [27, []], [14, []], [18, []], [24, []], [17, []]], [[0, [6, 28]], [13, [13, 30, 21, 20, 22]], [30, []], [21, []], [20, []], [6, []], [22, []], [19, [19, 4, 2, 10, 7, 16, 15, 29, 9]], [16, []], [15, []], [2, []], [29, []], [10, []], [28, []], [7, []], [4, []], [9, []]]], [[[13, [13, 30, 21, 20, 22]]], [[8, [8, 11, 26, 12, 23, 14]]], [[1, [1, 5, 25, 27, 18, 24, 17, 3]]], [[19, [19, 4, 2, 10, 7, 16, 15, 29, 9]]]]]}
