{"file_name": "U_30_1", "number_of_trucks": 2, "drone_capacity": 10, "number_of_drones": 2, "iteration": 1, "best_fitness": 341.19000694203316, "runtime": 1213.046865940094, "best_solution": [[[[0, [1, 15, 24, 6, 20]], [6, []], [20, []], [1, [13, 27]], [27, []], [24, []], [13, []], [17, [17, 16, 28, 12, 7]], [7, []], [15, []], [16, []], [28, []], [8, [8, 21, 10]], [12, []], [21, []], [10, []]], [[0, [18, 25, 29, 2, 14]], [25, []], [18, []], [14, []], [3, [3, 22]], [22, []], [29, []], [2, []], [11, [11, 30, 9, 26, 23, 5, 19]], [30, []], [9, []], [26, []], [4, [4]], [23, []], [5, []], [19, []]]], [[[1, [13, 27]]], [[3, [3, 22]]], [[11, [11, 30, 9, 26, 23, 5, 19]]], [[17, [17, 16, 28, 12, 7]]], [[8, [8, 21, 10]]], [[4, [4]]]]]}
{"file_name": "U_30_1", "number_of_trucks": 2, "drone_capacity": 10, "number_of_drones": 2, "iteration": 2, "best_fitness": 337.4405299085298, "runtime": 1043.1251089572906, "best_solution": [[[[0, [29, 15, 6, 14]], [6, []], [20, [20, 18, 22]], [18, []], [29, []], [22, []], [23, [23, 3, 26, 28, 12]], [15, []], [3, []], [26, []], [28, []], [14, []], [10, [10, 21, 8]], [21, []], [12, []], [8, []]], [[0, [1, 2, 24]], [24, []], [1, []], [13, [13, 27, 25]], [27, []], [2, []], [5, [5, 19, 17, 9, 30, 11, 7]], [19, []], [17, []], [7, []], [16, [16, 4]], [9, []], [4, []], [30, []], [11, []], [25, []]]], [[[20, [20, 18, 22]]], [[13, [13, 27, 25]]], [[23, [23, 3, 26, 28, 12]]], [[5, [5, 19, 17, 9, 30, 11, 7]]], [[10, [10, 21, 8]]], [[16, [16, 4]]]]]}
{"file_name": "U_30_1", "number_of_trucks": 2, "drone_capacity": 10, "number_of_drones": 2, "iteration": 3, "best_fitness": 338.19000694203316, "runtime": 1039.7193789482117, "best_solution": [[[[0, []], [24, [15, 2, 6, 29, 24, 1]], [6, []], [1, []], [15, []], [3, [3, 25, 22]], [29, []], [22, []], [2, []], [30, [30, 11, 17, 7]], [11, []], [17, []], [7, []], [16, [16, 4, 9, 23, 5, 19]], [9, []], [4, []], [23, []], [5, []], [19, []], [25, []]], [[0, [14]], [18, [18, 13, 27, 20]], [20, []], [13, []], [27, []], [14, []], [12, [12, 28, 26]], [28, []], [26, []], [8, [8, 21, 10]], [21, []], [10, []]]], [[[24, [15, 2, 6, 29, 24, 1]]], [[18, [18, 13, 27, 20]]], [[3, [3, 25, 22]]], [[30, [30, 11, 17, 7]]], [[12, [12, 28, 26]]], [[16, [16, 4, 9, 23, 5, 19]]], [[8, [8, 21, 10]]]]]}
