{"file_name": "U_30_0", "number_of_trucks": 2, "drone_capacity": 10, "number_of_drones": 2, "iteration": 1, "best_fitness": 262.7768466018578, "runtime": 1016.0730226039886, "best_solution": [[[[0, [3, 12, 6, 26]], [3, []], [12, []], [30, [30, 19, 8]], [19, []], [8, []], [10, [10, 2, 17, 22, 20, 15, 25]], [6, []], [2, []], [17, []], [22, []], [25, []], [20, []], [26, []], [9, [9, 1]], [15, []], [1, []]], [[0, []], [21, [21, 18, 29, 23, 13, 16, 4]], [18, [24, 11, 28]], [24, []], [29, []], [23, []], [14, [14, 27, 5, 7]], [5, []], [13, []], [11, []], [28, []], [7, []], [16, []], [4, []], [27, []]]], [[[30, [30, 19, 8]]], [[21, [21, 18, 29, 23, 13, 16, 4]]], [[18, [24, 11, 28]]], [[10, [10, 2, 17, 22, 20, 15, 25]]], [[14, [14, 27, 5, 7]]], [[9, [9, 1]]]]]}
{"file_name": "U_30_0", "number_of_trucks": 2, "drone_capacity": 10, "number_of_drones": 2, "iteration": 2, "best_fitness": 270.70054099944673, "runtime": 1385.842190504074, "best_solution": [[[[0, [21]], [21, [12]], [12, [13, 19, 30, 18, 29, 23]], [19, []], [30, [10, 11, 24, 5, 8, 4]], [18, []], [29, []], [24, []], [23, []], [14, [14]], [5, []], [13, []], [11, []], [8, []], [4, []], [10, []]], [[0, []], [26, [16, 26, 6, 3]], [6, []], [16, []], [7, [7, 28, 17, 2, 22, 25, 20, 15]], [28, []], [17, []], [2, []], [22, []], [25, []], [20, []], [15, []], [9, [9, 1, 27]], [1, []], [3, []], [27, []]]], [[[21, [12]]], [[26, [16, 26, 6, 3]]], [[12, [13, 19, 30, 18, 29, 23]]], [[7, [7, 28, 17, 2, 22, 25, 20, 15]]], [[30, [10, 11, 24, 5, 8, 4]]], [[14, [14]]], [[9, [9, 1, 27]]]]]}
{"file_name": "U_30_0", "number_of_trucks": 2, "drone_capacity": 10, "number_of_drones": 2, "iteration": 3, "best_fitness": 263.3867423672328, "runtime": 1217.1680629253387, "best_solution": [[[[0, [6, 21, 3, 12]], [21, []], [3, [8, 26]], [12, []], [8, []], [10, [22, 20, 10, 2, 17, 15, 25]], [6, []], [2, []], [17, []], [22, []], [25, []], [20, []], [26, []], [9, [9, 1]], [15, []], [1, []]], [[0, []], [19, [13, 23, 29, 18, 19, 4, 16]], [4, []], [16, []], [7, [7, 28, 5, 24, 11, 30]], [28, []], [11, []], [13, []], [5, []], [14, [14, 27]], [23, []], [24, []], [29, []], [18, []], [30, []], [27, []]]], [[[19, [13, 23, 29, 18, 19, 4, 16]]], [[3, [8, 26]]], [[7, [7, 28, 5, 24, 11, 30]]], [[10, [22, 20, 10, 2, 17, 15, 25]]], [[9, [9, 1]]], [[14, [14, 27]]]]]}
