{"file_name": "U_30_1", "number_of_trucks": 2, "drone_capacity": 10, "number_of_drones": 2, "iteration": 1, "best_fitness": 384.96830867848064, "runtime": 1140.829964876175, "best_solution": [[[[0, [19, 5, 8]], [19, []], [27, [27, 10, 17]], [10, []], [17, []], [5, []], [8, []], [11, [11, 1, 13, 14]], [1, []], [13, []], [12, [12, 30, 20]], [30, []], [20, []], [4, [4, 16, 2, 28]], [16, []], [14, []], [2, []], [28, []]], [[0, [3]], [3, []], [15, [15, 9, 7, 23, 24, 18]], [9, []], [7, []], [23, []], [24, []], [18, []], [21, [21, 25, 26, 29, 22, 6]], [6, []], [22, []], [25, []], [26, []], [29, []]]], [[[27, [27, 10, 17]]], [[15, [15, 9, 7, 23, 24, 18]]], [[11, [11, 1, 13, 14]]], [[12, [12, 30, 20]]], [[21, [21, 25, 26, 29, 22, 6]]], [[4, [4, 16, 2, 28]]]]]}
{"file_name": "U_30_1", "number_of_trucks": 2, "drone_capacity": 10, "number_of_drones": 2, "iteration": 2, "best_fitness": 388.2483086784806, "runtime": 2026.48313331604, "best_solution": [[[[0, [3, 18, 9, 19]], [3, []], [18, []], [19, []], [9, []], [7, [7, 23, 15, 14, 24]], [23, []], [15, []], [14, []], [24, []], [21, [21, 4, 30, 16]], [30, []], [4, []], [16, []]], [[0, [27, 17, 8, 10]], [27, [5]], [1, [1]], [10, []], [8, []], [17, []], [11, [11, 13, 20, 6]], [20, []], [5, []], [12, [12, 25, 26, 22, 29, 2, 28]], [25, []], [13, []], [26, []], [22, []], [6, []], [29, []], [28, []], [2, []]]], [[[27, [5]]], [[1, [1]]], [[11, [11, 13, 20, 6]]], [[7, [7, 23, 15, 14, 24]]], [[12, [12, 25, 26, 22, 29, 2, 28]]], [[21, [21, 4, 30, 16]]]]]}
{"file_name": "U_30_1", "number_of_trucks": 2, "drone_capacity": 10, "number_of_drones": 2, "iteration": 3, "best_fitness": 386.095061277451, "runtime": 459.153933763504, "best_solution": [[[[0, [19, 3]], [19, []], [7, [7, 9, 8, 1]], [9, []], [8, []], [1, []], [3, []], [29, [29, 26, 25, 22, 13]], [26, []], [25, []], [13, []], [22, []], [21, [21, 28]], [28, []]], [[0, []], [5, [5, 17, 10, 27]], [17, []], [10, []], [27, []], [15, [15, 18]], [23, [23, 14, 24]], [14, []], [24, []], [18, []], [6, [20, 11, 12, 30, 6]], [12, []], [20, []], [30, []], [11, []], [4, [4, 16, 2]], [16, []], [2, []]]], [[[5, [5, 17, 10, 27]]], [[7, [7, 9, 8, 1]]], [[15, [15, 18]]], [[23, [23, 14, 24]]], [[6, [20, 11, 12, 30, 6]]], [[29, [29, 26, 25, 22, 13]]], [[21, [21, 28]]], [[4, [4, 16, 2]]]]]}
