{"file_name": "U_30_1", "number_of_trucks": 2, "drone_capacity": 10, "number_of_drones": 2, "iteration": 1, "best_fitness": 460.92458448307224, "runtime": 837.1096777915955, "best_solution": [[[[0, [13, 17, 10, 11]], [17, []], [10, []], [13, []], [4, [4, 8, 27, 23]], [11, []], [8, []], [27, []], [23, []], [9, [9, 15, 3, 19]], [15, []], [19, []], [3, []]], [[0, [30, 29]], [29, []], [30, []], [18, [7, 14, 18, 16]], [16, []], [7, []], [14, []], [21, [21, 2, 1, 6]], [1, []], [6, []], [22, [22, 26, 12, 25, 28, 24]], [26, []], [25, []], [12, []], [20, [20, 5]], [5, []], [24, []], [2, []], [28, []]]], [[[18, [7, 14, 18, 16]]], [[21, [21, 2, 1, 6]]], [[4, [4, 8, 27, 23]]], [[22, [22, 26, 12, 25, 28, 24]]], [[9, [9, 15, 3, 19]]], [[20, [20, 5]]]]]}
{"file_name": "U_30_1", "number_of_trucks": 2, "drone_capacity": 10, "number_of_drones": 2, "iteration": 2, "best_fitness": 452.1902406860192, "runtime": 1190.548451423645, "best_solution": [[[[0, [13, 30, 10]], [10, []], [30, []], [1, [1, 6]], [22, [22, 21]], [6, []], [13, []], [26, [26, 12, 25]], [12, []], [25, []], [20, [20, 5]], [5, []], [21, []]], [[0, [16]], [29, [17, 7, 29, 2, 18, 14]], [2, []], [18, []], [14, []], [16, []], [17, []], [11, [11, 8, 27]], [8, []], [27, []], [24, [24, 28, 23, 4, 19]], [28, []], [23, []], [7, []], [4, []], [9, [9, 15, 3]], [15, []], [19, []], [3, []]]], [[[29, [17, 7, 29, 2, 18, 14]]], [[1, [1, 6]]], [[11, [11, 8, 27]]], [[22, [22, 21]]], [[24, [24, 28, 23, 4, 19]]], [[26, [26, 12, 25]]], [[9, [9, 15, 3]]], [[20, [20, 5]]]]]}
{"file_name": "U_30_1", "number_of_trucks": 2, "drone_capacity": 10, "number_of_drones": 2, "iteration": 3, "best_fitness": 460.35024068601916, "runtime": 1256.6685814857483, "best_solution": [[[[0, [17, 10, 30, 18, 14]], [14, []], [18, []], [30, []], [10, []], [17, []], [11, [11, 8]], [8, []], [21, [21, 23, 4, 24, 28]], [24, []], [23, []], [4, []], [9, [9, 15, 19, 3]], [15, []], [19, []], [3, []], [28, []]], [[0, [7, 16]], [7, [2, 29, 13]], [16, []], [2, []], [29, []], [27, [27, 1, 6]], [1, []], [6, []], [13, []], [26, [26, 25, 22, 12]], [25, []], [22, []], [12, []], [5, [5, 20]], [20, []]]], [[[7, [2, 29, 13]]], [[27, [27, 1, 6]]], [[11, [11, 8]]], [[26, [26, 25, 22, 12]]], [[21, [21, 23, 4, 24, 28]]], [[9, [9, 15, 19, 3]]], [[5, [5, 20]]]]]}
