{"file_name": "U_30_0", "number_of_trucks": 2, "drone_capacity": 10, "number_of_drones": 2, "iteration": 1, "best_fitness": 293.0584545896572, "runtime": 1276.6043527126312, "best_solution": [[[[0, [14]], [27, [27, 2, 13, 17, 1, 5, 9]], [1, []], [2, []], [5, []], [9, []], [26, [26, 10, 22, 4, 16, 20, 7, 11]], [10, []], [13, []], [17, []], [14, []], [20, []], [7, []], [11, []], [22, []], [4, []], [16, []]], [[0, [6, 18]], [18, []], [6, []], [8, [8, 21, 3, 25, 28, 19]], [21, []], [3, []], [28, []], [12, [12, 24, 29, 30, 15, 23]], [25, []], [24, []], [19, []], [30, []], [29, []], [15, []], [23, []]]], [[[8, [8, 21, 3, 25, 28, 19]]], [[27, [27, 2, 13, 17, 1, 5, 9]]], [[26, [26, 10, 22, 4, 16, 20, 7, 11]]], [[12, [12, 24, 29, 30, 15, 23]]]]]}
{"file_name": "U_30_0", "number_of_trucks": 2, "drone_capacity": 10, "number_of_drones": 2, "iteration": 2, "best_fitness": 292.35673450165075, "runtime": 1050.1587281227112, "best_solution": [[[[0, [16, 2, 5]], [16, []], [18, [18, 28, 9, 26, 1, 27, 22]], [28, []], [9, []], [26, []], [5, []], [2, []], [1, []], [23, [23, 7, 20, 11, 15]], [15, []], [27, []], [7, []], [20, []], [11, []], [22, []]], [[0, []], [4, [4, 14, 17, 13, 6]], [14, []], [17, []], [13, []], [6, []], [8, [8, 3, 21]], [3, []], [21, []], [24, [24, 19, 29, 30, 25, 10, 12]], [19, []], [29, []], [30, []], [25, []], [12, []], [10, []]]], [[[4, [4, 14, 17, 13, 6]]], [[18, [18, 28, 9, 26, 1, 27, 22]]], [[8, [8, 3, 21]]], [[24, [24, 19, 29, 30, 25, 10, 12]]], [[23, [23, 7, 20, 11, 15]]]]]}
{"file_name": "U_30_0", "number_of_trucks": 2, "drone_capacity": 10, "number_of_drones": 2, "iteration": 3, "best_fitness": 294.2242815401934, "runtime": 1106.6639387607574, "best_solution": [[[[0, []], [22, [22, 16, 5, 27, 4, 25, 19, 2]], [4, []], [16, []], [15, [15, 23, 1]], [23, []], [2, []], [5, []], [30, [30, 29, 24]], [25, []], [24, []], [19, []], [29, []], [1, []], [27, []]], [[0, []], [14, [14, 13, 17, 6, 18]], [13, []], [17, []], [6, []], [21, [21, 3, 8, 28, 10, 9]], [3, []], [8, []], [18, []], [28, []], [10, []], [12, [12, 20, 7, 11, 26]], [26, []], [9, []], [20, []], [7, []], [11, []]]], [[[22, [22, 16, 5, 27, 4, 25, 19, 2]]], [[14, [14, 13, 17, 6, 18]]], [[21, [21, 3, 8, 28, 10, 9]]], [[15, [15, 23, 1]]], [[30, [30, 29, 24]]], [[12, [12, 20, 7, 11, 26]]]]]}
