{"file_name": "U_30_1", "number_of_trucks": 2, "drone_capacity": 10, "number_of_drones": 2, "iteration": 1, "best_fitness": 482.2566458681451, "runtime": 1098.6326787471771, "best_solution": [[[[0, [19, 17, 11, 25, 20, 15, 24]], [26, [26, 4, 2]], [11, []], [25, []], [20, []], [19, []], [17, []], [4, []], [2, []], [15, []], [24, []], [14, [14, 30, 12]], [12, []], [30, []], [18, [18, 16, 6]], [16, []], [6, []]], [[0, []], [9, [9, 3, 27, 21, 8]], [3, []], [27, []], [10, [10, 28, 22]], [21, []], [28, []], [7, [7, 13]], [22, []], [8, []], [23, [23, 1]], [1, []], [29, [29, 5]], [5, []], [13, []]]], [[[26, [26, 4, 2]]], [[9, [9, 3, 27, 21, 8]]], [[14, [14, 30, 12]]], [[10, [10, 28, 22]]], [[7, [7, 13]]], [[23, [23, 1]]], [[18, [18, 16, 6]]], [[29, [29, 5]]]]]}
{"file_name": "U_30_1", "number_of_trucks": 2, "drone_capacity": 10, "number_of_drones": 2, "iteration": 2, "best_fitness": 482.2566458681451, "runtime": 1310.3987910747528, "best_solution": [[[[0, [4, 10, 9, 3, 27, 25, 22, 15]], [22, []], [15, []], [9, []], [3, []], [25, []], [27, []], [4, []], [10, []], [1, [1, 23]], [23, []], [29, [29, 5]], [5, []]], [[0, [17, 11, 26]], [26, []], [11, [2, 20, 19, 21]], [2, []], [17, []], [20, []], [19, []], [21, []], [8, [8, 28, 24]], [28, []], [7, [7, 30, 13]], [13, []], [24, []], [14, [14, 12]], [12, []], [30, []], [18, [18, 16, 6]], [16, []], [6, []]]], [[[11, [2, 20, 19, 21]]], [[8, [8, 28, 24]]], [[7, [7, 30, 13]]], [[14, [14, 12]]], [[1, [1, 23]]], [[18, [18, 16, 6]]], [[29, [29, 5]]]]]}
{"file_name": "U_30_1", "number_of_trucks": 2, "drone_capacity": 10, "number_of_drones": 2, "iteration": 3, "best_fitness": 485.81354725854976, "runtime": 1194.6707029342651, "best_solution": [[[[0, [24, 26, 17, 11]], [17, []], [26, []], [24, [9, 4, 21, 28, 22]], [9, []], [4, []], [21, []], [11, []], [22, []], [28, []], [7, [7, 23, 1]], [23, []], [1, []], [29, [29, 5]], [5, []]], [[0, [20, 19, 2]], [2, []], [20, []], [19, []], [15, [8, 3, 27, 25, 15]], [10, [10]], [3, []], [8, []], [13, [13, 30, 14, 12]], [14, []], [27, []], [25, []], [30, []], [18, [18, 16, 6]], [16, []], [12, []], [6, []]]], [[[24, [9, 4, 21, 28, 22]]], [[15, [8, 3, 27, 25, 15]]], [[10, [10]]], [[7, [7, 23, 1]]], [[13, [13, 30, 14, 12]]], [[18, [18, 16, 6]]], [[29, [29, 5]]]]]}
