{"file_name": "U_30_1", "number_of_trucks": 2, "drone_capacity": 10, "number_of_drones": 2, "iteration": 1, "best_fitness": 491.41073081814415, "runtime": 794.5588743686676, "best_solution": [[[[0, [8, 13, 5, 11, 19, 15]], [8, []], [13, []], [5, []], [11, []], [19, []], [15, []], [6, [6, 9, 3]], [9, []], [22, [22, 27, 4]], [3, []], [27, []], [23, [23, 17, 14, 1]], [4, []], [1, []], [17, []], [14, []]], [[0, [26]], [20, [20]], [26, []], [28, [28, 24]], [24, []], [25, [25, 10, 18, 29, 7]], [10, []], [18, []], [29, []], [7, []], [21, [21, 2, 16]], [2, []], [16, []], [30, [30, 12]], [12, []]]], [[[20, [20]]], [[28, [28, 24]]], [[25, [25, 10, 18, 29, 7]]], [[21, [21, 2, 16]]], [[6, [6, 9, 3]]], [[22, [22, 27, 4]]], [[23, [23, 17, 14, 1]]], [[30, [30, 12]]]]]}
{"file_name": "U_30_1", "number_of_trucks": 2, "drone_capacity": 10, "number_of_drones": 2, "iteration": 2, "best_fitness": 492.44132190678005, "runtime": 742.9821965694427, "best_solution": [[[[0, [28]], [28, []], [5, [5, 13, 15]], [13, []], [15, []], [6, [6, 7, 21, 3]], [7, []], [21, []], [27, [27]], [1, [1, 4, 17, 23]], [4, []], [17, []], [23, []], [3, []]], [[0, []], [20, [20, 26, 8]], [26, []], [8, []], [19, [19, 11]], [11, []], [24, [10, 18, 29, 9, 24, 25]], [25, []], [10, []], [18, []], [29, []], [22, [22, 2, 16]], [9, []], [2, []], [16, []], [30, [30, 12, 14]], [12, []], [14, []]]], [[[5, [5, 13, 15]]], [[20, [20, 26, 8]]], [[19, [19, 11]]], [[24, [10, 18, 29, 9, 24, 25]]], [[6, [6, 7, 21, 3]]], [[27, [27]]], [[22, [22, 2, 16]]], [[1, [1, 4, 17, 23]]], [[30, [30, 12, 14]]]]]}
{"file_name": "U_30_1", "number_of_trucks": 2, "drone_capacity": 10, "number_of_drones": 2, "iteration": 3, "best_fitness": 489.44132190678005, "runtime": 897.1634068489075, "best_solution": [[[[0, [19, 20, 5, 15]], [15, []], [20, []], [19, []], [5, []], [25, [25, 6, 10, 7, 9, 3]], [9, []], [3, []], [6, []], [10, []], [7, []], [22, [22, 27, 4]], [27, []], [4, []], [1, [1, 23, 17, 14]], [23, []], [17, []], [14, []]], [[0, [13, 11, 26]], [26, []], [24, [24, 18, 28, 8]], [13, [29]], [8, []], [28, []], [18, []], [11, []], [29, []], [2, [2, 16, 21]], [21, []], [16, []], [30, [30, 12]], [12, []]]], [[[24, [24, 18, 28, 8]]], [[13, [29]]], [[25, [25, 6, 10, 7, 9, 3]]], [[22, [22, 27, 4]]], [[2, [2, 16, 21]]], [[1, [1, 23, 17, 14]]], [[30, [30, 12]]]]]}
