{"file_name": "U_15_1", "number_of_trucks": 2, "drone_capacity": 2, "number_of_drones": 2, "iteration": 1, "best_fitness": 330.8602013860725, "runtime": 53.42599892616272, "best_solution": [[[[0, [6, 9, 5, 10, 15, 13]], [6, []], [10, []], [9, []], [5, []], [15, []], [13, []], [14, [14]], [12, [12]]], [[0, []], [1, [1, 3]], [3, []], [2, [2, 7]], [4, [4, 8]], [7, []], [8, []], [11, [11]]]], [[[1, [1, 3]]], [[2, [2, 7]]], [[4, [4, 8]]], [[14, [14]]], [[12, [12]]], [[11, [11]]]]], "all_solution": [[[[[0, [6, 9, 5, 10, 15, 13]], [6, []], [10, []], [9, []], [5, []], [15, []], [13, []], [14, [14]], [12, [12]]], [[0, []], [1, [1, 3]], [3, []], [2, [2, 7]], [4, [4, 8]], [7, []], [8, []], [11, [11]]]], [[[1, [1, 3]]], [[2, [2, 7]]], [[4, [4, 8]]], [[14, [14]]], [[12, [12]]], [[11, [11]]]]]], "Numrun": 5, "all_fitness": [330.8602013860725]}
{"file_name": "U_15_1", "number_of_trucks": 2, "drone_capacity": 2, "number_of_drones": 2, "iteration": 2, "best_fitness": 330.8602013860725, "runtime": 52.04532742500305, "best_solution": [[[[0, [15]], [15, []], [4, [4, 2]], [2, []], [14, [14]], [12, [12]]], [[0, [1, 6, 3, 13, 9, 10, 5]], [6, []], [13, []], [10, []], [9, []], [5, []], [7, [7, 8]], [1, []], [3, []], [8, []], [11, [11]]]], [[[4, [4, 2]]], [[7, [7, 8]]], [[14, [14]]], [[12, [12]]], [[11, [11]]]]], "all_solution": [[[[[0, [6, 9, 5, 10, 15, 13]], [6, []], [10, []], [9, []], [5, []], [15, []], [13, []], [14, [14]], [12, [12]]], [[0, []], [1, [1, 3]], [3, []], [2, [2, 7]], [4, [4, 8]], [7, []], [8, []], [11, [11]]]], [[[1, [1, 3]]], [[2, [2, 7]]], [[4, [4, 8]]], [[14, [14]]], [[12, [12]]], [[11, [11]]]]], [[[[0, [15]], [15, []], [4, [4, 2]], [2, []], [14, [14]], [12, [12]]], [[0, [1, 6, 3, 13, 9, 10, 5]], [6, []], [13, []], [10, []], [9, []], [5, []], [7, [7, 8]], [1, []], [3, []], [8, []], [11, [11]]]], [[[4, [4, 2]]], [[7, [7, 8]]], [[14, [14]]], [[12, [12]]], [[11, [11]]]]]], "Numrun": 5, "all_fitness": [330.8602013860725, 330.8602013860725]}
{"file_name": "U_15_1", "number_of_trucks": 2, "drone_capacity": 2, "number_of_drones": 2, "iteration": 3, "best_fitness": 330.8602013860725, "runtime": 45.62782382965088, "best_solution": [[[[0, [15, 1, 6]], [1, []], [15, []], [6, []], [2, [2, 4]], [4, []], [14, [14]], [12, [12]]], [[0, [3, 5, 13, 9, 10]], [13, []], [10, []], [9, []], [3, [7, 8]], [8, []], [7, []], [5, []], [11, [11]]]], [[[2, [2, 4]]], [[3, [7, 8]]], [[14, [14]]], [[12, [12]]], [[11, [11]]]]], "all_solution": [[[[[0, [6, 9, 5, 10, 15, 13]], [6, []], [10, []], [9, []], [5, []], [15, []], [13, []], [14, [14]], [12, [12]]], [[0, []], [1, [1, 3]], [3, []], [2, [2, 7]], [4, [4, 8]], [7, []], [8, []], [11, [11]]]], [[[1, [1, 3]]], [[2, [2, 7]]], [[4, [4, 8]]], [[14, [14]]], [[12, [12]]], [[11, [11]]]]], [[[[0, [15]], [15, []], [4, [4, 2]], [2, []], [14, [14]], [12, [12]]], [[0, [1, 6, 3, 13, 9, 10, 5]], [6, []], [13, []], [10, []], [9, []], [5, []], [7, [7, 8]], [1, []], [3, []], [8, []], [11, [11]]]], [[[4, [4, 2]]], [[7, [7, 8]]], [[14, [14]]], [[12, [12]]], [[11, [11]]]]], [[[[0, [15, 1, 6]], [1, []], [15, []], [6, []], [2, [2, 4]], [4, []], [14, [14]], [12, [12]]], [[0, [3, 5, 13, 9, 10]], [13, []], [10, []], [9, []], [3, [7, 8]], [8, []], [7, []], [5, []], [11, [11]]]], [[[2, [2, 4]]], [[3, [7, 8]]], [[14, [14]]], [[12, [12]]], [[11, [11]]]]]], "Numrun": 5, "all_fitness": [330.8602013860725, 330.8602013860725, 330.8602013860725]}
{"file_name": "U_15_1", "number_of_trucks": 2, "drone_capacity": 2, "number_of_drones": 2, "iteration": 4, "best_fitness": 330.8602013860725, "runtime": 54.853450536727905, "best_solution": [[[[0, [1, 6, 15, 13]], [1, []], [4, [4]], [6, []], [15, []], [13, []], [14, [14]], [12, [12]]], [[0, [3]], [2, [2, 5, 8, 10]], [3, []], [8, []], [5, []], [7, [7, 9]], [10, []], [9, []], [11, [11]]]], [[[2, [2, 8]]], [[2, [5, 10]]], [[4, [4]]], [[7, [7, 9]]], [[14, [14]]], [[12, [12]]], [[11, [11]]]]], "all_solution": [[[[[0, [6, 9, 5, 10, 15, 13]], [6, []], [10, []], [9, []], [5, []], [15, []], [13, []], [14, [14]], [12, [12]]], [[0, []], [1, [1, 3]], [3, []], [2, [2, 7]], [4, [4, 8]], [7, []], [8, []], [11, [11]]]], [[[1, [1, 3]]], [[2, [2, 7]]], [[4, [4, 8]]], [[14, [14]]], [[12, [12]]], [[11, [11]]]]], [[[[0, [15]], [15, []], [4, [4, 2]], [2, []], [14, [14]], [12, [12]]], [[0, [1, 6, 3, 13, 9, 10, 5]], [6, []], [13, []], [10, []], [9, []], [5, []], [7, [7, 8]], [1, []], [3, []], [8, []], [11, [11]]]], [[[4, [4, 2]]], [[7, [7, 8]]], [[14, [14]]], [[12, [12]]], [[11, [11]]]]], [[[[0, [15, 1, 6]], [1, []], [15, []], [6, []], [2, [2, 4]], [4, []], [14, [14]], [12, [12]]], [[0, [3, 5, 13, 9, 10]], [13, []], [10, []], [9, []], [3, [7, 8]], [8, []], [7, []], [5, []], [11, [11]]]], [[[2, [2, 4]]], [[3, [7, 8]]], [[14, [14]]], [[12, [12]]], [[11, [11]]]]], [[[[0, [1, 6, 15, 13]], [1, []], [4, [4]], [6, []], [15, []], [13, []], [14, [14]], [12, [12]]], [[0, [3]], [2, [2, 5, 8, 10]], [3, []], [8, []], [5, []], [7, [7, 9]], [10, []], [9, []], [11, [11]]]], [[[2, [2, 8]]], [[2, [5, 10]]], [[4, [4]]], [[7, [7, 9]]], [[14, [14]]], [[12, [12]]], [[11, [11]]]]]], "Numrun": 5, "all_fitness": [330.8602013860725, 330.8602013860725, 330.8602013860725, 330.8602013860725]}
{"file_name": "U_15_1", "number_of_trucks": 2, "drone_capacity": 2, "number_of_drones": 2, "iteration": 5, "best_fitness": 330.8602013860725, "runtime": 50.25300168991089, "best_solution": [[[[0, [15]], [15, []], [1, [1, 3, 6]], [3, []], [2, [2]], [6, []], [14, [14]], [12, [12]]], [[0, [13, 4, 10, 5, 7, 9]], [4, []], [13, []], [9, [8]], [5, []], [7, []], [10, []], [8, []], [11, [11]]]], [[[1, [6]]], [[1, [1, 3]]], [[2, [2]]], [[9, [8]]], [[14, [14]]], [[12, [12]]], [[11, [11]]]]], "all_solution": [[[[[0, [6, 9, 5, 10, 15, 13]], [6, []], [10, []], [9, []], [5, []], [15, []], [13, []], [14, [14]], [12, [12]]], [[0, []], [1, [1, 3]], [3, []], [2, [2, 7]], [4, [4, 8]], [7, []], [8, []], [11, [11]]]], [[[1, [1, 3]]], [[2, [2, 7]]], [[4, [4, 8]]], [[14, [14]]], [[12, [12]]], [[11, [11]]]]], [[[[0, [15]], [15, []], [4, [4, 2]], [2, []], [14, [14]], [12, [12]]], [[0, [1, 6, 3, 13, 9, 10, 5]], [6, []], [13, []], [10, []], [9, []], [5, []], [7, [7, 8]], [1, []], [3, []], [8, []], [11, [11]]]], [[[4, [4, 2]]], [[7, [7, 8]]], [[14, [14]]], [[12, [12]]], [[11, [11]]]]], [[[[0, [15, 1, 6]], [1, []], [15, []], [6, []], [2, [2, 4]], [4, []], [14, [14]], [12, [12]]], [[0, [3, 5, 13, 9, 10]], [13, []], [10, []], [9, []], [3, [7, 8]], [8, []], [7, []], [5, []], [11, [11]]]], [[[2, [2, 4]]], [[3, [7, 8]]], [[14, [14]]], [[12, [12]]], [[11, [11]]]]], [[[[0, [1, 6, 15, 13]], [1, []], [4, [4]], [6, []], [15, []], [13, []], [14, [14]], [12, [12]]], [[0, [3]], [2, [2, 5, 8, 10]], [3, []], [8, []], [5, []], [7, [7, 9]], [10, []], [9, []], [11, [11]]]], [[[2, [2, 8]]], [[2, [5, 10]]], [[4, [4]]], [[7, [7, 9]]], [[14, [14]]], [[12, [12]]], [[11, [11]]]]], [[[[0, [15]], [15, []], [1, [1, 3, 6]], [3, []], [2, [2]], [6, []], [14, [14]], [12, [12]]], [[0, [13, 4, 10, 5, 7, 9]], [4, []], [13, []], [9, [8]], [5, []], [7, []], [10, []], [8, []], [11, [11]]]], [[[1, [6]]], [[1, [1, 3]]], [[2, [2]]], [[9, [8]]], [[14, [14]]], [[12, [12]]], [[11, [11]]]]]], "Numrun": 5, "all_fitness": [330.8602013860725, 330.8602013860725, 330.8602013860725, 330.8602013860725, 330.8602013860725]}
