{"file_name": "U_20_1", "number_of_trucks": 2, "drone_capacity": 2, "number_of_drones": 2, "iteration": 1, "best_fitness": 425.56804838058923, "runtime": 181.2649803161621, "best_solution": [[[[0, [15]], [17, [17]], [18, [18]], [15, []], [9, [9]], [19, [19, 14]], [7, [7, 6]], [6, []], [14, []], [4, [4, 12]], [12, []]], [[0, [1, 3, 5, 10]], [5, []], [10, []], [13, [13, 16]], [16, []], [1, []], [11, [11, 2]], [3, []], [2, []], [8, [8, 20]], [20, []]]], [[[17, [17]]], [[18, [18]]], [[13, [13, 16]]], [[9, [9]]], [[19, [19, 14]]], [[7, [7, 6]]], [[11, [11, 2]]], [[8, [8, 20]]], [[4, [4, 12]]]]], "all_solution": [[[[[0, [15]], [17, [17]], [18, [18]], [15, []], [9, [9]], [19, [19, 14]], [7, [7, 6]], [6, []], [14, []], [4, [4, 12]], [12, []]], [[0, [1, 3, 5, 10]], [5, []], [10, []], [13, [13, 16]], [16, []], [1, []], [11, [11, 2]], [3, []], [2, []], [8, [8, 20]], [20, []]]], [[[17, [17]]], [[18, [18]]], [[13, [13, 16]]], [[9, [9]]], [[19, [19, 14]]], [[7, [7, 6]]], [[11, [11, 2]]], [[8, [8, 20]]], [[4, [4, 12]]]]]], "Numrun": 5, "all_fitness": [425.56804838058923]}
{"file_name": "U_20_1", "number_of_trucks": 2, "drone_capacity": 2, "number_of_drones": 2, "iteration": 2, "best_fitness": 423.8468046215072, "runtime": 121.82457208633423, "best_solution": [[[[0, [3]], [15, [15]], [5, [5, 1]], [3, []], [1, []], [6, [6, 7]], [7, []], [11, [11, 19]], [8, [8, 20]], [20, []], [19, []]], [[0, []], [10, [10]], [17, [17, 18]], [18, []], [13, [13, 16]], [9, [9, 2, 14]], [16, []], [2, []], [14, []], [4, [4, 12]], [12, []]]], [[[10, [10]]], [[15, [15]]], [[5, [5, 1]]], [[17, [17, 18]]], [[13, [13, 16]]], [[9, [9]]], [[9, [2, 14]]], [[6, [6, 7]]], [[11, [11, 19]]], [[4, [4, 12]]], [[8, [8, 20]]]]], "all_solution": [[[[[0, [15]], [17, [17]], [18, [18]], [15, []], [9, [9]], [19, [19, 14]], [7, [7, 6]], [6, []], [14, []], [4, [4, 12]], [12, []]], [[0, [1, 3, 5, 10]], [5, []], [10, []], [13, [13, 16]], [16, []], [1, []], [11, [11, 2]], [3, []], [2, []], [8, [8, 20]], [20, []]]], [[[17, [17]]], [[18, [18]]], [[13, [13, 16]]], [[9, [9]]], [[19, [19, 14]]], [[7, [7, 6]]], [[11, [11, 2]]], [[8, [8, 20]]], [[4, [4, 12]]]]], [[[[0, [3]], [15, [15]], [5, [5, 1]], [3, []], [1, []], [6, [6, 7]], [7, []], [11, [11, 19]], [8, [8, 20]], [20, []], [19, []]], [[0, []], [10, [10]], [17, [17, 18]], [18, []], [13, [13, 16]], [9, [9, 2, 14]], [16, []], [2, []], [14, []], [4, [4, 12]], [12, []]]], [[[10, [10]]], [[15, [15]]], [[5, [5, 1]]], [[17, [17, 18]]], [[13, [13, 16]]], [[9, [9]]], [[9, [2, 14]]], [[6, [6, 7]]], [[11, [11, 19]]], [[4, [4, 12]]], [[8, [8, 20]]]]]], "Numrun": 5, "all_fitness": [425.56804838058923, 423.8468046215072]}
{"file_name": "U_20_1", "number_of_trucks": 2, "drone_capacity": 2, "number_of_drones": 2, "iteration": 3, "best_fitness": 430.87023650938886, "runtime": 125.51634502410889, "best_solution": [[[[0, [3]], [10, [10, 18, 1]], [18, []], [16, [16]], [9, [9, 13]], [13, []], [2, [2, 14]], [3, []], [14, []], [1, []], [4, [4, 12]], [12, []]], [[0, [5, 15, 17]], [5, []], [17, []], [15, []], [19, [19, 7]], [7, []], [6, [6, 11]], [11, []], [8, [8, 20]], [20, []]]], [[[10, [1]]], [[10, [10, 18]]], [[16, [16]]], [[9, [9, 13]]], [[2, [2, 14]]], [[19, [19, 7]]], [[6, [6, 11]]], [[4, [4, 12]]], [[8, [8, 20]]]]], "all_solution": [[[[[0, [15]], [17, [17]], [18, [18]], [15, []], [9, [9]], [19, [19, 14]], [7, [7, 6]], [6, []], [14, []], [4, [4, 12]], [12, []]], [[0, [1, 3, 5, 10]], [5, []], [10, []], [13, [13, 16]], [16, []], [1, []], [11, [11, 2]], [3, []], [2, []], [8, [8, 20]], [20, []]]], [[[17, [17]]], [[18, [18]]], [[13, [13, 16]]], [[9, [9]]], [[19, [19, 14]]], [[7, [7, 6]]], [[11, [11, 2]]], [[8, [8, 20]]], [[4, [4, 12]]]]], [[[[0, [3]], [15, [15]], [5, [5, 1]], [3, []], [1, []], [6, [6, 7]], [7, []], [11, [11, 19]], [8, [8, 20]], [20, []], [19, []]], [[0, []], [10, [10]], [17, [17, 18]], [18, []], [13, [13, 16]], [9, [9, 2, 14]], [16, []], [2, []], [14, []], [4, [4, 12]], [12, []]]], [[[10, [10]]], [[15, [15]]], [[5, [5, 1]]], [[17, [17, 18]]], [[13, [13, 16]]], [[9, [9]]], [[9, [2, 14]]], [[6, [6, 7]]], [[11, [11, 19]]], [[4, [4, 12]]], [[8, [8, 20]]]]], [[[[0, [3]], [10, [10, 18, 1]], [18, []], [16, [16]], [9, [9, 13]], [13, []], [2, [2, 14]], [3, []], [14, []], [1, []], [4, [4, 12]], [12, []]], [[0, [5, 15, 17]], [5, []], [17, []], [15, []], [19, [19, 7]], [7, []], [6, [6, 11]], [11, []], [8, [8, 20]], [20, []]]], [[[10, [1]]], [[10, [10, 18]]], [[16, [16]]], [[9, [9, 13]]], [[2, [2, 14]]], [[19, [19, 7]]], [[6, [6, 11]]], [[4, [4, 12]]], [[8, [8, 20]]]]]], "Numrun": 5, "all_fitness": [425.56804838058923, 423.8468046215072, 430.87023650938886]}
{"file_name": "U_20_1", "number_of_trucks": 2, "drone_capacity": 2, "number_of_drones": 2, "iteration": 4, "best_fitness": 429.8080483805892, "runtime": 123.7244656085968, "best_solution": [[[[0, [15, 5, 10]], [5, []], [15, [9, 13]], [13, []], [10, []], [19, [19, 14]], [11, [11, 7]], [7, []], [14, []], [4, [4, 12]], [12, []], [9, []]], [[0, [1, 18, 16, 3, 17]], [16, []], [18, []], [1, []], [17, []], [6, [6, 2]], [3, []], [2, []], [8, [8, 20]], [20, []]]], [[[15, [9, 13]]], [[19, [19, 14]]], [[6, [6, 2]]], [[11, [11, 7]]], [[8, [8, 20]]], [[4, [4, 12]]]]], "all_solution": [[[[[0, [15]], [17, [17]], [18, [18]], [15, []], [9, [9]], [19, [19, 14]], [7, [7, 6]], [6, []], [14, []], [4, [4, 12]], [12, []]], [[0, [1, 3, 5, 10]], [5, []], [10, []], [13, [13, 16]], [16, []], [1, []], [11, [11, 2]], [3, []], [2, []], [8, [8, 20]], [20, []]]], [[[17, [17]]], [[18, [18]]], [[13, [13, 16]]], [[9, [9]]], [[19, [19, 14]]], [[7, [7, 6]]], [[11, [11, 2]]], [[8, [8, 20]]], [[4, [4, 12]]]]], [[[[0, [3]], [15, [15]], [5, [5, 1]], [3, []], [1, []], [6, [6, 7]], [7, []], [11, [11, 19]], [8, [8, 20]], [20, []], [19, []]], [[0, []], [10, [10]], [17, [17, 18]], [18, []], [13, [13, 16]], [9, [9, 2, 14]], [16, []], [2, []], [14, []], [4, [4, 12]], [12, []]]], [[[10, [10]]], [[15, [15]]], [[5, [5, 1]]], [[17, [17, 18]]], [[13, [13, 16]]], [[9, [9]]], [[9, [2, 14]]], [[6, [6, 7]]], [[11, [11, 19]]], [[4, [4, 12]]], [[8, [8, 20]]]]], [[[[0, [3]], [10, [10, 18, 1]], [18, []], [16, [16]], [9, [9, 13]], [13, []], [2, [2, 14]], [3, []], [14, []], [1, []], [4, [4, 12]], [12, []]], [[0, [5, 15, 17]], [5, []], [17, []], [15, []], [19, [19, 7]], [7, []], [6, [6, 11]], [11, []], [8, [8, 20]], [20, []]]], [[[10, [1]]], [[10, [10, 18]]], [[16, [16]]], [[9, [9, 13]]], [[2, [2, 14]]], [[19, [19, 7]]], [[6, [6, 11]]], [[4, [4, 12]]], [[8, [8, 20]]]]], [[[[0, [15, 5, 10]], [5, []], [15, [9, 13]], [13, []], [10, []], [19, [19, 14]], [11, [11, 7]], [7, []], [14, []], [4, [4, 12]], [12, []], [9, []]], [[0, [1, 18, 16, 3, 17]], [16, []], [18, []], [1, []], [17, []], [6, [6, 2]], [3, []], [2, []], [8, [8, 20]], [20, []]]], [[[15, [9, 13]]], [[19, [19, 14]]], [[6, [6, 2]]], [[11, [11, 7]]], [[8, [8, 20]]], [[4, [4, 12]]]]]], "Numrun": 5, "all_fitness": [425.56804838058923, 423.8468046215072, 430.87023650938886, 429.8080483805892]}
{"file_name": "U_20_1", "number_of_trucks": 2, "drone_capacity": 2, "number_of_drones": 2, "iteration": 5, "best_fitness": 426.8080483805892, "runtime": 116.73681497573853, "best_solution": [[[[0, [10, 15]], [5, [5]], [10, []], [15, []], [13, [13, 9]], [9, []], [19, [19, 14]], [11, [11, 7]], [7, []], [14, []], [4, [4, 12]], [12, []]], [[0, [3, 18, 1]], [3, []], [1, []], [17, [17, 16]], [18, []], [16, []], [6, [6, 2]], [2, []], [8, [8, 20]], [20, []]]], [[[5, [5]]], [[17, [17, 16]]], [[13, [13, 9]]], [[19, [19, 14]]], [[6, [6, 2]]], [[11, [11, 7]]], [[8, [8, 20]]], [[4, [4, 12]]]]],