{"file_name": "U_20_1", "number_of_trucks": 2, "drone_capacity": 2, "number_of_drones": 2, "iteration": 1, "best_fitness": 327.8548623889749, "runtime": 218.53450918197632, "best_solution": [[[[0, [5, 15, 13, 6, 7, 12, 20, 9]], [5, []], [6, []], [7, []], [15, []], [13, []], [12, []], [20, []], [9, []]], [[0, []], [10, [18, 11, 10]], [11, []], [8, [8]], [4, [4, 16]], [16, []], [1, [1, 14]], [18, []], [17, [17, 3]], [14, []], [2, [2, 19]], [3, []], [19, []]]], [[[10, [10]]], [[10, [18, 11]]], [[8, [8]]], [[4, [4, 16]]], [[1, [1, 14]]], [[17, [17, 3]]], [[2, [2, 19]]]]], "all_solution": [[[[[0, [5, 15, 13, 6, 7, 12, 20, 9]], [5, []], [6, []], [7, []], [15, []], [13, []], [12, []], [20, []], [9, []]], [[0, []], [10, [18, 11, 10]], [11, []], [8, [8]], [4, [4, 16]], [16, []], [1, [1, 14]], [18, []], [17, [17, 3]], [14, []], [2, [2, 19]], [3, []], [19, []]]], [[[10, [10]]], [[10, [18, 11]]], [[8, [8]]], [[4, [4, 16]]], [[1, [1, 14]]], [[17, [17, 3]]], [[2, [2, 19]]]]]], "Numrun": 5, "all_fitness": [327.8548623889749]}
{"file_name": "U_20_1", "number_of_trucks": 2, "drone_capacity": 2, "number_of_drones": 2, "iteration": 2, "best_fitness": 334.81486238897486, "runtime": 130.9011218547821, "best_solution": [[[[0, []], [10, [11, 18, 10]], [11, []], [8, [8, 4]], [4, []], [1, [1, 14]], [14, []], [18, []], [17, [17, 16]], [16, []], [2, [2, 20]], [3, [3]], [20, []]], [[0, [13, 7, 6, 12, 5, 19, 15, 9]], [19, []], [9, []], [12, []], [13, []], [15, []], [7, []], [6, []], [5, []]]], [[[10, [10]]], [[10, [11, 18]]], [[8, [8, 4]]], [[1, [1, 14]]], [[17, [17, 16]]], [[2, [2, 20]]], [[3, [3]]]]], "all_solution": [[[[[0, [5, 15, 13, 6, 7, 12, 20, 9]], [5, []], [6, []], [7, []], [15, []], [13, []], [12, []], [20, []], [9, []]], [[0, []], [10, [18, 11, 10]], [11, []], [8, [8]], [4, [4, 16]], [16, []], [1, [1, 14]], [18, []], [17, [17, 3]], [14, []], [2, [2, 19]], [3, []], [19, []]]], [[[10, [10]]], [[10, [18, 11]]], [[8, [8]]], [[4, [4, 16]]], [[1, [1, 14]]], [[17, [17, 3]]], [[2, [2, 19]]]]], [[[[0, []], [10, [11, 18, 10]], [11, []], [8, [8, 4]], [4, []], [1, [1, 14]], [14, []], [18, []], [17, [17, 16]], [16, []], [2, [2, 20]], [3, [3]], [20, []]], [[0, [13, 7, 6, 12, 5, 19, 15, 9]], [19, []], [9, []], [12, []], [13, []], [15, []], [7, []], [6, []], [5, []]]], [[[10, [10]]], [[10, [11, 18]]], [[8, [8, 4]]], [[1, [1, 14]]], [[17, [17, 16]]], [[2, [2, 20]]], [[3, [3]]]]]], "Numrun": 5, "all_fitness": [327.8548623889749, 334.81486238897486]}
{"file_name": "U_20_1", "number_of_trucks": 2, "drone_capacity": 2, "number_of_drones": 2, "iteration": 3, "best_fitness": 310.94322520898106, "runtime": 262.9025263786316, "best_solution": [[[[0, [11]], [10, [10, 5, 17]], [5, [6, 18]], [18, []], [17, []], [6, []], [7, [7]], [11, []], [2, [2, 3, 19, 12]], [3, []], [12, []], [19, []]], [[0, [1, 13, 16, 14, 4, 8, 20, 9, 15]], [9, []], [15, []], [13, []], [16, []], [1, []], [14, []], [4, []], [8, []], [20, []]]], [[[10, [5, 17]]], [[10, [10]]], [[5, [6, 18]]], [[7, [7]]], [[2, [3, 19]]], [[2, [2, 12]]]]], "all_solution": [[[[[0, [5, 15, 13, 6, 7, 12, 20, 9]], [5, []], [6, []], [7, []], [15, []], [13, []], [12, []], [20, []], [9, []]], [[0, []], [10, [18, 11, 10]], [11, []], [8, [8]], [4, [4, 16]], [16, []], [1, [1, 14]], [18, []], [17, [17, 3]], [14, []], [2, [2, 19]], [3, []], [19, []]]], [[[10, [10]]], [[10, [18, 11]]], [[8, [8]]], [[4, [4, 16]]], [[1, [1, 14]]], [[17, [17, 3]]], [[2, [2, 19]]]]], [[[[0, []], [10, [11, 18, 10]], [11, []], [8, [8, 4]], [4, []], [1, [1, 14]], [14, []], [18, []], [17, [17, 16]], [16, []], [2, [2, 20]], [3, [3]], [20, []]], [[0, [13, 7, 6, 12, 5, 19, 15, 9]], [19, []], [9, []], [12, []], [13, []], [15, []], [7, []], [6, []], [5, []]]], [[[10, [10]]], [[10, [11, 18]]], [[8, [8, 4]]], [[1, [1, 14]]], [[17, [17, 16]]], [[2, [2, 20]]], [[3, [3]]]]], [[[[0, [11]], [10, [10, 5, 17]], [5, [6, 18]], [18, []], [17, []], [6, []], [7, [7]], [11, []], [2, [2, 3, 19, 12]], [3, []], [12, []], [19, []]], [[0, [1, 13, 16, 14, 4, 8, 20, 9, 15]], [9, []], [15, []], [13, []], [16, []], [1, []], [14, []], [4, []], [8, []], [20, []]]], [[[10, [5, 17]]], [[10, [10]]], [[5, [6, 18]]], [[7, [7]]], [[2, [3, 19]]], [[2, [2, 12]]]]]], "Numrun": 5, "all_fitness": [327.8548623889749, 334.81486238897486, 310.94322520898106]}
{"file_name": "U_20_1", "number_of_trucks": 2, "drone_capacity": 2, "number_of_drones": 2, "iteration": 4, "best_fitness": 320.6, "runtime": 161.9845986366272, "best_solution": [[[[0, [18, 15, 11, 6, 10]], [10, []], [15, []], [11, []], [6, []], [5, [5, 7, 12]], [17, [17, 19]], [18, []], [7, []], [12, []], [19, []]], [[0, [16, 13, 14, 1, 8, 4, 20, 9]], [13, []], [16, []], [14, []], [1, []], [4, []], [2, [2, 3]], [3, []], [8, []], [20, []], [9, []]]], [[[5, [7, 12]]], [[5, [5]]], [[17, [17, 19]]], [[2, [2, 3]]]]], "all_solution": [[[[[0, [5, 15, 13, 6, 7, 12, 20, 9]], [5, []], [6, []], [7, []], [15, []], [13, []], [12, []], [20, []], [9, []]], [[0, []], [10, [18, 11, 10]], [11, []], [8, [8]], [4, [4, 16]], [16, []], [1, [1, 14]], [18, []], [17, [17, 3]], [14, []], [2, [2, 19]], [3, []], [19, []]]], [[[10, [10]]], [[10, [18, 11]]], [[8, [8]]], [[4, [4, 16]]], [[1, [1, 14]]], [[17, [17, 3]]], [[2, [2, 19]]]]], [[[[0, []], [10, [11, 18, 10]], [11, []], [8, [8, 4]], [4, []], [1, [1, 14]], [14, []], [18, []], [17, [17, 16]], [16, []], [2, [2, 20]], [3, [3]], [20, []]], [[0, [13, 7, 6, 12, 5, 19, 15, 9]], [19, []], [9, []], [12, []], [13, []], [15, []], [7, []], [6, []], [5, []]]], [[[10, [10]]], [[10, [11, 18]]], [[8, [8, 4]]], [[1, [1, 14]]], [[17, [17, 16]]], [[2, [2, 20]]], [[3, [3]]]]], [[[[0, [11]], [10, [10, 5, 17]], [5, [6, 18]], [18, []], [17, []], [6, []], [7, [7]], [11, []], [2, [2, 3, 19, 12]], [3, []], [12, []], [19, []]], [[0, [1, 13, 16, 14, 4, 8, 20, 9, 15]], [9, []], [15, []], [13, []], [16, []], [1, []], [14, []], [4, []], [8, []], [20, []]]], [[[10, [5, 17]]], [[10, [10]]], [[5, [6, 18]]], [[7, [7]]], [[2, [3, 19]]], [[2, [2, 12]]]]], [[[[0, [18, 15, 11, 6, 10]], [10, []], [15, []], [11, []], [6, []], [5, [5, 7, 12]], [17, [17, 19]], [18, []], [7, []], [12, []], [19, []]], [[0, [16, 13, 14, 1, 8, 4, 20, 9]], [13, []], [16, []], [14, []], [1, []], [4, []], [2, [2, 3]], [3, []], [8, []], [20, []], [9, []]]], [[[5, [7, 12]]], [[5, [5]]], [[17, [17, 19]]], [[2, [2, 3]]]]]], "Numrun": 5, "all_fitness": [327.8548623889749, 334.81486238897486, 310.94322520898106, 320.6]}
{"file_name": "U_20_1", "number_of_trucks": 2, "drone_capacity": 2, "number_of_drones": 2, "iteration": 5, "best_fitness": 330.13486238897485, "runtime": 164.58963227272034, "best_solution": [[[[0, [18, 10]], [10, []], [8, [8, 4]], [16, [16, 14]], [1, [1, 9]], [14, []], [18, []], [17, [17, 3]], [4, []], [2, [2, 19]], [3, []], [9, []], [19, []]], [[0, [5, 13, 7, 6, 12, 20, 15, 11]], [5, []], [6, []], [7, []], [11, []], [15, []], [13, []], [12, []], [20, []]]], [[[8, [8, 4]]], [[16, [16, 14]]], [[1, [1, 9]]], [[17, [17, 3]]], [[2, [2, 19]]]]],