{"file_name": "U_20_1", "number_of_trucks": 2, "drone_capacity": 2, "number_of_drones": 2, "iteration": 1, "best_fitness": 375.890769649339, "runtime": 116.76272702217102, "best_solution": [[[[0, [11, 6, 15, 19]], [15, []], [11, []], [6, []], [2, [2]], [19, []], [5, [5]], [10, [10, 17]], [17, []], [3, [3, 7]], [7, []]], [[0, [14]], [14, [13]], [13, [16, 1]], [16, []], [1, []], [9, [9, 18]], [18, []], [8, [8, 4]], [4, []], [12, [12, 20]], [20, []]]], [[[14, [13]]], [[13, [16, 1]]], [[9, [9, 18]]], [[8, [8, 4]]], [[2, [2]]], [[5, [5]]], [[10, [10, 17]]], [[12, [12, 20]]], [[3, [3, 7]]]]], "all_solution": [[[[[0, [11, 6, 15, 19]], [15, []], [11, []], [6, []], [2, [2]], [19, []], [5, [5]], [10, [10, 17]], [17, []], [3, [3, 7]], [7, []]], [[0, [14]], [14, [13]], [13, [16, 1]], [16, []], [1, []], [9, [9, 18]], [18, []], [8, [8, 4]], [4, []], [12, [12, 20]], [20, []]]], [[[14, [13]]], [[13, [16, 1]]], [[9, [9, 18]]], [[8, [8, 4]]], [[2, [2]]], [[5, [5]]], [[10, [10, 17]]], [[12, [12, 20]]], [[3, [3, 7]]]]]], "Numrun": 5, "all_fitness": [375.890769649339]}
{"file_name": "U_20_1", "number_of_trucks": 2, "drone_capacity": 2, "number_of_drones": 2, "iteration": 2, "best_fitness": 375.890769649339, "runtime": 133.924174785614, "best_solution": [[[[0, [16, 19, 1, 13]], [9, [9]], [13, []], [16, []], [19, []], [1, []], [5, [5, 4]], [4, []], [20, [20, 12]], [12, []]], [[0, [14, 11, 15]], [6, [6]], [14, []], [11, []], [15, []], [18, [18]], [8, [8, 2]], [2, []], [17, [17, 10]], [10, []], [3, [3, 7]], [7, []]]], [[[6, [6]]], [[18, [18]]], [[9, [9]]], [[8, [8, 2]]], [[5, [5, 4]]], [[17, [17, 10]]], [[20, [20, 12]]], [[3, [3, 7]]]]], "all_solution": [[[[[0, [11, 6, 15, 19]], [15, []], [11, []], [6, []], [2, [2]], [19, []], [5, [5]], [10, [10, 17]], [17, []], [3, [3, 7]], [7, []]], [[0, [14]], [14, [13]], [13, [16, 1]], [16, []], [1, []], [9, [9, 18]], [18, []], [8, [8, 4]], [4, []], [12, [12, 20]], [20, []]]], [[[14, [13]]], [[13, [16, 1]]], [[9, [9, 18]]], [[8, [8, 4]]], [[2, [2]]], [[5, [5]]], [[10, [10, 17]]], [[12, [12, 20]]], [[3, [3, 7]]]]], [[[[0, [16, 19, 1, 13]], [9, [9]], [13, []], [16, []], [19, []], [1, []], [5, [5, 4]], [4, []], [20, [20, 12]], [12, []]], [[0, [14, 11, 15]], [6, [6]], [14, []], [11, []], [15, []], [18, [18]], [8, [8, 2]], [2, []], [17, [17, 10]], [10, []], [3, [3, 7]], [7, []]]], [[[6, [6]]], [[18, [18]]], [[9, [9]]], [[8, [8, 2]]], [[5, [5, 4]]], [[17, [17, 10]]], [[20, [20, 12]]], [[3, [3, 7]]]]]], "Numrun": 5, "all_fitness": [375.890769649339, 375.890769649339]}
{"file_name": "U_20_1", "number_of_trucks": 2, "drone_capacity": 2, "number_of_drones": 2, "iteration": 3, "best_fitness": 375.890769649339, "runtime": 129.49134755134583, "best_solution": [[[[0, [16, 14, 13]], [14, []], [13, []], [16, [18, 1]], [18, []], [1, []], [2, [2, 5]], [5, []], [10, [10, 17]], [17, []], [3, [3, 7]], [7, []]], [[0, [15, 6]], [6, []], [15, [19, 11]], [19, []], [11, []], [9, [9]], [4, [4, 8]], [8, []], [12, [12, 20]], [20, []]]], [[[15, [19, 11]]], [[16, [18, 1]]], [[9, [9]]], [[4, [4, 8]]], [[2, [2, 5]]], [[12, [12, 20]]], [[10, [10, 17]]], [[3, [3, 7]]]]], "all_solution": [[[[[0, [11, 6, 15, 19]], [15, []], [11, []], [6, []], [2, [2]], [19, []], [5, [5]], [10, [10, 17]], [17, []], [3, [3, 7]], [7, []]], [[0, [14]], [14, [13]], [13, [16, 1]], [16, []], [1, []], [9, [9, 18]], [18, []], [8, [8, 4]], [4, []], [12, [12, 20]], [20, []]]], [[[14, [13]]], [[13, [16, 1]]], [[9, [9, 18]]], [[8, [8, 4]]], [[2, [2]]], [[5, [5]]], [[10, [10, 17]]], [[12, [12, 20]]], [[3, [3, 7]]]]], [[[[0, [16, 19, 1, 13]], [9, [9]], [13, []], [16, []], [19, []], [1, []], [5, [5, 4]], [4, []], [20, [20, 12]], [12, []]], [[0, [14, 11, 15]], [6, [6]], [14, []], [11, []], [15, []], [18, [18]], [8, [8, 2]], [2, []], [17, [17, 10]], [10, []], [3, [3, 7]], [7, []]]], [[[6, [6]]], [[18, [18]]], [[9, [9]]], [[8, [8, 2]]], [[5, [5, 4]]], [[17, [17, 10]]], [[20, [20, 12]]], [[3, [3, 7]]]]], [[[[0, [16, 14, 13]], [14, []], [13, []], [16, [18, 1]], [18, []], [1, []], [2, [2, 5]], [5, []], [10, [10, 17]], [17, []], [3, [3, 7]], [7, []]], [[0, [15, 6]], [6, []], [15, [19, 11]], [19, []], [11, []], [9, [9]], [4, [4, 8]], [8, []], [12, [12, 20]], [20, []]]], [[[15, [19, 11]]], [[16, [18, 1]]], [[9, [9]]], [[4, [4, 8]]], [[2, [2, 5]]], [[12, [12, 20]]], [[10, [10, 17]]], [[3, [3, 7]]]]]], "Numrun": 5, "all_fitness": [375.890769649339, 375.890769649339, 375.890769649339]}
{"file_name": "U_20_1", "number_of_trucks": 2, "drone_capacity": 2, "number_of_drones": 2, "iteration": 4, "best_fitness": 375.890769649339, "runtime": 164.6176896095276, "best_solution": [[[[0, [14, 6]], [14, []], [18, [18, 9]], [6, []], [9, []], [5, [5, 2]], [2, []], [10, [10, 17]], [17, []], [3, [3, 7]], [7, []]], [[0, [15, 1, 11, 13, 19, 16]], [15, []], [1, []], [11, []], [13, []], [19, []], [16, []], [4, [4, 8]], [8, []], [20, [20, 12]], [12, []]]], [[[18, [18, 9]]], [[4, [4, 8]]], [[5, [5, 2]]], [[10, [10, 17]]], [[20, [20, 12]]], [[3, [3, 7]]]]], "all_solution": [[[[[0, [11, 6, 15, 19]], [15, []], [11, []], [6, []], [2, [2]], [19, []], [5, [5]], [10, [10, 17]], [17, []], [3, [3, 7]], [7, []]], [[0, [14]], [14, [13]], [13, [16, 1]], [16, []], [1, []], [9, [9, 18]], [18, []], [8, [8, 4]], [4, []], [12, [12, 20]], [20, []]]], [[[14, [13]]], [[13, [16, 1]]], [[9, [9, 18]]], [[8, [8, 4]]], [[2, [2]]], [[5, [5]]], [[10, [10, 17]]], [[12, [12, 20]]], [[3, [3, 7]]]]], [[[[0, [16, 19, 1, 13]], [9, [9]], [13, []], [16, []], [19, []], [1, []], [5, [5, 4]], [4, []], [20, [20, 12]], [12, []]], [[0, [14, 11, 15]], [6, [6]], [14, []], [11, []], [15, []], [18, [18]], [8, [8, 2]], [2, []], [17, [17, 10]], [10, []], [3, [3, 7]], [7, []]]], [[[6, [6]]], [[18, [18]]], [[9, [9]]], [[8, [8, 2]]], [[5, [5, 4]]], [[17, [17, 10]]], [[20, [20, 12]]], [[3, [3, 7]]]]], [[[[0, [16, 14, 13]], [14, []], [13, []], [16, [18, 1]], [18, []], [1, []], [2, [2, 5]], [5, []], [10, [10, 17]], [17, []], [3, [3, 7]], [7, []]], [[0, [15, 6]], [6, []], [15, [19, 11]], [19, []], [11, []], [9, [9]], [4, [4, 8]], [8, []], [12, [12, 20]], [20, []]]], [[[15, [19, 11]]], [[16, [18, 1]]], [[9, [9]]], [[4, [4, 8]]], [[2, [2, 5]]], [[12, [12, 20]]], [[10, [10, 17]]], [[3, [3, 7]]]]], [[[[0, [14, 6]], [14, []], [18, [18, 9]], [6, []], [9, []], [5, [5, 2]], [2, []], [10, [10, 17]], [17, []], [3, [3, 7]], [7, []]], [[0, [15, 1, 11, 13, 19, 16]], [15, []], [1, []], [11, []], [13, []], [19, []], [16, []], [4, [4, 8]], [8, []], [20, [20, 12]], [12, []]]], [[[18, [18, 9]]], [[4, [4, 8]]], [[5, [5, 2]]], [[10, [10, 17]]], [[20, [20, 12]]], [[3, [3, 7]]]]]], "Numrun": 5, "all_fitness": [375.890769649339, 375.890769649339, 375.890769649339, 375.890769649339]}
{"file_name": "U_20_1", "number_of_trucks": 2, "drone_capacity": 2, "number_of_drones": 2, "iteration": 5, "best_fitness": 375.890769649339, "runtime": 133.71640515327454, "best_solution": [[[[0, [13, 16, 14, 6]], [6, []], [13, []], [9, [9, 18]], [16, []], [14, []], [18, []], [8, [8]], [20, [20, 12]], [12, []]], [[0, [1, 11, 19, 15]], [1, []], [11, []], [19, []], [15, []], [4, [4]], [5, [5, 10]], [10, []], [17, [17, 2]], [2, []], [3, [3, 7]], [7, []]]], [[[9, [9, 18]]], [[8, [8]]], [[4, [4]]], [[5, [5, 10]]], [[17, [17, 2]]], [[20, [20, 12]]], [[3, [3, 7]]]]],