{"file_name": "U_20_0", "number_of_trucks": 2, "drone_capacity": 2, "number_of_drones": 2, "iteration": 1, "best_fitness": 247.68, "runtime": 132.63543438911438, "best_solution": [[[[0, [2, 19, 11, 15, 6]], [19, []], [2, []], [13, [13, 4, 12, 1]], [4, []], [11, []], [12, []], [16, [16, 14, 7]], [14, []], [7, []], [15, []], [6, []], [1, []]], [[0, [20, 3, 18, 10, 5, 9, 17]], [18, []], [20, []], [3, []], [10, []], [5, []], [9, []], [17, []], [8, [8]]]], [[[13, [12, 1]]], [[13, [13, 4]]], [[16, [7]]], [[16, [16, 14]]], [[8, [8]]]]], "all_solution": [[[[[0, [2, 19, 11, 15, 6]], [19, []], [2, []], [13, [13, 4, 12, 1]], [4, []], [11, []], [12, []], [16, [16, 14, 7]], [14, []], [7, []], [15, []], [6, []], [1, []]], [[0, [20, 3, 18, 10, 5, 9, 17]], [18, []], [20, []], [3, []], [10, []], [5, []], [9, []], [17, []], [8, [8]]]], [[[13, [12, 1]]], [[13, [13, 4]]], [[16, [7]]], [[16, [16, 14]]], [[8, [8]]]]]], "Numrun": 5, "all_fitness": [247.68]}
{"file_name": "U_20_0", "number_of_trucks": 2, "drone_capacity": 2, "number_of_drones": 2, "iteration": 2, "best_fitness": 245.28000000000003, "runtime": 158.3135597705841, "best_solution": [[[[0, [13, 11, 12, 4, 19, 2, 7]], [19, []], [2, []], [13, []], [4, []], [11, []], [12, []], [16, [16, 14]], [14, []], [7, []]], [[0, [6, 1, 18, 17, 5, 20, 3, 15]], [18, []], [20, [9, 10]], [10, []], [3, []], [5, []], [9, []], [17, []], [15, []], [6, []], [1, []], [8, [8]]]], [[[20, [9, 10]]], [[8, [8]]], [[16, [16, 14]]]]], "all_solution": [[[[[0, [2, 19, 11, 15, 6]], [19, []], [2, []], [13, [13, 4, 12, 1]], [4, []], [11, []], [12, []], [16, [16, 14, 7]], [14, []], [7, []], [15, []], [6, []], [1, []]], [[0, [20, 3, 18, 10, 5, 9, 17]], [18, []], [20, []], [3, []], [10, []], [5, []], [9, []], [17, []], [8, [8]]]], [[[13, [12, 1]]], [[13, [13, 4]]], [[16, [7]]], [[16, [16, 14]]], [[8, [8]]]]], [[[[0, [13, 11, 12, 4, 19, 2, 7]], [19, []], [2, []], [13, []], [4, []], [11, []], [12, []], [16, [16, 14]], [14, []], [7, []]], [[0, [6, 1, 18, 17, 5, 20, 3, 15]], [18, []], [20, [9, 10]], [10, []], [3, []], [5, []], [9, []], [17, []], [15, []], [6, []], [1, []], [8, [8]]]], [[[20, [9, 10]]], [[8, [8]]], [[16, [16, 14]]]]]], "Numrun": 5, "all_fitness": [247.68, 245.28000000000003]}
{"file_name": "U_20_0", "number_of_trucks": 2, "drone_capacity": 2, "number_of_drones": 2, "iteration": 3, "best_fitness": 255.76, "runtime": 123.99042177200317, "best_solution": [[[[0, [20, 9, 1, 6, 10, 5, 3, 17]], [20, []], [10, []], [5, []], [3, []], [9, []], [17, []], [6, []], [8, [8]], [1, []]], [[0, [12, 11, 2, 19, 4, 13, 18, 15, 7]], [18, []], [15, []], [7, []], [14, [14, 16]], [16, []], [12, []], [11, []], [4, []], [13, []], [2, []], [19, []]]], [[[8, [8]]], [[14, [14, 16]]]]], "all_solution": [[[[[0, [2, 19, 11, 15, 6]], [19, []], [2, []], [13, [13, 4, 12, 1]], [4, []], [11, []], [12, []], [16, [16, 14, 7]], [14, []], [7, []], [15, []], [6, []], [1, []]], [[0, [20, 3, 18, 10, 5, 9, 17]], [18, []], [20, []], [3, []], [10, []], [5, []], [9, []], [17, []], [8, [8]]]], [[[13, [12, 1]]], [[13, [13, 4]]], [[16, [7]]], [[16, [16, 14]]], [[8, [8]]]]], [[[[0, [13, 11, 12, 4, 19, 2, 7]], [19, []], [2, []], [13, []], [4, []], [11, []], [12, []], [16, [16, 14]], [14, []], [7, []]], [[0, [6, 1, 18, 17, 5, 20, 3, 15]], [18, []], [20, [9, 10]], [10, []], [3, []], [5, []], [9, []], [17, []], [15, []], [6, []], [1, []], [8, [8]]]], [[[20, [9, 10]]], [[8, [8]]], [[16, [16, 14]]]]], [[[[0, [20, 9, 1, 6, 10, 5, 3, 17]], [20, []], [10, []], [5, []], [3, []], [9, []], [17, []], [6, []], [8, [8]], [1, []]], [[0, [12, 11, 2, 19, 4, 13, 18, 15, 7]], [18, []], [15, []], [7, []], [14, [14, 16]], [16, []], [12, []], [11, []], [4, []], [13, []], [2, []], [19, []]]], [[[8, [8]]], [[14, [14, 16]]]]]], "Numrun": 5, "all_fitness": [247.68, 245.28000000000003, 255.76]}
{"file_name": "U_20_0", "number_of_trucks": 2, "drone_capacity": 2, "number_of_drones": 2, "iteration": 4, "best_fitness": 252.43999999999997, "runtime": 180.02152347564697, "best_solution": [[[[0, [20, 10, 9, 17, 5, 3, 6, 1, 18]], [18, []], [20, []], [5, []], [10, []], [3, []], [9, []], [17, []], [8, [8]], [1, []], [6, []]], [[0, [12, 4, 13, 2, 15, 7, 19, 11]], [15, []], [7, []], [14, [14, 16]], [16, []], [12, []], [11, []], [4, []], [13, []], [2, []], [19, []]]], [[[8, [8]]], [[14, [14, 16]]]]], "all_solution": [[[[[0, [2, 19, 11, 15, 6]], [19, []], [2, []], [13, [13, 4, 12, 1]], [4, []], [11, []], [12, []], [16, [16, 14, 7]], [14, []], [7, []], [15, []], [6, []], [1, []]], [[0, [20, 3, 18, 10, 5, 9, 17]], [18, []], [20, []], [3, []], [10, []], [5, []], [9, []], [17, []], [8, [8]]]], [[[13, [12, 1]]], [[13, [13, 4]]], [[16, [7]]], [[16, [16, 14]]], [[8, [8]]]]], [[[[0, [13, 11, 12, 4, 19, 2, 7]], [19, []], [2, []], [13, []], [4, []], [11, []], [12, []], [16, [16, 14]], [14, []], [7, []]], [[0, [6, 1, 18, 17, 5, 20, 3, 15]], [18, []], [20, [9, 10]], [10, []], [3, []], [5, []], [9, []], [17, []], [15, []], [6, []], [1, []], [8, [8]]]], [[[20, [9, 10]]], [[8, [8]]], [[16, [16, 14]]]]], [[[[0, [20, 9, 1, 6, 10, 5, 3, 17]], [20, []], [10, []], [5, []], [3, []], [9, []], [17, []], [6, []], [8, [8]], [1, []]], [[0, [12, 11, 2, 19, 4, 13, 18, 15, 7]], [18, []], [15, []], [7, []], [14, [14, 16]], [16, []], [12, []], [11, []], [4, []], [13, []], [2, []], [19, []]]], [[[8, [8]]], [[14, [14, 16]]]]], [[[[0, [20, 10, 9, 17, 5, 3, 6, 1, 18]], [18, []], [20, []], [5, []], [10, []], [3, []], [9, []], [17, []], [8, [8]], [1, []], [6, []]], [[0, [12, 4, 13, 2, 15, 7, 19, 11]], [15, []], [7, []], [14, [14, 16]], [16, []], [12, []], [11, []], [4, []], [13, []], [2, []], [19, []]]], [[[8, [8]]], [[14, [14, 16]]]]]], "Numrun": 5, "all_fitness": [247.68, 245.28000000000003, 255.76, 252.43999999999997]}
{"file_name": "U_20_0", "number_of_trucks": 2, "drone_capacity": 2, "number_of_drones": 2, "iteration": 5, "best_fitness": 252.71999999999997, "runtime": 116.26943230628967, "best_solution": [[[[0, [13, 4, 19, 2, 12, 11, 20, 5]], [13, []], [4, []], [12, []], [11, []], [5, []], [20, []], [14, [14, 16]], [16, []], [2, []], [19, []]], [[0, [17, 6, 1, 15, 3, 18]], [18, []], [6, [9, 10, 7]], [15, []], [7, []], [3, []], [10, []], [9, []], [17, []], [8, [8]], [1, []]]], [[[6, [9, 7]]], [[6, [10]]], [[14, [14, 16]]], [[8, [8]]]]], "all_solution": [[[[[0, [2, 19, 11, 15, 6]], [19, []], [2, []], [13, [13, 4, 12, 1]], [4, []], [11, []], [12, []], [16, [16, 14, 7]], [14, []], [7, []], [15, []], [6, []], [1, []]], [[0, [20, 3, 18, 10, 5, 9, 17]], [18, []], [20, []], [3, []], [10, []], [5, []], [9, []], [17, []], [8, [8]]]], [[[13, [12, 1]]], [[13, [13, 4]]], [[16, [7]]], [[16, [16, 14]]], [[8, [8]]]]], [[[[0, [13, 11, 12, 4, 19, 2, 7]], [19, []], [2, []], [13, []], [4, []], [11, []], [12, []], [16, [16, 14]], [14, []], [7, []]], [[0, [6, 1, 18, 17, 5, 20, 3, 15]], [18, []], [20, [9, 10]], [10, []], [3, []], [5, []], [9, []], [17, []], [15, []], [6, []], [1, []], [8, [8]]]], [[[20, [9, 10]]], [[8, [8]]], [[16, [16, 14]]]]], [[[[0, [20, 9, 1, 6, 10, 5, 3, 17]], [20, []], [10, []], [5, []], [3, []], [9, []], [17, []], [6, []], [8, [8]], [1, []]], [[0, [12, 11, 2, 19, 4, 13, 18, 15, 7]], [18, []], [15, []], [7, []], [14, [14, 16]], [16, []], [12, []], [11, []], [4, []], [13, []], [2, []], [19, []]]], [[[8, [8]]], [[14, [14, 16]]]]], [[[[0, [20, 10, 9, 17, 5, 3, 6, 1, 18]], [18, []], [20, []], [5, []], [10, []], [3, []], [9, []], [17, []], [8, [8]], [1, []], [6, []]], [[0, [12, 4, 13, 2, 15, 7, 19, 11]], [15, []], [7, []], [14, [14, 16]], [16, []], [12, []], [11, []], [4, []], [13, []], [2, []], [19, []]]], [[[8, [8]]], [[14, [14, 16]]]]], [[[[0, [13, 4, 19, 2, 12, 11, 20, 5]], [13, []], [4, []], [12, []], [11, []], [5, []], [20, []], [14, [14, 16]], [16, []], [2, []], [19, []]], [[0, [17, 6, 1, 15, 3, 18]], [18, []], [6, [9, 10, 7]], [15, []], [7, []], [3, []], [10, []], [9, []], [17, []], [8, [8]], [1, []]]], [[[6, [9, 7]]], [[6, [10]]], [[14, [14, 16]]], [[8, [8]]]]]], "Numrun": 5,