{"file_name": "U_15_0", "number_of_trucks": 2, "drone_capacity": 2, "number_of_drones": 2, "iteration": 1, "best_fitness": 179.77507703891632, "runtime": 57.17983627319336, "best_solution": [[[[0, [2, 3]], [2, []], [3, []], [12, [12, 10]], [10, []], [7, [7, 11]], [11, []], [15, [15, 6]], [6, []]], [[0, [8, 13, 14]], [13, []], [8, []], [5, [5, 9]], [1, [1, 4]], [14, []], [9, []], [4, []]]], [[[12, [12, 10]]], [[5, [5, 9]]], [[1, [1, 4]]], [[7, [7, 11]]], [[15, [15, 6]]]]], "all_solution": [[[[[0, [2, 3]], [2, []], [3, []], [12, [12, 10]], [10, []], [7, [7, 11]], [11, []], [15, [15, 6]], [6, []]], [[0, [8, 13, 14]], [13, []], [8, []], [5, [5, 9]], [1, [1, 4]], [14, []], [9, []], [4, []]]], [[[12, [12, 10]]], [[5, [5, 9]]], [[1, [1, 4]]], [[7, [7, 11]]], [[15, [15, 6]]]]]], "Numrun": 5, "all_fitness": [179.77507703891632]}
{"file_name": "U_15_0", "number_of_trucks": 2, "drone_capacity": 2, "number_of_drones": 2, "iteration": 2, "best_fitness": 180.75911944539533, "runtime": 54.392547369003296, "best_solution": [[[[0, []], [2, [2, 3]], [3, []], [12, [12, 10]], [10, []], [7, [7, 11]], [11, []], [15, [15, 6]], [6, []]], [[0, [14]], [13, [13, 8]], [8, []], [5, [5, 9]], [1, [1, 4]], [14, []], [9, []], [4, []]]], [[[13, [13, 8]]], [[2, [2, 3]]], [[12, [12, 10]]], [[5, [5, 9]]], [[7, [7, 11]]], [[1, [1, 4]]], [[15, [15, 6]]]]], "all_solution": [[[[[0, [2, 3]], [2, []], [3, []], [12, [12, 10]], [10, []], [7, [7, 11]], [11, []], [15, [15, 6]], [6, []]], [[0, [8, 13, 14]], [13, []], [8, []], [5, [5, 9]], [1, [1, 4]], [14, []], [9, []], [4, []]]], [[[12, [12, 10]]], [[5, [5, 9]]], [[1, [1, 4]]], [[7, [7, 11]]], [[15, [15, 6]]]]], [[[[0, []], [2, [2, 3]], [3, []], [12, [12, 10]], [10, []], [7, [7, 11]], [11, []], [15, [15, 6]], [6, []]], [[0, [14]], [13, [13, 8]], [8, []], [5, [5, 9]], [1, [1, 4]], [14, []], [9, []], [4, []]]], [[[13, [13, 8]]], [[2, [2, 3]]], [[12, [12, 10]]], [[5, [5, 9]]], [[7, [7, 11]]], [[1, [1, 4]]], [[15, [15, 6]]]]]], "Numrun": 5, "all_fitness": [179.77507703891632, 180.75911944539533]}
{"file_name": "U_15_0", "number_of_trucks": 2, "drone_capacity": 2, "number_of_drones": 2, "iteration": 3, "best_fitness": 179.77507703891632, "runtime": 55.84314250946045, "best_solution": [[[[0, [14, 3, 2]], [2, []], [3, []], [5, [5, 9]], [1, [1, 4]], [14, []], [9, []], [4, []]], [[0, []], [13, [13, 8]], [8, []], [12, [12, 10]], [7, [7, 11]], [11, []], [10, []], [15, [15, 6]], [6, []]]], [[[13, [13, 8]]], [[12, [12, 10]]], [[5, [5, 9]]], [[7, [7, 11]]], [[1, [1, 4]]], [[15, [15, 6]]]]], "all_solution": [[[[[0, [2, 3]], [2, []], [3, []], [12, [12, 10]], [10, []], [7, [7, 11]], [11, []], [15, [15, 6]], [6, []]], [[0, [8, 13, 14]], [13, []], [8, []], [5, [5, 9]], [1, [1, 4]], [14, []], [9, []], [4, []]]], [[[12, [12, 10]]], [[5, [5, 9]]], [[1, [1, 4]]], [[7, [7, 11]]], [[15, [15, 6]]]]], [[[[0, []], [2, [2, 3]], [3, []], [12, [12, 10]], [10, []], [7, [7, 11]], [11, []], [15, [15, 6]], [6, []]], [[0, [14]], [13, [13, 8]], [8, []], [5, [5, 9]], [1, [1, 4]], [14, []], [9, []], [4, []]]], [[[13, [13, 8]]], [[2, [2, 3]]], [[12, [12, 10]]], [[5, [5, 9]]], [[7, [7, 11]]], [[1, [1, 4]]], [[15, [15, 6]]]]], [[[[0, [14, 3, 2]], [2, []], [3, []], [5, [5, 9]], [1, [1, 4]], [14, []], [9, []], [4, []]], [[0, []], [13, [13, 8]], [8, []], [12, [12, 10]], [7, [7, 11]], [11, []], [10, []], [15, [15, 6]], [6, []]]], [[[13, [13, 8]]], [[12, [12, 10]]], [[5, [5, 9]]], [[7, [7, 11]]], [[1, [1, 4]]], [[15, [15, 6]]]]]], "Numrun": 5, "all_fitness": [179.77507703891632, 180.75911944539533, 179.77507703891632]}
{"file_name": "U_15_0", "number_of_trucks": 2, "drone_capacity": 2, "number_of_drones": 2, "iteration": 4, "best_fitness": 182.1418468028184, "runtime": 68.40416359901428, "best_solution": [[[[0, [14, 2]], [2, []], [3, [3]], [6, [6, 9]], [1, [1, 4]], [14, []], [9, []], [4, []]], [[0, [13, 8]], [13, []], [8, []], [12, [12, 10]], [7, [7, 11]], [11, []], [10, []], [15, [15, 5]], [5, []]]], [[[3, [3]]], [[12, [12, 10]]], [[6, [6, 9]]], [[7, [7, 11]]], [[1, [1, 4]]], [[15, [15, 5]]]]], "all_solution": [[[[[0, [2, 3]], [2, []], [3, []], [12, [12, 10]], [10, []], [7, [7, 11]], [11, []], [15, [15, 6]], [6, []]], [[0, [8, 13, 14]], [13, []], [8, []], [5, [5, 9]], [1, [1, 4]], [14, []], [9, []], [4, []]]], [[[12, [12, 10]]], [[5, [5, 9]]], [[1, [1, 4]]], [[7, [7, 11]]], [[15, [15, 6]]]]], [[[[0, []], [2, [2, 3]], [3, []], [12, [12, 10]], [10, []], [7, [7, 11]], [11, []], [15, [15, 6]], [6, []]], [[0, [14]], [13, [13, 8]], [8, []], [5, [5, 9]], [1, [1, 4]], [14, []], [9, []], [4, []]]], [[[13, [13, 8]]], [[2, [2, 3]]], [[12, [12, 10]]], [[5, [5, 9]]], [[7, [7, 11]]], [[1, [1, 4]]], [[15, [15, 6]]]]], [[[[0, [14, 3, 2]], [2, []], [3, []], [5, [5, 9]], [1, [1, 4]], [14, []], [9, []], [4, []]], [[0, []], [13, [13, 8]], [8, []], [12, [12, 10]], [7, [7, 11]], [11, []], [10, []], [15, [15, 6]], [6, []]]], [[[13, [13, 8]]], [[12, [12, 10]]], [[5, [5, 9]]], [[7, [7, 11]]], [[1, [1, 4]]], [[15, [15, 6]]]]], [[[[0, [14, 2]], [2, []], [3, [3]], [6, [6, 9]], [1, [1, 4]], [14, []], [9, []], [4, []]], [[0, [13, 8]], [13, []], [8, []], [12, [12, 10]], [7, [7, 11]], [11, []], [10, []], [15, [15, 5]], [5, []]]], [[[3, [3]]], [[12, [12, 10]]], [[6, [6, 9]]], [[7, [7, 11]]], [[1, [1, 4]]], [[15, [15, 5]]]]]], "Numrun": 5, "all_fitness": [179.77507703891632, 180.75911944539533, 179.77507703891632, 182.1418468028184]}
{"file_name": "U_15_0", "number_of_trucks": 2, "drone_capacity": 2, "number_of_drones": 2, "iteration": 5, "best_fitness": 179.77507703891632, "runtime": 73.03036117553711, "best_solution": [[[[0, [2, 13, 8]], [2, []], [13, []], [8, []], [12, [12, 10]], [7, [7, 11]], [11, []], [10, []], [15, [15, 6]], [6, []]], [[0, [3, 14]], [3, []], [5, [5, 9]], [1, [1, 4]], [14, []], [9, []], [4, []]]], [[[12, [12, 10]]], [[5, [5, 9]]], [[7, [7, 11]]], [[1, [1, 4]]], [[15, [15, 6]]]]], "all_solution": [[[[[0, [2, 3]], [2, []], [3, []], [12, [12, 10]], [10, []], [7, [7, 11]], [11, []], [15, [15, 6]], [6, []]], [[0, [8, 13, 14]], [13, []], [8, []], [5, [5, 9]], [1, [1, 4]], [14, []], [9, []], [4, []]]], [[[12, [12, 10]]], [[5, [5, 9]]], [[1, [1, 4]]], [[7, [7, 11]]], [[15, [15, 6]]]]], [[[[0, []], [2, [2, 3]], [3, []], [12, [12, 10]], [10, []], [7, [7, 11]], [11, []], [15, [15, 6]], [6, []]], [[0, [14]], [13, [13, 8]], [8, []], [5, [5, 9]], [1, [1, 4]], [14, []], [9, []], [4, []]]], [[[13, [13, 8]]], [[2, [2, 3]]], [[12, [12, 10]]], [[5, [5, 9]]], [[7, [7, 11]]], [[1, [1, 4]]], [[15, [15, 6]]]]], [[[[0, [14, 3, 2]], [2, []], [3, []], [5, [5, 9]], [1, [1, 4]], [14, []], [9, []], [4, []]], [[0, []], [13, [13, 8]], [8, []], [12, [12, 10]], [7, [7, 11]], [11, []], [10, []], [15, [15, 6]], [6, []]]], [[[13, [13, 8]]], [[12, [12, 10]]], [[5, [5, 9]]], [[7, [7, 11]]], [[1, [1, 4]]], [[15, [15, 6]]]]], [[[[0, [14, 2]], [2, []], [3, [3]], [6, [6, 9]], [1, [1, 4]], [14, []], [9, []], [4, []]], [[0, [13, 8]], [13, []], [8, []], [12, [12, 10]], [7, [7, 11]], [11, []], [10, []], [15, [15, 5]], [5, []]]], [[[3, [3]]], [[12, [12, 10]]], [[6, [6, 9]]], [[7, [7, 11]]], [[1, [1, 4]]], [[15, [15, 5]]]]], [[[[0, [2, 13, 8]], [2, []], [13, []], [8, []], [12, [12, 10]], [7, [7, 11]], [11, []], [10, []], [15, [15, 6]], [6, []]], [[0, [3, 14]], [3, []], [5, [5, 9]], [1, [1, 4]], [14, []], [9, []], [4, []]]], [[[12, [12, 10]]], [[5, [5, 9]]], [[7, [7, 11]]], [[1, [1, 4]]], [[15, [15, 6]]]]]], "Numrun": 5, "all_fitness": [179.77507703891632, 180.75911944539533, 179.77507703891632, 182.1418468028184, 179.77507703891632]}
