{"file_name": "U_15_1", "number_of_trucks": 2, "drone_capacity": 2, "number_of_drones": 2, "iteration": 1, "best_fitness": 312.81222594908655, "runtime": 52.240562200546265, "best_solution": [[[[0, [3, 12, 5]], [5, []], [3, []], [12, []], [6, [6]], [7, [7, 14]], [14, []], [1, [1, 4]], [4, []]], [[0, [11]], [11, []], [9, [9, 13]], [2, [2]], [13, []], [8, [8, 10]], [10, []], [15, [15]]]], [[[6, [6]]], [[9, [9, 13]]], [[2, [2]]], [[7, [7, 14]]], [[1, [1, 4]]], [[8, [8, 10]]], [[15, [15]]]]], "all_solution": [[[[[0, [3, 12, 5]], [5, []], [3, []], [12, []], [6, [6]], [7, [7, 14]], [14, []], [1, [1, 4]], [4, []]], [[0, [11]], [11, []], [9, [9, 13]], [2, [2]], [13, []], [8, [8, 10]], [10, []], [15, [15]]]], [[[6, [6]]], [[9, [9, 13]]], [[2, [2]]], [[7, [7, 14]]], [[1, [1, 4]]], [[8, [8, 10]]], [[15, [15]]]]]], "Numrun": 5, "all_fitness": [312.81222594908655]}
{"file_name": "U_15_1", "number_of_trucks": 2, "drone_capacity": 2, "number_of_drones": 2, "iteration": 2, "best_fitness": 312.81222594908655, "runtime": 52.170520067214966, "best_solution": [[[[0, [11, 5]], [5, []], [12, [12]], [11, []], [9, [9, 6]], [1, [1, 2]], [4, [4]], [6, []], [2, []]], [[0, [14]], [14, []], [3, [3]], [13, [13, 7]], [7, []], [10, [10, 8]], [8, []], [15, [15]]]], [[[3, [3]]], [[12, [12]]], [[13, [13, 7]]], [[9, [9, 6]]], [[10, [10, 8]]], [[1, [1, 2]]], [[4, [4]]], [[15, [15]]]]], "all_solution": [[[[[0, [3, 12, 5]], [5, []], [3, []], [12, []], [6, [6]], [7, [7, 14]], [14, []], [1, [1, 4]], [4, []]], [[0, [11]], [11, []], [9, [9, 13]], [2, [2]], [13, []], [8, [8, 10]], [10, []], [15, [15]]]], [[[6, [6]]], [[9, [9, 13]]], [[2, [2]]], [[7, [7, 14]]], [[1, [1, 4]]], [[8, [8, 10]]], [[15, [15]]]]], [[[[0, [11, 5]], [5, []], [12, [12]], [11, []], [9, [9, 6]], [1, [1, 2]], [4, [4]], [6, []], [2, []]], [[0, [14]], [14, []], [3, [3]], [13, [13, 7]], [7, []], [10, [10, 8]], [8, []], [15, [15]]]], [[[3, [3]]], [[12, [12]]], [[13, [13, 7]]], [[9, [9, 6]]], [[10, [10, 8]]], [[1, [1, 2]]], [[4, [4]]], [[15, [15]]]]]], "Numrun": 5, "all_fitness": [312.81222594908655, 312.81222594908655]}
{"file_name": "U_15_1", "number_of_trucks": 2, "drone_capacity": 2, "number_of_drones": 2, "iteration": 3, "best_fitness": 312.81222594908655, "runtime": 54.11868739128113, "best_solution": [[[[0, [11, 14]], [14, []], [11, []], [13, [13, 7]], [7, []], [8, [8, 10]], [10, []], [15, [15]]], [[0, [3, 5, 12]], [5, []], [6, [9, 6]], [3, []], [12, []], [9, []], [1, [1, 2]], [4, [4]], [2, []]]], [[[13, [13, 7]]], [[6, [9, 6]]], [[8, [8, 10]]], [[1, [1, 2]]], [[4, [4]]], [[15, [15]]]]], "all_solution": [[[[[0, [3, 12, 5]], [5, []], [3, []], [12, []], [6, [6]], [7, [7, 14]], [14, []], [1, [1, 4]], [4, []]], [[0, [11]], [11, []], [9, [9, 13]], [2, [2]], [13, []], [8, [8, 10]], [10, []], [15, [15]]]], [[[6, [6]]], [[9, [9, 13]]], [[2, [2]]], [[7, [7, 14]]], [[1, [1, 4]]], [[8, [8, 10]]], [[15, [15]]]]], [[[[0, [11, 5]], [5, []], [12, [12]], [11, []], [9, [9, 6]], [1, [1, 2]], [4, [4]], [6, []], [2, []]], [[0, [14]], [14, []], [3, [3]], [13, [13, 7]], [7, []], [10, [10, 8]], [8, []], [15, [15]]]], [[[3, [3]]], [[12, [12]]], [[13, [13, 7]]], [[9, [9, 6]]], [[10, [10, 8]]], [[1, [1, 2]]], [[4, [4]]], [[15, [15]]]]], [[[[0, [11, 14]], [14, []], [11, []], [13, [13, 7]], [7, []], [8, [8, 10]], [10, []], [15, [15]]], [[0, [3, 5, 12]], [5, []], [6, [9, 6]], [3, []], [12, []], [9, []], [1, [1, 2]], [4, [4]], [2, []]]], [[[13, [13, 7]]], [[6, [9, 6]]], [[8, [8, 10]]], [[1, [1, 2]]], [[4, [4]]], [[15, [15]]]]]], "Numrun": 5, "all_fitness": [312.81222594908655, 312.81222594908655, 312.81222594908655]}
{"file_name": "U_15_1", "number_of_trucks": 2, "drone_capacity": 2, "number_of_drones": 2, "iteration": 4, "best_fitness": 313.7333010860598, "runtime": 45.506343364715576, "best_solution": [[[[0, [5]], [5, []], [3, [3, 12]], [7, [7, 6]], [10, [10]], [6, []], [8, [8]], [12, []], [15, [15]]], [[0, [11, 14]], [11, []], [14, []], [13, [13]], [2, [2, 9]], [9, []], [1, [1, 4]], [4, []]]], [[[13, [13]]], [[3, [3, 12]]], [[7, [7, 6]]], [[2, [2, 9]]], [[10, [10]]], [[8, [8]]], [[1, [1, 4]]], [[15, [15]]]]], "all_solution": [[[[[0, [3, 12, 5]], [5, []], [3, []], [12, []], [6, [6]], [7, [7, 14]], [14, []], [1, [1, 4]], [4, []]], [[0, [11]], [11, []], [9, [9, 13]], [2, [2]], [13, []], [8, [8, 10]], [10, []], [15, [15]]]], [[[6, [6]]], [[9, [9, 13]]], [[2, [2]]], [[7, [7, 14]]], [[1, [1, 4]]], [[8, [8, 10]]], [[15, [15]]]]], [[[[0, [11, 5]], [5, []], [12, [12]], [11, []], [9, [9, 6]], [1, [1, 2]], [4, [4]], [6, []], [2, []]], [[0, [14]], [14, []], [3, [3]], [13, [13, 7]], [7, []], [10, [10, 8]], [8, []], [15, [15]]]], [[[3, [3]]], [[12, [12]]], [[13, [13, 7]]], [[9, [9, 6]]], [[10, [10, 8]]], [[1, [1, 2]]], [[4, [4]]], [[15, [15]]]]], [[[[0, [11, 14]], [14, []], [11, []], [13, [13, 7]], [7, []], [8, [8, 10]], [10, []], [15, [15]]], [[0, [3, 5, 12]], [5, []], [6, [9, 6]], [3, []], [12, []], [9, []], [1, [1, 2]], [4, [4]], [2, []]]], [[[13, [13, 7]]], [[6, [9, 6]]], [[8, [8, 10]]], [[1, [1, 2]]], [[4, [4]]], [[15, [15]]]]], [[[[0, [5]], [5, []], [3, [3, 12]], [7, [7, 6]], [10, [10]], [6, []], [8, [8]], [12, []], [15, [15]]], [[0, [11, 14]], [11, []], [14, []], [13, [13]], [2, [2, 9]], [9, []], [1, [1, 4]], [4, []]]], [[[13, [13]]], [[3, [3, 12]]], [[7, [7, 6]]], [[2, [2, 9]]], [[10, [10]]], [[8, [8]]], [[1, [1, 4]]], [[15, [15]]]]]], "Numrun": 5, "all_fitness": [312.81222594908655, 312.81222594908655, 312.81222594908655, 313.7333010860598]}
{"file_name": "U_15_1", "number_of_trucks": 2, "drone_capacity": 2, "number_of_drones": 2, "iteration": 5, "best_fitness": 312.81222594908655, "runtime": 41.487943172454834, "best_solution": [[[[0, [5, 14]], [14, []], [5, []], [12, [12]], [7, [7]], [1, [1, 9]], [9, []], [4, [4]]], [[0, [11]], [11, []], [3, [3, 13]], [13, []], [2, [2, 6]], [6, []], [10, [10, 8]], [8, []], [15, [15]]]], [[[12, [12]]], [[3, [3, 13]]], [[2, [2, 6]]], [[7, [7]]], [[10, [10, 8]]], [[1, [1, 9]]], [[4, [4]]], [[15, [15]]]]], "all_solution": [[[[[0, [3, 12, 5]], [5, []], [3, []], [12, []], [6, [6]], [7, [7, 14]], [14, []], [1, [1, 4]], [4, []]], [[0, [11]], [11, []], [9, [9, 13]], [2, [2]], [13, []], [8, [8, 10]], [10, []], [15, [15]]]], [[[6, [6]]], [[9, [9, 13]]], [[2, [2]]], [[7, [7, 14]]], [[1, [1, 4]]], [[8, [8, 10]]], [[15, [15]]]]], [[[[0, [11, 5]], [5, []], [12, [12]], [11, []], [9, [9, 6]], [1, [1, 2]], [4, [4]], [6, []], [2, []]], [[0, [14]], [14, []], [3, [3]], [13, [13, 7]], [7, []], [10, [10, 8]], [8, []], [15, [15]]]], [[[3, [3]]], [[12, [12]]], [[13, [13, 7]]], [[9, [9, 6]]], [[10, [10, 8]]], [[1, [1, 2]]], [[4, [4]]], [[15, [15]]]]], [[[[0, [11, 14]], [14, []], [11, []], [13, [13, 7]], [7, []], [8, [8, 10]], [10, []], [15, [15]]], [[0, [3, 5, 12]], [5, []], [6, [9, 6]], [3, []], [12, []], [9, []], [1, [1, 2]], [4, [4]], [2, []]]], [[[13, [13, 7]]], [[6, [9, 6]]], [[8, [8, 10]]], [[1, [1, 2]]], [[4, [4]]], [[15, [15]]]]], [[[[0, [5]], [5, []], [3, [3, 12]], [7, [7, 6]], [10, [10]], [6, []], [8, [8]], [12, []], [15, [15]]], [[0, [11, 14]], [11, []], [14, []], [13, [13]], [2, [2, 9]], [9, []], [1, [1, 4]], [4, []]]], [[[13, [13]]], [[3, [3, 12]]], [[7, [7, 6]]], [[2, [2, 9]]], [[10, [10]]], [[8, [8]]], [[1, [1, 4]]], [[15, [15]]]]], [[[[0, [5, 14]], [14, []], [5, []], [12, [12]], [7, [7]], [1, [1, 9]], [9, []], [4, [4]]], [[0, [11]], [11, []], [3, [3, 13]], [13, []], [2, [2, 6]], [6, []], [10, [10, 8]], [8, []], [15, [15]]]], [[[12, [12]]], [[3, [3, 13]]], [[2, [2, 6]]], [[7, [7]]], [[10, [10, 8]]], [[1, [1, 9]]], [[4, [4]]], [[15, [15]]]]]], "Numrun": 5, "all_fitness": [312.81222594908655, 312.81222594908655, 312.81222594908655, 313.7333010860598, 312.81222594908655]}
