{"file_name": "U_15_1", "number_of_trucks": 2, "drone_capacity": 2, "number_of_drones": 2, "iteration": 1, "best_fitness": 258.5997765855734, "runtime": 56.97267508506775, "best_solution": [[[[0, []], [6, [6]], [9, [9, 13]], [5, [5]], [12, [12, 15]], [15, []], [13, []], [4, [4, 14]], [14, []]], [[0, []], [10, [10]], [2, [2]], [3, [3, 8, 1]], [11, [11, 7]], [8, []], [1, []], [7, []]]], [[[6, [6]]], [[9, [9, 13]]], [[10, [10]]], [[5, [5]]], [[2, [2]]], [[12, [12, 15]]], [[3, [1]]], [[3, [3, 8]]], [[4, [4, 14]]], [[11, [11, 7]]]]], "all_solution": [[[[[0, []], [6, [6]], [9, [9, 13]], [5, [5]], [12, [12, 15]], [15, []], [13, []], [4, [4, 14]], [14, []]], [[0, []], [10, [10]], [2, [2]], [3, [3, 8, 1]], [11, [11, 7]], [8, []], [1, []], [7, []]]], [[[6, [6]]], [[9, [9, 13]]], [[10, [10]]], [[5, [5]]], [[2, [2]]], [[12, [12, 15]]], [[3, [1]]], [[3, [3, 8]]], [[4, [4, 14]]], [[11, [11, 7]]]]]], "Numrun": 5, "all_fitness": [258.5997765855734]}
{"file_name": "U_15_1", "number_of_trucks": 2, "drone_capacity": 2, "number_of_drones": 2, "iteration": 2, "best_fitness": 260.0577249467309, "runtime": 89.15563249588013, "best_solution": [[[[0, [6]], [6, []], [2, [2]], [3, [3, 8]], [11, [11, 7, 1]], [8, []], [7, []], [1, []]], [[0, []], [10, [10]], [9, [9, 13]], [5, [5, 12]], [12, []], [15, [15, 14]], [13, []], [14, []], [4, [4]]]], [[[10, [10]]], [[2, [2]]], [[9, [9, 13]]], [[5, [5, 12]]], [[15, [15, 14]]], [[3, [3, 8]]], [[11, [1]]], [[11, [11, 7]]], [[4, [4]]]]], "all_solution": [[[[[0, []], [6, [6]], [9, [9, 13]], [5, [5]], [12, [12, 15]], [15, []], [13, []], [4, [4, 14]], [14, []]], [[0, []], [10, [10]], [2, [2]], [3, [3, 8, 1]], [11, [11, 7]], [8, []], [1, []], [7, []]]], [[[6, [6]]], [[9, [9, 13]]], [[10, [10]]], [[5, [5]]], [[2, [2]]], [[12, [12, 15]]], [[3, [1]]], [[3, [3, 8]]], [[4, [4, 14]]], [[11, [11, 7]]]]], [[[[0, [6]], [6, []], [2, [2]], [3, [3, 8]], [11, [11, 7, 1]], [8, []], [7, []], [1, []]], [[0, []], [10, [10]], [9, [9, 13]], [5, [5, 12]], [12, []], [15, [15, 14]], [13, []], [14, []], [4, [4]]]], [[[10, [10]]], [[2, [2]]], [[9, [9, 13]]], [[5, [5, 12]]], [[15, [15, 14]]], [[3, [3, 8]]], [[11, [1]]], [[11, [11, 7]]], [[4, [4]]]]]], "Numrun": 5, "all_fitness": [258.5997765855734, 260.0577249467309]}
{"file_name": "U_15_1", "number_of_trucks": 2, "drone_capacity": 2, "number_of_drones": 2, "iteration": 3, "best_fitness": 264.41852615893936, "runtime": 53.05071973800659, "best_solution": [[[[0, [6]], [6, []], [13, [13, 14]], [14, []], [12, [12, 15]], [15, []], [7, [7, 1]], [1, []], [8, [8, 11]], [11, []]], [[0, []], [10, [10]], [5, [5, 9]], [9, []], [3, [3, 2]], [2, []], [4, [4]]]], [[[10, [10]]], [[13, [13, 14]]], [[5, [5, 9]]], [[12, [12, 15]]], [[3, [3, 2]]], [[4, [4]]], [[7, [7, 1]]], [[8, [8, 11]]]]], "all_solution": [[[[[0, []], [6, [6]], [9, [9, 13]], [5, [5]], [12, [12, 15]], [15, []], [13, []], [4, [4, 14]], [14, []]], [[0, []], [10, [10]], [2, [2]], [3, [3, 8, 1]], [11, [11, 7]], [8, []], [1, []], [7, []]]], [[[6, [6]]], [[9, [9, 13]]], [[10, [10]]], [[5, [5]]], [[2, [2]]], [[12, [12, 15]]], [[3, [1]]], [[3, [3, 8]]], [[4, [4, 14]]], [[11, [11, 7]]]]], [[[[0, [6]], [6, []], [2, [2]], [3, [3, 8]], [11, [11, 7, 1]], [8, []], [7, []], [1, []]], [[0, []], [10, [10]], [9, [9, 13]], [5, [5, 12]], [12, []], [15, [15, 14]], [13, []], [14, []], [4, [4]]]], [[[10, [10]]], [[2, [2]]], [[9, [9, 13]]], [[5, [5, 12]]], [[15, [15, 14]]], [[3, [3, 8]]], [[11, [1]]], [[11, [11, 7]]], [[4, [4]]]]], [[[[0, [6]], [6, []], [13, [13, 14]], [14, []], [12, [12, 15]], [15, []], [7, [7, 1]], [1, []], [8, [8, 11]], [11, []]], [[0, []], [10, [10]], [5, [5, 9]], [9, []], [3, [3, 2]], [2, []], [4, [4]]]], [[[10, [10]]], [[13, [13, 14]]], [[5, [5, 9]]], [[12, [12, 15]]], [[3, [3, 2]]], [[4, [4]]], [[7, [7, 1]]], [[8, [8, 11]]]]]], "Numrun": 5, "all_fitness": [258.5997765855734, 260.0577249467309, 264.41852615893936]}
{"file_name": "U_15_1", "number_of_trucks": 2, "drone_capacity": 2, "number_of_drones": 2, "iteration": 4, "best_fitness": 259.6535277927398, "runtime": 53.16858625411987, "best_solution": [[[[0, []], [6, [6]], [10, [10]], [5, [5]], [3, [3, 2]], [2, []], [4, [4]]], [[0, []], [13, [13]], [14, [14, 9]], [15, [15, 12]], [12, []], [9, []], [7, [7, 1]], [1, []], [8, [8, 11]], [11, []]]], [[[6, [6]]], [[10, [10]]], [[13, [13]]], [[5, [5]]], [[14, [14, 9]]], [[15, [15, 12]]], [[3, [3, 2]]], [[4, [4]]], [[7, [7, 1]]], [[8, [8, 11]]]]], "all_solution": [[[[[0, []], [6, [6]], [9, [9, 13]], [5, [5]], [12, [12, 15]], [15, []], [13, []], [4, [4, 14]], [14, []]], [[0, []], [10, [10]], [2, [2]], [3, [3, 8, 1]], [11, [11, 7]], [8, []], [1, []], [7, []]]], [[[6, [6]]], [[9, [9, 13]]], [[10, [10]]], [[5, [5]]], [[2, [2]]], [[12, [12, 15]]], [[3, [1]]], [[3, [3, 8]]], [[4, [4, 14]]], [[11, [11, 7]]]]], [[[[0, [6]], [6, []], [2, [2]], [3, [3, 8]], [11, [11, 7, 1]], [8, []], [7, []], [1, []]], [[0, []], [10, [10]], [9, [9, 13]], [5, [5, 12]], [12, []], [15, [15, 14]], [13, []], [14, []], [4, [4]]]], [[[10, [10]]], [[2, [2]]], [[9, [9, 13]]], [[5, [5, 12]]], [[15, [15, 14]]], [[3, [3, 8]]], [[11, [1]]], [[11, [11, 7]]], [[4, [4]]]]], [[[[0, [6]], [6, []], [13, [13, 14]], [14, []], [12, [12, 15]], [15, []], [7, [7, 1]], [1, []], [8, [8, 11]], [11, []]], [[0, []], [10, [10]], [5, [5, 9]], [9, []], [3, [3, 2]], [2, []], [4, [4]]]], [[[10, [10]]], [[13, [13, 14]]], [[5, [5, 9]]], [[12, [12, 15]]], [[3, [3, 2]]], [[4, [4]]], [[7, [7, 1]]], [[8, [8, 11]]]]], [[[[0, []], [6, [6]], [10, [10]], [5, [5]], [3, [3, 2]], [2, []], [4, [4]]], [[0, []], [13, [13]], [14, [14, 9]], [15, [15, 12]], [12, []], [9, []], [7, [7, 1]], [1, []], [8, [8, 11]], [11, []]]], [[[6, [6]]], [[10, [10]]], [[13, [13]]], [[5, [5]]], [[14, [14, 9]]], [[15, [15, 12]]], [[3, [3, 2]]], [[4, [4]]], [[7, [7, 1]]], [[8, [8, 11]]]]]], "Numrun": 5, "all_fitness": [258.5997765855734, 260.0577249467309, 264.41852615893936, 259.6535277927398]}
{"file_name": "U_15_1", "number_of_trucks": 2, "drone_capacity": 2, "number_of_drones": 2, "iteration": 5, "best_fitness": 267.6535277927398, "runtime": 49.08378338813782, "best_solution": [[[[0, []], [13, [13]], [14, [14, 5]], [15, [15, 12]], [12, []], [5, []], [7, [7, 1]], [1, []], [8, [8, 11]], [11, []]], [[0, []], [6, [6]], [9, [9, 10]], [10, []], [3, [3]], [2, [2]], [4, [4]]]], [[[6, [6]]], [[9, [9, 10]]], [[13, [13]]], [[14, [14, 5]]], [[3, [3]]], [[15, [15, 12]]], [[2, [2]]], [[7, [7, 1]]], [[8, [8, 11]]], [[4, [4]]]]],