{"file_name": "U_20_1", "number_of_trucks": 2, "drone_capacity": 2, "number_of_drones": 2, "iteration": 1, "best_fitness": 360.8650166908482, "runtime": 160.60983610153198, "best_solution": [[[[0, [6, 16, 20, 14, 4]], [14, []], [4, []], [16, [11]], [11, []], [20, []], [6, []], [7, [7]], [17, [17, 3]], [3, []]], [[0, [18, 5, 13, 15]], [15, [12]], [13, []], [5, []], [12, []], [9, [9, 1]], [19, [2, 19]], [18, []], [1, []], [8, [8, 10]], [10, []], [2, []]]], [[[15, [12]]], [[9, [1]]], [[16, [11]]], [[9, [9]]], [[19, [2, 19]]], [[7, [7]]], [[8, [8, 10]]], [[17, [17, 3]]]]], "all_solution": [[[[[0, [6, 16, 20, 14, 4]], [14, []], [4, []], [16, [11]], [11, []], [20, []], [6, []], [7, [7]], [17, [17, 3]], [3, []]], [[0, [18, 5, 13, 15]], [15, [12]], [13, []], [5, []], [12, []], [9, [9, 1]], [19, [2, 19]], [18, []], [1, []], [8, [8, 10]], [10, []], [2, []]]], [[[15, [12]]], [[9, [1]]], [[16, [11]]], [[9, [9]]], [[19, [2, 19]]], [[7, [7]]], [[8, [8, 10]]], [[17, [17, 3]]]]]], "Numrun": 5, "all_fitness": [360.8650166908482]}
{"file_name": "U_20_1", "number_of_trucks": 2, "drone_capacity": 2, "number_of_drones": 2, "iteration": 2, "best_fitness": 360.86893724073013, "runtime": 147.8360698223114, "best_solution": [[[[0, [14, 16, 20, 4]], [14, []], [16, []], [11, [11]], [20, [9]], [4, []], [19, [19, 1]], [1, []], [8, [8, 10]], [10, []], [9, []]], [[0, [15, 13, 5, 12, 18, 6]], [15, []], [13, []], [5, []], [12, []], [18, []], [6, []], [7, [7, 2]], [3, [3, 17]], [17, []], [2, []]]], [[[11, [11]]], [[20, [9]]], [[19, [19, 1]]], [[7, [7, 2]]], [[8, [8, 10]]], [[3, [3, 17]]]]], "all_solution": [[[[[0, [6, 16, 20, 14, 4]], [14, []], [4, []], [16, [11]], [11, []], [20, []], [6, []], [7, [7]], [17, [17, 3]], [3, []]], [[0, [18, 5, 13, 15]], [15, [12]], [13, []], [5, []], [12, []], [9, [9, 1]], [19, [2, 19]], [18, []], [1, []], [8, [8, 10]], [10, []], [2, []]]], [[[15, [12]]], [[9, [1]]], [[16, [11]]], [[9, [9]]], [[19, [2, 19]]], [[7, [7]]], [[8, [8, 10]]], [[17, [17, 3]]]]], [[[[0, [14, 16, 20, 4]], [14, []], [16, []], [11, [11]], [20, [9]], [4, []], [19, [19, 1]], [1, []], [8, [8, 10]], [10, []], [9, []]], [[0, [15, 13, 5, 12, 18, 6]], [15, []], [13, []], [5, []], [12, []], [18, []], [6, []], [7, [7, 2]], [3, [3, 17]], [17, []], [2, []]]], [[[11, [11]]], [[20, [9]]], [[19, [19, 1]]], [[7, [7, 2]]], [[8, [8, 10]]], [[3, [3, 17]]]]]], "Numrun": 5, "all_fitness": [360.8650166908482, 360.86893724073013]}
{"file_name": "U_20_1", "number_of_trucks": 2, "drone_capacity": 2, "number_of_drones": 2, "iteration": 3, "best_fitness": 359.56167127837364, "runtime": 197.40823316574097, "best_solution": [[[[0, [4, 16, 20]], [20, []], [4, []], [16, []], [11, [11]], [9, [9, 1]], [8, [8, 19]], [1, []], [19, []], [10, [10, 2]], [2, []]], [[0, [14, 13, 6, 12, 18, 5]], [15, [15]], [12, []], [18, []], [5, []], [14, []], [13, []], [6, []], [7, [7]], [3, [3, 17]], [17, []]]], [[[15, [15]]], [[7, [7]]], [[11, [11]]], [[9, [9, 1]]], [[8, [8, 19]]], [[3, [3, 17]]], [[10, [10, 2]]]]], "all_solution": [[[[[0, [6, 16, 20, 14, 4]], [14, []], [4, []], [16, [11]], [11, []], [20, []], [6, []], [7, [7]], [17, [17, 3]], [3, []]], [[0, [18, 5, 13, 15]], [15, [12]], [13, []], [5, []], [12, []], [9, [9, 1]], [19, [2, 19]], [18, []], [1, []], [8, [8, 10]], [10, []], [2, []]]], [[[15, [12]]], [[9, [1]]], [[16, [11]]], [[9, [9]]], [[19, [2, 19]]], [[7, [7]]], [[8, [8, 10]]], [[17, [17, 3]]]]], [[[[0, [14, 16, 20, 4]], [14, []], [16, []], [11, [11]], [20, [9]], [4, []], [19, [19, 1]], [1, []], [8, [8, 10]], [10, []], [9, []]], [[0, [15, 13, 5, 12, 18, 6]], [15, []], [13, []], [5, []], [12, []], [18, []], [6, []], [7, [7, 2]], [3, [3, 17]], [17, []], [2, []]]], [[[11, [11]]], [[20, [9]]], [[19, [19, 1]]], [[7, [7, 2]]], [[8, [8, 10]]], [[3, [3, 17]]]]], [[[[0, [4, 16, 20]], [20, []], [4, []], [16, []], [11, [11]], [9, [9, 1]], [8, [8, 19]], [1, []], [19, []], [10, [10, 2]], [2, []]], [[0, [14, 13, 6, 12, 18, 5]], [15, [15]], [12, []], [18, []], [5, []], [14, []], [13, []], [6, []], [7, [7]], [3, [3, 17]], [17, []]]], [[[15, [15]]], [[7, [7]]], [[11, [11]]], [[9, [9, 1]]], [[8, [8, 19]]], [[3, [3, 17]]], [[10, [10, 2]]]]]], "Numrun": 5, "all_fitness": [360.8650166908482, 360.86893724073013, 359.56167127837364]}
{"file_name": "U_20_1", "number_of_trucks": 2, "drone_capacity": 2, "number_of_drones": 2, "iteration": 4, "best_fitness": 359.56167127837364, "runtime": 150.41546297073364, "best_solution": [[[[0, [15, 16, 18]], [15, []], [18, []], [11, [11]], [16, []], [9, [9, 1]], [8, [8, 19]], [1, []], [19, []], [10, [10, 2]], [2, []]], [[0, [14, 12, 4, 6, 5, 13, 20]], [5, []], [14, []], [12, []], [13, []], [20, []], [4, []], [6, []], [7, [7]], [3, [3, 17]], [17, []]]], [[[11, [11]]], [[7, [7]]], [[9, [9, 1]]], [[8, [8, 19]]], [[3, [3, 17]]], [[10, [10, 2]]]]], "all_solution": [[[[[0, [6, 16, 20, 14, 4]], [14, []], [4, []], [16, [11]], [11, []], [20, []], [6, []], [7, [7]], [17, [17, 3]], [3, []]], [[0, [18, 5, 13, 15]], [15, [12]], [13, []], [5, []], [12, []], [9, [9, 1]], [19, [2, 19]], [18, []], [1, []], [8, [8, 10]], [10, []], [2, []]]], [[[15, [12]]], [[9, [1]]], [[16, [11]]], [[9, [9]]], [[19, [2, 19]]], [[7, [7]]], [[8, [8, 10]]], [[17, [17, 3]]]]], [[[[0, [14, 16, 20, 4]], [14, []], [16, []], [11, [11]], [20, [9]], [4, []], [19, [19, 1]], [1, []], [8, [8, 10]], [10, []], [9, []]], [[0, [15, 13, 5, 12, 18, 6]], [15, []], [13, []], [5, []], [12, []], [18, []], [6, []], [7, [7, 2]], [3, [3, 17]], [17, []], [2, []]]], [[[11, [11]]], [[20, [9]]], [[19, [19, 1]]], [[7, [7, 2]]], [[8, [8, 10]]], [[3, [3, 17]]]]], [[[[0, [4, 16, 20]], [20, []], [4, []], [16, []], [11, [11]], [9, [9, 1]], [8, [8, 19]], [1, []], [19, []], [10, [10, 2]], [2, []]], [[0, [14, 13, 6, 12, 18, 5]], [15, [15]], [12, []], [18, []], [5, []], [14, []], [13, []], [6, []], [7, [7]], [3, [3, 17]], [17, []]]], [[[15, [15]]], [[7, [7]]], [[11, [11]]], [[9, [9, 1]]], [[8, [8, 19]]], [[3, [3, 17]]], [[10, [10, 2]]]]], [[[[0, [15, 16, 18]], [15, []], [18, []], [11, [11]], [16, []], [9, [9, 1]], [8, [8, 19]], [1, []], [19, []], [10, [10, 2]], [2, []]], [[0, [14, 12, 4, 6, 5, 13, 20]], [5, []], [14, []], [12, []], [13, []], [20, []], [4, []], [6, []], [7, [7]], [3, [3, 17]], [17, []]]], [[[11, [11]]], [[7, [7]]], [[9, [9, 1]]], [[8, [8, 19]]], [[3, [3, 17]]], [[10, [10, 2]]]]]], "Numrun": 5, "all_fitness": [360.8650166908482, 360.86893724073013, 359.56167127837364, 359.56167127837364]}
{"file_name": "U_20_1", "number_of_trucks": 2, "drone_capacity": 2, "number_of_drones": 2, "iteration": 5, "best_fitness": 360.3089372407302, "runtime": 142.86229705810547, "best_solution": [[[[0, [5, 20, 4, 15, 6, 14]], [5, []], [20, []], [4, []], [15, []], [6, []], [7, [7]], [14, []], [3, [3, 17]], [17, []]], [[0, [16, 12]], [12, [13, 18]], [13, []], [18, []], [16, []], [11, [11]], [9, [9, 1]], [8, [8, 19]], [1, []], [19, []], [10, [10, 2]], [2, []]]], [[[12, [13, 18]]], [[11, [11]]], [[9, [9, 1]]], [[7, [7]]], [[8, [8, 19]]], [[3, [3, 17]]], [[10, [10, 2]]]]],