{"file_name": "U_15_1", "number_of_trucks": 2, "drone_capacity": 2, "number_of_drones": 2, "iteration": 1, "best_fitness": 240.70191321755894, "runtime": 47.4708456993103, "best_solution": [[[[0, [11, 7, 8, 12, 9]], [12, []], [11, []], [8, []], [14, [14, 5]], [9, []], [5, []], [7, []], [2, [2, 15]], [15, []]], [[0, []], [6, [6]], [4, [4]], [10, [10, 3]], [13, [13]], [3, []], [1, [1]]]], [[[6, [6]]], [[4, [4]]], [[10, [10, 3]]], [[13, [13]]], [[14, [14, 5]]], [[1, [1]]], [[2, [2, 15]]]]], "all_solution": [[[[[0, [11, 7, 8, 12, 9]], [12, []], [11, []], [8, []], [14, [14, 5]], [9, []], [5, []], [7, []], [2, [2, 15]], [15, []]], [[0, []], [6, [6]], [4, [4]], [10, [10, 3]], [13, [13]], [3, []], [1, [1]]]], [[[6, [6]]], [[4, [4]]], [[10, [10, 3]]], [[13, [13]]], [[14, [14, 5]]], [[1, [1]]], [[2, [2, 15]]]]]], "Numrun": 5, "all_fitness": [240.70191321755894]}
{"file_name": "U_15_1", "number_of_trucks": 2, "drone_capacity": 2, "number_of_drones": 2, "iteration": 2, "best_fitness": 240.70191321755894, "runtime": 64.13446760177612, "best_solution": [[[[0, [7]], [8, [8, 11, 9]], [11, []], [9, []], [7, []], [5, [5, 2]], [2, []], [15, [15, 14]], [14, []]], [[0, [12, 6]], [12, []], [13, [13, 10, 3, 4]], [6, []], [10, []], [4, []], [3, []], [1, [1]]]], [[[8, [8, 11]]], [[8, [9]]], [[13, [13, 10]]], [[13, [3, 4]]], [[1, [1]]], [[5, [5, 2]]], [[15, [15, 14]]]]], "all_solution": [[[[[0, [11, 7, 8, 12, 9]], [12, []], [11, []], [8, []], [14, [14, 5]], [9, []], [5, []], [7, []], [2, [2, 15]], [15, []]], [[0, []], [6, [6]], [4, [4]], [10, [10, 3]], [13, [13]], [3, []], [1, [1]]]], [[[6, [6]]], [[4, [4]]], [[10, [10, 3]]], [[13, [13]]], [[14, [14, 5]]], [[1, [1]]], [[2, [2, 15]]]]], [[[[0, [7]], [8, [8, 11, 9]], [11, []], [9, []], [7, []], [5, [5, 2]], [2, []], [15, [15, 14]], [14, []]], [[0, [12, 6]], [12, []], [13, [13, 10, 3, 4]], [6, []], [10, []], [4, []], [3, []], [1, [1]]]], [[[8, [8, 11]]], [[8, [9]]], [[13, [13, 10]]], [[13, [3, 4]]], [[1, [1]]], [[5, [5, 2]]], [[15, [15, 14]]]]]], "Numrun": 5, "all_fitness": [240.70191321755894, 240.70191321755894]}
{"file_name": "U_15_1", "number_of_trucks": 2, "drone_capacity": 2, "number_of_drones": 2, "iteration": 3, "best_fitness": 240.70191321755894, "runtime": 66.31914806365967, "best_solution": [[[[0, [11, 6]], [11, []], [6, []], [13, [13, 3, 10, 4]], [10, []], [4, []], [3, []], [1, [1]]], [[0, [12, 9, 7, 8]], [12, []], [7, []], [8, []], [5, [5]], [14, [14, 2]], [9, []], [2, []], [15, [15]]]], [[[13, [3, 4]]], [[13, [13, 10]]], [[5, [5]]], [[14, [14, 2]]], [[1, [1]]], [[15, [15]]]]], "all_solution": [[[[[0, [11, 7, 8, 12, 9]], [12, []], [11, []], [8, []], [14, [14, 5]], [9, []], [5, []], [7, []], [2, [2, 15]], [15, []]], [[0, []], [6, [6]], [4, [4]], [10, [10, 3]], [13, [13]], [3, []], [1, [1]]]], [[[6, [6]]], [[4, [4]]], [[10, [10, 3]]], [[13, [13]]], [[14, [14, 5]]], [[1, [1]]], [[2, [2, 15]]]]], [[[[0, [7]], [8, [8, 11, 9]], [11, []], [9, []], [7, []], [5, [5, 2]], [2, []], [15, [15, 14]], [14, []]], [[0, [12, 6]], [12, []], [13, [13, 10, 3, 4]], [6, []], [10, []], [4, []], [3, []], [1, [1]]]], [[[8, [8, 11]]], [[8, [9]]], [[13, [13, 10]]], [[13, [3, 4]]], [[1, [1]]], [[5, [5, 2]]], [[15, [15, 14]]]]], [[[[0, [11, 6]], [11, []], [6, []], [13, [13, 3, 10, 4]], [10, []], [4, []], [3, []], [1, [1]]], [[0, [12, 9, 7, 8]], [12, []], [7, []], [8, []], [5, [5]], [14, [14, 2]], [9, []], [2, []], [15, [15]]]], [[[13, [3, 4]]], [[13, [13, 10]]], [[5, [5]]], [[14, [14, 2]]], [[1, [1]]], [[15, [15]]]]]], "Numrun": 5, "all_fitness": [240.70191321755894, 240.70191321755894, 240.70191321755894]}
{"file_name": "U_15_1", "number_of_trucks": 2, "drone_capacity": 2, "number_of_drones": 2, "iteration": 4, "best_fitness": 240.70191321755894, "runtime": 56.916189193725586, "best_solution": [[[[0, [11]], [11, [9, 7, 8]], [5, [5, 14]], [9, []], [2, [2]], [7, []], [15, [15]], [8, []], [14, []]], [[0, [6, 4, 12]], [12, []], [6, []], [13, [13, 10, 3]], [10, []], [4, []], [3, []], [1, [1]]]], [[[11, [8]]], [[11, [9, 7]]], [[13, [10, 3]]], [[13, [13]]], [[1, [1]]], [[5, [5, 14]]], [[2, [2]]], [[15, [15]]]]], "all_solution": [[[[[0, [11, 7, 8, 12, 9]], [12, []], [11, []], [8, []], [14, [14, 5]], [9, []], [5, []], [7, []], [2, [2, 15]], [15, []]], [[0, []], [6, [6]], [4, [4]], [10, [10, 3]], [13, [13]], [3, []], [1, [1]]]], [[[6, [6]]], [[4, [4]]], [[10, [10, 3]]], [[13, [13]]], [[14, [14, 5]]], [[1, [1]]], [[2, [2, 15]]]]], [[[[0, [7]], [8, [8, 11, 9]], [11, []], [9, []], [7, []], [5, [5, 2]], [2, []], [15, [15, 14]], [14, []]], [[0, [12, 6]], [12, []], [13, [13, 10, 3, 4]], [6, []], [10, []], [4, []], [3, []], [1, [1]]]], [[[8, [8, 11]]], [[8, [9]]], [[13, [13, 10]]], [[13, [3, 4]]], [[1, [1]]], [[5, [5, 2]]], [[15, [15, 14]]]]], [[[[0, [11, 6]], [11, []], [6, []], [13, [13, 3, 10, 4]], [10, []], [4, []], [3, []], [1, [1]]], [[0, [12, 9, 7, 8]], [12, []], [7, []], [8, []], [5, [5]], [14, [14, 2]], [9, []], [2, []], [15, [15]]]], [[[13, [3, 4]]], [[13, [13, 10]]], [[5, [5]]], [[14, [14, 2]]], [[1, [1]]], [[15, [15]]]]], [[[[0, [11]], [11, [9, 7, 8]], [5, [5, 14]], [9, []], [2, [2]], [7, []], [15, [15]], [8, []], [14, []]], [[0, [6, 4, 12]], [12, []], [6, []], [13, [13, 10, 3]], [10, []], [4, []], [3, []], [1, [1]]]], [[[11, [8]]], [[11, [9, 7]]], [[13, [10, 3]]], [[13, [13]]], [[1, [1]]], [[5, [5, 14]]], [[2, [2]]], [[15, [15]]]]]], "Numrun": 5, "all_fitness": [240.70191321755894, 240.70191321755894, 240.70191321755894, 240.70191321755894]}
{"file_name": "U_15_1", "number_of_trucks": 2, "drone_capacity": 2, "number_of_drones": 2, "iteration": 5, "best_fitness": 240.70191321755894, "runtime": 47.35908269882202, "best_solution": [[[[0, [12, 4]], [12, []], [13, [13, 3, 10]], [4, []], [10, []], [3, []], [1, [1]]], [[0, [7]], [6, [6, 11]], [11, [9, 8]], [7, []], [14, [14, 5]], [9, []], [5, []], [2, [2, 15]], [8, []], [15, []]]], [[[6, [6, 11]]], [[11, [9, 8]]], [[13, [3]]], [[13, [13, 10]]], [[14, [14, 5]]], [[2, [2, 15]]], [[1, [1]]]]], "all_solution": [[[[[0, [11, 7, 8, 12, 9]], [12, []], [11, []], [8, []], [14, [14, 5]], [9, []], [5, []], [7, []], [2, [2, 15]], [15, []]], [[0, []], [6, [6]], [4, [4]], [10, [10, 3]], [13, [13]], [3, []], [1, [1]]]], [[[6, [6]]], [[4, [4]]], [[10, [10, 3]]], [[13, [13]]], [[14, [14, 5]]], [[1, [1]]], [[2, [2, 15]]]]], [[[[0, [7]], [8, [8, 11, 9]], [11, []], [9, []], [7, []], [5, [5, 2]], [2, []], [15, [15, 14]], [14, []]], [[0, [12, 6]], [12, []], [13, [13, 10, 3, 4]], [6, []], [10, []], [4, []], [3, []], [1, [1]]]], [[[8, [8, 11]]], [[8, [9]]], [[13, [13, 10]]], [[13, [3, 4]]], [[1, [1]]], [[5, [5, 2]]], [[15, [15, 14]]]]], [[[[0, [11, 6]], [11, []], [6, []], [13, [13, 3, 10, 4]], [10, []], [4, []], [3, []], [1, [1]]], [[0, [12, 9, 7, 8]], [12, []], [7, []], [8, []], [5, [5]], [14, [14, 2]], [9, []], [2, []], [15, [15]]]], [[[13, [3, 4]]], [[13, [13, 10]]], [[5, [5]]], [[14, [14, 2]]], [[1, [1]]], [[15, [15]]]]], [[[[0, [11]], [11, [9, 7, 8]], [5, [5, 14]], [9, []], [2, [2]], [7, []], [15, [15]], [8, []], [14, []]], [[0, [6, 4, 12]], [12, []], [6, []], [13, [13, 10, 3]], [10, []], [4, []], [3, []], [1, [1]]]], [[[11, [8]]], [[11, [9, 7]]], [[13, [10, 3]]], [[13, [13]]], [[1, [1]]], [[5, [5, 14]]], [[2, [2]]], [[15, [15]]]]], [[[[0, [12, 4]], [12, []], [13, [13, 3, 10]], [4, []], [10, []], [3, []], [1, [1]]], [[0, [7]], [6, [6, 11]], [11, [9, 8]], [7, []], [14, [14, 5]], [9, []], [5, []], [2, [2, 15]], [8, []], [15, []]]], [[[6, [6, 11]]], [[11, [9, 8]]], [[13, [3]]], [[13, [13, 10]]], [[14, [14, 5]]], [[2, [2, 15]]], [[1, [1]]]]]], "Numrun": 5, "all_fitness": [240.70191321755894, 240.70191321755894, 240.70191321755894, 240.70191321755894, 240.70191321755894]}
