{"file_name": "U_20_1", "number_of_trucks": 2, "drone_capacity": 2, "number_of_drones": 2, "iteration": 1, "best_fitness": 389.330597595408, "runtime": 107.85323810577393, "best_solution": [[[[0, [20]], [20, []], [14, [14, 6]], [6, [18, 5]], [18, []], [5, []], [7, [7, 2]], [17, [17, 3]], [3, []], [2, []]], [[0, [16]], [16, []], [12, [12, 4]], [4, []], [13, [13, 15]], [15, [9, 11]], [9, []], [19, [19, 1]], [11, []], [1, []], [8, [8, 10]], [10, []]]], [[[12, [12, 4]]], [[14, [14, 6]]], [[6, [18, 5]]], [[13, [13, 15]]], [[15, [9, 11]]], [[19, [19, 1]]], [[7, [7, 2]]], [[8, [8, 10]]], [[17, [17, 3]]]]], "all_solution": [[[[[0, [20]], [20, []], [14, [14, 6]], [6, [18, 5]], [18, []], [5, []], [7, [7, 2]], [17, [17, 3]], [3, []], [2, []]], [[0, [16]], [16, []], [12, [12, 4]], [4, []], [13, [13, 15]], [15, [9, 11]], [9, []], [19, [19, 1]], [11, []], [1, []], [8, [8, 10]], [10, []]]], [[[12, [12, 4]]], [[14, [14, 6]]], [[6, [18, 5]]], [[13, [13, 15]]], [[15, [9, 11]]], [[19, [19, 1]]], [[7, [7, 2]]], [[8, [8, 10]]], [[17, [17, 3]]]]]], "Numrun": 5, "all_fitness": [389.330597595408]}
{"file_name": "U_20_1", "number_of_trucks": 2, "drone_capacity": 2, "number_of_drones": 2, "iteration": 2, "best_fitness": 403.7702725139259, "runtime": 110.92718243598938, "best_solution": [[[[0, [20]], [20, []], [14, [14, 6]], [6, []], [18, [18, 5]], [5, []], [9, [1, 9, 19, 11]], [19, []], [1, []], [11, []], [8, [8, 10]], [10, []]], [[0, [16]], [16, [12, 4]], [12, [13, 15]], [4, []], [13, []], [15, []], [7, [7, 2]], [17, [17, 3]], [3, []], [2, []]]], [[[14, [14, 6]]], [[16, [12, 4]]], [[18, [18, 5]]], [[12, [13, 15]]], [[9, [9, 19]]], [[9, [1, 11]]], [[7, [7, 2]]], [[8, [8, 10]]], [[17, [17, 3]]]]], "all_solution": [[[[[0, [20]], [20, []], [14, [14, 6]], [6, [18, 5]], [18, []], [5, []], [7, [7, 2]], [17, [17, 3]], [3, []], [2, []]], [[0, [16]], [16, []], [12, [12, 4]], [4, []], [13, [13, 15]], [15, [9, 11]], [9, []], [19, [19, 1]], [11, []], [1, []], [8, [8, 10]], [10, []]]], [[[12, [12, 4]]], [[14, [14, 6]]], [[6, [18, 5]]], [[13, [13, 15]]], [[15, [9, 11]]], [[19, [19, 1]]], [[7, [7, 2]]], [[8, [8, 10]]], [[17, [17, 3]]]]], [[[[0, [20]], [20, []], [14, [14, 6]], [6, []], [18, [18, 5]], [5, []], [9, [1, 9, 19, 11]], [19, []], [1, []], [11, []], [8, [8, 10]], [10, []]], [[0, [16]], [16, [12, 4]], [12, [13, 15]], [4, []], [13, []], [15, []], [7, [7, 2]], [17, [17, 3]], [3, []], [2, []]]], [[[14, [14, 6]]], [[16, [12, 4]]], [[18, [18, 5]]], [[12, [13, 15]]], [[9, [9, 19]]], [[9, [1, 11]]], [[7, [7, 2]]], [[8, [8, 10]]], [[17, [17, 3]]]]]], "Numrun": 5, "all_fitness": [389.330597595408, 403.7702725139259]}
{"file_name": "U_20_1", "number_of_trucks": 2, "drone_capacity": 2, "number_of_drones": 2, "iteration": 3, "best_fitness": 396.99604744997856, "runtime": 131.99150896072388, "best_solution": [[[[0, [16, 13]], [15, [15, 5]], [13, []], [5, []], [16, []], [11, [11]], [19, [19, 1]], [1, []], [8, [8, 10]], [10, []]], [[0, [4, 20, 18, 6, 12, 14]], [12, []], [14, []], [4, []], [20, []], [18, []], [9, [9]], [6, []], [7, [7, 2]], [2, []], [3, [3, 17]], [17, []]]], [[[15, [5]]], [[15, [15]]], [[11, [11]]], [[9, [9]]], [[19, [19, 1]]], [[7, [7, 2]]], [[8, [8, 10]]], [[3, [3, 17]]]]], "all_solution": [[[[[0, [20]], [20, []], [14, [14, 6]], [6, [18, 5]], [18, []], [5, []], [7, [7, 2]], [17, [17, 3]], [3, []], [2, []]], [[0, [16]], [16, []], [12, [12, 4]], [4, []], [13, [13, 15]], [15, [9, 11]], [9, []], [19, [19, 1]], [11, []], [1, []], [8, [8, 10]], [10, []]]], [[[12, [12, 4]]], [[14, [14, 6]]], [[6, [18, 5]]], [[13, [13, 15]]], [[15, [9, 11]]], [[19, [19, 1]]], [[7, [7, 2]]], [[8, [8, 10]]], [[17, [17, 3]]]]], [[[[0, [20]], [20, []], [14, [14, 6]], [6, []], [18, [18, 5]], [5, []], [9, [1, 9, 19, 11]], [19, []], [1, []], [11, []], [8, [8, 10]], [10, []]], [[0, [16]], [16, [12, 4]], [12, [13, 15]], [4, []], [13, []], [15, []], [7, [7, 2]], [17, [17, 3]], [3, []], [2, []]]], [[[14, [14, 6]]], [[16, [12, 4]]], [[18, [18, 5]]], [[12, [13, 15]]], [[9, [9, 19]]], [[9, [1, 11]]], [[7, [7, 2]]], [[8, [8, 10]]], [[17, [17, 3]]]]], [[[[0, [16, 13]], [15, [15, 5]], [13, []], [5, []], [16, []], [11, [11]], [19, [19, 1]], [1, []], [8, [8, 10]], [10, []]], [[0, [4, 20, 18, 6, 12, 14]], [12, []], [14, []], [4, []], [20, []], [18, []], [9, [9]], [6, []], [7, [7, 2]], [2, []], [3, [3, 17]], [17, []]]], [[[15, [5]]], [[15, [15]]], [[11, [11]]], [[9, [9]]], [[19, [19, 1]]], [[7, [7, 2]]], [[8, [8, 10]]], [[3, [3, 17]]]]]], "Numrun": 5, "all_fitness": [389.330597595408, 403.7702725139259, 396.99604744997856]}
{"file_name": "U_20_1", "number_of_trucks": 2, "drone_capacity": 2, "number_of_drones": 2, "iteration": 4, "best_fitness": 407.08615484109066, "runtime": 152.20632886886597, "best_solution": [[[[0, [12, 5, 6, 4, 14, 13, 18]], [15, [15]], [13, []], [14, []], [12, []], [5, []], [4, []], [7, [7, 19]], [6, []], [18, []], [19, []], [10, [10, 2]], [2, []]], [[0, [16, 20]], [20, []], [9, [9, 11]], [11, []], [8, [8, 1]], [1, []], [16, []], [17, [17, 3]], [3, []]]], [[[15, [15]]], [[9, [9, 11]]], [[7, [7, 19]]], [[8, [8, 1]]], [[17, [17, 3]]], [[10, [10, 2]]]]], "all_solution": [[[[[0, [20]], [20, []], [14, [14, 6]], [6, [18, 5]], [18, []], [5, []], [7, [7, 2]], [17, [17, 3]], [3, []], [2, []]], [[0, [16]], [16, []], [12, [12, 4]], [4, []], [13, [13, 15]], [15, [9, 11]], [9, []], [19, [19, 1]], [11, []], [1, []], [8, [8, 10]], [10, []]]], [[[12, [12, 4]]], [[14, [14, 6]]], [[6, [18, 5]]], [[13, [13, 15]]], [[15, [9, 11]]], [[19, [19, 1]]], [[7, [7, 2]]], [[8, [8, 10]]], [[17, [17, 3]]]]], [[[[0, [20]], [20, []], [14, [14, 6]], [6, []], [18, [18, 5]], [5, []], [9, [1, 9, 19, 11]], [19, []], [1, []], [11, []], [8, [8, 10]], [10, []]], [[0, [16]], [16, [12, 4]], [12, [13, 15]], [4, []], [13, []], [15, []], [7, [7, 2]], [17, [17, 3]], [3, []], [2, []]]], [[[14, [14, 6]]], [[16, [12, 4]]], [[18, [18, 5]]], [[12, [13, 15]]], [[9, [9, 19]]], [[9, [1, 11]]], [[7, [7, 2]]], [[8, [8, 10]]], [[17, [17, 3]]]]], [[[[0, [16, 13]], [15, [15, 5]], [13, []], [5, []], [16, []], [11, [11]], [19, [19, 1]], [1, []], [8, [8, 10]], [10, []]], [[0, [4, 20, 18, 6, 12, 14]], [12, []], [14, []], [4, []], [20, []], [18, []], [9, [9]], [6, []], [7, [7, 2]], [2, []], [3, [3, 17]], [17, []]]], [[[15, [5]]], [[15, [15]]], [[11, [11]]], [[9, [9]]], [[19, [19, 1]]], [[7, [7, 2]]], [[8, [8, 10]]], [[3, [3, 17]]]]], [[[[0, [12, 5, 6, 4, 14, 13, 18]], [15, [15]], [13, []], [14, []], [12, []], [5, []], [4, []], [7, [7, 19]], [6, []], [18, []], [19, []], [10, [10, 2]], [2, []]], [[0, [16, 20]], [20, []], [9, [9, 11]], [11, []], [8, [8, 1]], [1, []], [16, []], [17, [17, 3]], [3, []]]], [[[15, [15]]], [[9, [9, 11]]], [[7, [7, 19]]], [[8, [8, 1]]], [[17, [17, 3]]], [[10, [10, 2]]]]]], "Numrun": 5, "all_fitness": [389.330597595408, 403.7702725139259, 396.99604744997856, 407.08615484109066]}
{"file_name": "U_20_1", "number_of_trucks": 2, "drone_capacity": 2, "number_of_drones": 2, "iteration": 5, "best_fitness": 398.95604744997854, "runtime": 190.49008131027222, "best_solution": [[[[0, [16, 20, 12]], [12, []], [20, []], [16, []], [15, [15, 11]], [9, [9, 18]], [1, [1, 19]], [11, []], [19, []], [8, [8, 10]], [10, []], [18, []]], [[0, [13, 6, 5, 14, 4]], [14, []], [4, []], [5, []], [7, [7, 2]], [6, []], [13, []], [3, [3, 17]], [17, []], [2, []]]], [[[15, [15, 11]]], [[9, [9, 18]]], [[7, [7, 2]]], [[1, [1, 19]]], [[8, [8, 10]]], [[3, [3, 17]]]]],