{"file_name": "U_20_0", "number_of_trucks": 2, "drone_capacity": 2, "number_of_drones": 2, "iteration": 1, "best_fitness": 209.8934817338289, "runtime": 195.5707767009735, "best_solution": [[[[0, [18, 12, 6, 16, 15, 11]], [16, []], [11, []], [12, []], [15, []], [18, []], [14, [14, 8]], [8, []], [20, [20]], [6, []]], [[0, [5, 1, 13, 2, 7]], [7, []], [5, []], [1, []], [9, [9, 3, 4, 10]], [13, []], [19, [19, 17]], [3, []], [2, []], [17, []], [10, []], [4, []]]], [[[9, [4, 10]]], [[9, [9, 3]]], [[19, [19, 17]]], [[14, [14, 8]]], [[20, [20]]]]], "all_solution": [[[[[0, [18, 12, 6, 16, 15, 11]], [16, []], [11, []], [12, []], [15, []], [18, []], [14, [14, 8]], [8, []], [20, [20]], [6, []]], [[0, [5, 1, 13, 2, 7]], [7, []], [5, []], [1, []], [9, [9, 3, 4, 10]], [13, []], [19, [19, 17]], [3, []], [2, []], [17, []], [10, []], [4, []]]], [[[9, [4, 10]]], [[9, [9, 3]]], [[19, [19, 17]]], [[14, [14, 8]]], [[20, [20]]]]]], "Numrun": 5, "all_fitness": [209.8934817338289]}
{"file_name": "U_20_0", "number_of_trucks": 2, "drone_capacity": 2, "number_of_drones": 2, "iteration": 2, "best_fitness": 213.21340917475138, "runtime": 167.21958303451538, "best_solution": [[[[0, [5, 1, 11, 15]], [5, [18, 4]], [1, []], [11, []], [15, []], [18, []], [14, [14, 8]], [8, []], [20, [20]], [4, []]], [[0, [2, 10, 7, 6]], [16, [16, 12, 13]], [12, []], [9, [9, 3]], [13, []], [19, [19, 17]], [3, []], [2, []], [17, []], [10, []], [7, []], [6, []]]], [[[16, [13]]], [[5, [18, 4]]], [[16, [16, 12]]], [[9, [9, 3]]], [[14, [14, 8]]], [[19, [19, 17]]], [[20, [20]]]]], "all_solution": [[[[[0, [18, 12, 6, 16, 15, 11]], [16, []], [11, []], [12, []], [15, []], [18, []], [14, [14, 8]], [8, []], [20, [20]], [6, []]], [[0, [5, 1, 13, 2, 7]], [7, []], [5, []], [1, []], [9, [9, 3, 4, 10]], [13, []], [19, [19, 17]], [3, []], [2, []], [17, []], [10, []], [4, []]]], [[[9, [4, 10]]], [[9, [9, 3]]], [[19, [19, 17]]], [[14, [14, 8]]], [[20, [20]]]]], [[[[0, [5, 1, 11, 15]], [5, [18, 4]], [1, []], [11, []], [15, []], [18, []], [14, [14, 8]], [8, []], [20, [20]], [4, []]], [[0, [2, 10, 7, 6]], [16, [16, 12, 13]], [12, []], [9, [9, 3]], [13, []], [19, [19, 17]], [3, []], [2, []], [17, []], [10, []], [7, []], [6, []]]], [[[16, [13]]], [[5, [18, 4]]], [[16, [16, 12]]], [[9, [9, 3]]], [[14, [14, 8]]], [[19, [19, 17]]], [[20, [20]]]]]], "Numrun": 5, "all_fitness": [209.8934817338289, 213.21340917475138]}
{"file_name": "U_20_0", "number_of_trucks": 2, "drone_capacity": 2, "number_of_drones": 2, "iteration": 3, "best_fitness": 209.21340917475138, "runtime": 151.24760961532593, "best_solution": [[[[0, [3, 2, 13, 6, 10, 7, 9, 16, 12]], [6, []], [7, []], [10, []], [17, [17, 19]], [2, []], [3, []], [19, []], [13, []], [9, []], [12, []], [16, []]], [[0, [1, 5, 4, 15]], [5, []], [1, [18, 11]], [11, []], [15, []], [18, []], [14, [14]], [8, [8, 20]], [20, []], [4, []]]], [[[1, [11]]], [[1, [18]]], [[17, [17, 19]]], [[14, [14]]], [[8, [8, 20]]]]], "all_solution": [[[[[0, [18, 12, 6, 16, 15, 11]], [16, []], [11, []], [12, []], [15, []], [18, []], [14, [14, 8]], [8, []], [20, [20]], [6, []]], [[0, [5, 1, 13, 2, 7]], [7, []], [5, []], [1, []], [9, [9, 3, 4, 10]], [13, []], [19, [19, 17]], [3, []], [2, []], [17, []], [10, []], [4, []]]], [[[9, [4, 10]]], [[9, [9, 3]]], [[19, [19, 17]]], [[14, [14, 8]]], [[20, [20]]]]], [[[[0, [5, 1, 11, 15]], [5, [18, 4]], [1, []], [11, []], [15, []], [18, []], [14, [14, 8]], [8, []], [20, [20]], [4, []]], [[0, [2, 10, 7, 6]], [16, [16, 12, 13]], [12, []], [9, [9, 3]], [13, []], [19, [19, 17]], [3, []], [2, []], [17, []], [10, []], [7, []], [6, []]]], [[[16, [13]]], [[5, [18, 4]]], [[16, [16, 12]]], [[9, [9, 3]]], [[14, [14, 8]]], [[19, [19, 17]]], [[20, [20]]]]], [[[[0, [3, 2, 13, 6, 10, 7, 9, 16, 12]], [6, []], [7, []], [10, []], [17, [17, 19]], [2, []], [3, []], [19, []], [13, []], [9, []], [12, []], [16, []]], [[0, [1, 5, 4, 15]], [5, []], [1, [18, 11]], [11, []], [15, []], [18, []], [14, [14]], [8, [8, 20]], [20, []], [4, []]]], [[[1, [11]]], [[1, [18]]], [[17, [17, 19]]], [[14, [14]]], [[8, [8, 20]]]]]], "Numrun": 5, "all_fitness": [209.8934817338289, 213.21340917475138, 209.21340917475138]}
{"file_name": "U_20_0", "number_of_trucks": 2, "drone_capacity": 2, "number_of_drones": 2, "iteration": 4, "best_fitness": 209.9100098006008, "runtime": 145.8679552078247, "best_solution": [[[[0, [18, 15, 6, 11, 16, 12]], [16, []], [11, []], [12, []], [15, []], [18, []], [14, [14]], [8, [8, 20]], [20, []], [6, []]], [[0, [13, 1, 5, 2, 7]], [7, []], [5, []], [1, []], [13, []], [9, [9, 3, 4, 10]], [19, [19, 17]], [3, []], [2, []], [17, []], [10, []], [4, []]]], [[[9, [4, 10]]], [[9, [9, 3]]], [[19, [19, 17]]], [[14, [14]]], [[8, [8, 20]]]]], "all_solution": [[[[[0, [18, 12, 6, 16, 15, 11]], [16, []], [11, []], [12, []], [15, []], [18, []], [14, [14, 8]], [8, []], [20, [20]], [6, []]], [[0, [5, 1, 13, 2, 7]], [7, []], [5, []], [1, []], [9, [9, 3, 4, 10]], [13, []], [19, [19, 17]], [3, []], [2, []], [17, []], [10, []], [4, []]]], [[[9, [4, 10]]], [[9, [9, 3]]], [[19, [19, 17]]], [[14, [14, 8]]], [[20, [20]]]]], [[[[0, [5, 1, 11, 15]], [5, [18, 4]], [1, []], [11, []], [15, []], [18, []], [14, [14, 8]], [8, []], [20, [20]], [4, []]], [[0, [2, 10, 7, 6]], [16, [16, 12, 13]], [12, []], [9, [9, 3]], [13, []], [19, [19, 17]], [3, []], [2, []], [17, []], [10, []], [7, []], [6, []]]], [[[16, [13]]], [[5, [18, 4]]], [[16, [16, 12]]], [[9, [9, 3]]], [[14, [14, 8]]], [[19, [19, 17]]], [[20, [20]]]]], [[[[0, [3, 2, 13, 6, 10, 7, 9, 16, 12]], [6, []], [7, []], [10, []], [17, [17, 19]], [2, []], [3, []], [19, []], [13, []], [9, []], [12, []], [16, []]], [[0, [1, 5, 4, 15]], [5, []], [1, [18, 11]], [11, []], [15, []], [18, []], [14, [14]], [8, [8, 20]], [20, []], [4, []]]], [[[1, [11]]], [[1, [18]]], [[17, [17, 19]]], [[14, [14]]], [[8, [8, 20]]]]], [[[[0, [18, 15, 6, 11, 16, 12]], [16, []], [11, []], [12, []], [15, []], [18, []], [14, [14]], [8, [8, 20]], [20, []], [6, []]], [[0, [13, 1, 5, 2, 7]], [7, []], [5, []], [1, []], [13, []], [9, [9, 3, 4, 10]], [19, [19, 17]], [3, []], [2, []], [17, []], [10, []], [4, []]]], [[[9, [4, 10]]], [[9, [9, 3]]], [[19, [19, 17]]], [[14, [14]]], [[8, [8, 20]]]]]], "Numrun": 5, "all_fitness": [209.8934817338289, 213.21340917475138, 209.21340917475138, 209.9100098006008]}
{"file_name": "U_20_0", "number_of_trucks": 2, "drone_capacity": 2, "number_of_drones": 2, "iteration": 5, "best_fitness": 209.21340917475138, "runtime": 178.29509329795837, "best_solution": [[[[0, [15, 4, 18, 1, 5]], [1, []], [5, []], [15, []], [18, []], [14, [14]], [8, [8, 20]], [20, []], [4, []]], [[0, [3, 10, 2, 9, 13, 7, 16, 11, 12, 6]], [16, []], [11, []], [12, []], [9, []], [13, [19, 17]], [19, []], [3, []], [2, []], [10, []], [17, []], [7, []], [6, []]]], [[[14, [14]]], [[13, [19, 17]]], [[8, [8, 20]]]]],