{"file_name": "U_15_1", "number_of_trucks": 2, "drone_capacity": 2, "number_of_drones": 2, "iteration": 1, "best_fitness": 189.62314072893741, "runtime": 53.25338697433472, "best_solution": [[[[0, [14, 7]], [15, [15, 10]], [5, [5, 8]], [12, [12, 13]], [13, []], [14, []], [7, []], [8, []], [10, []]], [[0, [6]], [2, [2, 9]], [9, []], [6, []], [3, [3, 4]], [4, []], [1, [1]], [11, [11]]]], [[[2, [2, 9]]], [[15, [15, 10]]], [[5, [5, 8]]], [[3, [3, 4]]], [[1, [1]]], [[12, [12, 13]]], [[11, [11]]]]], "all_solution": [[[[[0, [14, 7]], [15, [15, 10]], [5, [5, 8]], [12, [12, 13]], [13, []], [14, []], [7, []], [8, []], [10, []]], [[0, [6]], [2, [2, 9]], [9, []], [6, []], [3, [3, 4]], [4, []], [1, [1]], [11, [11]]]], [[[2, [2, 9]]], [[15, [15, 10]]], [[5, [5, 8]]], [[3, [3, 4]]], [[1, [1]]], [[12, [12, 13]]], [[11, [11]]]]]], "Numrun": 5, "all_fitness": [189.62314072893741]}
{"file_name": "U_15_1", "number_of_trucks": 2, "drone_capacity": 2, "number_of_drones": 2, "iteration": 2, "best_fitness": 188.0967733923944, "runtime": 60.22776794433594, "best_solution": [[[[0, [14]], [15, [15, 10]], [5, [5]], [12, [12, 8]], [13, [13]], [14, []], [10, []], [8, []]], [[0, [7]], [7, [9]], [9, [6, 2]], [2, []], [4, [4, 3]], [3, []], [1, [1]], [6, []], [11, [11]]]], [[[7, [9]]], [[9, [6, 2]]], [[15, [15, 10]]], [[5, [5]]], [[4, [4, 3]]], [[1, [1]]], [[12, [12, 8]]], [[11, [11]]], [[13, [13]]]]], "all_solution": [[[[[0, [14, 7]], [15, [15, 10]], [5, [5, 8]], [12, [12, 13]], [13, []], [14, []], [7, []], [8, []], [10, []]], [[0, [6]], [2, [2, 9]], [9, []], [6, []], [3, [3, 4]], [4, []], [1, [1]], [11, [11]]]], [[[2, [2, 9]]], [[15, [15, 10]]], [[5, [5, 8]]], [[3, [3, 4]]], [[1, [1]]], [[12, [12, 13]]], [[11, [11]]]]], [[[[0, [14]], [15, [15, 10]], [5, [5]], [12, [12, 8]], [13, [13]], [14, []], [10, []], [8, []]], [[0, [7]], [7, [9]], [9, [6, 2]], [2, []], [4, [4, 3]], [3, []], [1, [1]], [6, []], [11, [11]]]], [[[7, [9]]], [[9, [6, 2]]], [[15, [15, 10]]], [[5, [5]]], [[4, [4, 3]]], [[1, [1]]], [[12, [12, 8]]], [[11, [11]]], [[13, [13]]]]]], "Numrun": 5, "all_fitness": [189.62314072893741, 188.0967733923944]}
{"file_name": "U_15_1", "number_of_trucks": 2, "drone_capacity": 2, "number_of_drones": 2, "iteration": 3, "best_fitness": 188.0967733923944, "runtime": 53.92431831359863, "best_solution": [[[[0, [7, 9]], [7, []], [10, [10, 6, 2]], [2, []], [9, []], [4, [4, 3]], [3, []], [1, [1]], [6, []], [11, [11]]], [[0, [14]], [15, [15]], [5, [5]], [12, [12, 13]], [14, []], [13, []], [8, [8]]]], [[[10, [6, 2]]], [[10, [10]]], [[15, [15]]], [[5, [5]]], [[4, [4, 3]]], [[1, [1]]], [[12, [12, 13]]], [[8, [8]]], [[11, [11]]]]], "all_solution": [[[[[0, [14, 7]], [15, [15, 10]], [5, [5, 8]], [12, [12, 13]], [13, []], [14, []], [7, []], [8, []], [10, []]], [[0, [6]], [2, [2, 9]], [9, []], [6, []], [3, [3, 4]], [4, []], [1, [1]], [11, [11]]]], [[[2, [2, 9]]], [[15, [15, 10]]], [[5, [5, 8]]], [[3, [3, 4]]], [[1, [1]]], [[12, [12, 13]]], [[11, [11]]]]], [[[[0, [14]], [15, [15, 10]], [5, [5]], [12, [12, 8]], [13, [13]], [14, []], [10, []], [8, []]], [[0, [7]], [7, [9]], [9, [6, 2]], [2, []], [4, [4, 3]], [3, []], [1, [1]], [6, []], [11, [11]]]], [[[7, [9]]], [[9, [6, 2]]], [[15, [15, 10]]], [[5, [5]]], [[4, [4, 3]]], [[1, [1]]], [[12, [12, 8]]], [[11, [11]]], [[13, [13]]]]], [[[[0, [7, 9]], [7, []], [10, [10, 6, 2]], [2, []], [9, []], [4, [4, 3]], [3, []], [1, [1]], [6, []], [11, [11]]], [[0, [14]], [15, [15]], [5, [5]], [12, [12, 13]], [14, []], [13, []], [8, [8]]]], [[[10, [6, 2]]], [[10, [10]]], [[15, [15]]], [[5, [5]]], [[4, [4, 3]]], [[1, [1]]], [[12, [12, 13]]], [[8, [8]]], [[11, [11]]]]]], "Numrun": 5, "all_fitness": [189.62314072893741, 188.0967733923944, 188.0967733923944]}
{"file_name": "U_15_1", "number_of_trucks": 2, "drone_capacity": 2, "number_of_drones": 2, "iteration": 4, "best_fitness": 189.5386928728005, "runtime": 54.36151623725891, "best_solution": [[[[0, [7]], [7, []], [15, [15]], [5, [5, 8]], [8, []], [13, [13, 12]], [12, []]], [[0, []], [14, [14]], [10, [2, 10, 9, 6]], [2, []], [9, []], [4, [4, 3]], [3, []], [1, [1]], [6, []], [11, [11]]]], [[[14, [14]]], [[10, [2, 6]]], [[10, [10, 9]]], [[4, [4, 3]]], [[15, [15]]], [[1, [1]]], [[5, [5, 8]]], [[13, [13, 12]]], [[11, [11]]]]], "all_solution": [[[[[0, [14, 7]], [15, [15, 10]], [5, [5, 8]], [12, [12, 13]], [13, []], [14, []], [7, []], [8, []], [10, []]], [[0, [6]], [2, [2, 9]], [9, []], [6, []], [3, [3, 4]], [4, []], [1, [1]], [11, [11]]]], [[[2, [2, 9]]], [[15, [15, 10]]], [[5, [5, 8]]], [[3, [3, 4]]], [[1, [1]]], [[12, [12, 13]]], [[11, [11]]]]], [[[[0, [14]], [15, [15, 10]], [5, [5]], [12, [12, 8]], [13, [13]], [14, []], [10, []], [8, []]], [[0, [7]], [7, [9]], [9, [6, 2]], [2, []], [4, [4, 3]], [3, []], [1, [1]], [6, []], [11, [11]]]], [[[7, [9]]], [[9, [6, 2]]], [[15, [15, 10]]], [[5, [5]]], [[4, [4, 3]]], [[1, [1]]], [[12, [12, 8]]], [[11, [11]]], [[13, [13]]]]], [[[[0, [7, 9]], [7, []], [10, [10, 6, 2]], [2, []], [9, []], [4, [4, 3]], [3, []], [1, [1]], [6, []], [11, [11]]], [[0, [14]], [15, [15]], [5, [5]], [12, [12, 13]], [14, []], [13, []], [8, [8]]]], [[[10, [6, 2]]], [[10, [10]]], [[15, [15]]], [[5, [5]]], [[4, [4, 3]]], [[1, [1]]], [[12, [12, 13]]], [[8, [8]]], [[11, [11]]]]], [[[[0, [7]], [7, []], [15, [15]], [5, [5, 8]], [8, []], [13, [13, 12]], [12, []]], [[0, []], [14, [14]], [10, [2, 10, 9, 6]], [2, []], [9, []], [4, [4, 3]], [3, []], [1, [1]], [6, []], [11, [11]]]], [[[14, [14]]], [[10, [2, 6]]], [[10, [10, 9]]], [[4, [4, 3]]], [[15, [15]]], [[1, [1]]], [[5, [5, 8]]], [[13, [13, 12]]], [[11, [11]]]]]], "Numrun": 5, "all_fitness": [189.62314072893741, 188.0967733923944, 188.0967733923944, 189.5386928728005]}
{"file_name": "U_15_1", "number_of_trucks": 2, "drone_capacity": 2, "number_of_drones": 2, "iteration": 5, "best_fitness": 186.34445165201845, "runtime": 62.69917583465576, "best_solution": [[[[0, [14]], [15, [15, 10]], [5, [5, 8]], [12, [12, 13]], [10, []], [8, []], [13, []], [14, []]], [[0, []], [7, [7, 9]], [9, []], [2, [2, 6]], [6, []], [3, [3, 4]], [4, []], [1, [1]], [11, [11]]]], [[[7, [7, 9]]], [[2, [2, 6]]], [[15, [15, 10]]], [[3, [3, 4]]], [[5, [5, 8]]], [[1, [1]]], [[12, [12, 13]]], [[11, [11]]]]], "all_solution": [[[[[0, [14, 7]], [15, [15, 10]], [5, [5, 8]], [12, [12, 13]], [13, []], [14, []], [7, []], [8, []], [10, []]], [[0, [6]], [2, [2, 9]], [9, []], [6, []], [3, [3, 4]], [4, []], [1, [1]], [11, [11]]]], [[[2, [2, 9]]], [[15, [15, 10]]], [[5, [5, 8]]], [[3, [3, 4]]], [[1, [1]]], [[12, [12, 13]]], [[11, [11]]]]], [[[[0, [14]], [15, [15, 10]], [5, [5]], [12, [12, 8]], [13, [13]], [14, []], [10, []], [8, []]], [[0, [7]], [7, [9]], [9, [6, 2]], [2, []], [4, [4, 3]], [3, []], [1, [1]], [6, []], [11, [11]]]], [[[7, [9]]], [[9, [6, 2]]], [[15, [15, 10]]], [[5, [5]]], [[4, [4, 3]]], [[1, [1]]], [[12, [12, 8]]], [[11, [11]]], [[13, [13]]]]], [[[[0, [7, 9]], [7, []], [10, [10, 6, 2]], [2, []], [9, []], [4, [4, 3]], [3, []], [1, [1]], [6, []], [11, [11]]], [[0, [14]], [15, [15]], [5, [5]], [12, [12, 13]], [14, []], [13, []], [8, [8]]]], [[[10, [6, 2]]], [[10, [10]]], [[15, [15]]], [[5, [5]]], [[4, [4, 3]]], [[1, [1]]], [[12, [12, 13]]], [[8, [8]]], [[11, [11]]]]], [[[[0, [7]], [7, []], [15, [15]], [5, [5, 8]], [8, []], [13, [13, 12]], [12, []]], [[0, []], [14, [14]], [10, [2, 10, 9, 6]], [2, []], [9, []], [4, [4, 3]], [3, []], [1, [1]], [6, []], [11, [11]]]], [[[14, [14]]], [[10, [2, 6]]], [[10, [10, 9]]], [[4, [4, 3]]], [[15, [15]]], [[1, [1]]], [[5, [5, 8]]], [[13, [13, 12]]], [[11, [11]]]]], [[[[0, [14]], [15, [15, 10]], [5, [5, 8]], [12, [12, 13]], [10, []], [8, []], [13, []], [14, []]], [[0, []], [7, [7, 9]], [9, []], [2, [2, 6]], [6, []], [3, [3, 4]], [4, []], [1, [1]], [11, [11]]]], [[[7, [7, 9]]], [[2, [2, 6]]], [[15, [15, 10]]], [[3, [3, 4]]], [[5, [5, 8]]], [[1, [1]]], [[12, [12, 13]]], [[11, [11]]]]]], "Numrun": 5, "all_fitness": [189.62314072893741, 188.0967733923944, 188.0967733923944, 189.5386928728005, 186.34445165201845]}
