{"file_name": "U_20_1", "number_of_trucks": 2, "drone_capacity": 2, "number_of_drones": 2, "iteration": 1, "best_fitness": 320.2039623509333, "runtime": 160.2410020828247, "best_solution": [[[[0, []], [14, [14, 1]], [1, []], [10, [10, 4]], [11, [11, 13]], [13, []], [12, [12]], [4, []], [3, [3, 5, 18]], [5, [16]], [16, []], [18, []]], [[0, []], [2, [2]], [6, [6, 19]], [19, []], [8, [8, 9]], [17, [17, 20]], [20, []], [9, []], [7, [7, 15]], [15, []]]], [[[14, [14, 1]]], [[2, [2]]], [[10, [10, 4]]], [[6, [6, 19]]], [[11, [11, 13]]], [[8, [8, 9]]], [[17, [17, 20]]], [[12, [12]]], [[3, [5, 18]]], [[3, [3]]], [[7, [7, 15]]], [[5, [16]]]]], "all_solution": [[[[[0, []], [14, [14, 1]], [1, []], [10, [10, 4]], [11, [11, 13]], [13, []], [12, [12]], [4, []], [3, [3, 5, 18]], [5, [16]], [16, []], [18, []]], [[0, []], [2, [2]], [6, [6, 19]], [19, []], [8, [8, 9]], [17, [17, 20]], [20, []], [9, []], [7, [7, 15]], [15, []]]], [[[14, [14, 1]]], [[2, [2]]], [[10, [10, 4]]], [[6, [6, 19]]], [[11, [11, 13]]], [[8, [8, 9]]], [[17, [17, 20]]], [[12, [12]]], [[3, [5, 18]]], [[3, [3]]], [[7, [7, 15]]], [[5, [16]]]]]], "Numrun": 5, "all_fitness": [320.2039623509333]}
{"file_name": "U_20_1", "number_of_trucks": 2, "drone_capacity": 2, "number_of_drones": 2, "iteration": 2, "best_fitness": 318.9853062354625, "runtime": 174.08565092086792, "best_solution": [[[[0, [14, 1]], [1, []], [14, []], [10, [10]], [11, [11, 13]], [13, []], [12, [12, 4]], [4, []], [3, [3, 5]], [5, []], [16, [16]]], [[0, []], [2, [2]], [6, [6, 19]], [19, []], [9, [9, 8]], [8, []], [17, [17, 20]], [20, []], [7, [7]], [15, [15, 18]], [18, []]]], [[[2, [2]]], [[6, [6, 19]]], [[10, [10]]], [[9, [9, 8]]], [[11, [11, 13]]], [[17, [17, 20]]], [[12, [12, 4]]], [[3, [3, 5]]], [[7, [7]]], [[16, [16]]], [[15, [15, 18]]]]], "all_solution": [[[[[0, []], [14, [14, 1]], [1, []], [10, [10, 4]], [11, [11, 13]], [13, []], [12, [12]], [4, []], [3, [3, 5, 18]], [5, [16]], [16, []], [18, []]], [[0, []], [2, [2]], [6, [6, 19]], [19, []], [8, [8, 9]], [17, [17, 20]], [20, []], [9, []], [7, [7, 15]], [15, []]]], [[[14, [14, 1]]], [[2, [2]]], [[10, [10, 4]]], [[6, [6, 19]]], [[11, [11, 13]]], [[8, [8, 9]]], [[17, [17, 20]]], [[12, [12]]], [[3, [5, 18]]], [[3, [3]]], [[7, [7, 15]]], [[5, [16]]]]], [[[[0, [14, 1]], [1, []], [14, []], [10, [10]], [11, [11, 13]], [13, []], [12, [12, 4]], [4, []], [3, [3, 5]], [5, []], [16, [16]]], [[0, []], [2, [2]], [6, [6, 19]], [19, []], [9, [9, 8]], [8, []], [17, [17, 20]], [20, []], [7, [7]], [15, [15, 18]], [18, []]]], [[[2, [2]]], [[6, [6, 19]]], [[10, [10]]], [[9, [9, 8]]], [[11, [11, 13]]], [[17, [17, 20]]], [[12, [12, 4]]], [[3, [3, 5]]], [[7, [7]]], [[16, [16]]], [[15, [15, 18]]]]]], "Numrun": 5, "all_fitness": [320.2039623509333, 318.9853062354625]}
{"file_name": "U_20_1", "number_of_trucks": 2, "drone_capacity": 2, "number_of_drones": 2, "iteration": 3, "best_fitness": 319.7833098011237, "runtime": 176.0712010860443, "best_solution": [[[[0, []], [14, [14]], [1, [1]], [13, [13, 4]], [12, [12, 11]], [4, []], [3, [3, 5]], [5, []], [16, [16]], [11, []]], [[0, []], [2, [2]], [6, [6, 19]], [19, []], [9, [9, 8]], [8, []], [17, [17, 15]], [20, [20, 10]], [7, [7, 18]], [15, []], [18, []], [10, []]]], [[[14, [14]]], [[1, [1]]], [[2, [2]]], [[6, [6, 19]]], [[9, [9, 8]]], [[13, [13, 4]]], [[12, [12, 11]]], [[17, [17, 15]]], [[20, [20, 10]]], [[3, [3, 5]]], [[7, [7, 18]]], [[16, [16]]]]], "all_solution": [[[[[0, []], [14, [14, 1]], [1, []], [10, [10, 4]], [11, [11, 13]], [13, []], [12, [12]], [4, []], [3, [3, 5, 18]], [5, [16]], [16, []], [18, []]], [[0, []], [2, [2]], [6, [6, 19]], [19, []], [8, [8, 9]], [17, [17, 20]], [20, []], [9, []], [7, [7, 15]], [15, []]]], [[[14, [14, 1]]], [[2, [2]]], [[10, [10, 4]]], [[6, [6, 19]]], [[11, [11, 13]]], [[8, [8, 9]]], [[17, [17, 20]]], [[12, [12]]], [[3, [5, 18]]], [[3, [3]]], [[7, [7, 15]]], [[5, [16]]]]], [[[[0, [14, 1]], [1, []], [14, []], [10, [10]], [11, [11, 13]], [13, []], [12, [12, 4]], [4, []], [3, [3, 5]], [5, []], [16, [16]]], [[0, []], [2, [2]], [6, [6, 19]], [19, []], [9, [9, 8]], [8, []], [17, [17, 20]], [20, []], [7, [7]], [15, [15, 18]], [18, []]]], [[[2, [2]]], [[6, [6, 19]]], [[10, [10]]], [[9, [9, 8]]], [[11, [11, 13]]], [[17, [17, 20]]], [[12, [12, 4]]], [[3, [3, 5]]], [[7, [7]]], [[16, [16]]], [[15, [15, 18]]]]], [[[[0, []], [14, [14]], [1, [1]], [13, [13, 4]], [12, [12, 11]], [4, []], [3, [3, 5]], [5, []], [16, [16]], [11, []]], [[0, []], [2, [2]], [6, [6, 19]], [19, []], [9, [9, 8]], [8, []], [17, [17, 15]], [20, [20, 10]], [7, [7, 18]], [15, []], [18, []], [10, []]]], [[[14, [14]]], [[1, [1]]], [[2, [2]]], [[6, [6, 19]]], [[9, [9, 8]]], [[13, [13, 4]]], [[12, [12, 11]]], [[17, [17, 15]]], [[20, [20, 10]]], [[3, [3, 5]]], [[7, [7, 18]]], [[16, [16]]]]]], "Numrun": 5, "all_fitness": [320.2039623509333, 318.9853062354625, 319.7833098011237]}
{"file_name": "U_20_1", "number_of_trucks": 2, "drone_capacity": 2, "number_of_drones": 2, "iteration": 4, "best_fitness": 320.42330980112376, "runtime": 168.6823024749756, "best_solution": [[[[0, []], [14, [14]], [19, [19]], [6, [6]], [8, [8, 9]], [17, [17, 20]], [20, []], [9, []], [7, [7, 15]], [15, []]], [[0, []], [2, [2, 1]], [1, []], [10, [10]], [4, [4, 13]], [13, []], [12, [12, 5]], [3, [18, 3]], [5, [16, 11]], [16, []], [11, []], [18, []]]], [[[14, [14]]], [[2, [2, 1]]], [[19, [19]]], [[6, [6]]], [[10, [10]]], [[4, [4, 13]]], [[8, [8, 9]]], [[17, [17, 20]]], [[12, [12, 5]]], [[3, [18, 3]]], [[5, [16, 11]]], [[7, [7, 15]]]]], "all_solution": [[[[[0, []], [14, [14, 1]], [1, []], [10, [10, 4]], [11, [11, 13]], [13, []], [12, [12]], [4, []], [3, [3, 5, 18]], [5, [16]], [16, []], [18, []]], [[0, []], [2, [2]], [6, [6, 19]], [19, []], [8, [8, 9]], [17, [17, 20]], [20, []], [9, []], [7, [7, 15]], [15, []]]], [[[14, [14, 1]]], [[2, [2]]], [[10, [10, 4]]], [[6, [6, 19]]], [[11, [11, 13]]], [[8, [8, 9]]], [[17, [17, 20]]], [[12, [12]]], [[3, [5, 18]]], [[3, [3]]], [[7, [7, 15]]], [[5, [16]]]]], [[[[0, [14, 1]], [1, []], [14, []], [10, [10]], [11, [11, 13]], [13, []], [12, [12, 4]], [4, []], [3, [3, 5]], [5, []], [16, [16]]], [[0, []], [2, [2]], [6, [6, 19]], [19, []], [9, [9, 8]], [8, []], [17, [17, 20]], [20, []], [7, [7]], [15, [15, 18]], [18, []]]], [[[2, [2]]], [[6, [6, 19]]], [[10, [10]]], [[9, [9, 8]]], [[11, [11, 13]]], [[17, [17, 20]]], [[12, [12, 4]]], [[3, [3, 5]]], [[7, [7]]], [[16, [16]]], [[15, [15, 18]]]]], [[[[0, []], [14, [14]], [1, [1]], [13, [13, 4]], [12, [12, 11]], [4, []], [3, [3, 5]], [5, []], [16, [16]], [11, []]], [[0, []], [2, [2]], [6, [6, 19]], [19, []], [9, [9, 8]], [8, []], [17, [17, 15]], [20, [20, 10]], [7, [7, 18]], [15, []], [18, []], [10, []]]], [[[14, [14]]], [[1, [1]]], [[2, [2]]], [[6, [6, 19]]], [[9, [9, 8]]], [[13, [13, 4]]], [[12, [12, 11]]], [[17, [17, 15]]], [[20, [20, 10]]], [[3, [3, 5]]], [[7, [7, 18]]], [[16, [16]]]]], [[[[0, []], [14, [14]], [19, [19]], [6, [6]], [8, [8, 9]], [17, [17, 20]], [20, []], [9, []], [7, [7, 15]], [15, []]], [[0, []], [2, [2, 1]], [1, []], [10, [10]], [4, [4, 13]], [13, []], [12, [12, 5]], [3, [18, 3]], [5, [16, 11]], [16, []], [11, []], [18, []]]], [[[14, [14]]], [[2, [2, 1]]], [[19, [19]]], [[6, [6]]], [[10, [10]]], [[4, [4, 13]]], [[8, [8, 9]]], [[17, [17, 20]]], [[12, [12, 5]]], [[3, [18, 3]]], [[5, [16, 11]]], [[7, [7, 15]]]]]], "Numrun": 5, "all_fitness": [320.2039623509333, 318.9853062354625, 319.7833098011237, 320.42330980112376]}
{"file_name": "U_20_1", "number_of_trucks": 2, "drone_capacity": 2, "number_of_drones": 2, "iteration": 5, "best_fitness": 323.6076566740094, "runtime": 200.91195249557495,