{"file_name": "U_20_0", "number_of_trucks": 2, "drone_capacity": 2, "number_of_drones": 2, "iteration": 1, "best_fitness": 199.88000000000002, "runtime": 137.04771423339844, "best_solution": [[[[0, [11, 12, 3, 10, 20, 9, 5]], [5, []], [20, []], [9, []], [3, []], [10, []], [11, []], [12, []], [16, [16]]], [[0, [4, 13, 1, 2, 19, 18, 7, 15, 17, 6]], [4, []], [13, []], [2, []], [19, []], [18, []], [15, []], [17, []], [8, [8, 14]], [1, []], [6, []], [7, []], [14, []]]], [[[16, [16]]], [[8, [8, 14]]]]], "all_solution": [[[[[0, [11, 12, 3, 10, 20, 9, 5]], [5, []], [20, []], [9, []], [3, []], [10, []], [11, []], [12, []], [16, [16]]], [[0, [4, 13, 1, 2, 19, 18, 7, 15, 17, 6]], [4, []], [13, []], [2, []], [19, []], [18, []], [15, []], [17, []], [8, [8, 14]], [1, []], [6, []], [7, []], [14, []]]], [[[16, [16]]], [[8, [8, 14]]]]]], "Numrun": 5, "all_fitness": [199.88000000000002]}
{"file_name": "U_20_0", "number_of_trucks": 2, "drone_capacity": 2, "number_of_drones": 2, "iteration": 2, "best_fitness": 197.04, "runtime": 162.51345825195312, "best_solution": [[[[0, [2, 19, 18, 6, 15, 17, 1]], [2, []], [19, []], [18, []], [6, []], [1, []], [17, []], [8, [8, 16, 7]], [15, []], [7, []], [14, [14]], [16, []]], [[0, [5, 20, 3, 13, 4, 12, 11]], [4, []], [13, [10, 9]], [12, []], [11, []], [10, []], [3, []], [9, []], [5, []], [20, []]]], [[[8, [7]]], [[13, [10, 9]]], [[8, [8, 16]]], [[14, [14]]]]], "all_solution": [[[[[0, [11, 12, 3, 10, 20, 9, 5]], [5, []], [20, []], [9, []], [3, []], [10, []], [11, []], [12, []], [16, [16]]], [[0, [4, 13, 1, 2, 19, 18, 7, 15, 17, 6]], [4, []], [13, []], [2, []], [19, []], [18, []], [15, []], [17, []], [8, [8, 14]], [1, []], [6, []], [7, []], [14, []]]], [[[16, [16]]], [[8, [8, 14]]]]], [[[[0, [2, 19, 18, 6, 15, 17, 1]], [2, []], [19, []], [18, []], [6, []], [1, []], [17, []], [8, [8, 16, 7]], [15, []], [7, []], [14, [14]], [16, []]], [[0, [5, 20, 3, 13, 4, 12, 11]], [4, []], [13, [10, 9]], [12, []], [11, []], [10, []], [3, []], [9, []], [5, []], [20, []]]], [[[8, [7]]], [[13, [10, 9]]], [[8, [8, 16]]], [[14, [14]]]]]], "Numrun": 5, "all_fitness": [199.88000000000002, 197.04]}
{"file_name": "U_20_0", "number_of_trucks": 2, "drone_capacity": 2, "number_of_drones": 2, "iteration": 3, "best_fitness": 195.83429105522941, "runtime": 197.50200057029724, "best_solution": [[[[0, [11, 3, 20]], [4, [4, 5]], [13, [13, 12]], [12, []], [11, []], [10, [10, 9]], [3, []], [9, []], [5, []], [20, []]], [[0, [18, 2, 19, 1, 6, 17, 15]], [2, []], [19, []], [18, []], [17, []], [1, []], [6, []], [8, [8, 7]], [15, []], [7, []], [14, [14, 16]], [16, []]]], [[[4, [4, 5]]], [[13, [13, 12]]], [[10, [10, 9]]], [[8, [8, 7]]], [[14, [14, 16]]]]], "all_solution": [[[[[0, [11, 12, 3, 10, 20, 9, 5]], [5, []], [20, []], [9, []], [3, []], [10, []], [11, []], [12, []], [16, [16]]], [[0, [4, 13, 1, 2, 19, 18, 7, 15, 17, 6]], [4, []], [13, []], [2, []], [19, []], [18, []], [15, []], [17, []], [8, [8, 14]], [1, []], [6, []], [7, []], [14, []]]], [[[16, [16]]], [[8, [8, 14]]]]], [[[[0, [2, 19, 18, 6, 15, 17, 1]], [2, []], [19, []], [18, []], [6, []], [1, []], [17, []], [8, [8, 16, 7]], [15, []], [7, []], [14, [14]], [16, []]], [[0, [5, 20, 3, 13, 4, 12, 11]], [4, []], [13, [10, 9]], [12, []], [11, []], [10, []], [3, []], [9, []], [5, []], [20, []]]], [[[8, [7]]], [[13, [10, 9]]], [[8, [8, 16]]], [[14, [14]]]]], [[[[0, [11, 3, 20]], [4, [4, 5]], [13, [13, 12]], [12, []], [11, []], [10, [10, 9]], [3, []], [9, []], [5, []], [20, []]], [[0, [18, 2, 19, 1, 6, 17, 15]], [2, []], [19, []], [18, []], [17, []], [1, []], [6, []], [8, [8, 7]], [15, []], [7, []], [14, [14, 16]], [16, []]]], [[[4, [4, 5]]], [[13, [13, 12]]], [[10, [10, 9]]], [[8, [8, 7]]], [[14, [14, 16]]]]]], "Numrun": 5, "all_fitness": [199.88000000000002, 197.04, 195.83429105522941]}
{"file_name": "U_20_0", "number_of_trucks": 2, "drone_capacity": 2, "number_of_drones": 2, "iteration": 4, "best_fitness": 187.848849409211, "runtime": 148.08644104003906, "best_solution": [[[[0, [19, 18, 15, 4, 13, 2, 6, 1, 17]], [4, []], [13, []], [2, []], [19, []], [18, []], [6, []], [1, []], [8, [8, 7]], [17, []], [15, []], [7, []]], [[0, [3, 20]], [20, []], [5, [5]], [9, [9, 11]], [3, []], [10, [10, 12]], [11, []], [12, []], [16, [16, 14]], [14, []]]], [[[5, [5]]], [[9, [9, 11]]], [[10, [12]]], [[10, [10]]], [[16, [16, 14]]], [[8, [8, 7]]]]], "all_solution": [[[[[0, [11, 12, 3, 10, 20, 9, 5]], [5, []], [20, []], [9, []], [3, []], [10, []], [11, []], [12, []], [16, [16]]], [[0, [4, 13, 1, 2, 19, 18, 7, 15, 17, 6]], [4, []], [13, []], [2, []], [19, []], [18, []], [15, []], [17, []], [8, [8, 14]], [1, []], [6, []], [7, []], [14, []]]], [[[16, [16]]], [[8, [8, 14]]]]], [[[[0, [2, 19, 18, 6, 15, 17, 1]], [2, []], [19, []], [18, []], [6, []], [1, []], [17, []], [8, [8, 16, 7]], [15, []], [7, []], [14, [14]], [16, []]], [[0, [5, 20, 3, 13, 4, 12, 11]], [4, []], [13, [10, 9]], [12, []], [11, []], [10, []], [3, []], [9, []], [5, []], [20, []]]], [[[8, [7]]], [[13, [10, 9]]], [[8, [8, 16]]], [[14, [14]]]]], [[[[0, [11, 3, 20]], [4, [4, 5]], [13, [13, 12]], [12, []], [11, []], [10, [10, 9]], [3, []], [9, []], [5, []], [20, []]], [[0, [18, 2, 19, 1, 6, 17, 15]], [2, []], [19, []], [18, []], [17, []], [1, []], [6, []], [8, [8, 7]], [15, []], [7, []], [14, [14, 16]], [16, []]]], [[[4, [4, 5]]], [[13, [13, 12]]], [[10, [10, 9]]], [[8, [8, 7]]], [[14, [14, 16]]]]], [[[[0, [19, 18, 15, 4, 13, 2, 6, 1, 17]], [4, []], [13, []], [2, []], [19, []], [18, []], [6, []], [1, []], [8, [8, 7]], [17, []], [15, []], [7, []]], [[0, [3, 20]], [20, []], [5, [5]], [9, [9, 11]], [3, []], [10, [10, 12]], [11, []], [12, []], [16, [16, 14]], [14, []]]], [[[5, [5]]], [[9, [9, 11]]], [[10, [12]]], [[10, [10]]], [[16, [16, 14]]], [[8, [8, 7]]]]]], "Numrun": 5, "all_fitness": [199.88000000000002, 197.04, 195.83429105522941, 187.848849409211]}
{"file_name": "U_20_0", "number_of_trucks": 2, "drone_capacity": 2, "number_of_drones": 2, "iteration": 5, "best_fitness": 200.84, "runtime": 159.801677942276, "best_solution": [[[[0, [1, 6, 19, 20, 2, 4, 15, 17, 18]], [20, []], [18, []], [15, []], [17, []], [1, []], [8, [8, 13]], [6, []], [19, []], [2, []], [13, []], [4, []]], [[0, [7, 3, 5, 11, 12]], [7, []], [9, [10, 9]], [5, []], [3, []], [10, []], [11, []], [12, []], [16, [16, 14]], [14, []]]], [[[9, [10, 9]]], [[16, [16, 14]]], [[8, [8, 13]]]]],