{"file_name": "U_15_0", "number_of_trucks": 2, "drone_capacity": 2, "number_of_drones": 2, "iteration": 1, "best_fitness": 227.39629261732424, "runtime": 74.95506525039673, "best_solution": [[[[0, []], [6, [6, 11]], [13, [13]], [4, [4, 3]], [10, [10, 1]], [3, []], [1, []], [11, []]], [[0, [5, 12, 14, 8, 15, 9, 2, 7]], [12, []], [14, []], [5, []], [9, []], [2, []], [7, []], [8, []], [15, []]]], [[[6, [6, 11]]], [[13, [13]]], [[4, [4, 3]]], [[10, [10, 1]]]]], "all_solution": [[[[[0, []], [6, [6, 11]], [13, [13]], [4, [4, 3]], [10, [10, 1]], [3, []], [1, []], [11, []]], [[0, [5, 12, 14, 8, 15, 9, 2, 7]], [12, []], [14, []], [5, []], [9, []], [2, []], [7, []], [8, []], [15, []]]], [[[6, [6, 11]]], [[13, [13]]], [[4, [4, 3]]], [[10, [10, 1]]]]]], "Numrun": 5, "all_fitness": [227.39629261732424]}
{"file_name": "U_15_0", "number_of_trucks": 2, "drone_capacity": 2, "number_of_drones": 2, "iteration": 2, "best_fitness": 229.7410601438638, "runtime": 82.55862092971802, "best_solution": [[[[0, [9, 2, 7, 14, 8, 15, 5, 12]], [14, []], [5, []], [2, []], [7, []], [9, []], [8, []], [15, []], [12, []]], [[0, []], [11, [1, 11]], [1, []], [3, [3, 6]], [10, [10, 4]], [4, []], [13, [13]], [6, []]]], [[[11, [1, 11]]], [[3, [3, 6]]], [[10, [10, 4]]], [[13, [13]]]]], "all_solution": [[[[[0, []], [6, [6, 11]], [13, [13]], [4, [4, 3]], [10, [10, 1]], [3, []], [1, []], [11, []]], [[0, [5, 12, 14, 8, 15, 9, 2, 7]], [12, []], [14, []], [5, []], [9, []], [2, []], [7, []], [8, []], [15, []]]], [[[6, [6, 11]]], [[13, [13]]], [[4, [4, 3]]], [[10, [10, 1]]]]], [[[[0, [9, 2, 7, 14, 8, 15, 5, 12]], [14, []], [5, []], [2, []], [7, []], [9, []], [8, []], [15, []], [12, []]], [[0, []], [11, [1, 11]], [1, []], [3, [3, 6]], [10, [10, 4]], [4, []], [13, [13]], [6, []]]], [[[11, [1, 11]]], [[3, [3, 6]]], [[10, [10, 4]]], [[13, [13]]]]]], "Numrun": 5, "all_fitness": [227.39629261732424, 229.7410601438638]}
{"file_name": "U_15_0", "number_of_trucks": 2, "drone_capacity": 2, "number_of_drones": 2, "iteration": 3, "best_fitness": 228.71999999999997, "runtime": 66.59183931350708, "best_solution": [[[[0, []], [15, [15, 11, 1]], [11, []], [1, []], [3, [3, 4]], [4, []], [10, [10, 12]], [12, []]], [[0, [9, 2, 6, 13, 8, 7]], [14, [5, 14]], [8, []], [5, []], [9, []], [2, []], [7, []], [6, []], [13, []]]], [[[15, [15, 1]]], [[15, [11]]], [[14, [5, 14]]], [[3, [3, 4]]], [[10, [10, 12]]]]], "all_solution": [[[[[0, []], [6, [6, 11]], [13, [13]], [4, [4, 3]], [10, [10, 1]], [3, []], [1, []], [11, []]], [[0, [5, 12, 14, 8, 15, 9, 2, 7]], [12, []], [14, []], [5, []], [9, []], [2, []], [7, []], [8, []], [15, []]]], [[[6, [6, 11]]], [[13, [13]]], [[4, [4, 3]]], [[10, [10, 1]]]]], [[[[0, [9, 2, 7, 14, 8, 15, 5, 12]], [14, []], [5, []], [2, []], [7, []], [9, []], [8, []], [15, []], [12, []]], [[0, []], [11, [1, 11]], [1, []], [3, [3, 6]], [10, [10, 4]], [4, []], [13, [13]], [6, []]]], [[[11, [1, 11]]], [[3, [3, 6]]], [[10, [10, 4]]], [[13, [13]]]]], [[[[0, []], [15, [15, 11, 1]], [11, []], [1, []], [3, [3, 4]], [4, []], [10, [10, 12]], [12, []]], [[0, [9, 2, 6, 13, 8, 7]], [14, [5, 14]], [8, []], [5, []], [9, []], [2, []], [7, []], [6, []], [13, []]]], [[[15, [15, 1]]], [[15, [11]]], [[14, [5, 14]]], [[3, [3, 4]]], [[10, [10, 12]]]]]], "Numrun": 5, "all_fitness": [227.39629261732424, 229.7410601438638, 228.71999999999997]}
{"file_name": "U_15_0", "number_of_trucks": 2, "drone_capacity": 2, "number_of_drones": 2, "iteration": 4, "best_fitness": 229.7410601438638, "runtime": 70.3256266117096, "best_solution": [[[[0, []], [11, [11, 1]], [1, []], [3, [3, 13]], [10, [10, 4]], [4, []], [13, [6]], [6, []]], [[0, [2, 7, 14, 8, 5, 9, 15, 12]], [15, []], [8, []], [2, []], [7, []], [9, []], [5, []], [14, []], [12, []]]], [[[11, [11, 1]]], [[3, [3, 13]]], [[10, [10, 4]]], [[13, [6]]]]], "all_solution": [[[[[0, []], [6, [6, 11]], [13, [13]], [4, [4, 3]], [10, [10, 1]], [3, []], [1, []], [11, []]], [[0, [5, 12, 14, 8, 15, 9, 2, 7]], [12, []], [14, []], [5, []], [9, []], [2, []], [7, []], [8, []], [15, []]]], [[[6, [6, 11]]], [[13, [13]]], [[4, [4, 3]]], [[10, [10, 1]]]]], [[[[0, [9, 2, 7, 14, 8, 15, 5, 12]], [14, []], [5, []], [2, []], [7, []], [9, []], [8, []], [15, []], [12, []]], [[0, []], [11, [1, 11]], [1, []], [3, [3, 6]], [10, [10, 4]], [4, []], [13, [13]], [6, []]]], [[[11, [1, 11]]], [[3, [3, 6]]], [[10, [10, 4]]], [[13, [13]]]]], [[[[0, []], [15, [15, 11, 1]], [11, []], [1, []], [3, [3, 4]], [4, []], [10, [10, 12]], [12, []]], [[0, [9, 2, 6, 13, 8, 7]], [14, [5, 14]], [8, []], [5, []], [9, []], [2, []], [7, []], [6, []], [13, []]]], [[[15, [15, 1]]], [[15, [11]]], [[14, [5, 14]]], [[3, [3, 4]]], [[10, [10, 12]]]]], [[[[0, []], [11, [11, 1]], [1, []], [3, [3, 13]], [10, [10, 4]], [4, []], [13, [6]], [6, []]], [[0, [2, 7, 14, 8, 5, 9, 15, 12]], [15, []], [8, []], [2, []], [7, []], [9, []], [5, []], [14, []], [12, []]]], [[[11, [11, 1]]], [[3, [3, 13]]], [[10, [10, 4]]], [[13, [6]]]]]], "Numrun": 5, "all_fitness": [227.39629261732424, 229.7410601438638, 228.71999999999997, 229.7410601438638]}
{"file_name": "U_15_0", "number_of_trucks": 2, "drone_capacity": 2, "number_of_drones": 2, "iteration": 5, "best_fitness": 227.39629261732424, "runtime": 64.85808944702148, "best_solution": [[[[0, []], [6, [6, 11]], [13, [13, 1]], [4, [4]], [10, [10, 3]], [3, []], [1, []], [11, []]], [[0, [9, 5, 12, 7, 14, 15, 2, 8]], [14, []], [5, []], [9, []], [7, []], [2, []], [8, []], [15, []], [12, []]]], [[[6, [6, 11]]], [[13, [13, 1]]], [[4, [4]]], [[10, [10, 3]]]]], "all_solution": [[[[[0, []], [6, [6, 11]], [13, [13]], [4, [4, 3]], [10, [10, 1]], [3, []], [1, []], [11, []]], [[0, [5, 12, 14, 8, 15, 9, 2, 7]], [12, []], [14, []], [5, []], [9, []], [2, []], [7, []], [8, []], [15, []]]], [[[6, [6, 11]]], [[13, [13]]], [[4, [4, 3]]], [[10, [10, 1]]]]], [[[[0, [9, 2, 7, 14, 8, 15, 5, 12]], [14, []], [5, []], [2, []], [7, []], [9, []], [8, []], [15, []], [12, []]], [[0, []], [11, [1, 11]], [1, []], [3, [3, 6]], [10, [10, 4]], [4, []], [13, [13]], [6, []]]], [[[11, [1, 11]]], [[3, [3, 6]]], [[10, [10, 4]]], [[13, [13]]]]], [[[[0, []], [15, [15, 11, 1]], [11, []], [1, []], [3, [3, 4]], [4, []], [10, [10, 12]], [12, []]], [[0, [9, 2, 6, 13, 8, 7]], [14, [5, 14]], [8, []], [5, []], [9, []], [2, []], [7, []], [6, []], [13, []]]], [[[15, [15, 1]]], [[15, [11]]], [[14, [5, 14]]], [[3, [3, 4]]], [[10, [10, 12]]]]], [[[[0, []], [11, [11, 1]], [1, []], [3, [3, 13]], [10, [10, 4]], [4, []], [13, [6]], [6, []]], [[0, [2, 7, 14, 8, 5, 9, 15, 12]], [15, []], [8, []], [2, []], [7, []], [9, []], [5, []], [14, []], [12, []]]], [[[11, [11, 1]]], [[3, [3, 13]]], [[10, [10, 4]]], [[13, [6]]]]], [[[[0, []], [6, [6, 11]], [13, [13, 1]], [4, [4]], [10, [10, 3]], [3, []], [1, []], [11, []]], [[0, [9, 5, 12, 7, 14, 15, 2, 8]], [14, []], [5, []], [9, []], [7, []], [2, []], [8, []], [15, []], [12, []]]], [[[6, [6, 11]]], [[13, [13, 1]]], [[4, [4]]], [[10, [10, 3]]]]]], "Numrun": 5, "all_fitness": [227.39629261732424, 229.7410601438638, 228.71999999999997, 229.7410601438638, 227.39629261732424]}
