{"file_name": "U_20_1", "number_of_trucks": 2, "drone_capacity": 2, "number_of_drones": 2, "iteration": 1, "best_fitness": 289.44, "runtime": 211.03646683692932, "best_solution": [[[[0, [8, 17, 15, 9, 16, 12, 4]], [15, []], [9, []], [12, []], [17, []], [4, []], [16, []], [8, []], [1, [1, 20, 5, 11]], [11, []], [20, []], [3, [3, 2]], [5, []], [2, []]], [[0, [14, 6, 10, 19, 7, 18, 13]], [18, []], [10, []], [19, []], [13, []], [14, []], [6, []], [7, []]]], [[[1, [5, 11]]], [[1, [1, 20]]], [[3, [3, 2]]]]], "all_solution": [[[[[0, [8, 17, 15, 9, 16, 12, 4]], [15, []], [9, []], [12, []], [17, []], [4, []], [16, []], [8, []], [1, [1, 20, 5, 11]], [11, []], [20, []], [3, [3, 2]], [5, []], [2, []]], [[0, [14, 6, 10, 19, 7, 18, 13]], [18, []], [10, []], [19, []], [13, []], [14, []], [6, []], [7, []]]], [[[1, [5, 11]]], [[1, [1, 20]]], [[3, [3, 2]]]]]], "Numrun": 5, "all_fitness": [289.44]}
{"file_name": "U_20_1", "number_of_trucks": 2, "drone_capacity": 2, "number_of_drones": 2, "iteration": 2, "best_fitness": 291.47027397054626, "runtime": 155.57719802856445, "best_solution": [[[[0, [19, 8, 16, 17]], [17, []], [19, []], [16, []], [11, [11]], [8, []], [1, [1, 20]], [20, []], [3, [3, 5]], [5, []], [2, [2]]], [[0, [4, 9, 15, 12]], [9, []], [15, []], [12, []], [4, []], [18, [18, 10]], [10, []], [13, [13, 14]], [14, []], [6, [6, 7]], [7, []]]], [[[11, [11]]], [[18, [18, 10]]], [[1, [1, 20]]], [[13, [13, 14]]], [[3, [3, 5]]], [[6, [6, 7]]], [[2, [2]]]]], "all_solution": [[[[[0, [8, 17, 15, 9, 16, 12, 4]], [15, []], [9, []], [12, []], [17, []], [4, []], [16, []], [8, []], [1, [1, 20, 5, 11]], [11, []], [20, []], [3, [3, 2]], [5, []], [2, []]], [[0, [14, 6, 10, 19, 7, 18, 13]], [18, []], [10, []], [19, []], [13, []], [14, []], [6, []], [7, []]]], [[[1, [5, 11]]], [[1, [1, 20]]], [[3, [3, 2]]]]], [[[[0, [19, 8, 16, 17]], [17, []], [19, []], [16, []], [11, [11]], [8, []], [1, [1, 20]], [20, []], [3, [3, 5]], [5, []], [2, [2]]], [[0, [4, 9, 15, 12]], [9, []], [15, []], [12, []], [4, []], [18, [18, 10]], [10, []], [13, [13, 14]], [14, []], [6, [6, 7]], [7, []]]], [[[11, [11]]], [[18, [18, 10]]], [[1, [1, 20]]], [[13, [13, 14]]], [[3, [3, 5]]], [[6, [6, 7]]], [[2, [2]]]]]], "Numrun": 5, "all_fitness": [289.44, 291.47027397054626]}
{"file_name": "U_20_1", "number_of_trucks": 2, "drone_capacity": 2, "number_of_drones": 2, "iteration": 3, "best_fitness": 297.55999999999995, "runtime": 203.53045964241028, "best_solution": [[[[0, [14, 6, 7, 10, 19, 18, 12, 13]], [18, []], [10, []], [19, []], [13, []], [14, []], [12, []], [6, []], [7, []]], [[0, [4, 16, 17, 8, 9, 15]], [15, []], [9, []], [17, []], [4, []], [11, [11]], [16, []], [1, [1, 5]], [8, []], [5, []], [3, [3, 2, 20]], [20, []], [2, []]]], [[[11, [11]]], [[1, [1, 5]]], [[3, [20]]], [[3, [3, 2]]]]], "all_solution": [[[[[0, [8, 17, 15, 9, 16, 12, 4]], [15, []], [9, []], [12, []], [17, []], [4, []], [16, []], [8, []], [1, [1, 20, 5, 11]], [11, []], [20, []], [3, [3, 2]], [5, []], [2, []]], [[0, [14, 6, 10, 19, 7, 18, 13]], [18, []], [10, []], [19, []], [13, []], [14, []], [6, []], [7, []]]], [[[1, [5, 11]]], [[1, [1, 20]]], [[3, [3, 2]]]]], [[[[0, [19, 8, 16, 17]], [17, []], [19, []], [16, []], [11, [11]], [8, []], [1, [1, 20]], [20, []], [3, [3, 5]], [5, []], [2, [2]]], [[0, [4, 9, 15, 12]], [9, []], [15, []], [12, []], [4, []], [18, [18, 10]], [10, []], [13, [13, 14]], [14, []], [6, [6, 7]], [7, []]]], [[[11, [11]]], [[18, [18, 10]]], [[1, [1, 20]]], [[13, [13, 14]]], [[3, [3, 5]]], [[6, [6, 7]]], [[2, [2]]]]], [[[[0, [14, 6, 7, 10, 19, 18, 12, 13]], [18, []], [10, []], [19, []], [13, []], [14, []], [12, []], [6, []], [7, []]], [[0, [4, 16, 17, 8, 9, 15]], [15, []], [9, []], [17, []], [4, []], [11, [11]], [16, []], [1, [1, 5]], [8, []], [5, []], [3, [3, 2, 20]], [20, []], [2, []]]], [[[11, [11]]], [[1, [1, 5]]], [[3, [20]]], [[3, [3, 2]]]]]], "Numrun": 5, "all_fitness": [289.44, 291.47027397054626, 297.55999999999995]}
{"file_name": "U_20_1", "number_of_trucks": 2, "drone_capacity": 2, "number_of_drones": 2, "iteration": 4, "best_fitness": 294.9233158247075, "runtime": 146.16257977485657, "best_solution": [[[[0, [16, 19, 8]], [9, [9, 15]], [15, []], [8, []], [19, []], [18, [18]], [16, []], [1, [1, 10]], [10, []], [6, [6, 7]], [7, []]], [[0, [4, 12, 17]], [12, []], [4, []], [11, [11]], [14, [14, 13]], [17, []], [13, []], [5, [5, 3]], [3, []], [20, [20, 2]], [2, []]]], [[[9, [9, 15]]], [[11, [11]]], [[18, [18]]], [[14, [14, 13]]], [[1, [1, 10]]], [[5, [5, 3]]], [[20, [20, 2]]], [[6, [6, 7]]]]], "all_solution": [[[[[0, [8, 17, 15, 9, 16, 12, 4]], [15, []], [9, []], [12, []], [17, []], [4, []], [16, []], [8, []], [1, [1, 20, 5, 11]], [11, []], [20, []], [3, [3, 2]], [5, []], [2, []]], [[0, [14, 6, 10, 19, 7, 18, 13]], [18, []], [10, []], [19, []], [13, []], [14, []], [6, []], [7, []]]], [[[1, [5, 11]]], [[1, [1, 20]]], [[3, [3, 2]]]]], [[[[0, [19, 8, 16, 17]], [17, []], [19, []], [16, []], [11, [11]], [8, []], [1, [1, 20]], [20, []], [3, [3, 5]], [5, []], [2, [2]]], [[0, [4, 9, 15, 12]], [9, []], [15, []], [12, []], [4, []], [18, [18, 10]], [10, []], [13, [13, 14]], [14, []], [6, [6, 7]], [7, []]]], [[[11, [11]]], [[18, [18, 10]]], [[1, [1, 20]]], [[13, [13, 14]]], [[3, [3, 5]]], [[6, [6, 7]]], [[2, [2]]]]], [[[[0, [14, 6, 7, 10, 19, 18, 12, 13]], [18, []], [10, []], [19, []], [13, []], [14, []], [12, []], [6, []], [7, []]], [[0, [4, 16, 17, 8, 9, 15]], [15, []], [9, []], [17, []], [4, []], [11, [11]], [16, []], [1, [1, 5]], [8, []], [5, []], [3, [3, 2, 20]], [20, []], [2, []]]], [[[11, [11]]], [[1, [1, 5]]], [[3, [20]]], [[3, [3, 2]]]]], [[[[0, [16, 19, 8]], [9, [9, 15]], [15, []], [8, []], [19, []], [18, [18]], [16, []], [1, [1, 10]], [10, []], [6, [6, 7]], [7, []]], [[0, [4, 12, 17]], [12, []], [4, []], [11, [11]], [14, [14, 13]], [17, []], [13, []], [5, [5, 3]], [3, []], [20, [20, 2]], [2, []]]], [[[9, [9, 15]]], [[11, [11]]], [[18, [18]]], [[14, [14, 13]]], [[1, [1, 10]]], [[5, [5, 3]]], [[20, [20, 2]]], [[6, [6, 7]]]]]], "Numrun": 5, "all_fitness": [289.44, 291.47027397054626, 297.55999999999995, 294.9233158247075]}
{"file_name": "U_20_1", "number_of_trucks": 2, "drone_capacity": 2, "number_of_drones": 2, "iteration": 5, "best_fitness": 296.9211917393232, "runtime": 197.53561568260193, "best_solution": [[[[0, [4, 12, 17, 15]], [15, []], [12, []], [17, []], [4, []], [7, [7, 6]], [6, []], [14, [14, 13]], [13, []], [10, [10]]], [[0, [19, 16, 8, 9]], [9, []], [8, []], [19, []], [16, []], [18, [18, 11]], [1, [1, 20]], [11, []], [20, []], [3, [3, 5]], [5, []], [2, [2]]]], [[[18, [18, 11]]], [[7, [7, 6]]], [[1, [1, 20]]], [[14, [14, 13]]], [[3, [3, 5]]], [[10, [10]]], [[2, [2]]]]],