{"file_name": "U_15_0", "number_of_trucks": 2, "drone_capacity": 2, "number_of_drones": 2, "iteration": 1, "best_fitness": 175.26880080354667, "runtime": 68.90274572372437, "best_solution": [[[[0, [1, 13, 6, 11]], [11, []], [1, []], [3, [3, 4]], [10, [10]], [4, []], [13, []], [6, []]], [[0, [8]], [8, [15]], [15, []], [12, [12, 14]], [14, []], [5, [5, 7]], [9, [9, 2]], [2, []], [7, []]]], [[[8, [15]]], [[12, [12, 14]]], [[3, [3, 4]]], [[10, [10]]], [[5, [5, 7]]], [[9, [9, 2]]]]], "all_solution": [[[[[0, [1, 13, 6, 11]], [11, []], [1, []], [3, [3, 4]], [10, [10]], [4, []], [13, []], [6, []]], [[0, [8]], [8, [15]], [15, []], [12, [12, 14]], [14, []], [5, [5, 7]], [9, [9, 2]], [2, []], [7, []]]], [[[8, [15]]], [[12, [12, 14]]], [[3, [3, 4]]], [[10, [10]]], [[5, [5, 7]]], [[9, [9, 2]]]]]], "Numrun": 5, "all_fitness": [175.26880080354667]}
{"file_name": "U_15_0", "number_of_trucks": 2, "drone_capacity": 2, "number_of_drones": 2, "iteration": 2, "best_fitness": 177.52000000000004, "runtime": 123.90121030807495, "best_solution": [[[[0, [8]], [8, []], [15, [15, 1]], [1, []], [3, [3, 4]], [4, []], [10, [10, 13]], [13, []]], [[0, [11, 2, 6]], [11, []], [7, [7, 14, 9]], [2, []], [9, []], [5, [5, 12]], [14, []], [12, []], [6, []]]], [[[15, [15, 1]]], [[7, [9]]], [[7, [7, 14]]], [[3, [3, 4]]], [[5, [5, 12]]], [[10, [10, 13]]]]], "all_solution": [[[[[0, [1, 13, 6, 11]], [11, []], [1, []], [3, [3, 4]], [10, [10]], [4, []], [13, []], [6, []]], [[0, [8]], [8, [15]], [15, []], [12, [12, 14]], [14, []], [5, [5, 7]], [9, [9, 2]], [2, []], [7, []]]], [[[8, [15]]], [[12, [12, 14]]], [[3, [3, 4]]], [[10, [10]]], [[5, [5, 7]]], [[9, [9, 2]]]]], [[[[0, [8]], [8, []], [15, [15, 1]], [1, []], [3, [3, 4]], [4, []], [10, [10, 13]], [13, []]], [[0, [11, 2, 6]], [11, []], [7, [7, 14, 9]], [2, []], [9, []], [5, [5, 12]], [14, []], [12, []], [6, []]]], [[[15, [15, 1]]], [[7, [9]]], [[7, [7, 14]]], [[3, [3, 4]]], [[5, [5, 12]]], [[10, [10, 13]]]]]], "Numrun": 5, "all_fitness": [175.26880080354667, 177.52000000000004]}
{"file_name": "U_15_0", "number_of_trucks": 2, "drone_capacity": 2, "number_of_drones": 2, "iteration": 3, "best_fitness": 181.79999999999995, "runtime": 78.12120699882507, "best_solution": [[[[0, [13, 6, 1, 3]], [1, []], [3, []], [10, [10, 4]], [4, []], [13, []], [6, []]], [[0, [15, 8, 11]], [11, []], [15, []], [12, [12, 14, 9, 2]], [14, []], [8, []], [5, [5, 7]], [9, []], [2, []], [7, []]]], [[[12, [9, 2]]], [[12, [12, 14]]], [[5, [5, 7]]], [[10, [10, 4]]]]], "all_solution": [[[[[0, [1, 13, 6, 11]], [11, []], [1, []], [3, [3, 4]], [10, [10]], [4, []], [13, []], [6, []]], [[0, [8]], [8, [15]], [15, []], [12, [12, 14]], [14, []], [5, [5, 7]], [9, [9, 2]], [2, []], [7, []]]], [[[8, [15]]], [[12, [12, 14]]], [[3, [3, 4]]], [[10, [10]]], [[5, [5, 7]]], [[9, [9, 2]]]]], [[[[0, [8]], [8, []], [15, [15, 1]], [1, []], [3, [3, 4]], [4, []], [10, [10, 13]], [13, []]], [[0, [11, 2, 6]], [11, []], [7, [7, 14, 9]], [2, []], [9, []], [5, [5, 12]], [14, []], [12, []], [6, []]]], [[[15, [15, 1]]], [[7, [9]]], [[7, [7, 14]]], [[3, [3, 4]]], [[5, [5, 12]]], [[10, [10, 13]]]]], [[[[0, [13, 6, 1, 3]], [1, []], [3, []], [10, [10, 4]], [4, []], [13, []], [6, []]], [[0, [15, 8, 11]], [11, []], [15, []], [12, [12, 14, 9, 2]], [14, []], [8, []], [5, [5, 7]], [9, []], [2, []], [7, []]]], [[[12, [9, 2]]], [[12, [12, 14]]], [[5, [5, 7]]], [[10, [10, 4]]]]]], "Numrun": 5, "all_fitness": [175.26880080354667, 177.52000000000004, 181.79999999999995]}
{"file_name": "U_15_0", "number_of_trucks": 2, "drone_capacity": 2, "number_of_drones": 2, "iteration": 4, "best_fitness": 176.76, "runtime": 66.44032955169678, "best_solution": [[[[0, [6]], [6, []], [12, [12, 13, 3]], [13, []], [4, [4, 10]], [10, []], [3, []]], [[0, [7, 2, 14, 9, 8, 15, 1, 11]], [7, []], [2, []], [9, []], [5, [5]], [14, []], [8, []], [15, []], [1, []], [11, []]]], [[[12, [12, 3]]], [[12, [13]]], [[5, [5]]], [[4, [4, 10]]]]], "all_solution": [[[[[0, [1, 13, 6, 11]], [11, []], [1, []], [3, [3, 4]], [10, [10]], [4, []], [13, []], [6, []]], [[0, [8]], [8, [15]], [15, []], [12, [12, 14]], [14, []], [5, [5, 7]], [9, [9, 2]], [2, []], [7, []]]], [[[8, [15]]], [[12, [12, 14]]], [[3, [3, 4]]], [[10, [10]]], [[5, [5, 7]]], [[9, [9, 2]]]]], [[[[0, [8]], [8, []], [15, [15, 1]], [1, []], [3, [3, 4]], [4, []], [10, [10, 13]], [13, []]], [[0, [11, 2, 6]], [11, []], [7, [7, 14, 9]], [2, []], [9, []], [5, [5, 12]], [14, []], [12, []], [6, []]]], [[[15, [15, 1]]], [[7, [9]]], [[7, [7, 14]]], [[3, [3, 4]]], [[5, [5, 12]]], [[10, [10, 13]]]]], [[[[0, [13, 6, 1, 3]], [1, []], [3, []], [10, [10, 4]], [4, []], [13, []], [6, []]], [[0, [15, 8, 11]], [11, []], [15, []], [12, [12, 14, 9, 2]], [14, []], [8, []], [5, [5, 7]], [9, []], [2, []], [7, []]]], [[[12, [9, 2]]], [[12, [12, 14]]], [[5, [5, 7]]], [[10, [10, 4]]]]], [[[[0, [6]], [6, []], [12, [12, 13, 3]], [13, []], [4, [4, 10]], [10, []], [3, []]], [[0, [7, 2, 14, 9, 8, 15, 1, 11]], [7, []], [2, []], [9, []], [5, [5]], [14, []], [8, []], [15, []], [1, []], [11, []]]], [[[12, [12, 3]]], [[12, [13]]], [[5, [5]]], [[4, [4, 10]]]]]], "Numrun": 5, "all_fitness": [175.26880080354667, 177.52000000000004, 181.79999999999995, 176.76]}
{"file_name": "U_15_0", "number_of_trucks": 2, "drone_capacity": 2, "number_of_drones": 2, "iteration": 5, "best_fitness": 175.26880080354667, "runtime": 81.8857901096344, "best_solution": [[[[0, []], [11, [11, 6]], [1, [1]], [3, [3, 4]], [10, [10, 13]], [4, []], [13, []], [6, []]], [[0, [8]], [8, [15]], [15, []], [12, [12, 14]], [14, []], [5, [5, 2]], [9, [9, 7]], [2, []], [7, []]]], [[[11, [11, 6]]], [[8, [15]]], [[1, [1]]], [[3, [3, 4]]], [[12, [12, 14]]], [[5, [5, 2]]], [[10, [10, 13]]], [[9, [9, 7]]]]], "all_solution": [[[[[0, [1, 13, 6, 11]], [11, []], [1, []], [3, [3, 4]], [10, [10]], [4, []], [13, []], [6, []]], [[0, [8]], [8, [15]], [15, []], [12, [12, 14]], [14, []], [5, [5, 7]], [9, [9, 2]], [2, []], [7, []]]], [[[8, [15]]], [[12, [12, 14]]], [[3, [3, 4]]], [[10, [10]]], [[5, [5, 7]]], [[9, [9, 2]]]]], [[[[0, [8]], [8, []], [15, [15, 1]], [1, []], [3, [3, 4]], [4, []], [10, [10, 13]], [13, []]], [[0, [11, 2, 6]], [11, []], [7, [7, 14, 9]], [2, []], [9, []], [5, [5, 12]], [14, []], [12, []], [6, []]]], [[[15, [15, 1]]], [[7, [9]]], [[7, [7, 14]]], [[3, [3, 4]]], [[5, [5, 12]]], [[10, [10, 13]]]]], [[[[0, [13, 6, 1, 3]], [1, []], [3, []], [10, [10, 4]], [4, []], [13, []], [6, []]], [[0, [15, 8, 11]], [11, []], [15, []], [12, [12, 14, 9, 2]], [14, []], [8, []], [5, [5, 7]], [9, []], [2, []], [7, []]]], [[[12, [9, 2]]], [[12, [12, 14]]], [[5, [5, 7]]], [[10, [10, 4]]]]], [[[[0, [6]], [6, []], [12, [12, 13, 3]], [13, []], [4, [4, 10]], [10, []], [3, []]], [[0, [7, 2, 14, 9, 8, 15, 1, 11]], [7, []], [2, []], [9, []], [5, [5]], [14, []], [8, []], [15, []], [1, []], [11, []]]], [[[12, [12, 3]]], [[12, [13]]], [[5, [5]]], [[4, [4, 10]]]]], [[[[0, []], [11, [11, 6]], [1, [1]], [3, [3, 4]], [10, [10, 13]], [4, []], [13, []], [6, []]], [[0, [8]], [8, [15]], [15, []], [12, [12, 14]], [14, []], [5, [5, 2]], [9, [9, 7]], [2, []], [7, []]]], [[[11, [11, 6]]], [[8, [15]]], [[1, [1]]], [[3, [3, 4]]], [[12, [12, 14]]], [[5, [5, 2]]], [[10, [10, 13]]], [[9, [9, 7]]]]]], "Numrun": 5, "all_fitness": [175.26880080354667, 177.52000000000004, 181.79999999999995, 176.76, 175.26880080354667]}
