{"file_name": "U_20_1", "number_of_trucks": 2, "drone_capacity": 2, "number_of_drones": 2, "iteration": 1, "best_fitness": 372.9211471307059, "runtime": 202.023663520813, "best_solution": [[[[0, [13, 12, 20, 17, 10, 3, 4]], [3, []], [4, []], [13, []], [12, []], [17, []], [20, []], [10, []]], [[0, []], [14, [14]], [1, [1, 2]], [8, [8, 9]], [2, []], [9, []], [6, [6, 19]], [19, []], [7, [7, 11]], [15, [15, 18]], [18, []], [11, []], [16, [16, 5]], [5, []]]], [[[14, [14]]], [[1, [1, 2]]], [[8, [8, 9]]], [[6, [6, 19]]], [[7, [7, 11]]], [[15, [15, 18]]], [[16, [16, 5]]]]], "all_solution": [[[[[0, [13, 12, 20, 17, 10, 3, 4]], [3, []], [4, []], [13, []], [12, []], [17, []], [20, []], [10, []]], [[0, []], [14, [14]], [1, [1, 2]], [8, [8, 9]], [2, []], [9, []], [6, [6, 19]], [19, []], [7, [7, 11]], [15, [15, 18]], [18, []], [11, []], [16, [16, 5]], [5, []]]], [[[14, [14]]], [[1, [1, 2]]], [[8, [8, 9]]], [[6, [6, 19]]], [[7, [7, 11]]], [[15, [15, 18]]], [[16, [16, 5]]]]]], "Numrun": 5, "all_fitness": [372.9211471307059]}
{"file_name": "U_20_1", "number_of_trucks": 2, "drone_capacity": 2, "number_of_drones": 2, "iteration": 2, "best_fitness": 376.6551910039559, "runtime": 178.58250951766968, "best_solution": [[[[0, [1, 15, 18, 11, 5]], [1, []], [7, [7]], [15, []], [18, []], [11, []], [5, []], [16, [16]]], [[0, []], [14, [14]], [19, [19, 2]], [9, [9, 6]], [2, []], [6, []], [10, [10, 8]], [20, [20, 17]], [17, []], [8, []], [12, [12, 13]], [13, []], [3, [3, 4]], [4, []]]], [[[14, [14]]], [[19, [19, 2]]], [[9, [9, 6]]], [[10, [10, 8]]], [[20, [20, 17]]], [[7, [7]]], [[12, [12, 13]]], [[3, [3, 4]]], [[16, [16]]]]], "all_solution": [[[[[0, [13, 12, 20, 17, 10, 3, 4]], [3, []], [4, []], [13, []], [12, []], [17, []], [20, []], [10, []]], [[0, []], [14, [14]], [1, [1, 2]], [8, [8, 9]], [2, []], [9, []], [6, [6, 19]], [19, []], [7, [7, 11]], [15, [15, 18]], [18, []], [11, []], [16, [16, 5]], [5, []]]], [[[14, [14]]], [[1, [1, 2]]], [[8, [8, 9]]], [[6, [6, 19]]], [[7, [7, 11]]], [[15, [15, 18]]], [[16, [16, 5]]]]], [[[[0, [1, 15, 18, 11, 5]], [1, []], [7, [7]], [15, []], [18, []], [11, []], [5, []], [16, [16]]], [[0, []], [14, [14]], [19, [19, 2]], [9, [9, 6]], [2, []], [6, []], [10, [10, 8]], [20, [20, 17]], [17, []], [8, []], [12, [12, 13]], [13, []], [3, [3, 4]], [4, []]]], [[[14, [14]]], [[19, [19, 2]]], [[9, [9, 6]]], [[10, [10, 8]]], [[20, [20, 17]]], [[7, [7]]], [[12, [12, 13]]], [[3, [3, 4]]], [[16, [16]]]]]], "Numrun": 5, "all_fitness": [372.9211471307059, 376.6551910039559]}
{"file_name": "U_20_1", "number_of_trucks": 2, "drone_capacity": 2, "number_of_drones": 2, "iteration": 3, "best_fitness": 391.37091530389085, "runtime": 150.96351075172424, "best_solution": [[[[0, []], [14, [14]], [1, [1, 19]], [19, []], [15, [15, 4]], [12, [12, 13]], [13, []], [4, []], [3, [3, 17]], [17, []], [20, [20, 10]], [10, []]], [[0, []], [2, [2]], [11, [11, 6]], [8, [8, 9]], [6, []], [9, []], [7, [7, 18]], [18, []], [16, [16, 5]], [5, []]]], [[[14, [14]]], [[2, [2]]], [[1, [1, 19]]], [[11, [11, 6]]], [[15, [15, 4]]], [[8, [8, 9]]], [[12, [12, 13]]], [[3, [3, 17]]], [[7, [7, 18]]], [[20, [20, 10]]], [[16, [16, 5]]]]], "all_solution": [[[[[0, [13, 12, 20, 17, 10, 3, 4]], [3, []], [4, []], [13, []], [12, []], [17, []], [20, []], [10, []]], [[0, []], [14, [14]], [1, [1, 2]], [8, [8, 9]], [2, []], [9, []], [6, [6, 19]], [19, []], [7, [7, 11]], [15, [15, 18]], [18, []], [11, []], [16, [16, 5]], [5, []]]], [[[14, [14]]], [[1, [1, 2]]], [[8, [8, 9]]], [[6, [6, 19]]], [[7, [7, 11]]], [[15, [15, 18]]], [[16, [16, 5]]]]], [[[[0, [1, 15, 18, 11, 5]], [1, []], [7, [7]], [15, []], [18, []], [11, []], [5, []], [16, [16]]], [[0, []], [14, [14]], [19, [19, 2]], [9, [9, 6]], [2, []], [6, []], [10, [10, 8]], [20, [20, 17]], [17, []], [8, []], [12, [12, 13]], [13, []], [3, [3, 4]], [4, []]]], [[[14, [14]]], [[19, [19, 2]]], [[9, [9, 6]]], [[10, [10, 8]]], [[20, [20, 17]]], [[7, [7]]], [[12, [12, 13]]], [[3, [3, 4]]], [[16, [16]]]]], [[[[0, []], [14, [14]], [1, [1, 19]], [19, []], [15, [15, 4]], [12, [12, 13]], [13, []], [4, []], [3, [3, 17]], [17, []], [20, [20, 10]], [10, []]], [[0, []], [2, [2]], [11, [11, 6]], [8, [8, 9]], [6, []], [9, []], [7, [7, 18]], [18, []], [16, [16, 5]], [5, []]]], [[[14, [14]]], [[2, [2]]], [[1, [1, 19]]], [[11, [11, 6]]], [[15, [15, 4]]], [[8, [8, 9]]], [[12, [12, 13]]], [[3, [3, 17]]], [[7, [7, 18]]], [[20, [20, 10]]], [[16, [16, 5]]]]]], "Numrun": 5, "all_fitness": [372.9211471307059, 376.6551910039559, 391.37091530389085]}
{"file_name": "U_20_1", "number_of_trucks": 2, "drone_capacity": 2, "number_of_drones": 2, "iteration": 4, "best_fitness": 383.32114713070587, "runtime": 189.94289350509644, "best_solution": [[[[0, [9, 6, 2, 19]], [10, [10]], [2, []], [19, []], [9, []], [6, []], [7, [7, 18]], [18, [15, 11]], [15, []], [16, [16, 5]], [11, []], [5, []]], [[0, [1, 14]], [14, [8]], [4, [20, 4, 13, 17]], [3, [3, 12]], [13, []], [12, []], [8, []], [17, []], [20, []], [1, []]]], [[[14, [8]]], [[10, [10]]], [[4, [4, 13]]], [[4, [20, 17]]], [[3, [3, 12]]], [[7, [7, 18]]], [[18, [15, 11]]], [[16, [16, 5]]]]], "all_solution": [[[[[0, [13, 12, 20, 17, 10, 3, 4]], [3, []], [4, []], [13, []], [12, []], [17, []], [20, []], [10, []]], [[0, []], [14, [14]], [1, [1, 2]], [8, [8, 9]], [2, []], [9, []], [6, [6, 19]], [19, []], [7, [7, 11]], [15, [15, 18]], [18, []], [11, []], [16, [16, 5]], [5, []]]], [[[14, [14]]], [[1, [1, 2]]], [[8, [8, 9]]], [[6, [6, 19]]], [[7, [7, 11]]], [[15, [15, 18]]], [[16, [16, 5]]]]], [[[[0, [1, 15, 18, 11, 5]], [1, []], [7, [7]], [15, []], [18, []], [11, []], [5, []], [16, [16]]], [[0, []], [14, [14]], [19, [19, 2]], [9, [9, 6]], [2, []], [6, []], [10, [10, 8]], [20, [20, 17]], [17, []], [8, []], [12, [12, 13]], [13, []], [3, [3, 4]], [4, []]]], [[[14, [14]]], [[19, [19, 2]]], [[9, [9, 6]]], [[10, [10, 8]]], [[20, [20, 17]]], [[7, [7]]], [[12, [12, 13]]], [[3, [3, 4]]], [[16, [16]]]]], [[[[0, []], [14, [14]], [1, [1, 19]], [19, []], [15, [15, 4]], [12, [12, 13]], [13, []], [4, []], [3, [3, 17]], [17, []], [20, [20, 10]], [10, []]], [[0, []], [2, [2]], [11, [11, 6]], [8, [8, 9]], [6, []], [9, []], [7, [7, 18]], [18, []], [16, [16, 5]], [5, []]]], [[[14, [14]]], [[2, [2]]], [[1, [1, 19]]], [[11, [11, 6]]], [[15, [15, 4]]], [[8, [8, 9]]], [[12, [12, 13]]], [[3, [3, 17]]], [[7, [7, 18]]], [[20, [20, 10]]], [[16, [16, 5]]]]], [[[[0, [9, 6, 2, 19]], [10, [10]], [2, []], [19, []], [9, []], [6, []], [7, [7, 18]], [18, [15, 11]], [15, []], [16, [16, 5]], [11, []], [5, []]], [[0, [1, 14]], [14, [8]], [4, [20, 4, 13, 17]], [3, [3, 12]], [13, []], [12, []], [8, []], [17, []], [20, []], [1, []]]], [[[14, [8]]], [[10, [10]]], [[4, [4, 13]]], [[4, [20, 17]]], [[3, [3, 12]]], [[7, [7, 18]]], [[18, [15, 11]]], [[16, [16, 5]]]]]], "Numrun": 5, "all_fitness": [372.9211471307059, 376.6551910039559, 391.37091530389085, 383.32114713070587]}
{"file_name": "U_20_1", "number_of_trucks": 2, "drone_capacity": 2, "number_of_drones": 2, "iteration": 5, "best_fitness": 375.36264302467646, "runtime": 153.6846408843994, "best_solution": [[[[0, []], [1, [1]], [14, [14]], [11, [11, 10]], [3, [3, 13, 20, 17]], [13, []], [12, [12, 18]], [17, []], [20, []], [10, []], [18, []]], [[0, [19, 6, 9, 2]], [4, [8, 4]], [8, []], [6, []], [19, []], [2, []], [9, []], [7, [7, 16]], [15, [15, 5]], [16, []], [5, []]]], [[[1, [1]]], [[14, [14]]], [[4, [8, 4]]], [[11, [11, 10]]], [[3, [20, 17]]], [[3, [3, 13]]], [[12, [12, 18]]], [[7, [7, 16]]], [[15, [15, 5]]]]],