{"file_name": "U_15_0", "number_of_trucks": 2, "drone_capacity": 2, "number_of_drones": 2, "iteration": 1, "best_fitness": 213.04000000000002, "runtime": 79.82480025291443, "best_solution": [[[[0, [11, 12]], [11, []], [12, []], [4, [4, 10, 2, 13]], [10, []], [13, []], [2, []], [15, [15]]], [[0, [8, 1, 6, 5, 7, 9, 14, 3]], [5, []], [14, []], [8, []], [3, []], [6, []], [1, []], [9, []], [7, []]]], [[[4, [2, 13]]], [[4, [4, 10]]], [[15, [15]]]]], "all_solution": [[[[[0, [11, 12]], [11, []], [12, []], [4, [4, 10, 2, 13]], [10, []], [13, []], [2, []], [15, [15]]], [[0, [8, 1, 6, 5, 7, 9, 14, 3]], [5, []], [14, []], [8, []], [3, []], [6, []], [1, []], [9, []], [7, []]]], [[[4, [2, 13]]], [[4, [4, 10]]], [[15, [15]]]]]], "Numrun": 5, "all_fitness": [213.04000000000002]}
{"file_name": "U_15_0", "number_of_trucks": 2, "drone_capacity": 2, "number_of_drones": 2, "iteration": 2, "best_fitness": 206.89607482315358, "runtime": 55.19282078742981, "best_solution": [[[[0, []], [11, [11]], [15, [15, 12]], [12, []], [4, [4, 10]], [10, []], [2, [2]]], [[0, []], [13, [13, 5, 3]], [5, [1, 9]], [8, [8, 14]], [3, []], [14, []], [6, [6, 7]], [1, []], [9, []], [7, []]]], [[[13, [13, 5]]], [[11, [11]]], [[13, [3]]], [[15, [15, 12]]], [[5, [1, 9]]], [[8, [8, 14]]], [[4, [4, 10]]], [[6, [6, 7]]], [[2, [2]]]]], "all_solution": [[[[[0, [11, 12]], [11, []], [12, []], [4, [4, 10, 2, 13]], [10, []], [13, []], [2, []], [15, [15]]], [[0, [8, 1, 6, 5, 7, 9, 14, 3]], [5, []], [14, []], [8, []], [3, []], [6, []], [1, []], [9, []], [7, []]]], [[[4, [2, 13]]], [[4, [4, 10]]], [[15, [15]]]]], [[[[0, []], [11, [11]], [15, [15, 12]], [12, []], [4, [4, 10]], [10, []], [2, [2]]], [[0, []], [13, [13, 5, 3]], [5, [1, 9]], [8, [8, 14]], [3, []], [14, []], [6, [6, 7]], [1, []], [9, []], [7, []]]], [[[13, [13, 5]]], [[11, [11]]], [[13, [3]]], [[15, [15, 12]]], [[5, [1, 9]]], [[8, [8, 14]]], [[4, [4, 10]]], [[6, [6, 7]]], [[2, [2]]]]]], "Numrun": 5, "all_fitness": [213.04000000000002, 206.89607482315358]}
{"file_name": "U_15_0", "number_of_trucks": 2, "drone_capacity": 2, "number_of_drones": 2, "iteration": 3, "best_fitness": 211.22539051014783, "runtime": 54.575637340545654, "best_solution": [[[[0, [11, 5, 13, 3]], [5, []], [13, []], [3, []], [14, [14, 8]], [8, []], [11, []], [6, [6, 1]], [1, []]], [[0, []], [12, [12]], [15, [15]], [2, [2, 10, 9]], [10, []], [4, [4, 7]], [9, []], [7, []]]], [[[12, [12]]], [[15, [15]]], [[2, [9]]], [[2, [2, 10]]], [[14, [14, 8]]], [[4, [4, 7]]], [[6, [6, 1]]]]], "all_solution": [[[[[0, [11, 12]], [11, []], [12, []], [4, [4, 10, 2, 13]], [10, []], [13, []], [2, []], [15, [15]]], [[0, [8, 1, 6, 5, 7, 9, 14, 3]], [5, []], [14, []], [8, []], [3, []], [6, []], [1, []], [9, []], [7, []]]], [[[4, [2, 13]]], [[4, [4, 10]]], [[15, [15]]]]], [[[[0, []], [11, [11]], [15, [15, 12]], [12, []], [4, [4, 10]], [10, []], [2, [2]]], [[0, []], [13, [13, 5, 3]], [5, [1, 9]], [8, [8, 14]], [3, []], [14, []], [6, [6, 7]], [1, []], [9, []], [7, []]]], [[[13, [13, 5]]], [[11, [11]]], [[13, [3]]], [[15, [15, 12]]], [[5, [1, 9]]], [[8, [8, 14]]], [[4, [4, 10]]], [[6, [6, 7]]], [[2, [2]]]]], [[[[0, [11, 5, 13, 3]], [5, []], [13, []], [3, []], [14, [14, 8]], [8, []], [11, []], [6, [6, 1]], [1, []]], [[0, []], [12, [12]], [15, [15]], [2, [2, 10, 9]], [10, []], [4, [4, 7]], [9, []], [7, []]]], [[[12, [12]]], [[15, [15]]], [[2, [9]]], [[2, [2, 10]]], [[14, [14, 8]]], [[4, [4, 7]]], [[6, [6, 1]]]]]], "Numrun": 5, "all_fitness": [213.04000000000002, 206.89607482315358, 211.22539051014783]}
{"file_name": "U_15_0", "number_of_trucks": 2, "drone_capacity": 2, "number_of_drones": 2, "iteration": 4, "best_fitness": 210.0007498728979, "runtime": 84.17680549621582, "best_solution": [[[[0, []], [12, [12]], [15, [15]], [2, [2, 9, 1]], [10, [4, 10]], [4, []], [9, []], [1, []]], [[0, [3, 11, 13, 5]], [13, []], [5, []], [3, []], [14, [14, 8]], [8, []], [11, []], [6, [6, 7]], [7, []]]], [[[12, [12]]], [[15, [15]]], [[2, [2, 9]]], [[2, [1]]], [[10, [4, 10]]], [[14, [14, 8]]], [[6, [6, 7]]]]], "all_solution": [[[[[0, [11, 12]], [11, []], [12, []], [4, [4, 10, 2, 13]], [10, []], [13, []], [2, []], [15, [15]]], [[0, [8, 1, 6, 5, 7, 9, 14, 3]], [5, []], [14, []], [8, []], [3, []], [6, []], [1, []], [9, []], [7, []]]], [[[4, [2, 13]]], [[4, [4, 10]]], [[15, [15]]]]], [[[[0, []], [11, [11]], [15, [15, 12]], [12, []], [4, [4, 10]], [10, []], [2, [2]]], [[0, []], [13, [13, 5, 3]], [5, [1, 9]], [8, [8, 14]], [3, []], [14, []], [6, [6, 7]], [1, []], [9, []], [7, []]]], [[[13, [13, 5]]], [[11, [11]]], [[13, [3]]], [[15, [15, 12]]], [[5, [1, 9]]], [[8, [8, 14]]], [[4, [4, 10]]], [[6, [6, 7]]], [[2, [2]]]]], [[[[0, [11, 5, 13, 3]], [5, []], [13, []], [3, []], [14, [14, 8]], [8, []], [11, []], [6, [6, 1]], [1, []]], [[0, []], [12, [12]], [15, [15]], [2, [2, 10, 9]], [10, []], [4, [4, 7]], [9, []], [7, []]]], [[[12, [12]]], [[15, [15]]], [[2, [9]]], [[2, [2, 10]]], [[14, [14, 8]]], [[4, [4, 7]]], [[6, [6, 1]]]]], [[[[0, []], [12, [12]], [15, [15]], [2, [2, 9, 1]], [10, [4, 10]], [4, []], [9, []], [1, []]], [[0, [3, 11, 13, 5]], [13, []], [5, []], [3, []], [14, [14, 8]], [8, []], [11, []], [6, [6, 7]], [7, []]]], [[[12, [12]]], [[15, [15]]], [[2, [2, 9]]], [[2, [1]]], [[10, [4, 10]]], [[14, [14, 8]]], [[6, [6, 7]]]]]], "Numrun": 5, "all_fitness": [213.04000000000002, 206.89607482315358, 211.22539051014783, 210.0007498728979]}
{"file_name": "U_15_0", "number_of_trucks": 2, "drone_capacity": 2, "number_of_drones": 2, "iteration": 5, "best_fitness": 218.22294140204014, "runtime": 53.22694730758667, "best_solution": [[[[0, [5, 1, 13, 6, 14, 7, 3, 8]], [7, []], [1, []], [6, []], [5, []], [14, []], [3, []], [8, []], [13, []]], [[0, [12, 11]], [11, []], [9, [9, 15]], [12, []], [4, [4, 10]], [10, []], [2, [2]], [15, []]]], [[[9, [9, 15]]], [[4, [4, 10]]], [[2, [2]]]]], "all_solution": [[[[[0, [11, 12]], [11, []], [12, []], [4, [4, 10, 2, 13]], [10, []], [13, []], [2, []], [15, [15]]], [[0, [8, 1, 6, 5, 7, 9, 14, 3]], [5, []], [14, []], [8, []], [3, []], [6, []], [1, []], [9, []], [7, []]]], [[[4, [2, 13]]], [[4, [4, 10]]], [[15, [15]]]]], [[[[0, []], [11, [11]], [15, [15, 12]], [12, []], [4, [4, 10]], [10, []], [2, [2]]], [[0, []], [13, [13, 5, 3]], [5, [1, 9]], [8, [8, 14]], [3, []], [14, []], [6, [6, 7]], [1, []], [9, []], [7, []]]], [[[13, [13, 5]]], [[11, [11]]], [[13, [3]]], [[15, [15, 12]]], [[5, [1, 9]]], [[8, [8, 14]]], [[4, [4, 10]]], [[6, [6, 7]]], [[2, [2]]]]], [[[[0, [11, 5, 13, 3]], [5, []], [13, []], [3, []], [14, [14, 8]], [8, []], [11, []], [6, [6, 1]], [1, []]], [[0, []], [12, [12]], [15, [15]], [2, [2, 10, 9]], [10, []], [4, [4, 7]], [9, []], [7, []]]], [[[12, [12]]], [[15, [15]]], [[2, [9]]], [[2, [2, 10]]], [[14, [14, 8]]], [[4, [4, 7]]], [[6, [6, 1]]]]], [[[[0, []], [12, [12]], [15, [15]], [2, [2, 9, 1]], [10, [4, 10]], [4, []], [9, []], [1, []]], [[0, [3, 11, 13, 5]], [13, []], [5, []], [3, []], [14, [14, 8]], [8, []], [11, []], [6, [6, 7]], [7, []]]], [[[12, [12]]], [[15, [15]]], [[2, [2, 9]]], [[2, [1]]], [[10, [4, 10]]], [[14, [14, 8]]], [[6, [6, 7]]]]], [[[[0, [5, 1, 13, 6, 14, 7, 3, 8]], [7, []], [1, []], [6, []], [5, []], [14, []], [3, []], [8, []], [13, []]], [[0, [12, 11]], [11, []], [9, [9, 15]], [12, []], [4, [4, 10]], [10, []], [2, [2]], [15, []]]], [[[9, [9, 15]]], [[4, [4, 10]]], [[2, [2]]]]]], "Numrun": 5, "all_fitness": [213.04000000000002, 206.89607482315358, 211.22539051014783, 210.0007498728979, 218.22294140204014]}
