{"file_name": "U_15_1", "number_of_trucks": 2, "drone_capacity": 2, "number_of_drones": 2, "iteration": 1, "best_fitness": 325.0146267508784, "runtime": 43.72567892074585, "best_solution": [[[[0, [2, 7]], [2, []], [7, []], [10, [10]], [6, [6, 1]], [11, [11]], [1, []], [4, [4]]], [[0, [12]], [12, []], [5, [5, 13]], [13, []], [9, [9, 8]], [8, []], [14, [14, 15]], [15, []], [3, [3]]]], [[[5, [5, 13]]], [[10, [10]]], [[6, [6, 1]]], [[9, [9, 8]]], [[11, [11]]], [[14, [14, 15]]], [[4, [4]]], [[3, [3]]]]], "all_solution": [[[[[0, [2, 7]], [2, []], [7, []], [10, [10]], [6, [6, 1]], [11, [11]], [1, []], [4, [4]]], [[0, [12]], [12, []], [5, [5, 13]], [13, []], [9, [9, 8]], [8, []], [14, [14, 15]], [15, []], [3, [3]]]], [[[5, [5, 13]]], [[10, [10]]], [[6, [6, 1]]], [[9, [9, 8]]], [[11, [11]]], [[14, [14, 15]]], [[4, [4]]], [[3, [3]]]]]], "Numrun": 5, "all_fitness": [325.0146267508784]}
{"file_name": "U_15_1", "number_of_trucks": 2, "drone_capacity": 2, "number_of_drones": 2, "iteration": 2, "best_fitness": 325.0146267508784, "runtime": 56.517998695373535, "best_solution": [[[[0, [12]], [12, []], [13, [13, 10]], [6, [6]], [11, [11, 1]], [1, []], [10, []], [4, [4]]], [[0, [5, 7, 2]], [5, []], [7, []], [2, []], [9, [9]], [8, [8, 14]], [14, []], [15, [15]], [3, [3]]]], [[[13, [13, 10]]], [[9, [9]]], [[6, [6]]], [[8, [8, 14]]], [[11, [11, 1]]], [[15, [15]]], [[3, [3]]], [[4, [4]]]]], "all_solution": [[[[[0, [2, 7]], [2, []], [7, []], [10, [10]], [6, [6, 1]], [11, [11]], [1, []], [4, [4]]], [[0, [12]], [12, []], [5, [5, 13]], [13, []], [9, [9, 8]], [8, []], [14, [14, 15]], [15, []], [3, [3]]]], [[[5, [5, 13]]], [[10, [10]]], [[6, [6, 1]]], [[9, [9, 8]]], [[11, [11]]], [[14, [14, 15]]], [[4, [4]]], [[3, [3]]]]], [[[[0, [12]], [12, []], [13, [13, 10]], [6, [6]], [11, [11, 1]], [1, []], [10, []], [4, [4]]], [[0, [5, 7, 2]], [5, []], [7, []], [2, []], [9, [9]], [8, [8, 14]], [14, []], [15, [15]], [3, [3]]]], [[[13, [13, 10]]], [[9, [9]]], [[6, [6]]], [[8, [8, 14]]], [[11, [11, 1]]], [[15, [15]]], [[3, [3]]], [[4, [4]]]]]], "Numrun": 5, "all_fitness": [325.0146267508784, 325.0146267508784]}
{"file_name": "U_15_1", "number_of_trucks": 2, "drone_capacity": 2, "number_of_drones": 2, "iteration": 3, "best_fitness": 325.0146267508784, "runtime": 46.21902799606323, "best_solution": [[[[0, [2, 7]], [9, [9]], [2, []], [7, []], [15, [15, 14]], [14, []], [8, [8, 1]], [1, []], [3, [3]]], [[0, [12]], [12, []], [5, [5]], [10, [10, 13]], [6, [6, 11]], [11, []], [13, []], [4, [4]]]], [[[5, [5]]], [[10, [10, 13]]], [[9, [9]]], [[6, [6, 11]]], [[15, [15, 14]]], [[8, [8, 1]]], [[4, [4]]], [[3, [3]]]]], "all_solution": [[[[[0, [2, 7]], [2, []], [7, []], [10, [10]], [6, [6, 1]], [11, [11]], [1, []], [4, [4]]], [[0, [12]], [12, []], [5, [5, 13]], [13, []], [9, [9, 8]], [8, []], [14, [14, 15]], [15, []], [3, [3]]]], [[[5, [5, 13]]], [[10, [10]]], [[6, [6, 1]]], [[9, [9, 8]]], [[11, [11]]], [[14, [14, 15]]], [[4, [4]]], [[3, [3]]]]], [[[[0, [12]], [12, []], [13, [13, 10]], [6, [6]], [11, [11, 1]], [1, []], [10, []], [4, [4]]], [[0, [5, 7, 2]], [5, []], [7, []], [2, []], [9, [9]], [8, [8, 14]], [14, []], [15, [15]], [3, [3]]]], [[[13, [13, 10]]], [[9, [9]]], [[6, [6]]], [[8, [8, 14]]], [[11, [11, 1]]], [[15, [15]]], [[3, [3]]], [[4, [4]]]]], [[[[0, [2, 7]], [9, [9]], [2, []], [7, []], [15, [15, 14]], [14, []], [8, [8, 1]], [1, []], [3, [3]]], [[0, [12]], [12, []], [5, [5]], [10, [10, 13]], [6, [6, 11]], [11, []], [13, []], [4, [4]]]], [[[5, [5]]], [[10, [10, 13]]], [[9, [9]]], [[6, [6, 11]]], [[15, [15, 14]]], [[8, [8, 1]]], [[4, [4]]], [[3, [3]]]]]], "Numrun": 5, "all_fitness": [325.0146267508784, 325.0146267508784, 325.0146267508784]}
{"file_name": "U_15_1", "number_of_trucks": 2, "drone_capacity": 2, "number_of_drones": 2, "iteration": 4, "best_fitness": 325.0146267508784, "runtime": 40.86230826377869, "best_solution": [[[[0, [2, 7]], [2, []], [7, []], [10, [10]], [6, [6, 8]], [15, [15]], [8, []], [14, [14, 11]], [11, []], [3, [3]]], [[0, []], [12, [12]], [5, [5]], [13, [13]], [9, [9, 1]], [1, []], [4, [4]]]], [[[12, [12]]], [[5, [5]]], [[13, [13]]], [[10, [10]]], [[6, [6, 8]]], [[9, [9, 1]]], [[15, [15]]], [[14, [14, 11]]], [[3, [3]]], [[4, [4]]]]], "all_solution": [[[[[0, [2, 7]], [2, []], [7, []], [10, [10]], [6, [6, 1]], [11, [11]], [1, []], [4, [4]]], [[0, [12]], [12, []], [5, [5, 13]], [13, []], [9, [9, 8]], [8, []], [14, [14, 15]], [15, []], [3, [3]]]], [[[5, [5, 13]]], [[10, [10]]], [[6, [6, 1]]], [[9, [9, 8]]], [[11, [11]]], [[14, [14, 15]]], [[4, [4]]], [[3, [3]]]]], [[[[0, [12]], [12, []], [13, [13, 10]], [6, [6]], [11, [11, 1]], [1, []], [10, []], [4, [4]]], [[0, [5, 7, 2]], [5, []], [7, []], [2, []], [9, [9]], [8, [8, 14]], [14, []], [15, [15]], [3, [3]]]], [[[13, [13, 10]]], [[9, [9]]], [[6, [6]]], [[8, [8, 14]]], [[11, [11, 1]]], [[15, [15]]], [[3, [3]]], [[4, [4]]]]], [[[[0, [2, 7]], [9, [9]], [2, []], [7, []], [15, [15, 14]], [14, []], [8, [8, 1]], [1, []], [3, [3]]], [[0, [12]], [12, []], [5, [5]], [10, [10, 13]], [6, [6, 11]], [11, []], [13, []], [4, [4]]]], [[[5, [5]]], [[10, [10, 13]]], [[9, [9]]], [[6, [6, 11]]], [[15, [15, 14]]], [[8, [8, 1]]], [[4, [4]]], [[3, [3]]]]], [[[[0, [2, 7]], [2, []], [7, []], [10, [10]], [6, [6, 8]], [15, [15]], [8, []], [14, [14, 11]], [11, []], [3, [3]]], [[0, []], [12, [12]], [5, [5]], [13, [13]], [9, [9, 1]], [1, []], [4, [4]]]], [[[12, [12]]], [[5, [5]]], [[13, [13]]], [[10, [10]]], [[6, [6, 8]]], [[9, [9, 1]]], [[15, [15]]], [[14, [14, 11]]], [[3, [3]]], [[4, [4]]]]]], "Numrun": 5, "all_fitness": [325.0146267508784, 325.0146267508784, 325.0146267508784, 325.0146267508784]}
{"file_name": "U_15_1", "number_of_trucks": 2, "drone_capacity": 2, "number_of_drones": 2, "iteration": 5, "best_fitness": 325.0146267508784, "runtime": 45.090980052948, "best_solution": [[[[0, [2, 12]], [12, []], [2, []], [13, [13]], [6, [6, 11]], [11, []], [1, [1, 14]], [3, [3, 15]], [15, []], [14, []]], [[0, [5]], [5, [7]], [7, [10]], [8, [8, 9]], [9, []], [10, []], [4, [4]]]], [[[5, [7]]], [[7, [10]]], [[13, [13]]], [[8, [8, 9]]], [[6, [6, 11]]], [[4, [4]]], [[1, [1, 14]]], [[3, [3, 15]]]]], "all_solution": [[[[[0, [2, 7]], [2, []], [7, []], [10, [10]], [6, [6, 1]], [11, [11]], [1, []], [4, [4]]], [[0, [12]], [12, []], [5, [5, 13]], [13, []], [9, [9, 8]], [8, []], [14, [14, 15]], [15, []], [3, [3]]]], [[[5, [5, 13]]], [[10, [10]]], [[6, [6, 1]]], [[9, [9, 8]]], [[11, [11]]], [[14, [14, 15]]], [[4, [4]]], [[3, [3]]]]], [[[[0, [12]], [12, []], [13, [13, 10]], [6, [6]], [11, [11, 1]], [1, []], [10, []], [4, [4]]], [[0, [5, 7, 2]], [5, []], [7, []], [2, []], [9, [9]], [8, [8, 14]], [14, []], [15, [15]], [3, [3]]]], [[[13, [13, 10]]], [[9, [9]]], [[6, [6]]], [[8, [8, 14]]], [[11, [11, 1]]], [[15, [15]]], [[3, [3]]], [[4, [4]]]]], [[[[0, [2, 7]], [9, [9]], [2, []], [7, []], [15, [15, 14]], [14, []], [8, [8, 1]], [1, []], [3, [3]]], [[0, [12]], [12, []], [5, [5]], [10, [10, 13]], [6, [6, 11]], [11, []], [13, []], [4, [4]]]], [[[5, [5]]], [[10, [10, 13]]], [[9, [9]]], [[6, [6, 11]]], [[15, [15, 14]]], [[8, [8, 1]]], [[4, [4]]], [[3, [3]]]]], [[[[0, [2, 7]], [2, []], [7, []], [10, [10]], [6, [6, 8]], [15, [15]], [8, []], [14, [14, 11]], [11, []], [3, [3]]], [[0, []], [12, [12]], [5, [5]], [13, [13]], [9, [9, 1]], [1, []], [4, [4]]]], [[[12, [12]]], [[5, [5]]], [[13, [13]]], [[10, [10]]], [[6, [6, 8]]], [[9, [9, 1]]], [[15, [15]]], [[14, [14, 11]]], [[3, [3]]], [[4, [4]]]]], [[[[0, [2, 12]], [12, []], [2, []], [13, [13]], [6, [6, 11]], [11, []], [1, [1, 14]], [3, [3, 15]], [15, []], [14, []]], [[0, [5]], [5, [7]], [7, [10]], [8, [8, 9]], [9, []], [10, []], [4, [4]]]], [[[5, [7]]], [[7, [10]]], [[13, [13]]], [[8, [8, 9]]], [[6, [6, 11]]], [[4, [4]]], [[1, [1, 14]]], [[3, [3, 15]]]]]], "Numrun": 5, "all_fitness": [325.0146267508784, 325.0146267508784, 325.0146267508784, 325.0146267508784, 325.0146267508784]}
