{"file_name": "U_20_1", "number_of_trucks": 2, "drone_capacity": 2, "number_of_drones": 2, "iteration": 1, "best_fitness": 279.9454020970766, "runtime": 191.1654143333435, "best_solution": [[[[0, [6, 14, 15, 4, 18]], [15, []], [4, []], [1, [1, 7]], [14, []], [18, []], [17, [17, 5]], [7, []], [6, []], [5, []]], [[0, [10]], [10, []], [11, [11]], [8, [8, 13]], [20, [20, 9]], [9, []], [12, [12, 16]], [16, []], [2, [2, 3]], [3, []], [13, []], [19, [19]]]], [[[11, [11]]], [[8, [8, 13]]], [[20, [20, 9]]], [[1, [1, 7]]], [[12, [12, 16]]], [[17, [17, 5]]], [[2, [2, 3]]], [[19, [19]]]]], "all_solution": [[[[[0, [6, 14, 15, 4, 18]], [15, []], [4, []], [1, [1, 7]], [14, []], [18, []], [17, [17, 5]], [7, []], [6, []], [5, []]], [[0, [10]], [10, []], [11, [11]], [8, [8, 13]], [20, [20, 9]], [9, []], [12, [12, 16]], [16, []], [2, [2, 3]], [3, []], [13, []], [19, [19]]]], [[[11, [11]]], [[8, [8, 13]]], [[20, [20, 9]]], [[1, [1, 7]]], [[12, [12, 16]]], [[17, [17, 5]]], [[2, [2, 3]]], [[19, [19]]]]]], "Numrun": 5, "all_fitness": [279.9454020970766]}
{"file_name": "U_20_1", "number_of_trucks": 2, "drone_capacity": 2, "number_of_drones": 2, "iteration": 2, "best_fitness": 281.6301354089934, "runtime": 132.2947518825531, "best_solution": [[[[0, [6, 18, 10, 11]], [10, []], [11, []], [16, [16, 4]], [1, [1, 14]], [4, [5]], [14, []], [18, []], [17, [17, 7]], [6, []], [7, []], [5, []]], [[0, [15, 13, 8, 20, 9]], [20, []], [9, []], [15, []], [13, []], [8, []], [3, [3, 2]], [2, []], [12, [12, 19]], [19, []]]], [[[16, [16, 4]]], [[1, [1, 14]]], [[4, [5]]], [[17, [17, 7]]], [[3, [3, 2]]], [[12, [12, 19]]]]], "all_solution": [[[[[0, [6, 14, 15, 4, 18]], [15, []], [4, []], [1, [1, 7]], [14, []], [18, []], [17, [17, 5]], [7, []], [6, []], [5, []]], [[0, [10]], [10, []], [11, [11]], [8, [8, 13]], [20, [20, 9]], [9, []], [12, [12, 16]], [16, []], [2, [2, 3]], [3, []], [13, []], [19, [19]]]], [[[11, [11]]], [[8, [8, 13]]], [[20, [20, 9]]], [[1, [1, 7]]], [[12, [12, 16]]], [[17, [17, 5]]], [[2, [2, 3]]], [[19, [19]]]]], [[[[0, [6, 18, 10, 11]], [10, []], [11, []], [16, [16, 4]], [1, [1, 14]], [4, [5]], [14, []], [18, []], [17, [17, 7]], [6, []], [7, []], [5, []]], [[0, [15, 13, 8, 20, 9]], [20, []], [9, []], [15, []], [13, []], [8, []], [3, [3, 2]], [2, []], [12, [12, 19]], [19, []]]], [[[16, [16, 4]]], [[1, [1, 14]]], [[4, [5]]], [[17, [17, 7]]], [[3, [3, 2]]], [[12, [12, 19]]]]]], "Numrun": 5, "all_fitness": [279.9454020970766, 281.6301354089934]}
{"file_name": "U_20_1", "number_of_trucks": 2, "drone_capacity": 2, "number_of_drones": 2, "iteration": 3, "best_fitness": 281.05137758420597, "runtime": 160.92487812042236, "best_solution": [[[[0, [11, 10]], [10, []], [11, []], [4, [4, 14]], [14, []], [1, [1, 16]], [16, []], [12, [12, 8]], [8, []], [2, [2, 3]], [3, []], [20, [20, 9]], [9, []]], [[0, [5, 7, 15, 18, 6, 13]], [5, []], [6, []], [7, [17, 19]], [18, []], [17, []], [15, []], [13, []], [19, []]]], [[[4, [4, 14]]], [[1, [1, 16]]], [[12, [12, 8]]], [[7, [17, 19]]], [[2, [2, 3]]], [[20, [20, 9]]]]], "all_solution": [[[[[0, [6, 14, 15, 4, 18]], [15, []], [4, []], [1, [1, 7]], [14, []], [18, []], [17, [17, 5]], [7, []], [6, []], [5, []]], [[0, [10]], [10, []], [11, [11]], [8, [8, 13]], [20, [20, 9]], [9, []], [12, [12, 16]], [16, []], [2, [2, 3]], [3, []], [13, []], [19, [19]]]], [[[11, [11]]], [[8, [8, 13]]], [[20, [20, 9]]], [[1, [1, 7]]], [[12, [12, 16]]], [[17, [17, 5]]], [[2, [2, 3]]], [[19, [19]]]]], [[[[0, [6, 18, 10, 11]], [10, []], [11, []], [16, [16, 4]], [1, [1, 14]], [4, [5]], [14, []], [18, []], [17, [17, 7]], [6, []], [7, []], [5, []]], [[0, [15, 13, 8, 20, 9]], [20, []], [9, []], [15, []], [13, []], [8, []], [3, [3, 2]], [2, []], [12, [12, 19]], [19, []]]], [[[16, [16, 4]]], [[1, [1, 14]]], [[4, [5]]], [[17, [17, 7]]], [[3, [3, 2]]], [[12, [12, 19]]]]], [[[[0, [11, 10]], [10, []], [11, []], [4, [4, 14]], [14, []], [1, [1, 16]], [16, []], [12, [12, 8]], [8, []], [2, [2, 3]], [3, []], [20, [20, 9]], [9, []]], [[0, [5, 7, 15, 18, 6, 13]], [5, []], [6, []], [7, [17, 19]], [18, []], [17, []], [15, []], [13, []], [19, []]]], [[[4, [4, 14]]], [[1, [1, 16]]], [[12, [12, 8]]], [[7, [17, 19]]], [[2, [2, 3]]], [[20, [20, 9]]]]]], "Numrun": 5, "all_fitness": [279.9454020970766, 281.6301354089934, 281.05137758420597]}
{"file_name": "U_20_1", "number_of_trucks": 2, "drone_capacity": 2, "number_of_drones": 2, "iteration": 4, "best_fitness": 285.4633718792565, "runtime": 192.39237642288208, "best_solution": [[[[0, []], [4, [4, 8]], [16, [16, 13]], [13, []], [9, [9, 20]], [20, []], [8, []], [3, [3, 2]], [2, []], [12, [12]]], [[0, [11, 10, 18]], [15, [6, 15]], [11, []], [10, []], [5, [5, 14, 1, 7]], [6, []], [7, []], [17, [17, 19]], [18, []], [1, []], [14, []], [19, []]]], [[[15, [6, 15]]], [[4, [4, 8]]], [[16, [16, 13]]], [[5, [14, 1]]], [[5, [5, 7]]], [[9, [9, 20]]], [[17, [17, 19]]], [[3, [3, 2]]], [[12, [12]]]]], "all_solution": [[[[[0, [6, 14, 15, 4, 18]], [15, []], [4, []], [1, [1, 7]], [14, []], [18, []], [17, [17, 5]], [7, []], [6, []], [5, []]], [[0, [10]], [10, []], [11, [11]], [8, [8, 13]], [20, [20, 9]], [9, []], [12, [12, 16]], [16, []], [2, [2, 3]], [3, []], [13, []], [19, [19]]]], [[[11, [11]]], [[8, [8, 13]]], [[20, [20, 9]]], [[1, [1, 7]]], [[12, [12, 16]]], [[17, [17, 5]]], [[2, [2, 3]]], [[19, [19]]]]], [[[[0, [6, 18, 10, 11]], [10, []], [11, []], [16, [16, 4]], [1, [1, 14]], [4, [5]], [14, []], [18, []], [17, [17, 7]], [6, []], [7, []], [5, []]], [[0, [15, 13, 8, 20, 9]], [20, []], [9, []], [15, []], [13, []], [8, []], [3, [3, 2]], [2, []], [12, [12, 19]], [19, []]]], [[[16, [16, 4]]], [[1, [1, 14]]], [[4, [5]]], [[17, [17, 7]]], [[3, [3, 2]]], [[12, [12, 19]]]]], [[[[0, [11, 10]], [10, []], [11, []], [4, [4, 14]], [14, []], [1, [1, 16]], [16, []], [12, [12, 8]], [8, []], [2, [2, 3]], [3, []], [20, [20, 9]], [9, []]], [[0, [5, 7, 15, 18, 6, 13]], [5, []], [6, []], [7, [17, 19]], [18, []], [17, []], [15, []], [13, []], [19, []]]], [[[4, [4, 14]]], [[1, [1, 16]]], [[12, [12, 8]]], [[7, [17, 19]]], [[2, [2, 3]]], [[20, [20, 9]]]]], [[[[0, []], [4, [4, 8]], [16, [16, 13]], [13, []], [9, [9, 20]], [20, []], [8, []], [3, [3, 2]], [2, []], [12, [12]]], [[0, [11, 10, 18]], [15, [6, 15]], [11, []], [10, []], [5, [5, 14, 1, 7]], [6, []], [7, []], [17, [17, 19]], [18, []], [1, []], [14, []], [19, []]]], [[[15, [6, 15]]], [[4, [4, 8]]], [[16, [16, 13]]], [[5, [14, 1]]], [[5, [5, 7]]], [[9, [9, 20]]], [[17, [17, 19]]], [[3, [3, 2]]], [[12, [12]]]]]], "Numrun": 5, "all_fitness": [279.9454020970766, 281.6301354089934, 281.05137758420597, 285.4633718792565]}
{"file_name": "U_20_1", "number_of_trucks": 2, "drone_capacity": 2, "number_of_drones": 2, "iteration": 5, "best_fitness": 279.17137758420597, "runtime": 118.75695848464966, "best_solution": [[[[0, [18, 11]], [10, [10]], [11, []], [18, []], [4, [4, 6, 16, 14]], [16, []], [1, [1, 7]], [14, []], [17, [17, 5]], [7, []], [6, []], [5, []]], [[0, [13, 15, 20, 8, 9]], [20, []], [9, []], [13, []], [15, []], [8, []], [2, [2, 3]], [3, []], [12, [12, 19]], [19, []]]], [[[10, [10]]], [[4, [4, 16]]], [[4, [6, 14]]], [[1, [1, 7]]], [[17, [17, 5]]], [[2, [2, 3]]], [[12, [12, 19]]]]],