{"file_name": "U_20_1", "number_of_trucks": 2, "drone_capacity": 2, "number_of_drones": 2, "iteration": 1, "best_fitness": 300.55291500998305, "runtime": 151.60161471366882, "best_solution": [[[[0, [12, 3, 4, 16]], [3, []], [4, [15, 20]], [12, []], [16, []], [15, []], [10, [10, 17]], [20, []], [17, []], [8, [8, 13]], [13, []]], [[0, [7, 19, 2, 11]], [14, [14]], [5, [5, 18]], [11, []], [18, []], [7, [1]], [19, []], [9, [9, 6]], [2, []], [6, []], [1, []]]], [[[4, [15, 20]]], [[14, [14]]], [[5, [5, 18]]], [[10, [10, 17]]], [[7, [1]]], [[9, [9, 6]]], [[8, [8, 13]]]]], "all_solution": [[[[[0, [12, 3, 4, 16]], [3, []], [4, [15, 20]], [12, []], [16, []], [15, []], [10, [10, 17]], [20, []], [17, []], [8, [8, 13]], [13, []]], [[0, [7, 19, 2, 11]], [14, [14]], [5, [5, 18]], [11, []], [18, []], [7, [1]], [19, []], [9, [9, 6]], [2, []], [6, []], [1, []]]], [[[4, [15, 20]]], [[14, [14]]], [[5, [5, 18]]], [[10, [10, 17]]], [[7, [1]]], [[9, [9, 6]]], [[8, [8, 13]]]]]], "Numrun": 5, "all_fitness": [300.55291500998305]}
{"file_name": "U_20_1", "number_of_trucks": 2, "drone_capacity": 2, "number_of_drones": 2, "iteration": 2, "best_fitness": 301.73905083655035, "runtime": 136.90659880638123, "best_solution": [[[[0, [19]], [19, []], [2, [2, 20]], [14, [14, 11]], [5, [5, 16]], [16, []], [11, []], [15, [15, 18]], [18, []], [17, [17, 8]], [8, []], [20, []]], [[0, []], [4, [4]], [3, [12, 3]], [12, []], [13, [13, 7]], [1, [1, 10]], [7, []], [9, [9, 6]], [6, []], [10, []]]], [[[4, [4]]], [[3, [12, 3]]], [[2, [2, 20]]], [[14, [14, 11]]], [[13, [13, 7]]], [[5, [5, 16]]], [[1, [1, 10]]], [[15, [15, 18]]], [[17, [17, 8]]], [[9, [9, 6]]]]], "all_solution": [[[[[0, [12, 3, 4, 16]], [3, []], [4, [15, 20]], [12, []], [16, []], [15, []], [10, [10, 17]], [20, []], [17, []], [8, [8, 13]], [13, []]], [[0, [7, 19, 2, 11]], [14, [14]], [5, [5, 18]], [11, []], [18, []], [7, [1]], [19, []], [9, [9, 6]], [2, []], [6, []], [1, []]]], [[[4, [15, 20]]], [[14, [14]]], [[5, [5, 18]]], [[10, [10, 17]]], [[7, [1]]], [[9, [9, 6]]], [[8, [8, 13]]]]], [[[[0, [19]], [19, []], [2, [2, 20]], [14, [14, 11]], [5, [5, 16]], [16, []], [11, []], [15, [15, 18]], [18, []], [17, [17, 8]], [8, []], [20, []]], [[0, []], [4, [4]], [3, [12, 3]], [12, []], [13, [13, 7]], [1, [1, 10]], [7, []], [9, [9, 6]], [6, []], [10, []]]], [[[4, [4]]], [[3, [12, 3]]], [[2, [2, 20]]], [[14, [14, 11]]], [[13, [13, 7]]], [[5, [5, 16]]], [[1, [1, 10]]], [[15, [15, 18]]], [[17, [17, 8]]], [[9, [9, 6]]]]]], "Numrun": 5, "all_fitness": [300.55291500998305, 301.73905083655035]}
{"file_name": "U_20_1", "number_of_trucks": 2, "drone_capacity": 2, "number_of_drones": 2, "iteration": 3, "best_fitness": 304.8287015840694, "runtime": 129.37353992462158, "best_solution": [[[[0, [5, 16, 14, 7, 19, 2, 10]], [14, []], [5, []], [16, []], [7, []], [19, []], [9, [9, 6]], [2, []], [6, []], [10, []]], [[0, [12, 20, 4]], [4, []], [12, [3]], [11, [11, 15]], [15, []], [18, [18, 13]], [1, [1]], [20, []], [17, [17, 8]], [8, []], [13, []], [3, []]]], [[[12, [3]]], [[11, [11, 15]]], [[18, [18, 13]]], [[1, [1]]], [[17, [17, 8]]], [[9, [9, 6]]]]], "all_solution": [[[[[0, [12, 3, 4, 16]], [3, []], [4, [15, 20]], [12, []], [16, []], [15, []], [10, [10, 17]], [20, []], [17, []], [8, [8, 13]], [13, []]], [[0, [7, 19, 2, 11]], [14, [14]], [5, [5, 18]], [11, []], [18, []], [7, [1]], [19, []], [9, [9, 6]], [2, []], [6, []], [1, []]]], [[[4, [15, 20]]], [[14, [14]]], [[5, [5, 18]]], [[10, [10, 17]]], [[7, [1]]], [[9, [9, 6]]], [[8, [8, 13]]]]], [[[[0, [19]], [19, []], [2, [2, 20]], [14, [14, 11]], [5, [5, 16]], [16, []], [11, []], [15, [15, 18]], [18, []], [17, [17, 8]], [8, []], [20, []]], [[0, []], [4, [4]], [3, [12, 3]], [12, []], [13, [13, 7]], [1, [1, 10]], [7, []], [9, [9, 6]], [6, []], [10, []]]], [[[4, [4]]], [[3, [12, 3]]], [[2, [2, 20]]], [[14, [14, 11]]], [[13, [13, 7]]], [[5, [5, 16]]], [[1, [1, 10]]], [[15, [15, 18]]], [[17, [17, 8]]], [[9, [9, 6]]]]], [[[[0, [5, 16, 14, 7, 19, 2, 10]], [14, []], [5, []], [16, []], [7, []], [19, []], [9, [9, 6]], [2, []], [6, []], [10, []]], [[0, [12, 20, 4]], [4, []], [12, [3]], [11, [11, 15]], [15, []], [18, [18, 13]], [1, [1]], [20, []], [17, [17, 8]], [8, []], [13, []], [3, []]]], [[[12, [3]]], [[11, [11, 15]]], [[18, [18, 13]]], [[1, [1]]], [[17, [17, 8]]], [[9, [9, 6]]]]]], "Numrun": 5, "all_fitness": [300.55291500998305, 301.73905083655035, 304.8287015840694]}
{"file_name": "U_20_1", "number_of_trucks": 2, "drone_capacity": 2, "number_of_drones": 2, "iteration": 4, "best_fitness": 301.02029204611085, "runtime": 161.57551312446594, "best_solution": [[[[0, [20, 12, 4, 3, 16]], [16, []], [20, []], [12, []], [4, []], [3, []], [13, [13, 17]], [8, [8, 1]], [17, []], [1, []]], [[0, [7, 19, 2, 18, 15, 14, 11]], [14, []], [5, [5, 10]], [11, []], [18, []], [15, []], [7, []], [19, []], [9, [9, 6]], [2, []], [6, []], [10, []]]], [[[5, [5, 10]]], [[13, [13, 17]]], [[8, [8, 1]]], [[9, [9, 6]]]]], "all_solution": [[[[[0, [12, 3, 4, 16]], [3, []], [4, [15, 20]], [12, []], [16, []], [15, []], [10, [10, 17]], [20, []], [17, []], [8, [8, 13]], [13, []]], [[0, [7, 19, 2, 11]], [14, [14]], [5, [5, 18]], [11, []], [18, []], [7, [1]], [19, []], [9, [9, 6]], [2, []], [6, []], [1, []]]], [[[4, [15, 20]]], [[14, [14]]], [[5, [5, 18]]], [[10, [10, 17]]], [[7, [1]]], [[9, [9, 6]]], [[8, [8, 13]]]]], [[[[0, [19]], [19, []], [2, [2, 20]], [14, [14, 11]], [5, [5, 16]], [16, []], [11, []], [15, [15, 18]], [18, []], [17, [17, 8]], [8, []], [20, []]], [[0, []], [4, [4]], [3, [12, 3]], [12, []], [13, [13, 7]], [1, [1, 10]], [7, []], [9, [9, 6]], [6, []], [10, []]]], [[[4, [4]]], [[3, [12, 3]]], [[2, [2, 20]]], [[14, [14, 11]]], [[13, [13, 7]]], [[5, [5, 16]]], [[1, [1, 10]]], [[15, [15, 18]]], [[17, [17, 8]]], [[9, [9, 6]]]]], [[[[0, [5, 16, 14, 7, 19, 2, 10]], [14, []], [5, []], [16, []], [7, []], [19, []], [9, [9, 6]], [2, []], [6, []], [10, []]], [[0, [12, 20, 4]], [4, []], [12, [3]], [11, [11, 15]], [15, []], [18, [18, 13]], [1, [1]], [20, []], [17, [17, 8]], [8, []], [13, []], [3, []]]], [[[12, [3]]], [[11, [11, 15]]], [[18, [18, 13]]], [[1, [1]]], [[17, [17, 8]]], [[9, [9, 6]]]]], [[[[0, [20, 12, 4, 3, 16]], [16, []], [20, []], [12, []], [4, []], [3, []], [13, [13, 17]], [8, [8, 1]], [17, []], [1, []]], [[0, [7, 19, 2, 18, 15, 14, 11]], [14, []], [5, [5, 10]], [11, []], [18, []], [15, []], [7, []], [19, []], [9, [9, 6]], [2, []], [6, []], [10, []]]], [[[5, [5, 10]]], [[13, [13, 17]]], [[8, [8, 1]]], [[9, [9, 6]]]]]], "Numrun": 5, "all_fitness": [300.55291500998305, 301.73905083655035, 304.8287015840694, 301.02029204611085]}
{"file_name": "U_20_1", "number_of_trucks": 2, "drone_capacity": 2, "number_of_drones": 2, "iteration": 5, "best_fitness": 296.9529150099831, "runtime": 157.6667125225067, "best_solution": [[[[0, [5, 16, 11, 18, 15, 2, 19]], [5, []], [16, []], [11, []], [18, []], [15, [1]], [2, []], [19, []], [9, [9, 6]], [6, []], [1, []]], [[0, [4, 20]], [20, []], [7, [12, 7]], [14, [14, 3]], [3, []], [4, []], [13, [13, 17]], [12, []], [17, []], [8, [8, 10]], [10, []]]], [[[7, [12, 7]]], [[14, [14, 3]]], [[15, [1]]], [[13, [13, 17]]], [[8, [8, 10]]], [[9, [9, 6]]]]],