{"file_name": "U_20_1", "number_of_trucks": 2, "drone_capacity": 2, "number_of_drones": 2, "iteration": 1, "best_fitness": 266.1652934334832, "runtime": 107.88933825492859, "best_solution": [[[[0, [19]], [16, [8, 9, 16]], [19, []], [8, []], [9, []], [15, [15]], [7, [7]], [6, [6, 14]], [14, []], [3, [3, 13]], [13, []]], [[0, [17, 4, 12]], [12, []], [17, []], [4, []], [11, [11]], [18, [18, 10]], [10, []], [1, [1, 5]], [5, []], [20, [20, 2]], [2, []]]], [[[16, [16]]], [[16, [8, 9]]], [[11, [11]]], [[15, [15]]], [[18, [18, 10]]], [[7, [7]]], [[6, [6, 14]]], [[1, [1, 5]]], [[3, [3, 13]]], [[20, [20, 2]]]]], "all_solution": [[[[[0, [19]], [16, [8, 9, 16]], [19, []], [8, []], [9, []], [15, [15]], [7, [7]], [6, [6, 14]], [14, []], [3, [3, 13]], [13, []]], [[0, [17, 4, 12]], [12, []], [17, []], [4, []], [11, [11]], [18, [18, 10]], [10, []], [1, [1, 5]], [5, []], [20, [20, 2]], [2, []]]], [[[16, [16]]], [[16, [8, 9]]], [[11, [11]]], [[15, [15]]], [[18, [18, 10]]], [[7, [7]]], [[6, [6, 14]]], [[1, [1, 5]]], [[3, [3, 13]]], [[20, [20, 2]]]]]], "Numrun": 5, "all_fitness": [266.1652934334832]}
{"file_name": "U_20_1", "number_of_trucks": 2, "drone_capacity": 2, "number_of_drones": 2, "iteration": 2, "best_fitness": 266.55801701523893, "runtime": 153.49399638175964, "best_solution": [[[[0, [4, 16, 8, 19]], [4, []], [16, []], [8, []], [19, []], [18, [18, 11]], [10, [10]], [1, [1, 5]], [11, [3, 20]], [20, []], [3, []], [5, []]], [[0, [17, 9, 15, 12]], [12, []], [17, []], [9, []], [15, []], [7, [7, 6]], [6, []], [14, [14, 13]], [13, []], [2, [2]]]], [[[18, [18, 11]]], [[10, [10]]], [[7, [7, 6]]], [[1, [1, 5]]], [[11, [3, 20]]], [[14, [14, 13]]], [[2, [2]]]]], "all_solution": [[[[[0, [19]], [16, [8, 9, 16]], [19, []], [8, []], [9, []], [15, [15]], [7, [7]], [6, [6, 14]], [14, []], [3, [3, 13]], [13, []]], [[0, [17, 4, 12]], [12, []], [17, []], [4, []], [11, [11]], [18, [18, 10]], [10, []], [1, [1, 5]], [5, []], [20, [20, 2]], [2, []]]], [[[16, [16]]], [[16, [8, 9]]], [[11, [11]]], [[15, [15]]], [[18, [18, 10]]], [[7, [7]]], [[6, [6, 14]]], [[1, [1, 5]]], [[3, [3, 13]]], [[20, [20, 2]]]]], [[[[0, [4, 16, 8, 19]], [4, []], [16, []], [8, []], [19, []], [18, [18, 11]], [10, [10]], [1, [1, 5]], [11, [3, 20]], [20, []], [3, []], [5, []]], [[0, [17, 9, 15, 12]], [12, []], [17, []], [9, []], [15, []], [7, [7, 6]], [6, []], [14, [14, 13]], [13, []], [2, [2]]]], [[[18, [18, 11]]], [[10, [10]]], [[7, [7, 6]]], [[1, [1, 5]]], [[11, [3, 20]]], [[14, [14, 13]]], [[2, [2]]]]]], "Numrun": 5, "all_fitness": [266.1652934334832, 266.55801701523893]}
{"file_name": "U_20_1", "number_of_trucks": 2, "drone_capacity": 2, "number_of_drones": 2, "iteration": 3, "best_fitness": 270.67154421427085, "runtime": 168.98650574684143, "best_solution": [[[[0, [4, 12, 19, 16, 17]], [12, []], [17, []], [4, []], [19, []], [16, []], [11, [11]], [1, [1, 5]], [20, [20, 3]], [3, []], [5, []], [13, [13, 2]], [2, []]], [[0, [15, 9, 8]], [15, []], [9, []], [8, []], [18, [18]], [10, [10, 7]], [14, [14, 6]], [6, []], [7, []]]], [[[11, [11]]], [[18, [18]]], [[10, [10, 7]]], [[1, [1, 5]]], [[14, [14, 6]]], [[20, [20, 3]]], [[13, [13, 2]]]]], "all_solution": [[[[[0, [19]], [16, [8, 9, 16]], [19, []], [8, []], [9, []], [15, [15]], [7, [7]], [6, [6, 14]], [14, []], [3, [3, 13]], [13, []]], [[0, [17, 4, 12]], [12, []], [17, []], [4, []], [11, [11]], [18, [18, 10]], [10, []], [1, [1, 5]], [5, []], [20, [20, 2]], [2, []]]], [[[16, [16]]], [[16, [8, 9]]], [[11, [11]]], [[15, [15]]], [[18, [18, 10]]], [[7, [7]]], [[6, [6, 14]]], [[1, [1, 5]]], [[3, [3, 13]]], [[20, [20, 2]]]]], [[[[0, [4, 16, 8, 19]], [4, []], [16, []], [8, []], [19, []], [18, [18, 11]], [10, [10]], [1, [1, 5]], [11, [3, 20]], [20, []], [3, []], [5, []]], [[0, [17, 9, 15, 12]], [12, []], [17, []], [9, []], [15, []], [7, [7, 6]], [6, []], [14, [14, 13]], [13, []], [2, [2]]]], [[[18, [18, 11]]], [[10, [10]]], [[7, [7, 6]]], [[1, [1, 5]]], [[11, [3, 20]]], [[14, [14, 13]]], [[2, [2]]]]], [[[[0, [4, 12, 19, 16, 17]], [12, []], [17, []], [4, []], [19, []], [16, []], [11, [11]], [1, [1, 5]], [20, [20, 3]], [3, []], [5, []], [13, [13, 2]], [2, []]], [[0, [15, 9, 8]], [15, []], [9, []], [8, []], [18, [18]], [10, [10, 7]], [14, [14, 6]], [6, []], [7, []]]], [[[11, [11]]], [[18, [18]]], [[10, [10, 7]]], [[1, [1, 5]]], [[14, [14, 6]]], [[20, [20, 3]]], [[13, [13, 2]]]]]], "Numrun": 5, "all_fitness": [266.1652934334832, 266.55801701523893, 270.67154421427085]}
{"file_name": "U_20_1", "number_of_trucks": 2, "drone_capacity": 2, "number_of_drones": 2, "iteration": 4, "best_fitness": 266.29238362057237, "runtime": 227.2769079208374, "best_solution": [[[[0, [15, 4, 12, 17]], [4, []], [12, []], [15, []], [7, [7]], [6, [6, 14]], [14, []], [3, [3, 13]], [17, []], [13, []]], [[0, [9, 19, 16, 8]], [9, []], [19, []], [16, []], [8, []], [11, [11]], [18, [18, 10]], [10, []], [1, [1, 5]], [20, [20, 2]], [5, []], [2, []]]], [[[11, [11]]], [[18, [18, 10]]], [[7, [7]]], [[6, [6, 14]]], [[1, [1, 5]]], [[20, [20, 2]]], [[3, [3, 13]]]]], "all_solution": [[[[[0, [19]], [16, [8, 9, 16]], [19, []], [8, []], [9, []], [15, [15]], [7, [7]], [6, [6, 14]], [14, []], [3, [3, 13]], [13, []]], [[0, [17, 4, 12]], [12, []], [17, []], [4, []], [11, [11]], [18, [18, 10]], [10, []], [1, [1, 5]], [5, []], [20, [20, 2]], [2, []]]], [[[16, [16]]], [[16, [8, 9]]], [[11, [11]]], [[15, [15]]], [[18, [18, 10]]], [[7, [7]]], [[6, [6, 14]]], [[1, [1, 5]]], [[3, [3, 13]]], [[20, [20, 2]]]]], [[[[0, [4, 16, 8, 19]], [4, []], [16, []], [8, []], [19, []], [18, [18, 11]], [10, [10]], [1, [1, 5]], [11, [3, 20]], [20, []], [3, []], [5, []]], [[0, [17, 9, 15, 12]], [12, []], [17, []], [9, []], [15, []], [7, [7, 6]], [6, []], [14, [14, 13]], [13, []], [2, [2]]]], [[[18, [18, 11]]], [[10, [10]]], [[7, [7, 6]]], [[1, [1, 5]]], [[11, [3, 20]]], [[14, [14, 13]]], [[2, [2]]]]], [[[[0, [4, 12, 19, 16, 17]], [12, []], [17, []], [4, []], [19, []], [16, []], [11, [11]], [1, [1, 5]], [20, [20, 3]], [3, []], [5, []], [13, [13, 2]], [2, []]], [[0, [15, 9, 8]], [15, []], [9, []], [8, []], [18, [18]], [10, [10, 7]], [14, [14, 6]], [6, []], [7, []]]], [[[11, [11]]], [[18, [18]]], [[10, [10, 7]]], [[1, [1, 5]]], [[14, [14, 6]]], [[20, [20, 3]]], [[13, [13, 2]]]]], [[[[0, [15, 4, 12, 17]], [4, []], [12, []], [15, []], [7, [7]], [6, [6, 14]], [14, []], [3, [3, 13]], [17, []], [13, []]], [[0, [9, 19, 16, 8]], [9, []], [19, []], [16, []], [8, []], [11, [11]], [18, [18, 10]], [10, []], [1, [1, 5]], [20, [20, 2]], [5, []], [2, []]]], [[[11, [11]]], [[18, [18, 10]]], [[7, [7]]], [[6, [6, 14]]], [[1, [1, 5]]], [[20, [20, 2]]], [[3, [3, 13]]]]]], "Numrun": 5, "all_fitness": [266.1652934334832, 266.55801701523893, 270.67154421427085, 266.29238362057237]}
{"file_name": "U_20_1", "number_of_trucks": 2, "drone_capacity": 2, "number_of_drones": 2, "iteration": 5, "best_fitness": 273.59999999999997, "runtime": 136.63520979881287, "best_solution": [[[[0, [4, 9, 12, 17, 15]], [12, []], [17, []], [9, []], [15, []], [7, [7]], [6, [6, 14]], [4, []], [3, [3, 2]], [14, []], [2, []]], [[0, [20, 8, 5, 1, 19, 10, 18, 13, 11, 16]], [13, []], [5, []], [20, []], [11, []], [16, []], [1, []], [8, []], [19, []], [10, []], [18, []]]], [[[7, [7]]], [[6, [6, 14]]], [[3, [3, 2]]]]],