{"file_name": "U_15_1", "number_of_trucks": 2, "drone_capacity": 2, "number_of_drones": 2, "iteration": 1, "best_fitness": 238.7441292040953, "runtime": 71.47173619270325, "best_solution": [[[[0, [2]], [2, []], [4, [4, 6]], [6, []], [12, [12, 3]], [3, []], [13, [13, 11]], [11, []], [10, [10]]], [[0, []], [9, [9]], [15, [15, 8]], [8, []], [7, [7, 5]], [14, [14, 1]], [1, []], [5, []]]], [[[4, [4, 6]]], [[9, [9]]], [[15, [15, 8]]], [[12, [12, 3]]], [[7, [7, 5]]], [[13, [13, 11]]], [[14, [14, 1]]], [[10, [10]]]]], "all_solution": [[[[[0, [2]], [2, []], [4, [4, 6]], [6, []], [12, [12, 3]], [3, []], [13, [13, 11]], [11, []], [10, [10]]], [[0, []], [9, [9]], [15, [15, 8]], [8, []], [7, [7, 5]], [14, [14, 1]], [1, []], [5, []]]], [[[4, [4, 6]]], [[9, [9]]], [[15, [15, 8]]], [[12, [12, 3]]], [[7, [7, 5]]], [[13, [13, 11]]], [[14, [14, 1]]], [[10, [10]]]]]], "Numrun": 5, "all_fitness": [238.7441292040953]}
{"file_name": "U_15_1", "number_of_trucks": 2, "drone_capacity": 2, "number_of_drones": 2, "iteration": 2, "best_fitness": 238.7441292040953, "runtime": 61.25086164474487, "best_solution": [[[[0, [9]], [9, []], [4, [4, 8]], [8, []], [3, [3, 12]], [12, []], [13, [13, 11]], [11, []], [10, [10]]], [[0, [2]], [2, []], [6, [6]], [15, [15]], [7, [7, 5]], [14, [14, 1]], [1, []], [5, []]]], [[[6, [6]]], [[4, [4, 8]]], [[15, [15]]], [[3, [3, 12]]], [[7, [7, 5]]], [[13, [13, 11]]], [[14, [14, 1]]], [[10, [10]]]]], "all_solution": [[[[[0, [2]], [2, []], [4, [4, 6]], [6, []], [12, [12, 3]], [3, []], [13, [13, 11]], [11, []], [10, [10]]], [[0, []], [9, [9]], [15, [15, 8]], [8, []], [7, [7, 5]], [14, [14, 1]], [1, []], [5, []]]], [[[4, [4, 6]]], [[9, [9]]], [[15, [15, 8]]], [[12, [12, 3]]], [[7, [7, 5]]], [[13, [13, 11]]], [[14, [14, 1]]], [[10, [10]]]]], [[[[0, [9]], [9, []], [4, [4, 8]], [8, []], [3, [3, 12]], [12, []], [13, [13, 11]], [11, []], [10, [10]]], [[0, [2]], [2, []], [6, [6]], [15, [15]], [7, [7, 5]], [14, [14, 1]], [1, []], [5, []]]], [[[6, [6]]], [[4, [4, 8]]], [[15, [15]]], [[3, [3, 12]]], [[7, [7, 5]]], [[13, [13, 11]]], [[14, [14, 1]]], [[10, [10]]]]]], "Numrun": 5, "all_fitness": [238.7441292040953, 238.7441292040953]}
{"file_name": "U_15_1", "number_of_trucks": 2, "drone_capacity": 2, "number_of_drones": 2, "iteration": 3, "best_fitness": 238.7441292040953, "runtime": 65.95654249191284, "best_solution": [[[[0, []], [2, [2]], [8, [8, 6]], [6, []], [15, [15]], [3, [3, 12]], [12, []], [13, [13, 11]], [11, []], [10, [10]]], [[0, []], [9, [9]], [4, [4]], [7, [7, 5]], [14, [14, 1]], [1, []], [5, []]]], [[[9, [9]]], [[2, [2]]], [[4, [4]]], [[8, [8, 6]]], [[15, [15]]], [[3, [3, 12]]], [[7, [7, 5]]], [[13, [13, 11]]], [[14, [14, 1]]], [[10, [10]]]]], "all_solution": [[[[[0, [2]], [2, []], [4, [4, 6]], [6, []], [12, [12, 3]], [3, []], [13, [13, 11]], [11, []], [10, [10]]], [[0, []], [9, [9]], [15, [15, 8]], [8, []], [7, [7, 5]], [14, [14, 1]], [1, []], [5, []]]], [[[4, [4, 6]]], [[9, [9]]], [[15, [15, 8]]], [[12, [12, 3]]], [[7, [7, 5]]], [[13, [13, 11]]], [[14, [14, 1]]], [[10, [10]]]]], [[[[0, [9]], [9, []], [4, [4, 8]], [8, []], [3, [3, 12]], [12, []], [13, [13, 11]], [11, []], [10, [10]]], [[0, [2]], [2, []], [6, [6]], [15, [15]], [7, [7, 5]], [14, [14, 1]], [1, []], [5, []]]], [[[6, [6]]], [[4, [4, 8]]], [[15, [15]]], [[3, [3, 12]]], [[7, [7, 5]]], [[13, [13, 11]]], [[14, [14, 1]]], [[10, [10]]]]], [[[[0, []], [2, [2]], [8, [8, 6]], [6, []], [15, [15]], [3, [3, 12]], [12, []], [13, [13, 11]], [11, []], [10, [10]]], [[0, []], [9, [9]], [4, [4]], [7, [7, 5]], [14, [14, 1]], [1, []], [5, []]]], [[[9, [9]]], [[2, [2]]], [[4, [4]]], [[8, [8, 6]]], [[15, [15]]], [[3, [3, 12]]], [[7, [7, 5]]], [[13, [13, 11]]], [[14, [14, 1]]], [[10, [10]]]]]], "Numrun": 5, "all_fitness": [238.7441292040953, 238.7441292040953, 238.7441292040953]}
{"file_name": "U_15_1", "number_of_trucks": 2, "drone_capacity": 2, "number_of_drones": 2, "iteration": 4, "best_fitness": 238.7441292040953, "runtime": 59.751935958862305, "best_solution": [[[[0, []], [9, [9]], [8, [8]], [7, [7, 5]], [14, [14, 1]], [1, []], [5, []]], [[0, [2]], [2, []], [4, [4, 6]], [6, []], [15, [15]], [3, [3, 12]], [12, []], [13, [13, 11]], [11, []], [10, [10]]]], [[[9, [9]]], [[8, [8]]], [[4, [4, 6]]], [[15, [15]]], [[3, [3, 12]]], [[7, [7, 5]]], [[13, [13, 11]]], [[14, [14, 1]]], [[10, [10]]]]], "all_solution": [[[[[0, [2]], [2, []], [4, [4, 6]], [6, []], [12, [12, 3]], [3, []], [13, [13, 11]], [11, []], [10, [10]]], [[0, []], [9, [9]], [15, [15, 8]], [8, []], [7, [7, 5]], [14, [14, 1]], [1, []], [5, []]]], [[[4, [4, 6]]], [[9, [9]]], [[15, [15, 8]]], [[12, [12, 3]]], [[7, [7, 5]]], [[13, [13, 11]]], [[14, [14, 1]]], [[10, [10]]]]], [[[[0, [9]], [9, []], [4, [4, 8]], [8, []], [3, [3, 12]], [12, []], [13, [13, 11]], [11, []], [10, [10]]], [[0, [2]], [2, []], [6, [6]], [15, [15]], [7, [7, 5]], [14, [14, 1]], [1, []], [5, []]]], [[[6, [6]]], [[4, [4, 8]]], [[15, [15]]], [[3, [3, 12]]], [[7, [7, 5]]], [[13, [13, 11]]], [[14, [14, 1]]], [[10, [10]]]]], [[[[0, []], [2, [2]], [8, [8, 6]], [6, []], [15, [15]], [3, [3, 12]], [12, []], [13, [13, 11]], [11, []], [10, [10]]], [[0, []], [9, [9]], [4, [4]], [7, [7, 5]], [14, [14, 1]], [1, []], [5, []]]], [[[9, [9]]], [[2, [2]]], [[4, [4]]], [[8, [8, 6]]], [[15, [15]]], [[3, [3, 12]]], [[7, [7, 5]]], [[13, [13, 11]]], [[14, [14, 1]]], [[10, [10]]]]], [[[[0, []], [9, [9]], [8, [8]], [7, [7, 5]], [14, [14, 1]], [1, []], [5, []]], [[0, [2]], [2, []], [4, [4, 6]], [6, []], [15, [15]], [3, [3, 12]], [12, []], [13, [13, 11]], [11, []], [10, [10]]]], [[[9, [9]]], [[8, [8]]], [[4, [4, 6]]], [[15, [15]]], [[3, [3, 12]]], [[7, [7, 5]]], [[13, [13, 11]]], [[14, [14, 1]]], [[10, [10]]]]]], "Numrun": 5, "all_fitness": [238.7441292040953, 238.7441292040953, 238.7441292040953, 238.7441292040953]}
{"file_name": "U_15_1", "number_of_trucks": 2, "drone_capacity": 2, "number_of_drones": 2, "iteration": 5, "best_fitness": 238.7441292040953, "runtime": 61.303375005722046, "best_solution": [[[[0, [2]], [2, []], [6, [6, 15]], [15, []], [7, [7, 5]], [14, [14, 1]], [1, []], [5, []]], [[0, []], [9, [9]], [4, [4, 8]], [8, []], [3, [3, 12]], [12, []], [13, [13, 11]], [11, []], [10, [10]]]], [[[9, [9]]], [[4, [4, 8]]], [[6, [6, 15]]], [[3, [3, 12]]], [[7, [7, 5]]], [[14, [14, 1]]], [[13, [13, 11]]], [[10, [10]]]]], "all_solution": [[[[[0, [2]], [2, []], [4, [4, 6]], [6, []], [12, [12, 3]], [3, []], [13, [13, 11]], [11, []], [10, [10]]], [[0, []], [9, [9]], [15, [15, 8]], [8, []], [7, [7, 5]], [14, [14, 1]], [1, []], [5, []]]], [[[4, [4, 6]]], [[9, [9]]], [[15, [15, 8]]], [[12, [12, 3]]], [[7, [7, 5]]], [[13, [13, 11]]], [[14, [14, 1]]], [[10, [10]]]]], [[[[0, [9]], [9, []], [4, [4, 8]], [8, []], [3, [3, 12]], [12, []], [13, [13, 11]], [11, []], [10, [10]]], [[0, [2]], [2, []], [6, [6]], [15, [15]], [7, [7, 5]], [14, [14, 1]], [1, []], [5, []]]], [[[6, [6]]], [[4, [4, 8]]], [[15, [15]]], [[3, [3, 12]]], [[7, [7, 5]]], [[13, [13, 11]]], [[14, [14, 1]]], [[10, [10]]]]], [[[[0, []], [2, [2]], [8, [8, 6]], [6, []], [15, [15]], [3, [3, 12]], [12, []], [13, [13, 11]], [11, []], [10, [10]]], [[0, []], [9, [9]], [4, [4]], [7, [7, 5]], [14, [14, 1]], [1, []], [5, []]]], [[[9, [9]]], [[2, [2]]], [[4, [4]]], [[8, [8, 6]]], [[15, [15]]], [[3, [3, 12]]], [[7, [7, 5]]], [[13, [13, 11]]], [[14, [14, 1]]], [[10, [10]]]]], [[[[0, []], [9, [9]], [8, [8]], [7, [7, 5]], [14, [14, 1]], [1, []], [5, []]], [[0, [2]], [2, []], [4, [4, 6]], [6, []], [15, [15]], [3, [3, 12]], [12, []], [13, [13, 11]], [11, []], [10, [10]]]], [[[9, [9]]], [[8, [8]]], [[4, [4, 6]]], [[15, [15]]], [[3, [3, 12]]], [[7, [7, 5]]], [[13, [13, 11]]], [[14, [14, 1]]], [[10, [10]]]]], [[[[0, [2]], [2, []], [6, [6, 15]], [15, []], [7, [7, 5]], [14, [14, 1]], [1, []], [5, []]], [[0, []], [9, [9]], [4, [4, 8]], [8, []], [3, [3, 12]], [12, []], [13, [13, 11]], [11, []], [10, [10]]]], [[[9, [9]]], [[4, [4, 8]]], [[6, [6, 15]]], [[3, [3, 12]]], [[7, [7, 5]]], [[14, [14, 1]]], [[13, [13, 11]]], [[10, [10]]]]]], "Numrun": 5,