{"file_name": "U_20_1", "number_of_trucks": 2, "drone_capacity": 2, "number_of_drones": 2, "iteration": 1, "best_fitness": 378.70692168819863, "runtime": 179.5718057155609, "best_solution": [[[[0, [11, 6, 12, 7, 3]], [6, []], [7, []], [3, []], [4, [4]], [12, []], [11, []], [2, [2, 18]], [18, []]], [[0, [13]], [13, []], [8, [8, 19]], [1, [1]], [19, []], [15, [15, 5]], [17, [17, 9]], [9, []], [20, [20, 10]], [5, []], [10, []], [14, [14, 16]], [16, []]]], [[[8, [8, 19]]], [[1, [1]]], [[15, [15, 5]]], [[17, [17, 9]]], [[4, [4]]], [[20, [20, 10]]], [[14, [14, 16]]], [[2, [2, 18]]]]], "all_solution": [[[[[0, [11, 6, 12, 7, 3]], [6, []], [7, []], [3, []], [4, [4]], [12, []], [11, []], [2, [2, 18]], [18, []]], [[0, [13]], [13, []], [8, [8, 19]], [1, [1]], [19, []], [15, [15, 5]], [17, [17, 9]], [9, []], [20, [20, 10]], [5, []], [10, []], [14, [14, 16]], [16, []]]], [[[8, [8, 19]]], [[1, [1]]], [[15, [15, 5]]], [[17, [17, 9]]], [[4, [4]]], [[20, [20, 10]]], [[14, [14, 16]]], [[2, [2, 18]]]]]], "Numrun": 5, "all_fitness": [378.70692168819863]}
{"file_name": "U_20_1", "number_of_trucks": 2, "drone_capacity": 2, "number_of_drones": 2, "iteration": 2, "best_fitness": 378.99999999999994, "runtime": 166.93787002563477, "best_solution": [[[[0, [13, 7]], [13, []], [7, []], [15, [15]], [6, [6, 1]], [1, []], [8, [8]], [17, [17, 5]], [5, []], [9, [9, 10]], [10, []], [14, [14, 16]], [16, []]], [[0, [11, 3, 12, 19]], [3, []], [11, []], [12, []], [4, [4, 20]], [20, []], [2, [2, 18]], [19, []], [18, []]]], [[[15, [15]]], [[6, [6, 1]]], [[8, [8]]], [[17, [17, 5]]], [[4, [4, 20]]], [[9, [9, 10]]], [[14, [14, 16]]], [[2, [2, 18]]]]], "all_solution": [[[[[0, [11, 6, 12, 7, 3]], [6, []], [7, []], [3, []], [4, [4]], [12, []], [11, []], [2, [2, 18]], [18, []]], [[0, [13]], [13, []], [8, [8, 19]], [1, [1]], [19, []], [15, [15, 5]], [17, [17, 9]], [9, []], [20, [20, 10]], [5, []], [10, []], [14, [14, 16]], [16, []]]], [[[8, [8, 19]]], [[1, [1]]], [[15, [15, 5]]], [[17, [17, 9]]], [[4, [4]]], [[20, [20, 10]]], [[14, [14, 16]]], [[2, [2, 18]]]]], [[[[0, [13, 7]], [13, []], [7, []], [15, [15]], [6, [6, 1]], [1, []], [8, [8]], [17, [17, 5]], [5, []], [9, [9, 10]], [10, []], [14, [14, 16]], [16, []]], [[0, [11, 3, 12, 19]], [3, []], [11, []], [12, []], [4, [4, 20]], [20, []], [2, [2, 18]], [19, []], [18, []]]], [[[15, [15]]], [[6, [6, 1]]], [[8, [8]]], [[17, [17, 5]]], [[4, [4, 20]]], [[9, [9, 10]]], [[14, [14, 16]]], [[2, [2, 18]]]]]], "Numrun": 5, "all_fitness": [378.70692168819863, 378.99999999999994]}
{"file_name": "U_20_1", "number_of_trucks": 2, "drone_capacity": 2, "number_of_drones": 2, "iteration": 3, "best_fitness": 373.94349575620777, "runtime": 157.7395796775818, "best_solution": [[[[0, [11, 8]], [8, []], [19, [12, 19]], [11, []], [12, []], [9, [9, 4]], [4, []], [2, [2, 18]], [18, []]], [[0, []], [13, [13, 7]], [15, [15, 1]], [1, []], [6, [6, 3]], [17, [17, 5]], [7, []], [3, []], [20, [20, 10]], [5, []], [10, []], [16, [16, 14]], [14, []]]], [[[13, [13, 7]]], [[19, [12, 19]]], [[15, [15, 1]]], [[6, [6, 3]]], [[17, [17, 5]]], [[9, [9, 4]]], [[20, [20, 10]]], [[16, [16, 14]]], [[2, [2, 18]]]]], "all_solution": [[[[[0, [11, 6, 12, 7, 3]], [6, []], [7, []], [3, []], [4, [4]], [12, []], [11, []], [2, [2, 18]], [18, []]], [[0, [13]], [13, []], [8, [8, 19]], [1, [1]], [19, []], [15, [15, 5]], [17, [17, 9]], [9, []], [20, [20, 10]], [5, []], [10, []], [14, [14, 16]], [16, []]]], [[[8, [8, 19]]], [[1, [1]]], [[15, [15, 5]]], [[17, [17, 9]]], [[4, [4]]], [[20, [20, 10]]], [[14, [14, 16]]], [[2, [2, 18]]]]], [[[[0, [13, 7]], [13, []], [7, []], [15, [15]], [6, [6, 1]], [1, []], [8, [8]], [17, [17, 5]], [5, []], [9, [9, 10]], [10, []], [14, [14, 16]], [16, []]], [[0, [11, 3, 12, 19]], [3, []], [11, []], [12, []], [4, [4, 20]], [20, []], [2, [2, 18]], [19, []], [18, []]]], [[[15, [15]]], [[6, [6, 1]]], [[8, [8]]], [[17, [17, 5]]], [[4, [4, 20]]], [[9, [9, 10]]], [[14, [14, 16]]], [[2, [2, 18]]]]], [[[[0, [11, 8]], [8, []], [19, [12, 19]], [11, []], [12, []], [9, [9, 4]], [4, []], [2, [2, 18]], [18, []]], [[0, []], [13, [13, 7]], [15, [15, 1]], [1, []], [6, [6, 3]], [17, [17, 5]], [7, []], [3, []], [20, [20, 10]], [5, []], [10, []], [16, [16, 14]], [14, []]]], [[[13, [13, 7]]], [[19, [12, 19]]], [[15, [15, 1]]], [[6, [6, 3]]], [[17, [17, 5]]], [[9, [9, 4]]], [[20, [20, 10]]], [[16, [16, 14]]], [[2, [2, 18]]]]]], "Numrun": 5, "all_fitness": [378.70692168819863, 378.99999999999994, 373.94349575620777]}
{"file_name": "U_20_1", "number_of_trucks": 2, "drone_capacity": 2, "number_of_drones": 2, "iteration": 4, "best_fitness": 379.78349575620774, "runtime": 144.29247093200684, "best_solution": [[[[0, [13, 11, 12, 3, 19]], [19, []], [13, []], [11, []], [12, []], [20, [20, 10]], [10, []], [3, []], [16, [16, 14]], [14, []]], [[0, [7, 15, 8, 6, 1]], [6, []], [1, []], [15, []], [8, []], [17, [17, 5]], [7, []], [9, [9, 4]], [5, []], [4, []], [2, [2, 18]], [18, []]]], [[[17, [17, 5]]], [[9, [9, 4]]], [[20, [20, 10]]], [[16, [16, 14]]], [[2, [2, 18]]]]], "all_solution": [[[[[0, [11, 6, 12, 7, 3]], [6, []], [7, []], [3, []], [4, [4]], [12, []], [11, []], [2, [2, 18]], [18, []]], [[0, [13]], [13, []], [8, [8, 19]], [1, [1]], [19, []], [15, [15, 5]], [17, [17, 9]], [9, []], [20, [20, 10]], [5, []], [10, []], [14, [14, 16]], [16, []]]], [[[8, [8, 19]]], [[1, [1]]], [[15, [15, 5]]], [[17, [17, 9]]], [[4, [4]]], [[20, [20, 10]]], [[14, [14, 16]]], [[2, [2, 18]]]]], [[[[0, [13, 7]], [13, []], [7, []], [15, [15]], [6, [6, 1]], [1, []], [8, [8]], [17, [17, 5]], [5, []], [9, [9, 10]], [10, []], [14, [14, 16]], [16, []]], [[0, [11, 3, 12, 19]], [3, []], [11, []], [12, []], [4, [4, 20]], [20, []], [2, [2, 18]], [19, []], [18, []]]], [[[15, [15]]], [[6, [6, 1]]], [[8, [8]]], [[17, [17, 5]]], [[4, [4, 20]]], [[9, [9, 10]]], [[14, [14, 16]]], [[2, [2, 18]]]]], [[[[0, [11, 8]], [8, []], [19, [12, 19]], [11, []], [12, []], [9, [9, 4]], [4, []], [2, [2, 18]], [18, []]], [[0, []], [13, [13, 7]], [15, [15, 1]], [1, []], [6, [6, 3]], [17, [17, 5]], [7, []], [3, []], [20, [20, 10]], [5, []], [10, []], [16, [16, 14]], [14, []]]], [[[13, [13, 7]]], [[19, [12, 19]]], [[15, [15, 1]]], [[6, [6, 3]]], [[17, [17, 5]]], [[9, [9, 4]]], [[20, [20, 10]]], [[16, [16, 14]]], [[2, [2, 18]]]]], [[[[0, [13, 11, 12, 3, 19]], [19, []], [13, []], [11, []], [12, []], [20, [20, 10]], [10, []], [3, []], [16, [16, 14]], [14, []]], [[0, [7, 15, 8, 6, 1]], [6, []], [1, []], [15, []], [8, []], [17, [17, 5]], [7, []], [9, [9, 4]], [5, []], [4, []], [2, [2, 18]], [18, []]]], [[[17, [17, 5]]], [[9, [9, 4]]], [[20, [20, 10]]], [[16, [16, 14]]], [[2, [2, 18]]]]]], "Numrun": 5, "all_fitness": [378.70692168819863, 378.99999999999994, 373.94349575620777, 379.78349575620774]}
{"file_name": "U_20_1", "number_of_trucks": 2, "drone_capacity": 2, "number_of_drones": 2, "iteration": 5, "best_fitness": 382.23254791032974, "runtime": 168.18023300170898, "best_solution": [[[[0, [13, 12, 19, 11]], [11, []], [12, []], [13, []], [4, [4, 10]], [10, []], [14, [14, 18]], [18, []], [19, []]], [[0, [1, 6, 15, 7, 3]], [6, []], [15, []], [1, [5]], [8, [8, 17]], [17, []], [7, []], [9, [9, 20]], [3, []], [5, []], [20, []], [16, [16, 2]], [2, []]]], [[[1, [5]]], [[8, [8, 17]]], [[9, [9, 20]]], [[4, [4, 10]]], [[14, [14, 18]]], [[16, [16, 2]]]]],