{"file_name": "U_20_1", "number_of_trucks": 2, "drone_capacity": 2, "number_of_drones": 2, "iteration": 1, "best_fitness": 267.5993412775842, "runtime": 168.69184565544128, "best_solution": [[[[0, [18]], [18, []], [13, [13, 8]], [14, [14, 4, 16, 1]], [1, []], [4, []], [16, []], [12, [12, 3]], [2, [2, 20]], [3, []], [8, []], [20, []], [9, [9]]], [[0, [15, 11, 6, 10]], [11, []], [6, []], [15, []], [10, []], [5, [5, 7]], [7, []], [17, [17, 19]], [19, []]]], [[[13, [13, 8]]], [[14, [14, 4]]], [[14, [16, 1]]], [[12, [12, 3]]], [[5, [5, 7]]], [[17, [17, 19]]], [[2, [2, 20]]], [[9, [9]]]]], "all_solution": [[[[[0, [18]], [18, []], [13, [13, 8]], [14, [14, 4, 16, 1]], [1, []], [4, []], [16, []], [12, [12, 3]], [2, [2, 20]], [3, []], [8, []], [20, []], [9, [9]]], [[0, [15, 11, 6, 10]], [11, []], [6, []], [15, []], [10, []], [5, [5, 7]], [7, []], [17, [17, 19]], [19, []]]], [[[13, [13, 8]]], [[14, [14, 4]]], [[14, [16, 1]]], [[12, [12, 3]]], [[5, [5, 7]]], [[17, [17, 19]]], [[2, [2, 20]]], [[9, [9]]]]]], "Numrun": 5, "all_fitness": [267.5993412775842]}
{"file_name": "U_20_1", "number_of_trucks": 2, "drone_capacity": 2, "number_of_drones": 2, "iteration": 2, "best_fitness": 267.45049457151464, "runtime": 131.1538951396942, "best_solution": [[[[0, [18, 16, 15, 4, 14, 1, 13, 9]], [9, []], [13, []], [15, []], [7, [7, 12]], [17, [17]], [18, []], [14, []], [4, []], [1, []], [16, []], [12, []]], [[0, []], [10, [10, 11]], [6, [6]], [11, [5, 8]], [5, [20]], [19, [19, 3]], [20, []], [3, []], [2, [2]], [8, []]]], [[[10, [10, 11]]], [[6, [6]]], [[11, [5]]], [[11, [8]]], [[5, [20]]], [[7, [7, 12]]], [[19, [19, 3]]], [[17, [17]]], [[2, [2]]]]], "all_solution": [[[[[0, [18]], [18, []], [13, [13, 8]], [14, [14, 4, 16, 1]], [1, []], [4, []], [16, []], [12, [12, 3]], [2, [2, 20]], [3, []], [8, []], [20, []], [9, [9]]], [[0, [15, 11, 6, 10]], [11, []], [6, []], [15, []], [10, []], [5, [5, 7]], [7, []], [17, [17, 19]], [19, []]]], [[[13, [13, 8]]], [[14, [14, 4]]], [[14, [16, 1]]], [[12, [12, 3]]], [[5, [5, 7]]], [[17, [17, 19]]], [[2, [2, 20]]], [[9, [9]]]]], [[[[0, [18, 16, 15, 4, 14, 1, 13, 9]], [9, []], [13, []], [15, []], [7, [7, 12]], [17, [17]], [18, []], [14, []], [4, []], [1, []], [16, []], [12, []]], [[0, []], [10, [10, 11]], [6, [6]], [11, [5, 8]], [5, [20]], [19, [19, 3]], [20, []], [3, []], [2, [2]], [8, []]]], [[[10, [10, 11]]], [[6, [6]]], [[11, [5]]], [[11, [8]]], [[5, [20]]], [[7, [7, 12]]], [[19, [19, 3]]], [[17, [17]]], [[2, [2]]]]]], "Numrun": 5, "all_fitness": [267.5993412775842, 267.45049457151464]}
{"file_name": "U_20_1", "number_of_trucks": 2, "drone_capacity": 2, "number_of_drones": 2, "iteration": 3, "best_fitness": 272.06036701411176, "runtime": 174.47097396850586, "best_solution": [[[[0, [8, 13, 4, 20, 9, 16]], [20, []], [9, []], [16, []], [12, [12, 3]], [4, []], [2, [2]], [3, []], [8, []], [13, []]], [[0, [10, 11]], [10, []], [11, [15, 18]], [15, []], [18, [6, 14]], [14, []], [1, [1, 7, 5]], [17, [17, 19]], [7, []], [6, []], [5, []], [19, []]]], [[[11, [15, 18]]], [[18, [6, 14]]], [[1, [1, 7]]], [[1, [5]]], [[12, [12, 3]]], [[17, [17, 19]]], [[2, [2]]]]], "all_solution": [[[[[0, [18]], [18, []], [13, [13, 8]], [14, [14, 4, 16, 1]], [1, []], [4, []], [16, []], [12, [12, 3]], [2, [2, 20]], [3, []], [8, []], [20, []], [9, [9]]], [[0, [15, 11, 6, 10]], [11, []], [6, []], [15, []], [10, []], [5, [5, 7]], [7, []], [17, [17, 19]], [19, []]]], [[[13, [13, 8]]], [[14, [14, 4]]], [[14, [16, 1]]], [[12, [12, 3]]], [[5, [5, 7]]], [[17, [17, 19]]], [[2, [2, 20]]], [[9, [9]]]]], [[[[0, [18, 16, 15, 4, 14, 1, 13, 9]], [9, []], [13, []], [15, []], [7, [7, 12]], [17, [17]], [18, []], [14, []], [4, []], [1, []], [16, []], [12, []]], [[0, []], [10, [10, 11]], [6, [6]], [11, [5, 8]], [5, [20]], [19, [19, 3]], [20, []], [3, []], [2, [2]], [8, []]]], [[[10, [10, 11]]], [[6, [6]]], [[11, [5]]], [[11, [8]]], [[5, [20]]], [[7, [7, 12]]], [[19, [19, 3]]], [[17, [17]]], [[2, [2]]]]], [[[[0, [8, 13, 4, 20, 9, 16]], [20, []], [9, []], [16, []], [12, [12, 3]], [4, []], [2, [2]], [3, []], [8, []], [13, []]], [[0, [10, 11]], [10, []], [11, [15, 18]], [15, []], [18, [6, 14]], [14, []], [1, [1, 7, 5]], [17, [17, 19]], [7, []], [6, []], [5, []], [19, []]]], [[[11, [15, 18]]], [[18, [6, 14]]], [[1, [1, 7]]], [[1, [5]]], [[12, [12, 3]]], [[17, [17, 19]]], [[2, [2]]]]]], "Numrun": 5, "all_fitness": [267.5993412775842, 267.45049457151464, 272.06036701411176]}
{"file_name": "U_20_1", "number_of_trucks": 2, "drone_capacity": 2, "number_of_drones": 2, "iteration": 4, "best_fitness": 268.2703471494449, "runtime": 297.59619760513306, "best_solution": [[[[0, [15, 13, 8]], [15, []], [8, []], [20, [20]], [9, [7, 9, 6]], [19, [19, 5]], [5, []], [6, []], [7, []], [13, []]], [[0, []], [10, [18, 10, 11]], [11, []], [14, [14, 4]], [4, []], [16, [16, 1]], [1, []], [18, []], [17, [17, 3]], [2, [2, 12]], [3, []], [12, []]]], [[[10, [10, 11]]], [[10, [18]]], [[14, [14, 4]]], [[16, [16, 1]]], [[20, [20]]], [[9, [9, 6]]], [[9, [7]]], [[19, [19, 5]]], [[17, [17, 3]]], [[2, [2, 12]]]]], "all_solution": [[[[[0, [18]], [18, []], [13, [13, 8]], [14, [14, 4, 16, 1]], [1, []], [4, []], [16, []], [12, [12, 3]], [2, [2, 20]], [3, []], [8, []], [20, []], [9, [9]]], [[0, [15, 11, 6, 10]], [11, []], [6, []], [15, []], [10, []], [5, [5, 7]], [7, []], [17, [17, 19]], [19, []]]], [[[13, [13, 8]]], [[14, [14, 4]]], [[14, [16, 1]]], [[12, [12, 3]]], [[5, [5, 7]]], [[17, [17, 19]]], [[2, [2, 20]]], [[9, [9]]]]], [[[[0, [18, 16, 15, 4, 14, 1, 13, 9]], [9, []], [13, []], [15, []], [7, [7, 12]], [17, [17]], [18, []], [14, []], [4, []], [1, []], [16, []], [12, []]], [[0, []], [10, [10, 11]], [6, [6]], [11, [5, 8]], [5, [20]], [19, [19, 3]], [20, []], [3, []], [2, [2]], [8, []]]], [[[10, [10, 11]]], [[6, [6]]], [[11, [5]]], [[11, [8]]], [[5, [20]]], [[7, [7, 12]]], [[19, [19, 3]]], [[17, [17]]], [[2, [2]]]]], [[[[0, [8, 13, 4, 20, 9, 16]], [20, []], [9, []], [16, []], [12, [12, 3]], [4, []], [2, [2]], [3, []], [8, []], [13, []]], [[0, [10, 11]], [10, []], [11, [15, 18]], [15, []], [18, [6, 14]], [14, []], [1, [1, 7, 5]], [17, [17, 19]], [7, []], [6, []], [5, []], [19, []]]], [[[11, [15, 18]]], [[18, [6, 14]]], [[1, [1, 7]]], [[1, [5]]], [[12, [12, 3]]], [[17, [17, 19]]], [[2, [2]]]]], [[[[0, [15, 13, 8]], [15, []], [8, []], [20, [20]], [9, [7, 9, 6]], [19, [19, 5]], [5, []], [6, []], [7, []], [13, []]], [[0, []], [10, [18, 10, 11]], [11, []], [14, [14, 4]], [4, []], [16, [16, 1]], [1, []], [18, []], [17, [17, 3]], [2, [2, 12]], [3, []], [12, []]]], [[[10, [10, 11]]], [[10, [18]]], [[14, [14, 4]]], [[16, [16, 1]]], [[20, [20]]], [[9, [9, 6]]], [[9, [7]]], [[19, [19, 5]]], [[17, [17, 3]]], [[2, [2, 12]]]]]], "Numrun": 5, "all_fitness": [267.5993412775842, 267.45049457151464, 272.06036701411176, 268.2703471494449]}
{"file_name": "U_20_1", "number_of_trucks": 2, "drone_capacity": 2, "number_of_drones": 2, "iteration": 5, "best_fitness": 272.06036701411176, "runtime": 177.58582258224487, "best_solution": [[[[0, [15, 8, 13]], [13, []], [15, []], [8, []], [9, [9, 12]], [19, [19, 20]], [20, []], [3, [3, 2]], [2, []], [12, []]], [[0, [11, 18, 10]], [11, []], [18, [6]], [4, [4, 14]], [16, [16]], [1, [1, 7]], [14, []], [17, [17, 5]], [7, []], [6, []], [5, []], [10, []]]], [[[18, [6]]], [[4, [4, 14]]], [[16, [16]]], [[1, [1, 7]]], [[9, [9, 12]]], [[17, [17, 5]]], [[19, [19, 20]]], [[3, [3, 2]]]]],