{"file_name": "U_20_0", "number_of_trucks": 2, "drone_capacity": 2, "number_of_drones": 2, "iteration": 1, "best_fitness": 274.50014677111517, "runtime": 203.12031435966492, "best_solution": [[[[0, [9, 19, 20, 2, 8, 3, 12, 13, 15]], [19, []], [9, []], [15, []], [13, []], [12, []], [2, []], [3, []], [8, []], [20, []]], [[0, [10, 4]], [10, []], [5, [5, 16, 18]], [11, [11, 14]], [7, [7, 6]], [6, []], [18, []], [17, [17, 1]], [14, []], [4, []], [1, []], [16, []]]], [[[5, [16, 18]]], [[5, [5]]], [[11, [11, 14]]], [[7, [7, 6]]], [[17, [17, 1]]]]], "all_solution": [[[[[0, [9, 19, 20, 2, 8, 3, 12, 13, 15]], [19, []], [9, []], [15, []], [13, []], [12, []], [2, []], [3, []], [8, []], [20, []]], [[0, [10, 4]], [10, []], [5, [5, 16, 18]], [11, [11, 14]], [7, [7, 6]], [6, []], [18, []], [17, [17, 1]], [14, []], [4, []], [1, []], [16, []]]], [[[5, [16, 18]]], [[5, [5]]], [[11, [11, 14]]], [[7, [7, 6]]], [[17, [17, 1]]]]]], "Numrun": 5, "all_fitness": [274.50014677111517]}
{"file_name": "U_20_0", "number_of_trucks": 2, "drone_capacity": 2, "number_of_drones": 2, "iteration": 2, "best_fitness": 279.16, "runtime": 199.87206387519836, "best_solution": [[[[0, [10, 4]], [10, []], [5, [5, 3, 2]], [20, [20, 1]], [8, [8, 9]], [3, []], [2, []], [4, []], [1, []], [15, [15, 13]], [13, []], [9, []]], [[0, [16, 18, 6, 7, 11, 14, 17, 19, 12]], [12, []], [16, []], [14, []], [18, []], [17, []], [6, []], [7, []], [11, []], [19, []]]], [[[5, [2]]], [[5, [5, 3]]], [[20, [20, 1]]], [[8, [8, 9]]], [[15, [15, 13]]]]], "all_solution": [[[[[0, [9, 19, 20, 2, 8, 3, 12, 13, 15]], [19, []], [9, []], [15, []], [13, []], [12, []], [2, []], [3, []], [8, []], [20, []]], [[0, [10, 4]], [10, []], [5, [5, 16, 18]], [11, [11, 14]], [7, [7, 6]], [6, []], [18, []], [17, [17, 1]], [14, []], [4, []], [1, []], [16, []]]], [[[5, [16, 18]]], [[5, [5]]], [[11, [11, 14]]], [[7, [7, 6]]], [[17, [17, 1]]]]], [[[[0, [10, 4]], [10, []], [5, [5, 3, 2]], [20, [20, 1]], [8, [8, 9]], [3, []], [2, []], [4, []], [1, []], [15, [15, 13]], [13, []], [9, []]], [[0, [16, 18, 6, 7, 11, 14, 17, 19, 12]], [12, []], [16, []], [14, []], [18, []], [17, []], [6, []], [7, []], [11, []], [19, []]]], [[[5, [2]]], [[5, [5, 3]]], [[20, [20, 1]]], [[8, [8, 9]]], [[15, [15, 13]]]]]], "Numrun": 5, "all_fitness": [274.50014677111517, 279.16]}
{"file_name": "U_20_0", "number_of_trucks": 2, "drone_capacity": 2, "number_of_drones": 2, "iteration": 3, "best_fitness": 278.306049195263, "runtime": 166.15794944763184, "best_solution": [[[[0, [2, 20, 16, 8, 3, 15, 19, 13, 12]], [20, []], [8, []], [3, []], [2, []], [12, []], [16, []], [15, []], [13, []], [19, []]], [[0, [10, 4]], [10, []], [5, [5, 18]], [11, [11, 6]], [7, [7, 14]], [6, []], [18, []], [17, [17, 1]], [14, []], [1, []], [4, []], [9, [9]]]], [[[5, [5, 18]]], [[11, [11, 6]]], [[7, [7, 14]]], [[17, [17, 1]]], [[9, [9]]]]], "all_solution": [[[[[0, [9, 19, 20, 2, 8, 3, 12, 13, 15]], [19, []], [9, []], [15, []], [13, []], [12, []], [2, []], [3, []], [8, []], [20, []]], [[0, [10, 4]], [10, []], [5, [5, 16, 18]], [11, [11, 14]], [7, [7, 6]], [6, []], [18, []], [17, [17, 1]], [14, []], [4, []], [1, []], [16, []]]], [[[5, [16, 18]]], [[5, [5]]], [[11, [11, 14]]], [[7, [7, 6]]], [[17, [17, 1]]]]], [[[[0, [10, 4]], [10, []], [5, [5, 3, 2]], [20, [20, 1]], [8, [8, 9]], [3, []], [2, []], [4, []], [1, []], [15, [15, 13]], [13, []], [9, []]], [[0, [16, 18, 6, 7, 11, 14, 17, 19, 12]], [12, []], [16, []], [14, []], [18, []], [17, []], [6, []], [7, []], [11, []], [19, []]]], [[[5, [2]]], [[5, [5, 3]]], [[20, [20, 1]]], [[8, [8, 9]]], [[15, [15, 13]]]]], [[[[0, [2, 20, 16, 8, 3, 15, 19, 13, 12]], [20, []], [8, []], [3, []], [2, []], [12, []], [16, []], [15, []], [13, []], [19, []]], [[0, [10, 4]], [10, []], [5, [5, 18]], [11, [11, 6]], [7, [7, 14]], [6, []], [18, []], [17, [17, 1]], [14, []], [1, []], [4, []], [9, [9]]]], [[[5, [5, 18]]], [[11, [11, 6]]], [[7, [7, 14]]], [[17, [17, 1]]], [[9, [9]]]]]], "Numrun": 5, "all_fitness": [274.50014677111517, 279.16, 278.306049195263]}
{"file_name": "U_20_0", "number_of_trucks": 2, "drone_capacity": 2, "number_of_drones": 2, "iteration": 4, "best_fitness": 278.30604919526303, "runtime": 211.12113094329834, "best_solution": [[[[0, [10, 4]], [10, []], [5, [5, 18]], [11, [11, 6]], [7, [7, 14]], [6, []], [18, []], [17, [17, 1]], [14, []], [1, []], [4, []], [20, [20]]], [[0, [8, 3, 2, 16, 15, 13, 9, 12, 19]], [9, []], [15, []], [13, []], [8, []], [3, []], [2, []], [16, []], [12, []], [19, []]]], [[[5, [5, 18]]], [[11, [11, 6]]], [[7, [7, 14]]], [[17, [17, 1]]], [[20, [20]]]]], "all_solution": [[[[[0, [9, 19, 20, 2, 8, 3, 12, 13, 15]], [19, []], [9, []], [15, []], [13, []], [12, []], [2, []], [3, []], [8, []], [20, []]], [[0, [10, 4]], [10, []], [5, [5, 16, 18]], [11, [11, 14]], [7, [7, 6]], [6, []], [18, []], [17, [17, 1]], [14, []], [4, []], [1, []], [16, []]]], [[[5, [16, 18]]], [[5, [5]]], [[11, [11, 14]]], [[7, [7, 6]]], [[17, [17, 1]]]]], [[[[0, [10, 4]], [10, []], [5, [5, 3, 2]], [20, [20, 1]], [8, [8, 9]], [3, []], [2, []], [4, []], [1, []], [15, [15, 13]], [13, []], [9, []]], [[0, [16, 18, 6, 7, 11, 14, 17, 19, 12]], [12, []], [16, []], [14, []], [18, []], [17, []], [6, []], [7, []], [11, []], [19, []]]], [[[5, [2]]], [[5, [5, 3]]], [[20, [20, 1]]], [[8, [8, 9]]], [[15, [15, 13]]]]], [[[[0, [2, 20, 16, 8, 3, 15, 19, 13, 12]], [20, []], [8, []], [3, []], [2, []], [12, []], [16, []], [15, []], [13, []], [19, []]], [[0, [10, 4]], [10, []], [5, [5, 18]], [11, [11, 6]], [7, [7, 14]], [6, []], [18, []], [17, [17, 1]], [14, []], [1, []], [4, []], [9, [9]]]], [[[5, [5, 18]]], [[11, [11, 6]]], [[7, [7, 14]]], [[17, [17, 1]]], [[9, [9]]]]], [[[[0, [10, 4]], [10, []], [5, [5, 18]], [11, [11, 6]], [7, [7, 14]], [6, []], [18, []], [17, [17, 1]], [14, []], [1, []], [4, []], [20, [20]]], [[0, [8, 3, 2, 16, 15, 13, 9, 12, 19]], [9, []], [15, []], [13, []], [8, []], [3, []], [2, []], [16, []], [12, []], [19, []]]], [[[5, [5, 18]]], [[11, [11, 6]]], [[7, [7, 14]]], [[17, [17, 1]]], [[20, [20]]]]]], "Numrun": 5, "all_fitness": [274.50014677111517, 279.16, 278.306049195263, 278.30604919526303]}
{"file_name": "U_20_0", "number_of_trucks": 2, "drone_capacity": 2, "number_of_drones": 2, "iteration": 5, "best_fitness": 276.98604919526304, "runtime": 148.2205204963684, "best_solution": [[[[0, [17, 19, 18, 12, 16, 6, 7, 13]], [19, []], [12, []], [16, []], [17, []], [18, []], [6, []], [7, []], [13, []]], [[0, [4, 10]], [10, []], [5, [5, 2, 3, 11]], [11, []], [15, [15, 14]], [14, []], [1, [1, 20]], [4, []], [2, []], [3, []], [8, [8, 9]], [20, []], [9, []]]], [[[5, [3, 11]]], [[5, [5, 2]]], [[15, [15, 14]]], [[1, [1, 20]]], [[8, [8, 9]]]]],