{"file_name": "U_20_1", "number_of_trucks": 2, "drone_capacity": 2, "number_of_drones": 2, "iteration": 1, "best_fitness": 389.52700685529993, "runtime": 114.55228519439697, "best_solution": [[[[0, []], [3, [3]], [5, [5, 13]], [13, []], [19, [19, 9]], [9, []], [14, [14, 2]], [2, []], [4, [4, 12]], [12, []]], [[0, [15, 1, 17]], [10, [10, 18]], [15, []], [18, []], [16, [16]], [1, []], [17, []], [6, [6, 7]], [7, []], [11, [11, 20]], [8, [8]], [20, []]]], [[[3, [3]]], [[5, [5, 13]]], [[10, [10, 18]]], [[16, [16]]], [[19, [19, 9]]], [[14, [14, 2]]], [[6, [6, 7]]], [[4, [4, 12]]], [[11, [11, 20]]], [[8, [8]]]]], "all_solution": [[[[[0, []], [3, [3]], [5, [5, 13]], [13, []], [19, [19, 9]], [9, []], [14, [14, 2]], [2, []], [4, [4, 12]], [12, []]], [[0, [15, 1, 17]], [10, [10, 18]], [15, []], [18, []], [16, [16]], [1, []], [17, []], [6, [6, 7]], [7, []], [11, [11, 20]], [8, [8]], [20, []]]], [[[3, [3]]], [[5, [5, 13]]], [[10, [10, 18]]], [[16, [16]]], [[19, [19, 9]]], [[14, [14, 2]]], [[6, [6, 7]]], [[4, [4, 12]]], [[11, [11, 20]]], [[8, [8]]]]]], "Numrun": 5, "all_fitness": [389.52700685529993]}
{"file_name": "U_20_1", "number_of_trucks": 2, "drone_capacity": 2, "number_of_drones": 2, "iteration": 2, "best_fitness": 389.52700685529993, "runtime": 112.00423169136047, "best_solution": [[[[0, [10, 3]], [3, []], [16, [16]], [10, []], [19, [19]], [14, [14, 2]], [2, []], [4, [4, 12]], [12, []]], [[0, [15]], [18, [18, 1]], [17, [17, 5]], [1, []], [15, []], [13, [13, 9]], [9, []], [5, []], [6, [6, 7]], [7, []], [11, [11]], [8, [8, 20]], [20, []]]], [[[18, [18, 1]]], [[17, [17, 5]]], [[16, [16]]], [[19, [19]]], [[13, [13, 9]]], [[14, [14, 2]]], [[6, [6, 7]]], [[11, [11]]], [[4, [4, 12]]], [[8, [8, 20]]]]], "all_solution": [[[[[0, []], [3, [3]], [5, [5, 13]], [13, []], [19, [19, 9]], [9, []], [14, [14, 2]], [2, []], [4, [4, 12]], [12, []]], [[0, [15, 1, 17]], [10, [10, 18]], [15, []], [18, []], [16, [16]], [1, []], [17, []], [6, [6, 7]], [7, []], [11, [11, 20]], [8, [8]], [20, []]]], [[[3, [3]]], [[5, [5, 13]]], [[10, [10, 18]]], [[16, [16]]], [[19, [19, 9]]], [[14, [14, 2]]], [[6, [6, 7]]], [[4, [4, 12]]], [[11, [11, 20]]], [[8, [8]]]]], [[[[0, [10, 3]], [3, []], [16, [16]], [10, []], [19, [19]], [14, [14, 2]], [2, []], [4, [4, 12]], [12, []]], [[0, [15]], [18, [18, 1]], [17, [17, 5]], [1, []], [15, []], [13, [13, 9]], [9, []], [5, []], [6, [6, 7]], [7, []], [11, [11]], [8, [8, 20]], [20, []]]], [[[18, [18, 1]]], [[17, [17, 5]]], [[16, [16]]], [[19, [19]]], [[13, [13, 9]]], [[14, [14, 2]]], [[6, [6, 7]]], [[11, [11]]], [[4, [4, 12]]], [[8, [8, 20]]]]]], "Numrun": 5, "all_fitness": [389.52700685529993, 389.52700685529993]}
{"file_name": "U_20_1", "number_of_trucks": 2, "drone_capacity": 2, "number_of_drones": 2, "iteration": 3, "best_fitness": 389.52700685529993, "runtime": 149.93077158927917, "best_solution": [[[[0, [17, 3, 13, 1, 16]], [3, []], [13, []], [16, []], [1, []], [17, []], [6, [6, 7]], [7, []], [11, [11]], [8, [8, 20]], [20, []]], [[0, []], [15, [10, 15]], [18, [5, 18]], [5, []], [10, []], [19, [19]], [9, [9, 2, 14]], [2, []], [14, []], [4, [4, 12]], [12, []]]], [[[15, [10, 15]]], [[18, [5, 18]]], [[19, [19]]], [[9, [14]]], [[9, [9, 2]]], [[6, [6, 7]]], [[11, [11]]], [[4, [4, 12]]], [[8, [8, 20]]]]], "all_solution": [[[[[0, []], [3, [3]], [5, [5, 13]], [13, []], [19, [19, 9]], [9, []], [14, [14, 2]], [2, []], [4, [4, 12]], [12, []]], [[0, [15, 1, 17]], [10, [10, 18]], [15, []], [18, []], [16, [16]], [1, []], [17, []], [6, [6, 7]], [7, []], [11, [11, 20]], [8, [8]], [20, []]]], [[[3, [3]]], [[5, [5, 13]]], [[10, [10, 18]]], [[16, [16]]], [[19, [19, 9]]], [[14, [14, 2]]], [[6, [6, 7]]], [[4, [4, 12]]], [[11, [11, 20]]], [[8, [8]]]]], [[[[0, [10, 3]], [3, []], [16, [16]], [10, []], [19, [19]], [14, [14, 2]], [2, []], [4, [4, 12]], [12, []]], [[0, [15]], [18, [18, 1]], [17, [17, 5]], [1, []], [15, []], [13, [13, 9]], [9, []], [5, []], [6, [6, 7]], [7, []], [11, [11]], [8, [8, 20]], [20, []]]], [[[18, [18, 1]]], [[17, [17, 5]]], [[16, [16]]], [[19, [19]]], [[13, [13, 9]]], [[14, [14, 2]]], [[6, [6, 7]]], [[11, [11]]], [[4, [4, 12]]], [[8, [8, 20]]]]], [[[[0, [17, 3, 13, 1, 16]], [3, []], [13, []], [16, []], [1, []], [17, []], [6, [6, 7]], [7, []], [11, [11]], [8, [8, 20]], [20, []]], [[0, []], [15, [10, 15]], [18, [5, 18]], [5, []], [10, []], [19, [19]], [9, [9, 2, 14]], [2, []], [14, []], [4, [4, 12]], [12, []]]], [[[15, [10, 15]]], [[18, [5, 18]]], [[19, [19]]], [[9, [14]]], [[9, [9, 2]]], [[6, [6, 7]]], [[11, [11]]], [[4, [4, 12]]], [[8, [8, 20]]]]]], "Numrun": 5, "all_fitness": [389.52700685529993, 389.52700685529993, 389.52700685529993]}
{"file_name": "U_20_1", "number_of_trucks": 2, "drone_capacity": 2, "number_of_drones": 2, "iteration": 4, "best_fitness": 389.52700685529993, "runtime": 115.34497094154358, "best_solution": [[[[0, [3]], [5, [5, 16]], [16, []], [17, [17, 18]], [18, []], [14, [14, 2]], [3, []], [2, []], [4, [4, 12]], [12, []]], [[0, [15]], [10, [10, 1]], [15, []], [1, []], [9, [9, 13]], [19, [19]], [13, []], [6, [6, 7]], [7, []], [11, [11, 20]], [8, [8]], [20, []]]], [[[5, [5, 16]]], [[10, [10, 1]]], [[17, [17, 18]]], [[9, [9, 13]]], [[19, [19]]], [[14, [14, 2]]], [[6, [6, 7]]], [[11, [11, 20]]], [[4, [4, 12]]], [[8, [8]]]]], "all_solution": [[[[[0, []], [3, [3]], [5, [5, 13]], [13, []], [19, [19, 9]], [9, []], [14, [14, 2]], [2, []], [4, [4, 12]], [12, []]], [[0, [15, 1, 17]], [10, [10, 18]], [15, []], [18, []], [16, [16]], [1, []], [17, []], [6, [6, 7]], [7, []], [11, [11, 20]], [8, [8]], [20, []]]], [[[3, [3]]], [[5, [5, 13]]], [[10, [10, 18]]], [[16, [16]]], [[19, [19, 9]]], [[14, [14, 2]]], [[6, [6, 7]]], [[4, [4, 12]]], [[11, [11, 20]]], [[8, [8]]]]], [[[[0, [10, 3]], [3, []], [16, [16]], [10, []], [19, [19]], [14, [14, 2]], [2, []], [4, [4, 12]], [12, []]], [[0, [15]], [18, [18, 1]], [17, [17, 5]], [1, []], [15, []], [13, [13, 9]], [9, []], [5, []], [6, [6, 7]], [7, []], [11, [11]], [8, [8, 20]], [20, []]]], [[[18, [18, 1]]], [[17, [17, 5]]], [[16, [16]]], [[19, [19]]], [[13, [13, 9]]], [[14, [14, 2]]], [[6, [6, 7]]], [[11, [11]]], [[4, [4, 12]]], [[8, [8, 20]]]]], [[[[0, [17, 3, 13, 1, 16]], [3, []], [13, []], [16, []], [1, []], [17, []], [6, [6, 7]], [7, []], [11, [11]], [8, [8, 20]], [20, []]], [[0, []], [15, [10, 15]], [18, [5, 18]], [5, []], [10, []], [19, [19]], [9, [9, 2, 14]], [2, []], [14, []], [4, [4, 12]], [12, []]]], [[[15, [10, 15]]], [[18, [5, 18]]], [[19, [19]]], [[9, [14]]], [[9, [9, 2]]], [[6, [6, 7]]], [[11, [11]]], [[4, [4, 12]]], [[8, [8, 20]]]]], [[[[0, [3]], [5, [5, 16]], [16, []], [17, [17, 18]], [18, []], [14, [14, 2]], [3, []], [2, []], [4, [4, 12]], [12, []]], [[0, [15]], [10, [10, 1]], [15, []], [1, []], [9, [9, 13]], [19, [19]], [13, []], [6, [6, 7]], [7, []], [11, [11, 20]], [8, [8]], [20, []]]], [[[5, [5, 16]]], [[10, [10, 1]]], [[17, [17, 18]]], [[9, [9, 13]]], [[19, [19]]], [[14, [14, 2]]], [[6, [6, 7]]], [[11, [11, 20]]], [[4, [4, 12]]], [[8, [8]]]]]], "Numrun": 5, "all_fitness": [389.52700685529993, 389.52700685529993, 389.52700685529993, 389.52700685529993]}
{"file_name": "U_20_1", "number_of_trucks": 2, "drone_capacity": 2, "number_of_drones": 2, "iteration": 5, "best_fitness": 389.52700685529993, "runtime": 122.68779253959656, "best_solution": [[[[0, [10, 18]], [10, []], [18, []], [17, [17, 16]], [9, [9, 1]], [14, [14, 2]], [1, []], [2, []], [16, []], [4, [4, 12]], [12, []]], [[0, [3]], [5, [5, 15]], [15, [13]], [3, []], [13, []], [7, [7, 6]], [6, []], [11, [11, 19]], [8, [8, 20]], [20, []], [19, []]]], [[[5, [5, 15]]], [[15, [13]]], [[17, [17, 16]]], [[9, [9, 1]]], [[7, [7, 6]]], [[14, [14, 2]]], [[4, [4, 12]]], [[11, [11, 19]]], [[8, [8, 20]]]]],