{"file_name": "U_15_1", "number_of_trucks": 2, "drone_capacity": 2, "number_of_drones": 2, "iteration": 1, "best_fitness": 347.5932743562683, "runtime": 49.772907972335815, "best_solution": [[[[0, [11, 14, 5]], [5, []], [11, []], [14, []], [9, [9]], [10, [10, 1]], [1, []], [4, [4]]], [[0, []], [3, [3, 12]], [12, []], [6, [6, 13]], [13, []], [8, [8, 7]], [7, []], [15, [15, 2]], [2, []]]], [[[3, [3, 12]]], [[9, [9]]], [[6, [6, 13]]], [[8, [8, 7]]], [[10, [10, 1]]], [[4, [4]]], [[15, [15, 2]]]]], "all_solution": [[[[[0, [11, 14, 5]], [5, []], [11, []], [14, []], [9, [9]], [10, [10, 1]], [1, []], [4, [4]]], [[0, []], [3, [3, 12]], [12, []], [6, [6, 13]], [13, []], [8, [8, 7]], [7, []], [15, [15, 2]], [2, []]]], [[[3, [3, 12]]], [[9, [9]]], [[6, [6, 13]]], [[8, [8, 7]]], [[10, [10, 1]]], [[4, [4]]], [[15, [15, 2]]]]]], "Numrun": 5, "all_fitness": [347.5932743562683]}
{"file_name": "U_15_1", "number_of_trucks": 2, "drone_capacity": 2, "number_of_drones": 2, "iteration": 2, "best_fitness": 347.5932743562683, "runtime": 45.66049885749817, "best_solution": [[[[0, [11]], [11, []], [9, [9, 13]], [10, [10, 8]], [13, []], [8, []], [15, [15, 2]], [2, []]], [[0, [5]], [14, [14]], [3, [3, 12]], [12, []], [5, []], [6, [6, 7]], [7, []], [1, [1, 4]], [4, []]]], [[[14, [14]]], [[3, [3, 12]]], [[9, [9, 13]]], [[6, [6, 7]]], [[10, [10, 8]]], [[1, [1, 4]]], [[15, [15, 2]]]]], "all_solution": [[[[[0, [11, 14, 5]], [5, []], [11, []], [14, []], [9, [9]], [10, [10, 1]], [1, []], [4, [4]]], [[0, []], [3, [3, 12]], [12, []], [6, [6, 13]], [13, []], [8, [8, 7]], [7, []], [15, [15, 2]], [2, []]]], [[[3, [3, 12]]], [[9, [9]]], [[6, [6, 13]]], [[8, [8, 7]]], [[10, [10, 1]]], [[4, [4]]], [[15, [15, 2]]]]], [[[[0, [11]], [11, []], [9, [9, 13]], [10, [10, 8]], [13, []], [8, []], [15, [15, 2]], [2, []]], [[0, [5]], [14, [14]], [3, [3, 12]], [12, []], [5, []], [6, [6, 7]], [7, []], [1, [1, 4]], [4, []]]], [[[14, [14]]], [[3, [3, 12]]], [[9, [9, 13]]], [[6, [6, 7]]], [[10, [10, 8]]], [[1, [1, 4]]], [[15, [15, 2]]]]]], "Numrun": 5, "all_fitness": [347.5932743562683, 347.5932743562683]}
{"file_name": "U_15_1", "number_of_trucks": 2, "drone_capacity": 2, "number_of_drones": 2, "iteration": 3, "best_fitness": 342.6332743562683, "runtime": 58.19992995262146, "best_solution": [[[[0, [14]], [14, []], [2, [2, 9]], [9, []], [1, [1, 4]], [4, []]], [[0, [11, 5, 3]], [5, []], [13, [13, 12]], [11, []], [7, [7, 6]], [10, [10, 8]], [8, []], [12, []], [6, []], [3, []], [15, [15]]]], [[[13, [13, 12]]], [[2, [2, 9]]], [[7, [7, 6]]], [[10, [10, 8]]], [[1, [1, 4]]], [[15, [15]]]]], "all_solution": [[[[[0, [11, 14, 5]], [5, []], [11, []], [14, []], [9, [9]], [10, [10, 1]], [1, []], [4, [4]]], [[0, []], [3, [3, 12]], [12, []], [6, [6, 13]], [13, []], [8, [8, 7]], [7, []], [15, [15, 2]], [2, []]]], [[[3, [3, 12]]], [[9, [9]]], [[6, [6, 13]]], [[8, [8, 7]]], [[10, [10, 1]]], [[4, [4]]], [[15, [15, 2]]]]], [[[[0, [11]], [11, []], [9, [9, 13]], [10, [10, 8]], [13, []], [8, []], [15, [15, 2]], [2, []]], [[0, [5]], [14, [14]], [3, [3, 12]], [12, []], [5, []], [6, [6, 7]], [7, []], [1, [1, 4]], [4, []]]], [[[14, [14]]], [[3, [3, 12]]], [[9, [9, 13]]], [[6, [6, 7]]], [[10, [10, 8]]], [[1, [1, 4]]], [[15, [15, 2]]]]], [[[[0, [14]], [14, []], [2, [2, 9]], [9, []], [1, [1, 4]], [4, []]], [[0, [11, 5, 3]], [5, []], [13, [13, 12]], [11, []], [7, [7, 6]], [10, [10, 8]], [8, []], [12, []], [6, []], [3, []], [15, [15]]]], [[[13, [13, 12]]], [[2, [2, 9]]], [[7, [7, 6]]], [[10, [10, 8]]], [[1, [1, 4]]], [[15, [15]]]]]], "Numrun": 5, "all_fitness": [347.5932743562683, 347.5932743562683, 342.6332743562683]}
{"file_name": "U_15_1", "number_of_trucks": 2, "drone_capacity": 2, "number_of_drones": 2, "iteration": 4, "best_fitness": 347.5932743562683, "runtime": 47.70873498916626, "best_solution": [[[[0, [14, 5]], [5, []], [14, []], [3, [3, 12]], [12, []], [13, [13, 7]], [8, [8]], [7, []], [15, [15, 2]], [2, []]], [[0, [11]], [11, []], [9, [9, 6]], [6, []], [10, [10, 1]], [1, []], [4, [4]]]], [[[3, [3, 12]]], [[9, [9, 6]]], [[13, [13, 7]]], [[8, [8]]], [[10, [10, 1]]], [[4, [4]]], [[15, [15, 2]]]]], "all_solution": [[[[[0, [11, 14, 5]], [5, []], [11, []], [14, []], [9, [9]], [10, [10, 1]], [1, []], [4, [4]]], [[0, []], [3, [3, 12]], [12, []], [6, [6, 13]], [13, []], [8, [8, 7]], [7, []], [15, [15, 2]], [2, []]]], [[[3, [3, 12]]], [[9, [9]]], [[6, [6, 13]]], [[8, [8, 7]]], [[10, [10, 1]]], [[4, [4]]], [[15, [15, 2]]]]], [[[[0, [11]], [11, []], [9, [9, 13]], [10, [10, 8]], [13, []], [8, []], [15, [15, 2]], [2, []]], [[0, [5]], [14, [14]], [3, [3, 12]], [12, []], [5, []], [6, [6, 7]], [7, []], [1, [1, 4]], [4, []]]], [[[14, [14]]], [[3, [3, 12]]], [[9, [9, 13]]], [[6, [6, 7]]], [[10, [10, 8]]], [[1, [1, 4]]], [[15, [15, 2]]]]], [[[[0, [14]], [14, []], [2, [2, 9]], [9, []], [1, [1, 4]], [4, []]], [[0, [11, 5, 3]], [5, []], [13, [13, 12]], [11, []], [7, [7, 6]], [10, [10, 8]], [8, []], [12, []], [6, []], [3, []], [15, [15]]]], [[[13, [13, 12]]], [[2, [2, 9]]], [[7, [7, 6]]], [[10, [10, 8]]], [[1, [1, 4]]], [[15, [15]]]]], [[[[0, [14, 5]], [5, []], [14, []], [3, [3, 12]], [12, []], [13, [13, 7]], [8, [8]], [7, []], [15, [15, 2]], [2, []]], [[0, [11]], [11, []], [9, [9, 6]], [6, []], [10, [10, 1]], [1, []], [4, [4]]]], [[[3, [3, 12]]], [[9, [9, 6]]], [[13, [13, 7]]], [[8, [8]]], [[10, [10, 1]]], [[4, [4]]], [[15, [15, 2]]]]]], "Numrun": 5, "all_fitness": [347.5932743562683, 347.5932743562683, 342.6332743562683, 347.5932743562683]}
{"file_name": "U_15_1", "number_of_trucks": 2, "drone_capacity": 2, "number_of_drones": 2, "iteration": 5, "best_fitness": 343.327599422125, "runtime": 56.79644513130188, "best_solution": [[[[0, [5, 11]], [11, []], [3, [3, 12]], [5, []], [12, []], [6, [6, 9]], [9, []], [1, [1, 2]], [4, [4]], [2, []]], [[0, []], [14, [14]], [13, [13, 7]], [8, [8, 10]], [7, []], [10, []], [15, [15]]]], [[[14, [14]]], [[3, [3, 12]]], [[13, [13, 7]]], [[6, [6, 9]]], [[8, [8, 10]]], [[1, [1, 2]]], [[4, [4]]], [[15, [15]]]]], "all_solution": [[[[[0, [11, 14, 5]], [5, []], [11, []], [14, []], [9, [9]], [10, [10, 1]], [1, []], [4, [4]]], [[0, []], [3, [3, 12]], [12, []], [6, [6, 13]], [13, []], [8, [8, 7]], [7, []], [15, [15, 2]], [2, []]]], [[[3, [3, 12]]], [[9, [9]]], [[6, [6, 13]]], [[8, [8, 7]]], [[10, [10, 1]]], [[4, [4]]], [[15, [15, 2]]]]], [[[[0, [11]], [11, []], [9, [9, 13]], [10, [10, 8]], [13, []], [8, []], [15, [15, 2]], [2, []]], [[0, [5]], [14, [14]], [3, [3, 12]], [12, []], [5, []], [6, [6, 7]], [7, []], [1, [1, 4]], [4, []]]], [[[14, [14]]], [[3, [3, 12]]], [[9, [9, 13]]], [[6, [6, 7]]], [[10, [10, 8]]], [[1, [1, 4]]], [[15, [15, 2]]]]], [[[[0, [14]], [14, []], [2, [2, 9]], [9, []], [1, [1, 4]], [4, []]], [[0, [11, 5, 3]], [5, []], [13, [13, 12]], [11, []], [7, [7, 6]], [10, [10, 8]], [8, []], [12, []], [6, []], [3, []], [15, [15]]]], [[[13, [13, 12]]], [[2, [2, 9]]], [[7, [7, 6]]], [[10, [10, 8]]], [[1, [1, 4]]], [[15, [15]]]]], [[[[0, [14, 5]], [5, []], [14, []], [3, [3, 12]], [12, []], [13, [13, 7]], [8, [8]], [7, []], [15, [15, 2]], [2, []]], [[0, [11]], [11, []], [9, [9, 6]], [6, []], [10, [10, 1]], [1, []], [4, [4]]]], [[[3, [3, 12]]], [[9, [9, 6]]], [[13, [13, 7]]], [[8, [8]]], [[10, [10, 1]]], [[4, [4]]], [[15, [15, 2]]]]], [[[[0, [5, 11]], [11, []], [3, [3, 12]], [5, []], [12, []], [6, [6, 9]], [9, []], [1, [1, 2]], [4, [4]], [2, []]], [[0, []], [14, [14]], [13, [13, 7]], [8, [8, 10]], [7, []], [10, []], [15, [15]]]], [[[14, [14]]], [[3, [3, 12]]], [[13, [13, 7]]], [[6, [6, 9]]], [[8, [8, 10]]], [[1, [1, 2]]], [[4, [4]]], [[15, [15]]]]]], "Numrun": 5, "all_fitness": [347.5932743562683, 347.5932743562683, 342.6332743562683, 347.5932743562683, 343.327599422125]}
