{"file_name": "U_20_0", "number_of_trucks": 2, "drone_capacity": 2, "number_of_drones": 2, "iteration": 1, "best_fitness": 266.28000000000003, "runtime": 140.44697093963623, "best_solution": [[[[0, [6, 5, 2, 10, 1, 15, 12, 11, 16]], [6, []], [15, []], [12, []], [11, []], [16, []], [1, []], [5, []], [19, [19, 17]], [2, []], [17, []], [10, []]], [[0, []], [4, [13, 4]], [7, [7, 18]], [3, [3, 9]], [13, []], [9, []], [14, [14, 8]], [18, []], [8, []], [20, [20]]]], [[[4, [13, 4]]], [[7, [7, 18]]], [[3, [3, 9]]], [[14, [14, 8]]], [[19, [19, 17]]], [[20, [20]]]]], "all_solution": [[[[[0, [6, 5, 2, 10, 1, 15, 12, 11, 16]], [6, []], [15, []], [12, []], [11, []], [16, []], [1, []], [5, []], [19, [19, 17]], [2, []], [17, []], [10, []]], [[0, []], [4, [13, 4]], [7, [7, 18]], [3, [3, 9]], [13, []], [9, []], [14, [14, 8]], [18, []], [8, []], [20, [20]]]], [[[4, [13, 4]]], [[7, [7, 18]]], [[3, [3, 9]]], [[14, [14, 8]]], [[19, [19, 17]]], [[20, [20]]]]]], "Numrun": 5, "all_fitness": [266.28000000000003]}
{"file_name": "U_20_0", "number_of_trucks": 2, "drone_capacity": 2, "number_of_drones": 2, "iteration": 2, "best_fitness": 264.91999999999996, "runtime": 203.75240325927734, "best_solution": [[[[0, [12, 16, 6, 7, 10, 2, 3, 1]], [7, []], [17, [17, 19]], [10, []], [2, []], [3, []], [19, []], [1, []], [12, []], [16, []], [6, []]], [[0, [4, 13, 11, 15, 5]], [4, []], [5, []], [13, [9, 18]], [9, []], [11, []], [15, []], [18, []], [14, [14, 8]], [8, []], [20, [20]]]], [[[17, [17, 19]]], [[13, [9, 18]]], [[14, [14, 8]]], [[20, [20]]]]], "all_solution": [[[[[0, [6, 5, 2, 10, 1, 15, 12, 11, 16]], [6, []], [15, []], [12, []], [11, []], [16, []], [1, []], [5, []], [19, [19, 17]], [2, []], [17, []], [10, []]], [[0, []], [4, [13, 4]], [7, [7, 18]], [3, [3, 9]], [13, []], [9, []], [14, [14, 8]], [18, []], [8, []], [20, [20]]]], [[[4, [13, 4]]], [[7, [7, 18]]], [[3, [3, 9]]], [[14, [14, 8]]], [[19, [19, 17]]], [[20, [20]]]]], [[[[0, [12, 16, 6, 7, 10, 2, 3, 1]], [7, []], [17, [17, 19]], [10, []], [2, []], [3, []], [19, []], [1, []], [12, []], [16, []], [6, []]], [[0, [4, 13, 11, 15, 5]], [4, []], [5, []], [13, [9, 18]], [9, []], [11, []], [15, []], [18, []], [14, [14, 8]], [8, []], [20, [20]]]], [[[17, [17, 19]]], [[13, [9, 18]]], [[14, [14, 8]]], [[20, [20]]]]]], "Numrun": 5, "all_fitness": [266.28000000000003, 264.91999999999996]}
{"file_name": "U_20_0", "number_of_trucks": 2, "drone_capacity": 2, "number_of_drones": 2, "iteration": 3, "best_fitness": 265.15454875430316, "runtime": 159.46469283103943, "best_solution": [[[[0, [15, 4, 1]], [4, []], [7, [7, 18]], [3, [3, 12]], [1, []], [12, []], [15, []], [18, []], [14, [14, 8]], [8, []], [20, [20]]], [[0, [2, 6, 13, 9, 16, 11, 5, 10]], [10, []], [17, [17, 19]], [2, []], [5, []], [19, []], [13, []], [9, []], [16, []], [11, []], [6, []]]], [[[7, [7, 18]]], [[3, [3, 12]]], [[17, [17, 19]]], [[14, [14, 8]]], [[20, [20]]]]], "all_solution": [[[[[0, [6, 5, 2, 10, 1, 15, 12, 11, 16]], [6, []], [15, []], [12, []], [11, []], [16, []], [1, []], [5, []], [19, [19, 17]], [2, []], [17, []], [10, []]], [[0, []], [4, [13, 4]], [7, [7, 18]], [3, [3, 9]], [13, []], [9, []], [14, [14, 8]], [18, []], [8, []], [20, [20]]]], [[[4, [13, 4]]], [[7, [7, 18]]], [[3, [3, 9]]], [[14, [14, 8]]], [[19, [19, 17]]], [[20, [20]]]]], [[[[0, [12, 16, 6, 7, 10, 2, 3, 1]], [7, []], [17, [17, 19]], [10, []], [2, []], [3, []], [19, []], [1, []], [12, []], [16, []], [6, []]], [[0, [4, 13, 11, 15, 5]], [4, []], [5, []], [13, [9, 18]], [9, []], [11, []], [15, []], [18, []], [14, [14, 8]], [8, []], [20, [20]]]], [[[17, [17, 19]]], [[13, [9, 18]]], [[14, [14, 8]]], [[20, [20]]]]], [[[[0, [15, 4, 1]], [4, []], [7, [7, 18]], [3, [3, 12]], [1, []], [12, []], [15, []], [18, []], [14, [14, 8]], [8, []], [20, [20]]], [[0, [2, 6, 13, 9, 16, 11, 5, 10]], [10, []], [17, [17, 19]], [2, []], [5, []], [19, []], [13, []], [9, []], [16, []], [11, []], [6, []]]], [[[7, [7, 18]]], [[3, [3, 12]]], [[17, [17, 19]]], [[14, [14, 8]]], [[20, [20]]]]]], "Numrun": 5, "all_fitness": [266.28000000000003, 264.91999999999996, 265.15454875430316]}
{"file_name": "U_20_0", "number_of_trucks": 2, "drone_capacity": 2, "number_of_drones": 2, "iteration": 4, "best_fitness": 264.64, "runtime": 194.6734631061554, "best_solution": [[[[0, [5, 1, 15, 11]], [6, [6, 18, 12]], [5, []], [1, []], [12, []], [11, []], [15, []], [18, []], [14, [14, 8]], [8, []], [20, [20]]], [[0, [16, 9, 13, 3, 2, 10, 7, 4]], [16, []], [9, [19, 17]], [13, []], [19, []], [3, []], [2, []], [10, []], [17, []], [7, []], [4, []]]], [[[6, [18, 12]]], [[6, [6]]], [[9, [19, 17]]], [[14, [14, 8]]], [[20, [20]]]]], "all_solution": [[[[[0, [6, 5, 2, 10, 1, 15, 12, 11, 16]], [6, []], [15, []], [12, []], [11, []], [16, []], [1, []], [5, []], [19, [19, 17]], [2, []], [17, []], [10, []]], [[0, []], [4, [13, 4]], [7, [7, 18]], [3, [3, 9]], [13, []], [9, []], [14, [14, 8]], [18, []], [8, []], [20, [20]]]], [[[4, [13, 4]]], [[7, [7, 18]]], [[3, [3, 9]]], [[14, [14, 8]]], [[19, [19, 17]]], [[20, [20]]]]], [[[[0, [12, 16, 6, 7, 10, 2, 3, 1]], [7, []], [17, [17, 19]], [10, []], [2, []], [3, []], [19, []], [1, []], [12, []], [16, []], [6, []]], [[0, [4, 13, 11, 15, 5]], [4, []], [5, []], [13, [9, 18]], [9, []], [11, []], [15, []], [18, []], [14, [14, 8]], [8, []], [20, [20]]]], [[[17, [17, 19]]], [[13, [9, 18]]], [[14, [14, 8]]], [[20, [20]]]]], [[[[0, [15, 4, 1]], [4, []], [7, [7, 18]], [3, [3, 12]], [1, []], [12, []], [15, []], [18, []], [14, [14, 8]], [8, []], [20, [20]]], [[0, [2, 6, 13, 9, 16, 11, 5, 10]], [10, []], [17, [17, 19]], [2, []], [5, []], [19, []], [13, []], [9, []], [16, []], [11, []], [6, []]]], [[[7, [7, 18]]], [[3, [3, 12]]], [[17, [17, 19]]], [[14, [14, 8]]], [[20, [20]]]]], [[[[0, [5, 1, 15, 11]], [6, [6, 18, 12]], [5, []], [1, []], [12, []], [11, []], [15, []], [18, []], [14, [14, 8]], [8, []], [20, [20]]], [[0, [16, 9, 13, 3, 2, 10, 7, 4]], [16, []], [9, [19, 17]], [13, []], [19, []], [3, []], [2, []], [10, []], [17, []], [7, []], [4, []]]], [[[6, [18, 12]]], [[6, [6]]], [[9, [19, 17]]], [[14, [14, 8]]], [[20, [20]]]]]], "Numrun": 5, "all_fitness": [266.28000000000003, 264.91999999999996, 265.15454875430316, 264.64]}
{"file_name": "U_20_0", "number_of_trucks": 2, "drone_capacity": 2, "number_of_drones": 2, "iteration": 5, "best_fitness": 255.88, "runtime": 148.45829439163208, "best_solution": [[[[0, [6, 12, 16, 15, 18, 11]], [6, []], [16, []], [11, []], [12, []], [15, [14]], [18, []], [14, []], [8, [8, 20]], [20, []]], [[0, [1, 13, 4, 2, 7]], [4, [5, 10, 9]], [5, []], [1, []], [9, []], [13, []], [19, [19, 3]], [3, []], [2, []], [17, [17]], [10, []], [7, []]]], [[[4, [10, 9]]], [[4, [5]]], [[19, [19, 3]]], [[15, [14]]], [[17, [17]]], [[8, [8, 20]]]]],