{"file_name": "U_15_1", "number_of_trucks": 2, "drone_capacity": 2, "number_of_drones": 2, "iteration": 1, "best_fitness": 242.3938964131222, "runtime": 67.2259910106659, "best_solution": [[[[0, []], [6, [6, 7]], [2, [2, 9]], [9, []], [4, [4, 3]], [3, []], [1, [1, 8]], [7, []], [8, []], [11, [11]]], [[0, [10, 15, 14]], [15, []], [10, []], [14, []], [13, [13, 12]], [12, []], [5, [5]]]], [[[6, [6, 7]]], [[2, [2, 9]]], [[4, [4, 3]]], [[1, [1, 8]]], [[13, [13, 12]]], [[5, [5]]], [[11, [11]]]]], "all_solution": [[[[[0, []], [6, [6, 7]], [2, [2, 9]], [9, []], [4, [4, 3]], [3, []], [1, [1, 8]], [7, []], [8, []], [11, [11]]], [[0, [10, 15, 14]], [15, []], [10, []], [14, []], [13, [13, 12]], [12, []], [5, [5]]]], [[[6, [6, 7]]], [[2, [2, 9]]], [[4, [4, 3]]], [[1, [1, 8]]], [[13, [13, 12]]], [[5, [5]]], [[11, [11]]]]]], "Numrun": 5, "all_fitness": [242.3938964131222]}
{"file_name": "U_15_1", "number_of_trucks": 2, "drone_capacity": 2, "number_of_drones": 2, "iteration": 2, "best_fitness": 245.0338964131222, "runtime": 58.66035079956055, "best_solution": [[[[0, [15, 14, 7, 10]], [15, []], [14, []], [7, []], [13, [13, 11]], [10, []], [11, []]], [[0, []], [6, [6, 9]], [2, [2]], [9, []], [4, [4, 3]], [3, []], [1, [1, 8]], [8, []], [12, [12, 5]], [5, []]]], [[[6, [6, 9]]], [[2, [2]]], [[4, [4, 3]]], [[1, [1, 8]]], [[12, [12, 5]]], [[13, [13, 11]]]]], "all_solution": [[[[[0, []], [6, [6, 7]], [2, [2, 9]], [9, []], [4, [4, 3]], [3, []], [1, [1, 8]], [7, []], [8, []], [11, [11]]], [[0, [10, 15, 14]], [15, []], [10, []], [14, []], [13, [13, 12]], [12, []], [5, [5]]]], [[[6, [6, 7]]], [[2, [2, 9]]], [[4, [4, 3]]], [[1, [1, 8]]], [[13, [13, 12]]], [[5, [5]]], [[11, [11]]]]], [[[[0, [15, 14, 7, 10]], [15, []], [14, []], [7, []], [13, [13, 11]], [10, []], [11, []]], [[0, []], [6, [6, 9]], [2, [2]], [9, []], [4, [4, 3]], [3, []], [1, [1, 8]], [8, []], [12, [12, 5]], [5, []]]], [[[6, [6, 9]]], [[2, [2]]], [[4, [4, 3]]], [[1, [1, 8]]], [[12, [12, 5]]], [[13, [13, 11]]]]]], "Numrun": 5, "all_fitness": [242.3938964131222, 245.0338964131222]}
{"file_name": "U_15_1", "number_of_trucks": 2, "drone_capacity": 2, "number_of_drones": 2, "iteration": 3, "best_fitness": 248.83619853626004, "runtime": 50.52237582206726, "best_solution": [[[[0, [6, 9, 3, 4, 2]], [6, []], [4, []], [9, [11, 1]], [2, []], [3, []], [1, []], [11, []]], [[0, [7, 14]], [15, [15, 10]], [5, [5, 8]], [10, []], [8, []], [7, []], [13, [13, 12]], [14, []], [12, []]]], [[[15, [15, 10]]], [[5, [5, 8]]], [[9, [11, 1]]], [[13, [13, 12]]]]], "all_solution": [[[[[0, []], [6, [6, 7]], [2, [2, 9]], [9, []], [4, [4, 3]], [3, []], [1, [1, 8]], [7, []], [8, []], [11, [11]]], [[0, [10, 15, 14]], [15, []], [10, []], [14, []], [13, [13, 12]], [12, []], [5, [5]]]], [[[6, [6, 7]]], [[2, [2, 9]]], [[4, [4, 3]]], [[1, [1, 8]]], [[13, [13, 12]]], [[5, [5]]], [[11, [11]]]]], [[[[0, [15, 14, 7, 10]], [15, []], [14, []], [7, []], [13, [13, 11]], [10, []], [11, []]], [[0, []], [6, [6, 9]], [2, [2]], [9, []], [4, [4, 3]], [3, []], [1, [1, 8]], [8, []], [12, [12, 5]], [5, []]]], [[[6, [6, 9]]], [[2, [2]]], [[4, [4, 3]]], [[1, [1, 8]]], [[12, [12, 5]]], [[13, [13, 11]]]]], [[[[0, [6, 9, 3, 4, 2]], [6, []], [4, []], [9, [11, 1]], [2, []], [3, []], [1, []], [11, []]], [[0, [7, 14]], [15, [15, 10]], [5, [5, 8]], [10, []], [8, []], [7, []], [13, [13, 12]], [14, []], [12, []]]], [[[15, [15, 10]]], [[5, [5, 8]]], [[9, [11, 1]]], [[13, [13, 12]]]]]], "Numrun": 5, "all_fitness": [242.3938964131222, 245.0338964131222, 248.83619853626004]}
{"file_name": "U_15_1", "number_of_trucks": 2, "drone_capacity": 2, "number_of_drones": 2, "iteration": 4, "best_fitness": 245.89643175173484, "runtime": 61.07152819633484, "best_solution": [[[[0, [14]], [15, [15, 10]], [1, [1, 8]], [8, []], [13, [13, 11]], [14, []], [10, []], [11, []]], [[0, [7, 9]], [6, [6, 2]], [2, []], [9, []], [4, [4, 3]], [3, []], [7, []], [12, [12, 5]], [5, []]]], [[[6, [6, 2]]], [[15, [15, 10]]], [[4, [4, 3]]], [[1, [1, 8]]], [[13, [13, 11]]], [[12, [12, 5]]]]], "all_solution": [[[[[0, []], [6, [6, 7]], [2, [2, 9]], [9, []], [4, [4, 3]], [3, []], [1, [1, 8]], [7, []], [8, []], [11, [11]]], [[0, [10, 15, 14]], [15, []], [10, []], [14, []], [13, [13, 12]], [12, []], [5, [5]]]], [[[6, [6, 7]]], [[2, [2, 9]]], [[4, [4, 3]]], [[1, [1, 8]]], [[13, [13, 12]]], [[5, [5]]], [[11, [11]]]]], [[[[0, [15, 14, 7, 10]], [15, []], [14, []], [7, []], [13, [13, 11]], [10, []], [11, []]], [[0, []], [6, [6, 9]], [2, [2]], [9, []], [4, [4, 3]], [3, []], [1, [1, 8]], [8, []], [12, [12, 5]], [5, []]]], [[[6, [6, 9]]], [[2, [2]]], [[4, [4, 3]]], [[1, [1, 8]]], [[12, [12, 5]]], [[13, [13, 11]]]]], [[[[0, [6, 9, 3, 4, 2]], [6, []], [4, []], [9, [11, 1]], [2, []], [3, []], [1, []], [11, []]], [[0, [7, 14]], [15, [15, 10]], [5, [5, 8]], [10, []], [8, []], [7, []], [13, [13, 12]], [14, []], [12, []]]], [[[15, [15, 10]]], [[5, [5, 8]]], [[9, [11, 1]]], [[13, [13, 12]]]]], [[[[0, [14]], [15, [15, 10]], [1, [1, 8]], [8, []], [13, [13, 11]], [14, []], [10, []], [11, []]], [[0, [7, 9]], [6, [6, 2]], [2, []], [9, []], [4, [4, 3]], [3, []], [7, []], [12, [12, 5]], [5, []]]], [[[6, [6, 2]]], [[15, [15, 10]]], [[4, [4, 3]]], [[1, [1, 8]]], [[13, [13, 11]]], [[12, [12, 5]]]]]], "Numrun": 5, "all_fitness": [242.3938964131222, 245.0338964131222, 248.83619853626004, 245.89643175173484]}
{"file_name": "U_15_1", "number_of_trucks": 2, "drone_capacity": 2, "number_of_drones": 2, "iteration": 5, "best_fitness": 245.64, "runtime": 73.95133543014526, "best_solution": [[[[0, [15, 9, 6, 2]], [15, [4, 3]], [2, []], [9, []], [4, []], [3, []], [1, [1]], [6, []]], [[0, [7]], [7, []], [10, [10, 14]], [14, []], [5, [5, 8]], [12, [12, 13]], [13, []], [8, []], [11, [11]]]], [[[10, [10, 14]]], [[15, [4, 3]]], [[5, [5, 8]]], [[12, [12, 13]]], [[1, [1]]], [[11, [11]]]]], "all_solution": [[[[[0, []], [6, [6, 7]], [2, [2, 9]], [9, []], [4, [4, 3]], [3, []], [1, [1, 8]], [7, []], [8, []], [11, [11]]], [[0, [10, 15, 14]], [15, []], [10, []], [14, []], [13, [13, 12]], [12, []], [5, [5]]]], [[[6, [6, 7]]], [[2, [2, 9]]], [[4, [4, 3]]], [[1, [1, 8]]], [[13, [13, 12]]], [[5, [5]]], [[11, [11]]]]], [[[[0, [15, 14, 7, 10]], [15, []], [14, []], [7, []], [13, [13, 11]], [10, []], [11, []]], [[0, []], [6, [6, 9]], [2, [2]], [9, []], [4, [4, 3]], [3, []], [1, [1, 8]], [8, []], [12, [12, 5]], [5, []]]], [[[6, [6, 9]]], [[2, [2]]], [[4, [4, 3]]], [[1, [1, 8]]], [[12, [12, 5]]], [[13, [13, 11]]]]], [[[[0, [6, 9, 3, 4, 2]], [6, []], [4, []], [9, [11, 1]], [2, []], [3, []], [1, []], [11, []]], [[0, [7, 14]], [15, [15, 10]], [5, [5, 8]], [10, []], [8, []], [7, []], [13, [13, 12]], [14, []], [12, []]]], [[[15, [15, 10]]], [[5, [5, 8]]], [[9, [11, 1]]], [[13, [13, 12]]]]], [[[[0, [14]], [15, [15, 10]], [1, [1, 8]], [8, []], [13, [13, 11]], [14, []], [10, []], [11, []]], [[0, [7, 9]], [6, [6, 2]], [2, []], [9, []], [4, [4, 3]], [3, []], [7, []], [12, [12, 5]], [5, []]]], [[[6, [6, 2]]], [[15, [15, 10]]], [[4, [4, 3]]], [[1, [1, 8]]], [[13, [13, 11]]], [[12, [12, 5]]]]], [[[[0, [15, 9, 6, 2]], [15, [4, 3]], [2, []], [9, []], [4, []], [3, []], [1, [1]], [6, []]], [[0, [7]], [7, []], [10, [10, 14]], [14, []], [5, [5, 8]], [12, [12, 13]], [13, []], [8, []], [11, [11]]]], [[[10, [10, 14]]], [[15, [4, 3]]], [[5, [5, 8]]], [[12, [12, 13]]], [[1, [1]]], [[11, [11]]]]]], "Numrun": 5, "all_fitness": [242.3938964131222, 245.0338964131222, 248.83619853626004, 245.89643175173484, 245.64]}
