{"file_name": "U_20_0", "number_of_trucks": 2, "drone_capacity": 2, "number_of_drones": 2, "iteration": 1, "best_fitness": 242.71302442054133, "runtime": 210.66903829574585, "best_solution": [[[[0, [10, 4]], [10, []], [5, [5, 3, 2]], [11, [11, 15]], [15, []], [12, [12, 20]], [4, []], [2, []], [3, []], [8, [8, 9]], [20, []], [9, []]], [[0, [14, 1, 7, 6, 17, 16, 18, 19, 13]], [7, []], [6, []], [17, []], [18, []], [14, []], [1, []], [16, []], [13, []], [19, []]]], [[[5, [2]]], [[5, [5, 3]]], [[11, [11, 15]]], [[12, [12, 20]]], [[8, [8, 9]]]]], "all_solution": [[[[[0, [10, 4]], [10, []], [5, [5, 3, 2]], [11, [11, 15]], [15, []], [12, [12, 20]], [4, []], [2, []], [3, []], [8, [8, 9]], [20, []], [9, []]], [[0, [14, 1, 7, 6, 17, 16, 18, 19, 13]], [7, []], [6, []], [17, []], [18, []], [14, []], [1, []], [16, []], [13, []], [19, []]]], [[[5, [2]]], [[5, [5, 3]]], [[11, [11, 15]]], [[12, [12, 20]]], [[8, [8, 9]]]]]], "Numrun": 5, "all_fitness": [242.71302442054133]}
{"file_name": "U_20_0", "number_of_trucks": 2, "drone_capacity": 2, "number_of_drones": 2, "iteration": 2, "best_fitness": 243.54334060341523, "runtime": 157.06489944458008, "best_solution": [[[[0, [13, 5, 6, 8, 20, 15, 19, 10]], [10, []], [5, []], [6, []], [15, []], [13, []], [8, []], [20, []], [19, []]], [[0, [4]], [4, []], [16, [16, 2, 3, 18]], [2, []], [3, []], [12, [12, 1, 14, 17]], [1, []], [14, []], [18, []], [17, []], [7, [7, 11, 9]], [11, []], [9, []]]], [[[16, [16, 2]]], [[16, [3, 18]]], [[12, [1, 14]]], [[12, [12, 17]]], [[7, [11]]], [[7, [7, 9]]]]], "all_solution": [[[[[0, [10, 4]], [10, []], [5, [5, 3, 2]], [11, [11, 15]], [15, []], [12, [12, 20]], [4, []], [2, []], [3, []], [8, [8, 9]], [20, []], [9, []]], [[0, [14, 1, 7, 6, 17, 16, 18, 19, 13]], [7, []], [6, []], [17, []], [18, []], [14, []], [1, []], [16, []], [13, []], [19, []]]], [[[5, [2]]], [[5, [5, 3]]], [[11, [11, 15]]], [[12, [12, 20]]], [[8, [8, 9]]]]], [[[[0, [13, 5, 6, 8, 20, 15, 19, 10]], [10, []], [5, []], [6, []], [15, []], [13, []], [8, []], [20, []], [19, []]], [[0, [4]], [4, []], [16, [16, 2, 3, 18]], [2, []], [3, []], [12, [12, 1, 14, 17]], [1, []], [14, []], [18, []], [17, []], [7, [7, 11, 9]], [11, []], [9, []]]], [[[16, [16, 2]]], [[16, [3, 18]]], [[12, [1, 14]]], [[12, [12, 17]]], [[7, [11]]], [[7, [7, 9]]]]]], "Numrun": 5, "all_fitness": [242.71302442054133, 243.54334060341523]}
{"file_name": "U_20_0", "number_of_trucks": 2, "drone_capacity": 2, "number_of_drones": 2, "iteration": 3, "best_fitness": 240.11999999999998, "runtime": 129.53686046600342, "best_solution": [[[[0, [5, 6, 18, 17, 15, 11, 7, 13, 19]], [5, []], [6, []], [7, []], [18, []], [17, []], [11, []], [15, []], [13, []], [19, []]], [[0, [2, 16, 10]], [10, []], [20, [4, 20, 3]], [2, []], [3, []], [8, [8, 1, 12, 9]], [4, []], [1, []], [14, [14]], [16, []], [12, []], [9, []]]], [[[20, [3]]], [[20, [4, 20]]], [[8, [12, 9]]], [[8, [8, 1]]], [[14, [14]]]]], "all_solution": [[[[[0, [10, 4]], [10, []], [5, [5, 3, 2]], [11, [11, 15]], [15, []], [12, [12, 20]], [4, []], [2, []], [3, []], [8, [8, 9]], [20, []], [9, []]], [[0, [14, 1, 7, 6, 17, 16, 18, 19, 13]], [7, []], [6, []], [17, []], [18, []], [14, []], [1, []], [16, []], [13, []], [19, []]]], [[[5, [2]]], [[5, [5, 3]]], [[11, [11, 15]]], [[12, [12, 20]]], [[8, [8, 9]]]]], [[[[0, [13, 5, 6, 8, 20, 15, 19, 10]], [10, []], [5, []], [6, []], [15, []], [13, []], [8, []], [20, []], [19, []]], [[0, [4]], [4, []], [16, [16, 2, 3, 18]], [2, []], [3, []], [12, [12, 1, 14, 17]], [1, []], [14, []], [18, []], [17, []], [7, [7, 11, 9]], [11, []], [9, []]]], [[[16, [16, 2]]], [[16, [3, 18]]], [[12, [1, 14]]], [[12, [12, 17]]], [[7, [11]]], [[7, [7, 9]]]]], [[[[0, [5, 6, 18, 17, 15, 11, 7, 13, 19]], [5, []], [6, []], [7, []], [18, []], [17, []], [11, []], [15, []], [13, []], [19, []]], [[0, [2, 16, 10]], [10, []], [20, [4, 20, 3]], [2, []], [3, []], [8, [8, 1, 12, 9]], [4, []], [1, []], [14, [14]], [16, []], [12, []], [9, []]]], [[[20, [3]]], [[20, [4, 20]]], [[8, [12, 9]]], [[8, [8, 1]]], [[14, [14]]]]]], "Numrun": 5, "all_fitness": [242.71302442054133, 243.54334060341523, 240.11999999999998]}
{"file_name": "U_20_0", "number_of_trucks": 2, "drone_capacity": 2, "number_of_drones": 2, "iteration": 4, "best_fitness": 239.56, "runtime": 204.67855668067932, "best_solution": [[[[0, [10]], [10, []], [5, [5, 16]], [11, [11, 1, 6, 14]], [6, []], [7, [7, 18]], [18, []], [17, [17, 15]], [14, []], [1, []], [16, []], [15, []]], [[0, [4, 3, 2, 19, 20, 8, 9, 12, 13]], [19, []], [20, []], [8, []], [3, []], [2, []], [4, []], [12, []], [13, []], [9, []]]], [[[5, [5, 16]]], [[11, [11, 1]]], [[11, [6, 14]]], [[7, [7, 18]]], [[17, [17, 15]]]]], "all_solution": [[[[[0, [10, 4]], [10, []], [5, [5, 3, 2]], [11, [11, 15]], [15, []], [12, [12, 20]], [4, []], [2, []], [3, []], [8, [8, 9]], [20, []], [9, []]], [[0, [14, 1, 7, 6, 17, 16, 18, 19, 13]], [7, []], [6, []], [17, []], [18, []], [14, []], [1, []], [16, []], [13, []], [19, []]]], [[[5, [2]]], [[5, [5, 3]]], [[11, [11, 15]]], [[12, [12, 20]]], [[8, [8, 9]]]]], [[[[0, [13, 5, 6, 8, 20, 15, 19, 10]], [10, []], [5, []], [6, []], [15, []], [13, []], [8, []], [20, []], [19, []]], [[0, [4]], [4, []], [16, [16, 2, 3, 18]], [2, []], [3, []], [12, [12, 1, 14, 17]], [1, []], [14, []], [18, []], [17, []], [7, [7, 11, 9]], [11, []], [9, []]]], [[[16, [16, 2]]], [[16, [3, 18]]], [[12, [1, 14]]], [[12, [12, 17]]], [[7, [11]]], [[7, [7, 9]]]]], [[[[0, [5, 6, 18, 17, 15, 11, 7, 13, 19]], [5, []], [6, []], [7, []], [18, []], [17, []], [11, []], [15, []], [13, []], [19, []]], [[0, [2, 16, 10]], [10, []], [20, [4, 20, 3]], [2, []], [3, []], [8, [8, 1, 12, 9]], [4, []], [1, []], [14, [14]], [16, []], [12, []], [9, []]]], [[[20, [3]]], [[20, [4, 20]]], [[8, [12, 9]]], [[8, [8, 1]]], [[14, [14]]]]], [[[[0, [10]], [10, []], [5, [5, 16]], [11, [11, 1, 6, 14]], [6, []], [7, [7, 18]], [18, []], [17, [17, 15]], [14, []], [1, []], [16, []], [15, []]], [[0, [4, 3, 2, 19, 20, 8, 9, 12, 13]], [19, []], [20, []], [8, []], [3, []], [2, []], [4, []], [12, []], [13, []], [9, []]]], [[[5, [5, 16]]], [[11, [11, 1]]], [[11, [6, 14]]], [[7, [7, 18]]], [[17, [17, 15]]]]]], "Numrun": 5, "all_fitness": [242.71302442054133, 243.54334060341523, 240.11999999999998, 239.56]}
{"file_name": "U_20_0", "number_of_trucks": 2, "drone_capacity": 2, "number_of_drones": 2, "iteration": 5, "best_fitness": 240.11999999999998, "runtime": 127.63913011550903, "best_solution": [[[[0, [10, 4, 16, 2, 3]], [10, []], [16, []], [14, [14, 1, 20]], [1, []], [4, []], [12, [12, 8]], [2, []], [3, []], [8, []], [20, []], [9, [9]]], [[0, [5, 15, 13, 18, 17, 6, 7, 11, 19]], [5, []], [6, []], [7, []], [18, []], [17, []], [11, []], [15, []], [13, []], [19, []]]], [[[14, [20]]], [[14, [14, 1]]], [[12, [12, 8]]], [[9, [9]]]]],