{"file_name": "U_15_1", "number_of_trucks": 2, "drone_capacity": 2, "number_of_drones": 2, "iteration": 1, "best_fitness": 296.1788369746117, "runtime": 81.55797290802002, "best_solution": [[[[0, []], [9, [9, 6]], [12, [12, 15]], [6, []], [13, [13, 3]], [3, []], [15, []], [10, [10, 5]], [5, []]], [[0, []], [2, [2]], [4, [4, 8]], [8, []], [11, [11, 7]], [7, []], [14, [14, 1]], [1, []]]], [[[9, [9, 6]]], [[2, [2]]], [[4, [4, 8]]], [[12, [12, 15]]], [[11, [11, 7]]], [[13, [13, 3]]], [[14, [14, 1]]], [[10, [10, 5]]]]], "all_solution": [[[[[0, []], [9, [9, 6]], [12, [12, 15]], [6, []], [13, [13, 3]], [3, []], [15, []], [10, [10, 5]], [5, []]], [[0, []], [2, [2]], [4, [4, 8]], [8, []], [11, [11, 7]], [7, []], [14, [14, 1]], [1, []]]], [[[9, [9, 6]]], [[2, [2]]], [[4, [4, 8]]], [[12, [12, 15]]], [[11, [11, 7]]], [[13, [13, 3]]], [[14, [14, 1]]], [[10, [10, 5]]]]]], "Numrun": 5, "all_fitness": [296.1788369746117]}
{"file_name": "U_15_1", "number_of_trucks": 2, "drone_capacity": 2, "number_of_drones": 2, "iteration": 2, "best_fitness": 296.1788369746117, "runtime": 66.64816212654114, "best_solution": [[[[0, []], [9, [9]], [4, [4, 15]], [12, [12, 5]], [5, []], [15, []], [10, [10, 3]], [3, []], [13, [13]]], [[0, [2, 8, 6]], [2, []], [6, []], [8, []], [11, [11, 7]], [7, []], [14, [14, 1]], [1, []]]], [[[9, [9]]], [[4, [4, 15]]], [[11, [11, 7]]], [[12, [12, 5]]], [[10, [10, 3]]], [[14, [14, 1]]], [[13, [13]]]]], "all_solution": [[[[[0, []], [9, [9, 6]], [12, [12, 15]], [6, []], [13, [13, 3]], [3, []], [15, []], [10, [10, 5]], [5, []]], [[0, []], [2, [2]], [4, [4, 8]], [8, []], [11, [11, 7]], [7, []], [14, [14, 1]], [1, []]]], [[[9, [9, 6]]], [[2, [2]]], [[4, [4, 8]]], [[12, [12, 15]]], [[11, [11, 7]]], [[13, [13, 3]]], [[14, [14, 1]]], [[10, [10, 5]]]]], [[[[0, []], [9, [9]], [4, [4, 15]], [12, [12, 5]], [5, []], [15, []], [10, [10, 3]], [3, []], [13, [13]]], [[0, [2, 8, 6]], [2, []], [6, []], [8, []], [11, [11, 7]], [7, []], [14, [14, 1]], [1, []]]], [[[9, [9]]], [[4, [4, 15]]], [[11, [11, 7]]], [[12, [12, 5]]], [[10, [10, 3]]], [[14, [14, 1]]], [[13, [13]]]]]], "Numrun": 5, "all_fitness": [296.1788369746117, 296.1788369746117]}
{"file_name": "U_15_1", "number_of_trucks": 2, "drone_capacity": 2, "number_of_drones": 2, "iteration": 3, "best_fitness": 299.9228040059805, "runtime": 66.03343892097473, "best_solution": [[[[0, []], [2, [2]], [9, [4, 9]], [4, []], [11, [11, 7]], [7, []], [14, [14, 1]], [1, []]], [[0, []], [15, [15, 6]], [5, [5, 8]], [6, []], [8, []], [13, [13, 10]], [10, []], [3, [3, 12]], [12, []]]], [[[2, [2]]], [[9, [4, 9]]], [[15, [15, 6]]], [[5, [5, 8]]], [[11, [11, 7]]], [[13, [13, 10]]], [[14, [14, 1]]], [[3, [3, 12]]]]], "all_solution": [[[[[0, []], [9, [9, 6]], [12, [12, 15]], [6, []], [13, [13, 3]], [3, []], [15, []], [10, [10, 5]], [5, []]], [[0, []], [2, [2]], [4, [4, 8]], [8, []], [11, [11, 7]], [7, []], [14, [14, 1]], [1, []]]], [[[9, [9, 6]]], [[2, [2]]], [[4, [4, 8]]], [[12, [12, 15]]], [[11, [11, 7]]], [[13, [13, 3]]], [[14, [14, 1]]], [[10, [10, 5]]]]], [[[[0, []], [9, [9]], [4, [4, 15]], [12, [12, 5]], [5, []], [15, []], [10, [10, 3]], [3, []], [13, [13]]], [[0, [2, 8, 6]], [2, []], [6, []], [8, []], [11, [11, 7]], [7, []], [14, [14, 1]], [1, []]]], [[[9, [9]]], [[4, [4, 15]]], [[11, [11, 7]]], [[12, [12, 5]]], [[10, [10, 3]]], [[14, [14, 1]]], [[13, [13]]]]], [[[[0, []], [2, [2]], [9, [4, 9]], [4, []], [11, [11, 7]], [7, []], [14, [14, 1]], [1, []]], [[0, []], [15, [15, 6]], [5, [5, 8]], [6, []], [8, []], [13, [13, 10]], [10, []], [3, [3, 12]], [12, []]]], [[[2, [2]]], [[9, [4, 9]]], [[15, [15, 6]]], [[5, [5, 8]]], [[11, [11, 7]]], [[13, [13, 10]]], [[14, [14, 1]]], [[3, [3, 12]]]]]], "Numrun": 5, "all_fitness": [296.1788369746117, 296.1788369746117, 299.9228040059805]}
{"file_name": "U_15_1", "number_of_trucks": 2, "drone_capacity": 2, "number_of_drones": 2, "iteration": 4, "best_fitness": 296.1788369746117, "runtime": 72.28978037834167, "best_solution": [[[[0, []], [2, [2, 8]], [15, [15, 6]], [6, []], [8, []], [11, [11, 7]], [7, []], [14, [14, 1]], [1, []]], [[0, []], [4, [4, 9]], [9, []], [3, [3, 12]], [12, []], [13, [13, 10]], [10, []], [5, [5]]]], [[[2, [2, 8]]], [[4, [4, 9]]], [[15, [15, 6]]], [[11, [11, 7]]], [[3, [3, 12]]], [[13, [13, 10]]], [[14, [14, 1]]], [[5, [5]]]]], "all_solution": [[[[[0, []], [9, [9, 6]], [12, [12, 15]], [6, []], [13, [13, 3]], [3, []], [15, []], [10, [10, 5]], [5, []]], [[0, []], [2, [2]], [4, [4, 8]], [8, []], [11, [11, 7]], [7, []], [14, [14, 1]], [1, []]]], [[[9, [9, 6]]], [[2, [2]]], [[4, [4, 8]]], [[12, [12, 15]]], [[11, [11, 7]]], [[13, [13, 3]]], [[14, [14, 1]]], [[10, [10, 5]]]]], [[[[0, []], [9, [9]], [4, [4, 15]], [12, [12, 5]], [5, []], [15, []], [10, [10, 3]], [3, []], [13, [13]]], [[0, [2, 8, 6]], [2, []], [6, []], [8, []], [11, [11, 7]], [7, []], [14, [14, 1]], [1, []]]], [[[9, [9]]], [[4, [4, 15]]], [[11, [11, 7]]], [[12, [12, 5]]], [[10, [10, 3]]], [[14, [14, 1]]], [[13, [13]]]]], [[[[0, []], [2, [2]], [9, [4, 9]], [4, []], [11, [11, 7]], [7, []], [14, [14, 1]], [1, []]], [[0, []], [15, [15, 6]], [5, [5, 8]], [6, []], [8, []], [13, [13, 10]], [10, []], [3, [3, 12]], [12, []]]], [[[2, [2]]], [[9, [4, 9]]], [[15, [15, 6]]], [[5, [5, 8]]], [[11, [11, 7]]], [[13, [13, 10]]], [[14, [14, 1]]], [[3, [3, 12]]]]], [[[[0, []], [2, [2, 8]], [15, [15, 6]], [6, []], [8, []], [11, [11, 7]], [7, []], [14, [14, 1]], [1, []]], [[0, []], [4, [4, 9]], [9, []], [3, [3, 12]], [12, []], [13, [13, 10]], [10, []], [5, [5]]]], [[[2, [2, 8]]], [[4, [4, 9]]], [[15, [15, 6]]], [[11, [11, 7]]], [[3, [3, 12]]], [[13, [13, 10]]], [[14, [14, 1]]], [[5, [5]]]]]], "Numrun": 5, "all_fitness": [296.1788369746117, 296.1788369746117, 299.9228040059805, 296.1788369746117]}
{"file_name": "U_15_1", "number_of_trucks": 2, "drone_capacity": 2, "number_of_drones": 2, "iteration": 5, "best_fitness": 296.1788369746117, "runtime": 69.8465826511383, "best_solution": [[[[0, []], [8, [8, 6]], [6, []], [12, [12, 15]], [15, []], [13, [13, 3]], [3, []], [10, [10, 5]], [5, []]], [[0, []], [2, [2]], [4, [4, 9]], [9, []], [11, [11, 7]], [7, []], [14, [14, 1]], [1, []]]], [[[8, [8, 6]]], [[2, [2]]], [[4, [4, 9]]], [[12, [12, 15]]], [[11, [11, 7]]], [[13, [13, 3]]], [[14, [14, 1]]], [[10, [10, 5]]]]], "all_solution": [[[[[0, []], [9, [9, 6]], [12, [12, 15]], [6, []], [13, [13, 3]], [3, []], [15, []], [10, [10, 5]], [5, []]], [[0, []], [2, [2]], [4, [4, 8]], [8, []], [11, [11, 7]], [7, []], [14, [14, 1]], [1, []]]], [[[9, [9, 6]]], [[2, [2]]], [[4, [4, 8]]], [[12, [12, 15]]], [[11, [11, 7]]], [[13, [13, 3]]], [[14, [14, 1]]], [[10, [10, 5]]]]], [[[[0, []], [9, [9]], [4, [4, 15]], [12, [12, 5]], [5, []], [15, []], [10, [10, 3]], [3, []], [13, [13]]], [[0, [2, 8, 6]], [2, []], [6, []], [8, []], [11, [11, 7]], [7, []], [14, [14, 1]], [1, []]]], [[[9, [9]]], [[4, [4, 15]]], [[11, [11, 7]]], [[12, [12, 5]]], [[10, [10, 3]]], [[14, [14, 1]]], [[13, [13]]]]], [[[[0, []], [2, [2]], [9, [4, 9]], [4, []], [11, [11, 7]], [7, []], [14, [14, 1]], [1, []]], [[0, []], [15, [15, 6]], [5, [5, 8]], [6, []], [8, []], [13, [13, 10]], [10, []], [3, [3, 12]], [12, []]]], [[[2, [2]]], [[9, [4, 9]]], [[15, [15, 6]]], [[5, [5, 8]]], [[11, [11, 7]]], [[13, [13, 10]]], [[14, [14, 1]]], [[3, [3, 12]]]]], [[[[0, []], [2, [2, 8]], [15, [15, 6]], [6, []], [8, []], [11, [11, 7]], [7, []], [14, [14, 1]], [1, []]], [[0, []], [4, [4, 9]], [9, []], [3, [3, 12]], [12, []], [13, [13, 10]], [10, []], [5, [5]]]], [[[2, [2, 8]]], [[4, [4, 9]]], [[15, [15, 6]]], [[11, [11, 7]]], [[3, [3, 12]]], [[13, [13, 10]]], [[14, [14, 1]]], [[5, [5]]]]], [[[[0, []], [8, [8, 6]], [6, []], [12, [12, 15]], [15, []], [13, [13, 3]], [3, []], [10, [10, 5]], [5, []]], [[0, []], [2, [2]], [4, [4, 9]], [9, []], [11, [11, 7]], [7, []], [14, [14, 1]], [1, []]]], [[[8, [8, 6]]], [[2, [2]]], [[4, [4, 9]]], [[12, [12, 15]]], [[11, [11, 7]]], [[13, [13, 3]]], [[14, [14, 1]]], [[10, [10, 5]]]]]], "Numrun": 5,