{"file_name": "U_15_1", "number_of_trucks": 2, "drone_capacity": 2, "number_of_drones": 2, "iteration": 1, "best_fitness": 259.17185322812804, "runtime": 47.7048442363739, "best_solution": [[[[0, [2]], [2, []], [15, [15]], [12, [12]], [3, [3, 5]], [5, []], [14, [14, 1]], [1, []]], [[0, []], [9, [9, 8]], [4, [4, 6]], [6, []], [8, []], [7, [7, 11]], [11, []], [10, [10, 13]], [13, []]]], [[[9, [9, 8]]], [[4, [4, 6]]], [[15, [15]]], [[12, [12]]], [[3, [3, 5]]], [[7, [7, 11]]], [[14, [14, 1]]], [[10, [10, 13]]]]], "all_solution": [[[[[0, [2]], [2, []], [15, [15]], [12, [12]], [3, [3, 5]], [5, []], [14, [14, 1]], [1, []]], [[0, []], [9, [9, 8]], [4, [4, 6]], [6, []], [8, []], [7, [7, 11]], [11, []], [10, [10, 13]], [13, []]]], [[[9, [9, 8]]], [[4, [4, 6]]], [[15, [15]]], [[12, [12]]], [[3, [3, 5]]], [[7, [7, 11]]], [[14, [14, 1]]], [[10, [10, 13]]]]]], "Numrun": 5, "all_fitness": [259.17185322812804]}
{"file_name": "U_15_1", "number_of_trucks": 2, "drone_capacity": 2, "number_of_drones": 2, "iteration": 2, "best_fitness": 259.17185322812804, "runtime": 66.64951801300049, "best_solution": [[[[0, []], [9, [9]], [4, [4, 6]], [6, []], [5, [5, 12]], [12, []], [3, [3, 11]], [11, []], [10, [10, 13]], [13, []]], [[0, [2]], [2, []], [8, [8, 15]], [15, []], [7, [7]], [14, [14, 1]], [1, []]]], [[[9, [9]]], [[8, [8, 15]]], [[4, [4, 6]]], [[5, [5, 12]]], [[7, [7]]], [[3, [3, 11]]], [[14, [14, 1]]], [[10, [10, 13]]]]], "all_solution": [[[[[0, [2]], [2, []], [15, [15]], [12, [12]], [3, [3, 5]], [5, []], [14, [14, 1]], [1, []]], [[0, []], [9, [9, 8]], [4, [4, 6]], [6, []], [8, []], [7, [7, 11]], [11, []], [10, [10, 13]], [13, []]]], [[[9, [9, 8]]], [[4, [4, 6]]], [[15, [15]]], [[12, [12]]], [[3, [3, 5]]], [[7, [7, 11]]], [[14, [14, 1]]], [[10, [10, 13]]]]], [[[[0, []], [9, [9]], [4, [4, 6]], [6, []], [5, [5, 12]], [12, []], [3, [3, 11]], [11, []], [10, [10, 13]], [13, []]], [[0, [2]], [2, []], [8, [8, 15]], [15, []], [7, [7]], [14, [14, 1]], [1, []]]], [[[9, [9]]], [[8, [8, 15]]], [[4, [4, 6]]], [[5, [5, 12]]], [[7, [7]]], [[3, [3, 11]]], [[14, [14, 1]]], [[10, [10, 13]]]]]], "Numrun": 5, "all_fitness": [259.17185322812804, 259.17185322812804]}
{"file_name": "U_15_1", "number_of_trucks": 2, "drone_capacity": 2, "number_of_drones": 2, "iteration": 3, "best_fitness": 260.13091988834566, "runtime": 52.086124420166016, "best_solution": [[[[0, [8]], [4, [4]], [8, []], [12, [12]], [11, [11, 7]], [7, []], [10, [10, 13]], [13, []]], [[0, [2]], [2, []], [9, [9, 6]], [15, [15]], [6, []], [3, [3, 5]], [5, []], [14, [14, 1]], [1, []]]], [[[4, [4]]], [[9, [9, 6]]], [[15, [15]]], [[12, [12]]], [[3, [3, 5]]], [[11, [11, 7]]], [[10, [10, 13]]], [[14, [14, 1]]]]], "all_solution": [[[[[0, [2]], [2, []], [15, [15]], [12, [12]], [3, [3, 5]], [5, []], [14, [14, 1]], [1, []]], [[0, []], [9, [9, 8]], [4, [4, 6]], [6, []], [8, []], [7, [7, 11]], [11, []], [10, [10, 13]], [13, []]]], [[[9, [9, 8]]], [[4, [4, 6]]], [[15, [15]]], [[12, [12]]], [[3, [3, 5]]], [[7, [7, 11]]], [[14, [14, 1]]], [[10, [10, 13]]]]], [[[[0, []], [9, [9]], [4, [4, 6]], [6, []], [5, [5, 12]], [12, []], [3, [3, 11]], [11, []], [10, [10, 13]], [13, []]], [[0, [2]], [2, []], [8, [8, 15]], [15, []], [7, [7]], [14, [14, 1]], [1, []]]], [[[9, [9]]], [[8, [8, 15]]], [[4, [4, 6]]], [[5, [5, 12]]], [[7, [7]]], [[3, [3, 11]]], [[14, [14, 1]]], [[10, [10, 13]]]]], [[[[0, [8]], [4, [4]], [8, []], [12, [12]], [11, [11, 7]], [7, []], [10, [10, 13]], [13, []]], [[0, [2]], [2, []], [9, [9, 6]], [15, [15]], [6, []], [3, [3, 5]], [5, []], [14, [14, 1]], [1, []]]], [[[4, [4]]], [[9, [9, 6]]], [[15, [15]]], [[12, [12]]], [[3, [3, 5]]], [[11, [11, 7]]], [[10, [10, 13]]], [[14, [14, 1]]]]]], "Numrun": 5, "all_fitness": [259.17185322812804, 259.17185322812804, 260.13091988834566]}
{"file_name": "U_15_1", "number_of_trucks": 2, "drone_capacity": 2, "number_of_drones": 2, "iteration": 4, "best_fitness": 259.17185322812804, "runtime": 51.87154483795166, "best_solution": [[[[0, []], [9, [9, 8]], [15, [15]], [8, []], [7, [7]], [14, [14, 1]], [1, []]], [[0, [2]], [2, []], [4, [4, 6]], [5, [5, 12]], [12, []], [3, [3, 11]], [6, []], [10, [10, 13]], [11, []], [13, []]]], [[[9, [9, 8]]], [[4, [4, 6]]], [[15, [15]]], [[5, [5, 12]]], [[7, [7]]], [[3, [3, 11]]], [[14, [14, 1]]], [[10, [10, 13]]]]], "all_solution": [[[[[0, [2]], [2, []], [15, [15]], [12, [12]], [3, [3, 5]], [5, []], [14, [14, 1]], [1, []]], [[0, []], [9, [9, 8]], [4, [4, 6]], [6, []], [8, []], [7, [7, 11]], [11, []], [10, [10, 13]], [13, []]]], [[[9, [9, 8]]], [[4, [4, 6]]], [[15, [15]]], [[12, [12]]], [[3, [3, 5]]], [[7, [7, 11]]], [[14, [14, 1]]], [[10, [10, 13]]]]], [[[[0, []], [9, [9]], [4, [4, 6]], [6, []], [5, [5, 12]], [12, []], [3, [3, 11]], [11, []], [10, [10, 13]], [13, []]], [[0, [2]], [2, []], [8, [8, 15]], [15, []], [7, [7]], [14, [14, 1]], [1, []]]], [[[9, [9]]], [[8, [8, 15]]], [[4, [4, 6]]], [[5, [5, 12]]], [[7, [7]]], [[3, [3, 11]]], [[14, [14, 1]]], [[10, [10, 13]]]]], [[[[0, [8]], [4, [4]], [8, []], [12, [12]], [11, [11, 7]], [7, []], [10, [10, 13]], [13, []]], [[0, [2]], [2, []], [9, [9, 6]], [15, [15]], [6, []], [3, [3, 5]], [5, []], [14, [14, 1]], [1, []]]], [[[4, [4]]], [[9, [9, 6]]], [[15, [15]]], [[12, [12]]], [[3, [3, 5]]], [[11, [11, 7]]], [[10, [10, 13]]], [[14, [14, 1]]]]], [[[[0, []], [9, [9, 8]], [15, [15]], [8, []], [7, [7]], [14, [14, 1]], [1, []]], [[0, [2]], [2, []], [4, [4, 6]], [5, [5, 12]], [12, []], [3, [3, 11]], [6, []], [10, [10, 13]], [11, []], [13, []]]], [[[9, [9, 8]]], [[4, [4, 6]]], [[15, [15]]], [[5, [5, 12]]], [[7, [7]]], [[3, [3, 11]]], [[14, [14, 1]]], [[10, [10, 13]]]]]], "Numrun": 5, "all_fitness": [259.17185322812804, 259.17185322812804, 260.13091988834566, 259.17185322812804]}
{"file_name": "U_15_1", "number_of_trucks": 2, "drone_capacity": 2, "number_of_drones": 2, "iteration": 5, "best_fitness": 259.17185322812804, "runtime": 45.99437212944031, "best_solution": [[[[0, []], [2, [2, 8]], [6, [6, 15]], [8, []], [15, []], [5, [5, 12]], [12, []], [3, [3, 11]], [11, []], [10, [10, 13]], [13, []]], [[0, []], [9, [9]], [4, [4]], [7, [7]], [14, [14, 1]], [1, []]]], [[[9, [9]]], [[2, [2, 8]]], [[6, [6, 15]]], [[4, [4]]], [[7, [7]]], [[5, [5, 12]]], [[3, [3, 11]]], [[14, [14, 1]]], [[10, [10, 13]]]]], "all_solution": [[[[[0, [2]], [2, []], [15, [15]], [12, [12]], [3, [3, 5]], [5, []], [14, [14, 1]], [1, []]], [[0, []], [9, [9, 8]], [4, [4, 6]], [6, []], [8, []], [7, [7, 11]], [11, []], [10, [10, 13]], [13, []]]], [[[9, [9, 8]]], [[4, [4, 6]]], [[15, [15]]], [[12, [12]]], [[3, [3, 5]]], [[7, [7, 11]]], [[14, [14, 1]]], [[10, [10, 13]]]]], [[[[0, []], [9, [9]], [4, [4, 6]], [6, []], [5, [5, 12]], [12, []], [3, [3, 11]], [11, []], [10, [10, 13]], [13, []]], [[0, [2]], [2, []], [8, [8, 15]], [15, []], [7, [7]], [14, [14, 1]], [1, []]]], [[[9, [9]]], [[8, [8, 15]]], [[4, [4, 6]]], [[5, [5, 12]]], [[7, [7]]], [[3, [3, 11]]], [[14, [14, 1]]], [[10, [10, 13]]]]], [[[[0, [8]], [4, [4]], [8, []], [12, [12]], [11, [11, 7]], [7, []], [10, [10, 13]], [13, []]], [[0, [2]], [2, []], [9, [9, 6]], [15, [15]], [6, []], [3, [3, 5]], [5, []], [14, [14, 1]], [1, []]]], [[[4, [4]]], [[9, [9, 6]]], [[15, [15]]], [[12, [12]]], [[3, [3, 5]]], [[11, [11, 7]]], [[10, [10, 13]]], [[14, [14, 1]]]]], [[[[0, []], [9, [9, 8]], [15, [15]], [8, []], [7, [7]], [14, [14, 1]], [1, []]], [[0, [2]], [2, []], [4, [4, 6]], [5, [5, 12]], [12, []], [3, [3, 11]], [6, []], [10, [10, 13]], [11, []], [13, []]]], [[[9, [9, 8]]], [[4, [4, 6]]], [[15, [15]]], [[5, [5, 12]]], [[7, [7]]], [[3, [3, 11]]], [[14, [14, 1]]], [[10, [10, 13]]]]], [[[[0, []], [2, [2, 8]], [6, [6, 15]], [8, []], [15, []], [5, [5, 12]], [12, []], [3, [3, 11]], [11, []], [10, [10, 13]], [13, []]], [[0, []], [9, [9]], [4, [4]], [7, [7]], [14, [14, 1]], [1, []]]], [[[9, [9]]], [[2, [2, 8]]], [[6, [6, 15]]], [[4, [4]]], [[7, [7]]], [[5, [5, 12]]], [[3, [3, 11]]], [[14, [14, 1]]], [[10, [10, 13]]]]]], "Numrun": 5,