{"file_name": "U_15_1", "number_of_trucks": 2, "drone_capacity": 2, "number_of_drones": 2, "iteration": 1, "best_fitness": 206.36376477609403, "runtime": 86.12475800514221, "best_solution": [[[[0, [7, 14]], [15, [15]], [5, [5]], [7, []], [13, [13, 12]], [14, []], [12, []]], [[0, [9]], [6, [6]], [9, []], [2, [2, 10]], [10, []], [8, [8, 4]], [4, []], [3, [3, 1]], [1, []], [11, [11]]]], [[[6, [6]]], [[2, [2, 10]]], [[15, [15]]], [[5, [5]]], [[8, [8, 4]]], [[3, [3, 1]]], [[13, [13, 12]]], [[11, [11]]]]], "all_solution": [[[[[0, [7, 14]], [15, [15]], [5, [5]], [7, []], [13, [13, 12]], [14, []], [12, []]], [[0, [9]], [6, [6]], [9, []], [2, [2, 10]], [10, []], [8, [8, 4]], [4, []], [3, [3, 1]], [1, []], [11, [11]]]], [[[6, [6]]], [[2, [2, 10]]], [[15, [15]]], [[5, [5]]], [[8, [8, 4]]], [[3, [3, 1]]], [[13, [13, 12]]], [[11, [11]]]]]], "Numrun": 5, "all_fitness": [206.36376477609403]}
{"file_name": "U_15_1", "number_of_trucks": 2, "drone_capacity": 2, "number_of_drones": 2, "iteration": 2, "best_fitness": 203.68376477609405, "runtime": 78.53638887405396, "best_solution": [[[[0, []], [6, [6, 9, 2]], [9, []], [2, []], [10, [10, 14]], [14, []], [5, [5, 8]], [8, []], [13, [13, 12]], [12, []]], [[0, [7]], [7, []], [15, [15, 3]], [1, [1, 4]], [3, []], [4, []], [11, [11]]]], [[[6, [6, 2]]], [[6, [9]]], [[10, [10, 14]]], [[15, [15, 3]]], [[5, [5, 8]]], [[1, [1, 4]]], [[13, [13, 12]]], [[11, [11]]]]], "all_solution": [[[[[0, [7, 14]], [15, [15]], [5, [5]], [7, []], [13, [13, 12]], [14, []], [12, []]], [[0, [9]], [6, [6]], [9, []], [2, [2, 10]], [10, []], [8, [8, 4]], [4, []], [3, [3, 1]], [1, []], [11, [11]]]], [[[6, [6]]], [[2, [2, 10]]], [[15, [15]]], [[5, [5]]], [[8, [8, 4]]], [[3, [3, 1]]], [[13, [13, 12]]], [[11, [11]]]]], [[[[0, []], [6, [6, 9, 2]], [9, []], [2, []], [10, [10, 14]], [14, []], [5, [5, 8]], [8, []], [13, [13, 12]], [12, []]], [[0, [7]], [7, []], [15, [15, 3]], [1, [1, 4]], [3, []], [4, []], [11, [11]]]], [[[6, [6, 2]]], [[6, [9]]], [[10, [10, 14]]], [[15, [15, 3]]], [[5, [5, 8]]], [[1, [1, 4]]], [[13, [13, 12]]], [[11, [11]]]]]], "Numrun": 5, "all_fitness": [206.36376477609403, 203.68376477609405]}
{"file_name": "U_15_1", "number_of_trucks": 2, "drone_capacity": 2, "number_of_drones": 2, "iteration": 3, "best_fitness": 203.76786064922982, "runtime": 86.96841740608215, "best_solution": [[[[0, [10, 15, 14]], [15, []], [10, []], [14, []], [12, [12, 13]], [13, []], [11, [11]]], [[0, []], [5, [5, 6, 3, 7, 9]], [7, []], [8, [8, 2]], [2, []], [9, []], [4, [4, 1]], [3, []], [1, []], [6, []]]], [[[5, [7, 9]]], [[5, [5, 3]]], [[5, [6]]], [[8, [8, 2]]], [[12, [12, 13]]], [[4, [4, 1]]], [[11, [11]]]]], "all_solution": [[[[[0, [7, 14]], [15, [15]], [5, [5]], [7, []], [13, [13, 12]], [14, []], [12, []]], [[0, [9]], [6, [6]], [9, []], [2, [2, 10]], [10, []], [8, [8, 4]], [4, []], [3, [3, 1]], [1, []], [11, [11]]]], [[[6, [6]]], [[2, [2, 10]]], [[15, [15]]], [[5, [5]]], [[8, [8, 4]]], [[3, [3, 1]]], [[13, [13, 12]]], [[11, [11]]]]], [[[[0, []], [6, [6, 9, 2]], [9, []], [2, []], [10, [10, 14]], [14, []], [5, [5, 8]], [8, []], [13, [13, 12]], [12, []]], [[0, [7]], [7, []], [15, [15, 3]], [1, [1, 4]], [3, []], [4, []], [11, [11]]]], [[[6, [6, 2]]], [[6, [9]]], [[10, [10, 14]]], [[15, [15, 3]]], [[5, [5, 8]]], [[1, [1, 4]]], [[13, [13, 12]]], [[11, [11]]]]], [[[[0, [10, 15, 14]], [15, []], [10, []], [14, []], [12, [12, 13]], [13, []], [11, [11]]], [[0, []], [5, [5, 6, 3, 7, 9]], [7, []], [8, [8, 2]], [2, []], [9, []], [4, [4, 1]], [3, []], [1, []], [6, []]]], [[[5, [7, 9]]], [[5, [5, 3]]], [[5, [6]]], [[8, [8, 2]]], [[12, [12, 13]]], [[4, [4, 1]]], [[11, [11]]]]]], "Numrun": 5, "all_fitness": [206.36376477609403, 203.68376477609405, 203.76786064922982]}
{"file_name": "U_15_1", "number_of_trucks": 2, "drone_capacity": 2, "number_of_drones": 2, "iteration": 4, "best_fitness": 204.2029255292197, "runtime": 95.05695223808289, "best_solution": [[[[0, [9]], [6, [6]], [9, [2, 7]], [2, []], [7, [4, 3]], [3, []], [4, []], [1, [1, 11]], [11, []]], [[0, [10, 14]], [15, [15]], [5, [5, 8]], [10, []], [8, []], [13, [13, 12]], [14, []], [12, []]]], [[[6, [6]]], [[15, [15]]], [[9, [2, 7]]], [[5, [5, 8]]], [[7, [4, 3]]], [[13, [13, 12]]], [[1, [1, 11]]]]], "all_solution": [[[[[0, [7, 14]], [15, [15]], [5, [5]], [7, []], [13, [13, 12]], [14, []], [12, []]], [[0, [9]], [6, [6]], [9, []], [2, [2, 10]], [10, []], [8, [8, 4]], [4, []], [3, [3, 1]], [1, []], [11, [11]]]], [[[6, [6]]], [[2, [2, 10]]], [[15, [15]]], [[5, [5]]], [[8, [8, 4]]], [[3, [3, 1]]], [[13, [13, 12]]], [[11, [11]]]]], [[[[0, []], [6, [6, 9, 2]], [9, []], [2, []], [10, [10, 14]], [14, []], [5, [5, 8]], [8, []], [13, [13, 12]], [12, []]], [[0, [7]], [7, []], [15, [15, 3]], [1, [1, 4]], [3, []], [4, []], [11, [11]]]], [[[6, [6, 2]]], [[6, [9]]], [[10, [10, 14]]], [[15, [15, 3]]], [[5, [5, 8]]], [[1, [1, 4]]], [[13, [13, 12]]], [[11, [11]]]]], [[[[0, [10, 15, 14]], [15, []], [10, []], [14, []], [12, [12, 13]], [13, []], [11, [11]]], [[0, []], [5, [5, 6, 3, 7, 9]], [7, []], [8, [8, 2]], [2, []], [9, []], [4, [4, 1]], [3, []], [1, []], [6, []]]], [[[5, [7, 9]]], [[5, [5, 3]]], [[5, [6]]], [[8, [8, 2]]], [[12, [12, 13]]], [[4, [4, 1]]], [[11, [11]]]]], [[[[0, [9]], [6, [6]], [9, [2, 7]], [2, []], [7, [4, 3]], [3, []], [4, []], [1, [1, 11]], [11, []]], [[0, [10, 14]], [15, [15]], [5, [5, 8]], [10, []], [8, []], [13, [13, 12]], [14, []], [12, []]]], [[[6, [6]]], [[15, [15]]], [[9, [2, 7]]], [[5, [5, 8]]], [[7, [4, 3]]], [[13, [13, 12]]], [[1, [1, 11]]]]]], "Numrun": 5, "all_fitness": [206.36376477609403, 203.68376477609405, 203.76786064922982, 204.2029255292197]}
{"file_name": "U_15_1", "number_of_trucks": 2, "drone_capacity": 2, "number_of_drones": 2, "iteration": 5, "best_fitness": 207.7416145892308, "runtime": 45.74862241744995, "best_solution": [[[[0, [7]], [7, []], [15, [15, 10]], [5, [5, 14]], [10, []], [14, []], [13, [13, 12]], [12, []]], [[0, [9]], [6, [6]], [9, []], [3, [3, 4]], [4, []], [1, [1, 2]], [2, []], [8, [8, 11]], [11, []]]], [[[6, [6]]], [[15, [15, 10]]], [[3, [3, 4]]], [[5, [5, 14]]], [[1, [1, 2]]], [[13, [13, 12]]], [[8, [8, 11]]]]], "all_solution": [[[[[0, [7, 14]], [15, [15]], [5, [5]], [7, []], [13, [13, 12]], [14, []], [12, []]], [[0, [9]], [6, [6]], [9, []], [2, [2, 10]], [10, []], [8, [8, 4]], [4, []], [3, [3, 1]], [1, []], [11, [11]]]], [[[6, [6]]], [[2, [2, 10]]], [[15, [15]]], [[5, [5]]], [[8, [8, 4]]], [[3, [3, 1]]], [[13, [13, 12]]], [[11, [11]]]]], [[[[0, []], [6, [6, 9, 2]], [9, []], [2, []], [10, [10, 14]], [14, []], [5, [5, 8]], [8, []], [13, [13, 12]], [12, []]], [[0, [7]], [7, []], [15, [15, 3]], [1, [1, 4]], [3, []], [4, []], [11, [11]]]], [[[6, [6, 2]]], [[6, [9]]], [[10, [10, 14]]], [[15, [15, 3]]], [[5, [5, 8]]], [[1, [1, 4]]], [[13, [13, 12]]], [[11, [11]]]]], [[[[0, [10, 15, 14]], [15, []], [10, []], [14, []], [12, [12, 13]], [13, []], [11, [11]]], [[0, []], [5, [5, 6, 3, 7, 9]], [7, []], [8, [8, 2]], [2, []], [9, []], [4, [4, 1]], [3, []], [1, []], [6, []]]], [[[5, [7, 9]]], [[5, [5, 3]]], [[5, [6]]], [[8, [8, 2]]], [[12, [12, 13]]], [[4, [4, 1]]], [[11, [11]]]]], [[[[0, [9]], [6, [6]], [9, [2, 7]], [2, []], [7, [4, 3]], [3, []], [4, []], [1, [1, 11]], [11, []]], [[0, [10, 14]], [15, [15]], [5, [5, 8]], [10, []], [8, []], [13, [13, 12]], [14, []], [12, []]]], [[[6, [6]]], [[15, [15]]], [[9, [2, 7]]], [[5, [5, 8]]], [[7, [4, 3]]], [[13, [13, 12]]], [[1, [1, 11]]]]], [[[[0, [7]], [7, []], [15, [15, 10]], [5, [5, 14]], [10, []], [14, []], [13, [13, 12]], [12, []]], [[0, [9]], [6, [6]], [9, []], [3, [3, 4]], [4, []], [1, [1, 2]], [2, []], [8, [8, 11]], [11, []]]], [[[6, [6]]], [[15, [15, 10]]], [[3, [3, 4]]], [[5, [5, 14]]], [[1, [1, 2]]], [[13, [13, 12]]], [[8, [8, 11]]]]]], "Numrun": 5, "all_fitness": [206.36376477609403, 203.68376477609405, 203.76786064922982, 204.2029255292197, 207.7416145892308]}
