{"file_name": "U_20_0", "number_of_trucks": 2, "drone_capacity": 2, "number_of_drones": 2, "iteration": 1, "best_fitness": 228.32000000000002, "runtime": 180.8118200302124, "best_solution": [[[[0, [13, 15, 14, 2, 3, 1, 12, 16]], [13, []], [15, []], [14, []], [1, []], [16, [8, 20]], [12, []], [2, []], [3, []], [8, []], [20, []]], [[0, [4]], [4, []], [11, [11, 18, 10]], [18, []], [17, [17, 7]], [7, []], [6, [6, 5]], [5, []], [10, []], [19, [19, 9]], [9, []]]], [[[11, [10]]], [[11, [11, 18]]], [[16, [8, 20]]], [[17, [17, 7]]], [[6, [6, 5]]], [[19, [19, 9]]]]], "all_solution": [[[[[0, [13, 15, 14, 2, 3, 1, 12, 16]], [13, []], [15, []], [14, []], [1, []], [16, [8, 20]], [12, []], [2, []], [3, []], [8, []], [20, []]], [[0, [4]], [4, []], [11, [11, 18, 10]], [18, []], [17, [17, 7]], [7, []], [6, [6, 5]], [5, []], [10, []], [19, [19, 9]], [9, []]]], [[[11, [10]]], [[11, [11, 18]]], [[16, [8, 20]]], [[17, [17, 7]]], [[6, [6, 5]]], [[19, [19, 9]]]]]], "Numrun": 5, "all_fitness": [228.32000000000002]}
{"file_name": "U_20_0", "number_of_trucks": 2, "drone_capacity": 2, "number_of_drones": 2, "iteration": 2, "best_fitness": 217.64000000000004, "runtime": 201.6557638645172, "best_solution": [[[[0, [4, 2, 16]], [16, []], [14, [14, 18, 17]], [17, []], [18, []], [1, [1, 3]], [4, []], [2, []], [3, []], [8, [8, 9, 12]], [12, []], [9, []]], [[0, [5, 20, 19, 6, 10, 11, 7, 13, 15]], [20, []], [19, []], [10, []], [5, []], [6, []], [7, []], [11, []], [15, []], [13, []]]], [[[14, [14, 17]]], [[14, [18]]], [[1, [1, 3]]], [[8, [12]]], [[8, [8, 9]]]]], "all_solution": [[[[[0, [13, 15, 14, 2, 3, 1, 12, 16]], [13, []], [15, []], [14, []], [1, []], [16, [8, 20]], [12, []], [2, []], [3, []], [8, []], [20, []]], [[0, [4]], [4, []], [11, [11, 18, 10]], [18, []], [17, [17, 7]], [7, []], [6, [6, 5]], [5, []], [10, []], [19, [19, 9]], [9, []]]], [[[11, [10]]], [[11, [11, 18]]], [[16, [8, 20]]], [[17, [17, 7]]], [[6, [6, 5]]], [[19, [19, 9]]]]], [[[[0, [4, 2, 16]], [16, []], [14, [14, 18, 17]], [17, []], [18, []], [1, [1, 3]], [4, []], [2, []], [3, []], [8, [8, 9, 12]], [12, []], [9, []]], [[0, [5, 20, 19, 6, 10, 11, 7, 13, 15]], [20, []], [19, []], [10, []], [5, []], [6, []], [7, []], [11, []], [15, []], [13, []]]], [[[14, [14, 17]]], [[14, [18]]], [[1, [1, 3]]], [[8, [12]]], [[8, [8, 9]]]]]], "Numrun": 5, "all_fitness": [228.32000000000002, 217.64000000000004]}
{"file_name": "U_20_0", "number_of_trucks": 2, "drone_capacity": 2, "number_of_drones": 2, "iteration": 3, "best_fitness": 224.26756888647216, "runtime": 199.81233501434326, "best_solution": [[[[0, [4, 3, 2, 14, 1, 16, 20, 12]], [12, []], [16, []], [14, []], [1, []], [4, []], [2, []], [3, []], [8, [8]], [20, []]], [[0, []], [10, [10]], [5, [5, 18]], [6, [6, 7, 19, 15]], [7, []], [18, []], [17, [17, 13, 11, 9]], [11, []], [15, []], [13, []], [19, []], [9, []]]], [[[10, [10]]], [[5, [5, 18]]], [[6, [19, 15]]], [[6, [6, 7]]], [[17, [13, 11]]], [[17, [17, 9]]], [[8, [8]]]]], "all_solution": [[[[[0, [13, 15, 14, 2, 3, 1, 12, 16]], [13, []], [15, []], [14, []], [1, []], [16, [8, 20]], [12, []], [2, []], [3, []], [8, []], [20, []]], [[0, [4]], [4, []], [11, [11, 18, 10]], [18, []], [17, [17, 7]], [7, []], [6, [6, 5]], [5, []], [10, []], [19, [19, 9]], [9, []]]], [[[11, [10]]], [[11, [11, 18]]], [[16, [8, 20]]], [[17, [17, 7]]], [[6, [6, 5]]], [[19, [19, 9]]]]], [[[[0, [4, 2, 16]], [16, []], [14, [14, 18, 17]], [17, []], [18, []], [1, [1, 3]], [4, []], [2, []], [3, []], [8, [8, 9, 12]], [12, []], [9, []]], [[0, [5, 20, 19, 6, 10, 11, 7, 13, 15]], [20, []], [19, []], [10, []], [5, []], [6, []], [7, []], [11, []], [15, []], [13, []]]], [[[14, [14, 17]]], [[14, [18]]], [[1, [1, 3]]], [[8, [12]]], [[8, [8, 9]]]]], [[[[0, [4, 3, 2, 14, 1, 16, 20, 12]], [12, []], [16, []], [14, []], [1, []], [4, []], [2, []], [3, []], [8, [8]], [20, []]], [[0, []], [10, [10]], [5, [5, 18]], [6, [6, 7, 19, 15]], [7, []], [18, []], [17, [17, 13, 11, 9]], [11, []], [15, []], [13, []], [19, []], [9, []]]], [[[10, [10]]], [[5, [5, 18]]], [[6, [19, 15]]], [[6, [6, 7]]], [[17, [13, 11]]], [[17, [17, 9]]], [[8, [8]]]]]], "Numrun": 5, "all_fitness": [228.32000000000002, 217.64000000000004, 224.26756888647216]}
{"file_name": "U_20_0", "number_of_trucks": 2, "drone_capacity": 2, "number_of_drones": 2, "iteration": 4, "best_fitness": 218.5304945715146, "runtime": 229.35953879356384, "best_solution": [[[[0, [10, 16]], [10, []], [5, [5, 20, 2, 3]], [19, [19, 9, 8, 12]], [9, []], [20, []], [8, []], [3, []], [2, []], [16, []], [12, []]], [[0, [18, 13, 17, 15, 6, 7, 11, 14, 4, 1]], [4, []], [1, []], [14, []], [18, []], [17, []], [6, []], [7, []], [11, []], [15, []], [13, []]]], [[[5, [2, 3]]], [[5, [5, 20]]], [[19, [19, 8]]], [[19, [9, 12]]]]], "all_solution": [[[[[0, [13, 15, 14, 2, 3, 1, 12, 16]], [13, []], [15, []], [14, []], [1, []], [16, [8, 20]], [12, []], [2, []], [3, []], [8, []], [20, []]], [[0, [4]], [4, []], [11, [11, 18, 10]], [18, []], [17, [17, 7]], [7, []], [6, [6, 5]], [5, []], [10, []], [19, [19, 9]], [9, []]]], [[[11, [10]]], [[11, [11, 18]]], [[16, [8, 20]]], [[17, [17, 7]]], [[6, [6, 5]]], [[19, [19, 9]]]]], [[[[0, [4, 2, 16]], [16, []], [14, [14, 18, 17]], [17, []], [18, []], [1, [1, 3]], [4, []], [2, []], [3, []], [8, [8, 9, 12]], [12, []], [9, []]], [[0, [5, 20, 19, 6, 10, 11, 7, 13, 15]], [20, []], [19, []], [10, []], [5, []], [6, []], [7, []], [11, []], [15, []], [13, []]]], [[[14, [14, 17]]], [[14, [18]]], [[1, [1, 3]]], [[8, [12]]], [[8, [8, 9]]]]], [[[[0, [4, 3, 2, 14, 1, 16, 20, 12]], [12, []], [16, []], [14, []], [1, []], [4, []], [2, []], [3, []], [8, [8]], [20, []]], [[0, []], [10, [10]], [5, [5, 18]], [6, [6, 7, 19, 15]], [7, []], [18, []], [17, [17, 13, 11, 9]], [11, []], [15, []], [13, []], [19, []], [9, []]]], [[[10, [10]]], [[5, [5, 18]]], [[6, [19, 15]]], [[6, [6, 7]]], [[17, [13, 11]]], [[17, [17, 9]]], [[8, [8]]]]], [[[[0, [10, 16]], [10, []], [5, [5, 20, 2, 3]], [19, [19, 9, 8, 12]], [9, []], [20, []], [8, []], [3, []], [2, []], [16, []], [12, []]], [[0, [18, 13, 17, 15, 6, 7, 11, 14, 4, 1]], [4, []], [1, []], [14, []], [18, []], [17, []], [6, []], [7, []], [11, []], [15, []], [13, []]]], [[[5, [2, 3]]], [[5, [5, 20]]], [[19, [19, 8]]], [[19, [9, 12]]]]]], "Numrun": 5, "all_fitness": [228.32000000000002, 217.64000000000004, 224.26756888647216, 218.5304945715146]}
{"file_name": "U_20_0", "number_of_trucks": 2, "drone_capacity": 2, "number_of_drones": 2, "iteration": 5, "best_fitness": 208.86002433086426, "runtime": 207.30728101730347, "best_solution": [[[[0, [10]], [10, []], [5, [5, 18]], [6, [6, 11]], [11, []], [18, []], [17, [17, 7]], [7, []], [15, [15, 13]], [13, []]], [[0, [4]], [2, [2, 16]], [4, []], [14, [14, 1]], [1, []], [16, []], [12, [12, 20, 8, 3]], [3, []], [8, []], [20, []], [19, [19, 9]], [9, []]]], [[[2, [2, 16]]], [[5, [5, 18]]], [[14, [14, 1]]], [[6, [6, 11]]], [[12, [20, 3]]], [[12, [12, 8]]], [[19, [19, 9]]], [[17, [17, 7]]], [[15, [15, 13]]]]],