{"file_name": "U_15_0", "number_of_trucks": 2, "drone_capacity": 2, "number_of_drones": 2, "iteration": 1, "best_fitness": 224.53721349873615, "runtime": 61.653696060180664, "best_solution": [[[[0, [8, 13, 14, 2]], [2, []], [13, []], [8, []], [14, []], [1, [1, 9]], [9, []], [4, [4]]], [[0, []], [3, [3, 10]], [6, [6, 12]], [7, [7, 11]], [11, []], [10, []], [12, []], [15, [15, 5]], [5, []]]], [[[3, [3, 10]]], [[6, [6, 12]]], [[7, [7, 11]]], [[1, [1, 9]]], [[15, [15, 5]]], [[4, [4]]]]], "all_solution": [[[[[0, [8, 13, 14, 2]], [2, []], [13, []], [8, []], [14, []], [1, [1, 9]], [9, []], [4, [4]]], [[0, []], [3, [3, 10]], [6, [6, 12]], [7, [7, 11]], [11, []], [10, []], [12, []], [15, [15, 5]], [5, []]]], [[[3, [3, 10]]], [[6, [6, 12]]], [[7, [7, 11]]], [[1, [1, 9]]], [[15, [15, 5]]], [[4, [4]]]]]], "Numrun": 5, "all_fitness": [224.53721349873615]}
{"file_name": "U_15_0", "number_of_trucks": 2, "drone_capacity": 2, "number_of_drones": 2, "iteration": 2, "best_fitness": 229.22220629994501, "runtime": 49.03812003135681, "best_solution": [[[[0, [14]], [3, [3]], [5, [5, 9]], [9, []], [14, []], [1, [1, 4]], [4, []]], [[0, [8, 13, 2]], [2, []], [13, []], [12, [12, 10]], [8, []], [10, []], [11, [11, 7]], [7, []], [15, [15, 6]], [6, []]]], [[[3, [3]]], [[12, [12, 10]]], [[5, [5, 9]]], [[11, [11, 7]]], [[1, [1, 4]]], [[15, [15, 6]]]]], "all_solution": [[[[[0, [8, 13, 14, 2]], [2, []], [13, []], [8, []], [14, []], [1, [1, 9]], [9, []], [4, [4]]], [[0, []], [3, [3, 10]], [6, [6, 12]], [7, [7, 11]], [11, []], [10, []], [12, []], [15, [15, 5]], [5, []]]], [[[3, [3, 10]]], [[6, [6, 12]]], [[7, [7, 11]]], [[1, [1, 9]]], [[15, [15, 5]]], [[4, [4]]]]], [[[[0, [14]], [3, [3]], [5, [5, 9]], [9, []], [14, []], [1, [1, 4]], [4, []]], [[0, [8, 13, 2]], [2, []], [13, []], [12, [12, 10]], [8, []], [10, []], [11, [11, 7]], [7, []], [15, [15, 6]], [6, []]]], [[[3, [3]]], [[12, [12, 10]]], [[5, [5, 9]]], [[11, [11, 7]]], [[1, [1, 4]]], [[15, [15, 6]]]]]], "Numrun": 5, "all_fitness": [224.53721349873615, 229.22220629994501]}
{"file_name": "U_15_0", "number_of_trucks": 2, "drone_capacity": 2, "number_of_drones": 2, "iteration": 3, "best_fitness": 228.3932743562683, "runtime": 76.41291451454163, "best_solution": [[[[0, [8, 14]], [2, [2, 13]], [13, []], [8, []], [15, [15, 9]], [9, []], [14, []], [1, [1, 4]], [4, []]], [[0, [12, 3, 5, 10, 6]], [6, []], [3, []], [12, [7, 11]], [10, []], [7, []], [11, []], [5, []]]], [[[2, [2, 13]]], [[15, [15, 9]]], [[12, [7, 11]]], [[1, [1, 4]]]]], "all_solution": [[[[[0, [8, 13, 14, 2]], [2, []], [13, []], [8, []], [14, []], [1, [1, 9]], [9, []], [4, [4]]], [[0, []], [3, [3, 10]], [6, [6, 12]], [7, [7, 11]], [11, []], [10, []], [12, []], [15, [15, 5]], [5, []]]], [[[3, [3, 10]]], [[6, [6, 12]]], [[7, [7, 11]]], [[1, [1, 9]]], [[15, [15, 5]]], [[4, [4]]]]], [[[[0, [14]], [3, [3]], [5, [5, 9]], [9, []], [14, []], [1, [1, 4]], [4, []]], [[0, [8, 13, 2]], [2, []], [13, []], [12, [12, 10]], [8, []], [10, []], [11, [11, 7]], [7, []], [15, [15, 6]], [6, []]]], [[[3, [3]]], [[12, [12, 10]]], [[5, [5, 9]]], [[11, [11, 7]]], [[1, [1, 4]]], [[15, [15, 6]]]]], [[[[0, [8, 14]], [2, [2, 13]], [13, []], [8, []], [15, [15, 9]], [9, []], [14, []], [1, [1, 4]], [4, []]], [[0, [12, 3, 5, 10, 6]], [6, []], [3, []], [12, [7, 11]], [10, []], [7, []], [11, []], [5, []]]], [[[2, [2, 13]]], [[15, [15, 9]]], [[12, [7, 11]]], [[1, [1, 4]]]]]], "Numrun": 5, "all_fitness": [224.53721349873615, 229.22220629994501, 228.3932743562683]}
{"file_name": "U_15_0", "number_of_trucks": 2, "drone_capacity": 2, "number_of_drones": 2, "iteration": 4, "best_fitness": 229.4790132338503, "runtime": 57.75189995765686, "best_solution": [[[[0, [5, 9, 14]], [5, []], [9, []], [14, []], [1, [1, 4]], [4, []]], [[0, [13, 8]], [2, [2, 3]], [13, []], [12, [12, 10]], [15, [15, 7]], [10, []], [11, [11, 6]], [7, []], [8, []], [3, []], [6, []]]], [[[2, [2, 3]]], [[12, [12, 10]]], [[15, [15, 7]]], [[11, [11, 6]]], [[1, [1, 4]]]]], "all_solution": [[[[[0, [8, 13, 14, 2]], [2, []], [13, []], [8, []], [14, []], [1, [1, 9]], [9, []], [4, [4]]], [[0, []], [3, [3, 10]], [6, [6, 12]], [7, [7, 11]], [11, []], [10, []], [12, []], [15, [15, 5]], [5, []]]], [[[3, [3, 10]]], [[6, [6, 12]]], [[7, [7, 11]]], [[1, [1, 9]]], [[15, [15, 5]]], [[4, [4]]]]], [[[[0, [14]], [3, [3]], [5, [5, 9]], [9, []], [14, []], [1, [1, 4]], [4, []]], [[0, [8, 13, 2]], [2, []], [13, []], [12, [12, 10]], [8, []], [10, []], [11, [11, 7]], [7, []], [15, [15, 6]], [6, []]]], [[[3, [3]]], [[12, [12, 10]]], [[5, [5, 9]]], [[11, [11, 7]]], [[1, [1, 4]]], [[15, [15, 6]]]]], [[[[0, [8, 14]], [2, [2, 13]], [13, []], [8, []], [15, [15, 9]], [9, []], [14, []], [1, [1, 4]], [4, []]], [[0, [12, 3, 5, 10, 6]], [6, []], [3, []], [12, [7, 11]], [10, []], [7, []], [11, []], [5, []]]], [[[2, [2, 13]]], [[15, [15, 9]]], [[12, [7, 11]]], [[1, [1, 4]]]]], [[[[0, [5, 9, 14]], [5, []], [9, []], [14, []], [1, [1, 4]], [4, []]], [[0, [13, 8]], [2, [2, 3]], [13, []], [12, [12, 10]], [15, [15, 7]], [10, []], [11, [11, 6]], [7, []], [8, []], [3, []], [6, []]]], [[[2, [2, 3]]], [[12, [12, 10]]], [[15, [15, 7]]], [[11, [11, 6]]], [[1, [1, 4]]]]]], "Numrun": 5, "all_fitness": [224.53721349873615, 229.22220629994501, 228.3932743562683, 229.4790132338503]}
{"file_name": "U_15_0", "number_of_trucks": 2, "drone_capacity": 2, "number_of_drones": 2, "iteration": 5, "best_fitness": 226.43816431464325, "runtime": 86.60094976425171, "best_solution": [[[[0, [2, 3, 8, 10]], [2, []], [3, []], [8, []], [7, [7, 11]], [11, []], [10, [5, 15]], [15, []], [5, []]], [[0, [14, 13]], [13, []], [6, [6, 12, 9]], [12, []], [4, [4, 1]], [9, []], [14, []], [1, []]]], [[[6, [9]]], [[6, [6, 12]]], [[4, [4, 1]]], [[7, [7, 11]]], [[10, [5, 15]]]]], "all_solution": [[[[[0, [8, 13, 14, 2]], [2, []], [13, []], [8, []], [14, []], [1, [1, 9]], [9, []], [4, [4]]], [[0, []], [3, [3, 10]], [6, [6, 12]], [7, [7, 11]], [11, []], [10, []], [12, []], [15, [15, 5]], [5, []]]], [[[3, [3, 10]]], [[6, [6, 12]]], [[7, [7, 11]]], [[1, [1, 9]]], [[15, [15, 5]]], [[4, [4]]]]], [[[[0, [14]], [3, [3]], [5, [5, 9]], [9, []], [14, []], [1, [1, 4]], [4, []]], [[0, [8, 13, 2]], [2, []], [13, []], [12, [12, 10]], [8, []], [10, []], [11, [11, 7]], [7, []], [15, [15, 6]], [6, []]]], [[[3, [3]]], [[12, [12, 10]]], [[5, [5, 9]]], [[11, [11, 7]]], [[1, [1, 4]]], [[15, [15, 6]]]]], [[[[0, [8, 14]], [2, [2, 13]], [13, []], [8, []], [15, [15, 9]], [9, []], [14, []], [1, [1, 4]], [4, []]], [[0, [12, 3, 5, 10, 6]], [6, []], [3, []], [12, [7, 11]], [10, []], [7, []], [11, []], [5, []]]], [[[2, [2, 13]]], [[15, [15, 9]]], [[12, [7, 11]]], [[1, [1, 4]]]]], [[[[0, [5, 9, 14]], [5, []], [9, []], [14, []], [1, [1, 4]], [4, []]], [[0, [13, 8]], [2, [2, 3]], [13, []], [12, [12, 10]], [15, [15, 7]], [10, []], [11, [11, 6]], [7, []], [8, []], [3, []], [6, []]]], [[[2, [2, 3]]], [[12, [12, 10]]], [[15, [15, 7]]], [[11, [11, 6]]], [[1, [1, 4]]]]], [[[[0, [2, 3, 8, 10]], [2, []], [3, []], [8, []], [7, [7, 11]], [11, []], [10, [5, 15]], [15, []], [5, []]], [[0, [14, 13]], [13, []], [6, [6, 12, 9]], [12, []], [4, [4, 1]], [9, []], [14, []], [1, []]]], [[[6, [9]]], [[6, [6, 12]]], [[4, [4, 1]]], [[7, [7, 11]]], [[10, [5, 15]]]]]], "Numrun": 5, "all_fitness": [224.53721349873615, 229.22220629994501, 228.3932743562683, 229.4790132338503, 226.43816431464325]}
