{"file_name": "U_20_1", "number_of_trucks": 2, "drone_capacity": 2, "number_of_drones": 2, "iteration": 1, "best_fitness": 420.0875308162026, "runtime": 144.09198999404907, "best_solution": [[[[0, [11, 15, 6, 13, 14, 1]], [6, []], [1, []], [13, []], [14, []], [11, []], [15, []], [10, [10, 5]], [4, [4, 17]], [5, []], [3, [3, 7]], [17, []], [7, []]], [[0, [16, 19]], [16, []], [19, []], [9, [9, 18]], [2, [2, 8]], [18, []], [8, []], [20, [20, 12]], [12, []]]], [[[9, [9, 18]]], [[2, [2, 8]]], [[10, [10, 5]]], [[4, [4, 17]]], [[20, [20, 12]]], [[3, [3, 7]]]]], "all_solution": [[[[[0, [11, 15, 6, 13, 14, 1]], [6, []], [1, []], [13, []], [14, []], [11, []], [15, []], [10, [10, 5]], [4, [4, 17]], [5, []], [3, [3, 7]], [17, []], [7, []]], [[0, [16, 19]], [16, []], [19, []], [9, [9, 18]], [2, [2, 8]], [18, []], [8, []], [20, [20, 12]], [12, []]]], [[[9, [9, 18]]], [[2, [2, 8]]], [[10, [10, 5]]], [[4, [4, 17]]], [[20, [20, 12]]], [[3, [3, 7]]]]]], "Numrun": 5, "all_fitness": [420.0875308162026]}
{"file_name": "U_20_1", "number_of_trucks": 2, "drone_capacity": 2, "number_of_drones": 2, "iteration": 2, "best_fitness": 417.0875308162026, "runtime": 107.72904849052429, "best_solution": [[[[0, [6, 15, 11, 19]], [6, []], [15, []], [11, []], [19, []], [18, [18]], [8, [8]], [4, [4, 17]], [17, []], [3, [3, 7]], [7, []]], [[0, [13, 16]], [14, [1, 14]], [13, []], [16, []], [1, []], [9, [9, 2]], [2, []], [10, [10, 5]], [5, []], [12, [12, 20]], [20, []]]], [[[14, [1, 14]]], [[9, [9, 2]]], [[18, [18]]], [[8, [8]]], [[10, [10, 5]]], [[4, [4, 17]]], [[12, [12, 20]]], [[3, [3, 7]]]]], "all_solution": [[[[[0, [11, 15, 6, 13, 14, 1]], [6, []], [1, []], [13, []], [14, []], [11, []], [15, []], [10, [10, 5]], [4, [4, 17]], [5, []], [3, [3, 7]], [17, []], [7, []]], [[0, [16, 19]], [16, []], [19, []], [9, [9, 18]], [2, [2, 8]], [18, []], [8, []], [20, [20, 12]], [12, []]]], [[[9, [9, 18]]], [[2, [2, 8]]], [[10, [10, 5]]], [[4, [4, 17]]], [[20, [20, 12]]], [[3, [3, 7]]]]], [[[[0, [6, 15, 11, 19]], [6, []], [15, []], [11, []], [19, []], [18, [18]], [8, [8]], [4, [4, 17]], [17, []], [3, [3, 7]], [7, []]], [[0, [13, 16]], [14, [1, 14]], [13, []], [16, []], [1, []], [9, [9, 2]], [2, []], [10, [10, 5]], [5, []], [12, [12, 20]], [20, []]]], [[[14, [1, 14]]], [[9, [9, 2]]], [[18, [18]]], [[8, [8]]], [[10, [10, 5]]], [[4, [4, 17]]], [[12, [12, 20]]], [[3, [3, 7]]]]]], "Numrun": 5, "all_fitness": [420.0875308162026, 417.0875308162026]}
{"file_name": "U_20_1", "number_of_trucks": 2, "drone_capacity": 2, "number_of_drones": 2, "iteration": 3, "best_fitness": 420.73383481640394, "runtime": 129.32955861091614, "best_solution": [[[[0, [6, 16, 15, 1]], [15, []], [1, []], [16, []], [9, [9, 18]], [18, []], [6, []], [8, [8, 4]], [12, [12, 20]], [20, []], [4, []]], [[0, [19, 11, 14]], [11, [13]], [14, []], [19, []], [13, []], [2, [2, 5]], [17, [17, 10]], [10, []], [5, []], [3, [3, 7]], [7, []]]], [[[11, [13]]], [[9, [9, 18]]], [[8, [8, 4]]], [[2, [2, 5]]], [[17, [17, 10]]], [[12, [12, 20]]], [[3, [3, 7]]]]], "all_solution": [[[[[0, [11, 15, 6, 13, 14, 1]], [6, []], [1, []], [13, []], [14, []], [11, []], [15, []], [10, [10, 5]], [4, [4, 17]], [5, []], [3, [3, 7]], [17, []], [7, []]], [[0, [16, 19]], [16, []], [19, []], [9, [9, 18]], [2, [2, 8]], [18, []], [8, []], [20, [20, 12]], [12, []]]], [[[9, [9, 18]]], [[2, [2, 8]]], [[10, [10, 5]]], [[4, [4, 17]]], [[20, [20, 12]]], [[3, [3, 7]]]]], [[[[0, [6, 15, 11, 19]], [6, []], [15, []], [11, []], [19, []], [18, [18]], [8, [8]], [4, [4, 17]], [17, []], [3, [3, 7]], [7, []]], [[0, [13, 16]], [14, [1, 14]], [13, []], [16, []], [1, []], [9, [9, 2]], [2, []], [10, [10, 5]], [5, []], [12, [12, 20]], [20, []]]], [[[14, [1, 14]]], [[9, [9, 2]]], [[18, [18]]], [[8, [8]]], [[10, [10, 5]]], [[4, [4, 17]]], [[12, [12, 20]]], [[3, [3, 7]]]]], [[[[0, [6, 16, 15, 1]], [15, []], [1, []], [16, []], [9, [9, 18]], [18, []], [6, []], [8, [8, 4]], [12, [12, 20]], [20, []], [4, []]], [[0, [19, 11, 14]], [11, [13]], [14, []], [19, []], [13, []], [2, [2, 5]], [17, [17, 10]], [10, []], [5, []], [3, [3, 7]], [7, []]]], [[[11, [13]]], [[9, [9, 18]]], [[8, [8, 4]]], [[2, [2, 5]]], [[17, [17, 10]]], [[12, [12, 20]]], [[3, [3, 7]]]]]], "Numrun": 5, "all_fitness": [420.0875308162026, 417.0875308162026, 420.73383481640394]}
{"file_name": "U_20_1", "number_of_trucks": 2, "drone_capacity": 2, "number_of_drones": 2, "iteration": 4, "best_fitness": 405.3945487543032, "runtime": 140.1176073551178, "best_solution": [[[[0, [13, 14, 6, 16]], [6, []], [13, []], [14, []], [16, []], [2, [2]], [4, [4, 10, 17]], [17, []], [10, []], [3, [3, 7]], [7, []]], [[0, [11, 15, 1, 19]], [15, []], [11, []], [18, [18, 9]], [9, []], [5, [5, 8]], [1, []], [19, []], [12, [12, 20]], [8, []], [20, []]]], [[[18, [18, 9]]], [[5, [5, 8]]], [[2, [2]]], [[4, [10, 17]]], [[4, [4]]], [[12, [12, 20]]], [[3, [3, 7]]]]], "all_solution": [[[[[0, [11, 15, 6, 13, 14, 1]], [6, []], [1, []], [13, []], [14, []], [11, []], [15, []], [10, [10, 5]], [4, [4, 17]], [5, []], [3, [3, 7]], [17, []], [7, []]], [[0, [16, 19]], [16, []], [19, []], [9, [9, 18]], [2, [2, 8]], [18, []], [8, []], [20, [20, 12]], [12, []]]], [[[9, [9, 18]]], [[2, [2, 8]]], [[10, [10, 5]]], [[4, [4, 17]]], [[20, [20, 12]]], [[3, [3, 7]]]]], [[[[0, [6, 15, 11, 19]], [6, []], [15, []], [11, []], [19, []], [18, [18]], [8, [8]], [4, [4, 17]], [17, []], [3, [3, 7]], [7, []]], [[0, [13, 16]], [14, [1, 14]], [13, []], [16, []], [1, []], [9, [9, 2]], [2, []], [10, [10, 5]], [5, []], [12, [12, 20]], [20, []]]], [[[14, [1, 14]]], [[9, [9, 2]]], [[18, [18]]], [[8, [8]]], [[10, [10, 5]]], [[4, [4, 17]]], [[12, [12, 20]]], [[3, [3, 7]]]]], [[[[0, [6, 16, 15, 1]], [15, []], [1, []], [16, []], [9, [9, 18]], [18, []], [6, []], [8, [8, 4]], [12, [12, 20]], [20, []], [4, []]], [[0, [19, 11, 14]], [11, [13]], [14, []], [19, []], [13, []], [2, [2, 5]], [17, [17, 10]], [10, []], [5, []], [3, [3, 7]], [7, []]]], [[[11, [13]]], [[9, [9, 18]]], [[8, [8, 4]]], [[2, [2, 5]]], [[17, [17, 10]]], [[12, [12, 20]]], [[3, [3, 7]]]]], [[[[0, [13, 14, 6, 16]], [6, []], [13, []], [14, []], [16, []], [2, [2]], [4, [4, 10, 17]], [17, []], [10, []], [3, [3, 7]], [7, []]], [[0, [11, 15, 1, 19]], [15, []], [11, []], [18, [18, 9]], [9, []], [5, [5, 8]], [1, []], [19, []], [12, [12, 20]], [8, []], [20, []]]], [[[18, [18, 9]]], [[5, [5, 8]]], [[2, [2]]], [[4, [10, 17]]], [[4, [4]]], [[12, [12, 20]]], [[3, [3, 7]]]]]], "Numrun": 5, "all_fitness": [420.0875308162026, 417.0875308162026, 420.73383481640394, 405.3945487543032]}
{"file_name": "U_20_1", "number_of_trucks": 2, "drone_capacity": 2, "number_of_drones": 2, "iteration": 5, "best_fitness": 420.73383481640394, "runtime": 149.8963963985443, "best_solution": [[[[0, [16, 9, 18, 1, 19, 13]], [1, []], [19, []], [13, []], [16, []], [9, []], [18, []], [12, [12, 7]], [3, [3]], [7, []]], [[0, [6, 15, 11, 14]], [6, []], [15, []], [11, []], [14, []], [5, [5, 2]], [2, []], [10, [10, 8]], [17, [17, 4]], [4, []], [8, []], [20, [20]]]], [[[5, [5, 2]]], [[10, [10, 8]]], [[17, [17, 4]]], [[12, [12, 7]]], [[3, [3]]], [[20, [20]]]]],