{"file_name": "U_15_0", "number_of_trucks": 2, "drone_capacity": 2, "number_of_drones": 2, "iteration": 1, "best_fitness": 215.76398187161143, "runtime": 83.34632325172424, "best_solution": [[[[0, [11]], [11, []], [5, [15, 5, 13, 3]], [2, [2, 10]], [15, []], [10, []], [13, []], [14, [14, 8]], [3, []], [8, []]], [[0, [12]], [9, [9, 1]], [12, []], [4, [4]], [7, [7, 6]], [1, []], [6, []]]], [[[5, [13, 3]]], [[5, [15, 5]]], [[9, [9, 1]]], [[2, [2, 10]]], [[4, [4]]], [[14, [14, 8]]], [[7, [7, 6]]]]], "all_solution": [[[[[0, [11]], [11, []], [5, [15, 5, 13, 3]], [2, [2, 10]], [15, []], [10, []], [13, []], [14, [14, 8]], [3, []], [8, []]], [[0, [12]], [9, [9, 1]], [12, []], [4, [4]], [7, [7, 6]], [1, []], [6, []]]], [[[5, [13, 3]]], [[5, [15, 5]]], [[9, [9, 1]]], [[2, [2, 10]]], [[4, [4]]], [[14, [14, 8]]], [[7, [7, 6]]]]]], "Numrun": 5, "all_fitness": [215.76398187161143]}
{"file_name": "U_15_0", "number_of_trucks": 2, "drone_capacity": 2, "number_of_drones": 2, "iteration": 2, "best_fitness": 217.66472000484669, "runtime": 81.74362373352051, "best_solution": [[[[0, []], [13, [13, 12]], [12, []], [4, [4, 10, 2, 15]], [10, []], [2, []], [15, []]], [[0, [1, 6, 5, 11, 9, 7, 14, 3, 8]], [11, []], [9, []], [7, []], [6, []], [1, []], [5, []], [14, []], [3, []], [8, []]]], [[[13, [13, 12]]], [[4, [10, 15]]], [[4, [4, 2]]]]], "all_solution": [[[[[0, [11]], [11, []], [5, [15, 5, 13, 3]], [2, [2, 10]], [15, []], [10, []], [13, []], [14, [14, 8]], [3, []], [8, []]], [[0, [12]], [9, [9, 1]], [12, []], [4, [4]], [7, [7, 6]], [1, []], [6, []]]], [[[5, [13, 3]]], [[5, [15, 5]]], [[9, [9, 1]]], [[2, [2, 10]]], [[4, [4]]], [[14, [14, 8]]], [[7, [7, 6]]]]], [[[[0, []], [13, [13, 12]], [12, []], [4, [4, 10, 2, 15]], [10, []], [2, []], [15, []]], [[0, [1, 6, 5, 11, 9, 7, 14, 3, 8]], [11, []], [9, []], [7, []], [6, []], [1, []], [5, []], [14, []], [3, []], [8, []]]], [[[13, [13, 12]]], [[4, [10, 15]]], [[4, [4, 2]]]]]], "Numrun": 5, "all_fitness": [215.76398187161143, 217.66472000484669]}
{"file_name": "U_15_0", "number_of_trucks": 2, "drone_capacity": 2, "number_of_drones": 2, "iteration": 3, "best_fitness": 224.67999999999998, "runtime": 59.08783793449402, "best_solution": [[[[0, [9, 12, 1, 6]], [7, [7, 4]], [4, []], [12, []], [9, []], [1, []], [6, []]], [[0, [11]], [11, []], [5, [5, 13, 15, 3]], [10, [10, 2]], [2, []], [15, []], [13, []], [14, [14, 8]], [8, []], [3, []]]], [[[5, [13, 15]]], [[5, [5, 3]]], [[7, [7, 4]]], [[10, [10, 2]]], [[14, [14, 8]]]]], "all_solution": [[[[[0, [11]], [11, []], [5, [15, 5, 13, 3]], [2, [2, 10]], [15, []], [10, []], [13, []], [14, [14, 8]], [3, []], [8, []]], [[0, [12]], [9, [9, 1]], [12, []], [4, [4]], [7, [7, 6]], [1, []], [6, []]]], [[[5, [13, 3]]], [[5, [15, 5]]], [[9, [9, 1]]], [[2, [2, 10]]], [[4, [4]]], [[14, [14, 8]]], [[7, [7, 6]]]]], [[[[0, []], [13, [13, 12]], [12, []], [4, [4, 10, 2, 15]], [10, []], [2, []], [15, []]], [[0, [1, 6, 5, 11, 9, 7, 14, 3, 8]], [11, []], [9, []], [7, []], [6, []], [1, []], [5, []], [14, []], [3, []], [8, []]]], [[[13, [13, 12]]], [[4, [10, 15]]], [[4, [4, 2]]]]], [[[[0, [9, 12, 1, 6]], [7, [7, 4]], [4, []], [12, []], [9, []], [1, []], [6, []]], [[0, [11]], [11, []], [5, [5, 13, 15, 3]], [10, [10, 2]], [2, []], [15, []], [13, []], [14, [14, 8]], [8, []], [3, []]]], [[[5, [13, 15]]], [[5, [5, 3]]], [[7, [7, 4]]], [[10, [10, 2]]], [[14, [14, 8]]]]]], "Numrun": 5, "all_fitness": [215.76398187161143, 217.66472000484669, 224.67999999999998]}
{"file_name": "U_15_0", "number_of_trucks": 2, "drone_capacity": 2, "number_of_drones": 2, "iteration": 4, "best_fitness": 219.99945069360083, "runtime": 55.27361226081848, "best_solution": [[[[0, [11, 5]], [11, []], [5, [13, 3]], [13, []], [2, [2, 10]], [10, []], [14, [14, 8]], [3, []], [8, []]], [[0, [12]], [15, [15]], [12, []], [4, [4, 9]], [9, []], [7, [7, 1]], [1, []], [6, [6]]]], [[[5, [13, 3]]], [[15, [15]]], [[2, [2, 10]]], [[4, [4, 9]]], [[14, [14, 8]]], [[7, [7, 1]]], [[6, [6]]]]], "all_solution": [[[[[0, [11]], [11, []], [5, [15, 5, 13, 3]], [2, [2, 10]], [15, []], [10, []], [13, []], [14, [14, 8]], [3, []], [8, []]], [[0, [12]], [9, [9, 1]], [12, []], [4, [4]], [7, [7, 6]], [1, []], [6, []]]], [[[5, [13, 3]]], [[5, [15, 5]]], [[9, [9, 1]]], [[2, [2, 10]]], [[4, [4]]], [[14, [14, 8]]], [[7, [7, 6]]]]], [[[[0, []], [13, [13, 12]], [12, []], [4, [4, 10, 2, 15]], [10, []], [2, []], [15, []]], [[0, [1, 6, 5, 11, 9, 7, 14, 3, 8]], [11, []], [9, []], [7, []], [6, []], [1, []], [5, []], [14, []], [3, []], [8, []]]], [[[13, [13, 12]]], [[4, [10, 15]]], [[4, [4, 2]]]]], [[[[0, [9, 12, 1, 6]], [7, [7, 4]], [4, []], [12, []], [9, []], [1, []], [6, []]], [[0, [11]], [11, []], [5, [5, 13, 15, 3]], [10, [10, 2]], [2, []], [15, []], [13, []], [14, [14, 8]], [8, []], [3, []]]], [[[5, [13, 15]]], [[5, [5, 3]]], [[7, [7, 4]]], [[10, [10, 2]]], [[14, [14, 8]]]]], [[[[0, [11, 5]], [11, []], [5, [13, 3]], [13, []], [2, [2, 10]], [10, []], [14, [14, 8]], [3, []], [8, []]], [[0, [12]], [15, [15]], [12, []], [4, [4, 9]], [9, []], [7, [7, 1]], [1, []], [6, [6]]]], [[[5, [13, 3]]], [[15, [15]]], [[2, [2, 10]]], [[4, [4, 9]]], [[14, [14, 8]]], [[7, [7, 1]]], [[6, [6]]]]]], "Numrun": 5, "all_fitness": [215.76398187161143, 217.66472000484669, 224.67999999999998, 219.99945069360083]}
{"file_name": "U_15_0", "number_of_trucks": 2, "drone_capacity": 2, "number_of_drones": 2, "iteration": 5, "best_fitness": 217.42342947519893, "runtime": 85.15452647209167, "best_solution": [[[[0, [5]], [5, [15, 3, 13]], [3, []], [8, [8, 2]], [14, [14, 10]], [13, []], [10, []], [2, []], [15, []]], [[0, [11, 12]], [11, []], [9, [9, 1]], [12, []], [4, [4, 7]], [7, []], [1, []], [6, [6]]]], [[[5, [3, 13]]], [[5, [15]]], [[9, [9, 1]]], [[8, [8, 2]]], [[14, [14, 10]]], [[4, [4, 7]]], [[6, [6]]]]], "all_solution": [[[[[0, [11]], [11, []], [5, [15, 5, 13, 3]], [2, [2, 10]], [15, []], [10, []], [13, []], [14, [14, 8]], [3, []], [8, []]], [[0, [12]], [9, [9, 1]], [12, []], [4, [4]], [7, [7, 6]], [1, []], [6, []]]], [[[5, [13, 3]]], [[5, [15, 5]]], [[9, [9, 1]]], [[2, [2, 10]]], [[4, [4]]], [[14, [14, 8]]], [[7, [7, 6]]]]], [[[[0, []], [13, [13, 12]], [12, []], [4, [4, 10, 2, 15]], [10, []], [2, []], [15, []]], [[0, [1, 6, 5, 11, 9, 7, 14, 3, 8]], [11, []], [9, []], [7, []], [6, []], [1, []], [5, []], [14, []], [3, []], [8, []]]], [[[13, [13, 12]]], [[4, [10, 15]]], [[4, [4, 2]]]]], [[[[0, [9, 12, 1, 6]], [7, [7, 4]], [4, []], [12, []], [9, []], [1, []], [6, []]], [[0, [11]], [11, []], [5, [5, 13, 15, 3]], [10, [10, 2]], [2, []], [15, []], [13, []], [14, [14, 8]], [8, []], [3, []]]], [[[5, [13, 15]]], [[5, [5, 3]]], [[7, [7, 4]]], [[10, [10, 2]]], [[14, [14, 8]]]]], [[[[0, [11, 5]], [11, []], [5, [13, 3]], [13, []], [2, [2, 10]], [10, []], [14, [14, 8]], [3, []], [8, []]], [[0, [12]], [15, [15]], [12, []], [4, [4, 9]], [9, []], [7, [7, 1]], [1, []], [6, [6]]]], [[[5, [13, 3]]], [[15, [15]]], [[2, [2, 10]]], [[4, [4, 9]]], [[14, [14, 8]]], [[7, [7, 1]]], [[6, [6]]]]], [[[[0, [5]], [5, [15, 3, 13]], [3, []], [8, [8, 2]], [14, [14, 10]], [13, []], [10, []], [2, []], [15, []]], [[0, [11, 12]], [11, []], [9, [9, 1]], [12, []], [4, [4, 7]], [7, []], [1, []], [6, [6]]]], [[[5, [3, 13]]], [[5, [15]]], [[9, [9, 1]]], [[8, [8, 2]]], [[14, [14, 10]]], [[4, [4, 7]]], [[6, [6]]]]]], "Numrun": 5, "all_fitness": [215.76398187161143, 217.66472000484669, 224.67999999999998, 219.99945069360083, 217.42342947519893]}
