{"file_name": "U_20_1", "number_of_trucks": 2, "drone_capacity": 2, "number_of_drones": 2, "iteration": 1, "best_fitness": 309.90269805784715, "runtime": 151.5014352798462, "best_solution": [[[[0, [12, 18, 16, 2, 14]], [18, []], [2, []], [16, []], [12, []], [11, [11, 4]], [13, [13, 20]], [4, []], [7, [7, 5]], [5, []], [20, []], [14, []]], [[0, [8, 15, 1, 10, 3, 9]], [10, []], [3, []], [9, []], [15, []], [17, [17]], [1, []], [8, []], [6, [6, 19]], [19, []]]], [[[11, [11, 4]]], [[13, [13, 20]]], [[17, [17]]], [[7, [7, 5]]], [[6, [6, 19]]]]], "all_solution": [[[[[0, [12, 18, 16, 2, 14]], [18, []], [2, []], [16, []], [12, []], [11, [11, 4]], [13, [13, 20]], [4, []], [7, [7, 5]], [5, []], [20, []], [14, []]], [[0, [8, 15, 1, 10, 3, 9]], [10, []], [3, []], [9, []], [15, []], [17, [17]], [1, []], [8, []], [6, [6, 19]], [19, []]]], [[[11, [11, 4]]], [[13, [13, 20]]], [[17, [17]]], [[7, [7, 5]]], [[6, [6, 19]]]]]], "Numrun": 5, "all_fitness": [309.90269805784715]}
{"file_name": "U_20_1", "number_of_trucks": 2, "drone_capacity": 2, "number_of_drones": 2, "iteration": 2, "best_fitness": 300.15999999999997, "runtime": 168.30910277366638, "best_solution": [[[[0, [8, 1, 9, 14, 3]], [1, []], [8, []], [9, []], [3, []], [14, []], [7, [7, 17]], [17, []], [6, [6]]], [[0, [15, 18]], [15, []], [18, []], [2, [2, 11, 16, 12]], [16, []], [13, [13, 4, 10, 20]], [4, []], [12, []], [11, []], [10, []], [5, [5, 19]], [20, []], [19, []]]], [[[2, [2, 12]]], [[2, [11, 16]]], [[13, [4, 20]]], [[13, [13, 10]]], [[5, [5, 19]]], [[7, [7, 17]]], [[6, [6]]]]], "all_solution": [[[[[0, [12, 18, 16, 2, 14]], [18, []], [2, []], [16, []], [12, []], [11, [11, 4]], [13, [13, 20]], [4, []], [7, [7, 5]], [5, []], [20, []], [14, []]], [[0, [8, 15, 1, 10, 3, 9]], [10, []], [3, []], [9, []], [15, []], [17, [17]], [1, []], [8, []], [6, [6, 19]], [19, []]]], [[[11, [11, 4]]], [[13, [13, 20]]], [[17, [17]]], [[7, [7, 5]]], [[6, [6, 19]]]]], [[[[0, [8, 1, 9, 14, 3]], [1, []], [8, []], [9, []], [3, []], [14, []], [7, [7, 17]], [17, []], [6, [6]]], [[0, [15, 18]], [15, []], [18, []], [2, [2, 11, 16, 12]], [16, []], [13, [13, 4, 10, 20]], [4, []], [12, []], [11, []], [10, []], [5, [5, 19]], [20, []], [19, []]]], [[[2, [2, 12]]], [[2, [11, 16]]], [[13, [4, 20]]], [[13, [13, 10]]], [[5, [5, 19]]], [[7, [7, 17]]], [[6, [6]]]]]], "Numrun": 5, "all_fitness": [309.90269805784715, 300.15999999999997]}
{"file_name": "U_20_1", "number_of_trucks": 2, "drone_capacity": 2, "number_of_drones": 2, "iteration": 3, "best_fitness": 303.25108280670753, "runtime": 186.86395692825317, "best_solution": [[[[0, [18]], [2, [2, 16]], [14, [14, 12]], [16, [11, 15]], [12, []], [11, []], [13, [13, 4]], [4, []], [6, [6, 17]], [17, []], [15, []], [18, []], [19, [19]]], [[0, [9, 3, 10, 1]], [1, []], [8, [20, 8]], [9, []], [3, []], [10, []], [20, []], [5, [5, 7]], [7, []]]], [[[2, [2, 16]]], [[14, [14, 12]]], [[16, [11, 15]]], [[8, [20, 8]]], [[13, [13, 4]]], [[6, [6, 17]]], [[5, [5, 7]]], [[19, [19]]]]], "all_solution": [[[[[0, [12, 18, 16, 2, 14]], [18, []], [2, []], [16, []], [12, []], [11, [11, 4]], [13, [13, 20]], [4, []], [7, [7, 5]], [5, []], [20, []], [14, []]], [[0, [8, 15, 1, 10, 3, 9]], [10, []], [3, []], [9, []], [15, []], [17, [17]], [1, []], [8, []], [6, [6, 19]], [19, []]]], [[[11, [11, 4]]], [[13, [13, 20]]], [[17, [17]]], [[7, [7, 5]]], [[6, [6, 19]]]]], [[[[0, [8, 1, 9, 14, 3]], [1, []], [8, []], [9, []], [3, []], [14, []], [7, [7, 17]], [17, []], [6, [6]]], [[0, [15, 18]], [15, []], [18, []], [2, [2, 11, 16, 12]], [16, []], [13, [13, 4, 10, 20]], [4, []], [12, []], [11, []], [10, []], [5, [5, 19]], [20, []], [19, []]]], [[[2, [2, 12]]], [[2, [11, 16]]], [[13, [4, 20]]], [[13, [13, 10]]], [[5, [5, 19]]], [[7, [7, 17]]], [[6, [6]]]]], [[[[0, [18]], [2, [2, 16]], [14, [14, 12]], [16, [11, 15]], [12, []], [11, []], [13, [13, 4]], [4, []], [6, [6, 17]], [17, []], [15, []], [18, []], [19, [19]]], [[0, [9, 3, 10, 1]], [1, []], [8, [20, 8]], [9, []], [3, []], [10, []], [20, []], [5, [5, 7]], [7, []]]], [[[2, [2, 16]]], [[14, [14, 12]]], [[16, [11, 15]]], [[8, [20, 8]]], [[13, [13, 4]]], [[6, [6, 17]]], [[5, [5, 7]]], [[19, [19]]]]]], "Numrun": 5, "all_fitness": [309.90269805784715, 300.15999999999997, 303.25108280670753]}
{"file_name": "U_20_1", "number_of_trucks": 2, "drone_capacity": 2, "number_of_drones": 2, "iteration": 4, "best_fitness": 307.4841752323057, "runtime": 158.22520685195923, "best_solution": [[[[0, [14, 3, 15, 8, 1, 9, 10, 18]], [14, []], [3, []], [10, []], [9, []], [8, []], [1, []], [17, [17, 19]], [15, []], [18, []], [19, []]], [[0, [2, 12]], [2, [16, 11]], [16, []], [13, [13, 4]], [4, []], [12, []], [11, [20, 6]], [20, []], [5, [5, 7]], [7, []], [6, []]]], [[[2, [16, 11]]], [[13, [13, 4]]], [[11, [20, 6]]], [[5, [5, 7]]], [[17, [17, 19]]]]], "all_solution": [[[[[0, [12, 18, 16, 2, 14]], [18, []], [2, []], [16, []], [12, []], [11, [11, 4]], [13, [13, 20]], [4, []], [7, [7, 5]], [5, []], [20, []], [14, []]], [[0, [8, 15, 1, 10, 3, 9]], [10, []], [3, []], [9, []], [15, []], [17, [17]], [1, []], [8, []], [6, [6, 19]], [19, []]]], [[[11, [11, 4]]], [[13, [13, 20]]], [[17, [17]]], [[7, [7, 5]]], [[6, [6, 19]]]]], [[[[0, [8, 1, 9, 14, 3]], [1, []], [8, []], [9, []], [3, []], [14, []], [7, [7, 17]], [17, []], [6, [6]]], [[0, [15, 18]], [15, []], [18, []], [2, [2, 11, 16, 12]], [16, []], [13, [13, 4, 10, 20]], [4, []], [12, []], [11, []], [10, []], [5, [5, 19]], [20, []], [19, []]]], [[[2, [2, 12]]], [[2, [11, 16]]], [[13, [4, 20]]], [[13, [13, 10]]], [[5, [5, 19]]], [[7, [7, 17]]], [[6, [6]]]]], [[[[0, [18]], [2, [2, 16]], [14, [14, 12]], [16, [11, 15]], [12, []], [11, []], [13, [13, 4]], [4, []], [6, [6, 17]], [17, []], [15, []], [18, []], [19, [19]]], [[0, [9, 3, 10, 1]], [1, []], [8, [20, 8]], [9, []], [3, []], [10, []], [20, []], [5, [5, 7]], [7, []]]], [[[2, [2, 16]]], [[14, [14, 12]]], [[16, [11, 15]]], [[8, [20, 8]]], [[13, [13, 4]]], [[6, [6, 17]]], [[5, [5, 7]]], [[19, [19]]]]], [[[[0, [14, 3, 15, 8, 1, 9, 10, 18]], [14, []], [3, []], [10, []], [9, []], [8, []], [1, []], [17, [17, 19]], [15, []], [18, []], [19, []]], [[0, [2, 12]], [2, [16, 11]], [16, []], [13, [13, 4]], [4, []], [12, []], [11, [20, 6]], [20, []], [5, [5, 7]], [7, []], [6, []]]], [[[2, [16, 11]]], [[13, [13, 4]]], [[11, [20, 6]]], [[5, [5, 7]]], [[17, [17, 19]]]]]], "Numrun": 5, "all_fitness": [309.90269805784715, 300.15999999999997, 303.25108280670753, 307.4841752323057]}
{"file_name": "U_20_1", "number_of_trucks": 2, "drone_capacity": 2, "number_of_drones": 2, "iteration": 5, "best_fitness": 312.266337732089, "runtime": 199.57096648216248, "best_solution": [[[[0, [1, 8, 15, 18, 14, 9]], [14, []], [9, []], [18, []], [15, []], [17, [17, 6]], [1, []], [8, []], [6, []], [19, [19]]], [[0, []], [2, [16, 2, 3]], [11, [11, 12]], [12, []], [13, [13, 10]], [4, [4, 20]], [16, []], [20, []], [10, []], [3, []], [5, [5, 7]], [7, []]]], [[[2, [3]]], [[2, [16, 2]]], [[11, [11, 12]]], [[13, [13, 10]]], [[4, [4, 20]]], [[5, [5, 7]]], [[17, [17, 6]]], [[19, [19]]]]],