{"file_name": "U_15_1", "number_of_trucks": 2, "drone_capacity": 2, "number_of_drones": 2, "iteration": 1, "best_fitness": 319.88, "runtime": 68.38326692581177, "best_solution": [[[[0, [6]], [6, []], [2, [2]], [3, [3, 1]], [11, [11, 8]], [8, []], [1, []], [7, [7]]], [[0, [13, 10, 9, 12, 15, 5, 14]], [13, []], [10, []], [5, []], [9, []], [12, []], [15, []], [14, []], [4, [4]]]], [[[2, [2]]], [[3, [3, 1]]], [[11, [11, 8]]], [[7, [7]]], [[4, [4]]]]], "all_solution": [[[[[0, [6]], [6, []], [2, [2]], [3, [3, 1]], [11, [11, 8]], [8, []], [1, []], [7, [7]]], [[0, [13, 10, 9, 12, 15, 5, 14]], [13, []], [10, []], [5, []], [9, []], [12, []], [15, []], [14, []], [4, [4]]]], [[[2, [2]]], [[3, [3, 1]]], [[11, [11, 8]]], [[7, [7]]], [[4, [4]]]]]], "Numrun": 5, "all_fitness": [319.88]}
{"file_name": "U_15_1", "number_of_trucks": 2, "drone_capacity": 2, "number_of_drones": 2, "iteration": 2, "best_fitness": 320.85351506400013, "runtime": 70.98085880279541, "best_solution": [[[[0, [3, 2]], [2, []], [3, [11, 8]], [11, []], [8, []]], [[0, [6]], [6, []], [13, [13, 10]], [14, [14, 9]], [12, [12, 5]], [15, [15, 1]], [10, []], [9, []], [5, []], [7, [7, 4]], [1, []], [4, []]]], [[[13, [13, 10]]], [[14, [14, 9]]], [[12, [12, 5]]], [[15, [15, 1]]], [[3, [11, 8]]], [[7, [7, 4]]]]], "all_solution": [[[[[0, [6]], [6, []], [2, [2]], [3, [3, 1]], [11, [11, 8]], [8, []], [1, []], [7, [7]]], [[0, [13, 10, 9, 12, 15, 5, 14]], [13, []], [10, []], [5, []], [9, []], [12, []], [15, []], [14, []], [4, [4]]]], [[[2, [2]]], [[3, [3, 1]]], [[11, [11, 8]]], [[7, [7]]], [[4, [4]]]]], [[[[0, [3, 2]], [2, []], [3, [11, 8]], [11, []], [8, []]], [[0, [6]], [6, []], [13, [13, 10]], [14, [14, 9]], [12, [12, 5]], [15, [15, 1]], [10, []], [9, []], [5, []], [7, [7, 4]], [1, []], [4, []]]], [[[13, [13, 10]]], [[14, [14, 9]]], [[12, [12, 5]]], [[15, [15, 1]]], [[3, [11, 8]]], [[7, [7, 4]]]]]], "Numrun": 5, "all_fitness": [319.88, 320.85351506400013]}
{"file_name": "U_15_1", "number_of_trucks": 2, "drone_capacity": 2, "number_of_drones": 2, "iteration": 3, "best_fitness": 322.2146595032987, "runtime": 63.65060472488403, "best_solution": [[[[0, []], [2, [2, 3]], [3, []], [11, [11, 8]], [8, []], [14, [14]]], [[0, [6]], [6, []], [13, [13, 9, 10, 5]], [5, []], [12, [12, 15]], [15, []], [10, []], [9, []], [7, [7, 1]], [1, []], [4, [4]]]], [[[13, [9, 5]]], [[13, [13, 10]]], [[12, [12, 15]]], [[2, [2, 3]]], [[11, [11, 8]]], [[7, [7, 1]]], [[14, [14]]], [[4, [4]]]]], "all_solution": [[[[[0, [6]], [6, []], [2, [2]], [3, [3, 1]], [11, [11, 8]], [8, []], [1, []], [7, [7]]], [[0, [13, 10, 9, 12, 15, 5, 14]], [13, []], [10, []], [5, []], [9, []], [12, []], [15, []], [14, []], [4, [4]]]], [[[2, [2]]], [[3, [3, 1]]], [[11, [11, 8]]], [[7, [7]]], [[4, [4]]]]], [[[[0, [3, 2]], [2, []], [3, [11, 8]], [11, []], [8, []]], [[0, [6]], [6, []], [13, [13, 10]], [14, [14, 9]], [12, [12, 5]], [15, [15, 1]], [10, []], [9, []], [5, []], [7, [7, 4]], [1, []], [4, []]]], [[[13, [13, 10]]], [[14, [14, 9]]], [[12, [12, 5]]], [[15, [15, 1]]], [[3, [11, 8]]], [[7, [7, 4]]]]], [[[[0, []], [2, [2, 3]], [3, []], [11, [11, 8]], [8, []], [14, [14]]], [[0, [6]], [6, []], [13, [13, 9, 10, 5]], [5, []], [12, [12, 15]], [15, []], [10, []], [9, []], [7, [7, 1]], [1, []], [4, [4]]]], [[[13, [9, 5]]], [[13, [13, 10]]], [[12, [12, 15]]], [[2, [2, 3]]], [[11, [11, 8]]], [[7, [7, 1]]], [[14, [14]]], [[4, [4]]]]]], "Numrun": 5, "all_fitness": [319.88, 320.85351506400013, 322.2146595032987]}
{"file_name": "U_15_1", "number_of_trucks": 2, "drone_capacity": 2, "number_of_drones": 2, "iteration": 4, "best_fitness": 322.3377615661444, "runtime": 81.23769402503967, "best_solution": [[[[0, [3, 2]], [2, [11, 8]], [3, []], [11, []], [8, []]], [[0, []], [6, [6]], [10, [10]], [13, [13, 9]], [14, [14, 5]], [15, [15, 12]], [12, []], [9, []], [5, []], [1, [1, 4]], [7, [7]], [4, []]]], [[[6, [6]]], [[10, [10]]], [[13, [13, 9]]], [[14, [14, 5]]], [[15, [15, 12]]], [[2, [11, 8]]], [[1, [1, 4]]], [[7, [7]]]]], "all_solution": [[[[[0, [6]], [6, []], [2, [2]], [3, [3, 1]], [11, [11, 8]], [8, []], [1, []], [7, [7]]], [[0, [13, 10, 9, 12, 15, 5, 14]], [13, []], [10, []], [5, []], [9, []], [12, []], [15, []], [14, []], [4, [4]]]], [[[2, [2]]], [[3, [3, 1]]], [[11, [11, 8]]], [[7, [7]]], [[4, [4]]]]], [[[[0, [3, 2]], [2, []], [3, [11, 8]], [11, []], [8, []]], [[0, [6]], [6, []], [13, [13, 10]], [14, [14, 9]], [12, [12, 5]], [15, [15, 1]], [10, []], [9, []], [5, []], [7, [7, 4]], [1, []], [4, []]]], [[[13, [13, 10]]], [[14, [14, 9]]], [[12, [12, 5]]], [[15, [15, 1]]], [[3, [11, 8]]], [[7, [7, 4]]]]], [[[[0, []], [2, [2, 3]], [3, []], [11, [11, 8]], [8, []], [14, [14]]], [[0, [6]], [6, []], [13, [13, 9, 10, 5]], [5, []], [12, [12, 15]], [15, []], [10, []], [9, []], [7, [7, 1]], [1, []], [4, [4]]]], [[[13, [9, 5]]], [[13, [13, 10]]], [[12, [12, 15]]], [[2, [2, 3]]], [[11, [11, 8]]], [[7, [7, 1]]], [[14, [14]]], [[4, [4]]]]], [[[[0, [3, 2]], [2, [11, 8]], [3, []], [11, []], [8, []]], [[0, []], [6, [6]], [10, [10]], [13, [13, 9]], [14, [14, 5]], [15, [15, 12]], [12, []], [9, []], [5, []], [1, [1, 4]], [7, [7]], [4, []]]], [[[6, [6]]], [[10, [10]]], [[13, [13, 9]]], [[14, [14, 5]]], [[15, [15, 12]]], [[2, [11, 8]]], [[1, [1, 4]]], [[7, [7]]]]]], "Numrun": 5, "all_fitness": [319.88, 320.85351506400013, 322.2146595032987, 322.3377615661444]}
{"file_name": "U_15_1", "number_of_trucks": 2, "drone_capacity": 2, "number_of_drones": 2, "iteration": 5, "best_fitness": 322.8415948833197, "runtime": 65.47032141685486, "best_solution": [[[[0, [14, 9, 5, 1]], [1, []], [5, []], [7, [7, 4]], [9, []], [14, []], [4, []]], [[0, [6]], [6, []], [10, [10]], [13, [13]], [15, [15, 12, 3, 2]], [12, []], [8, [8, 11]], [11, []], [3, []], [2, []]]], [[[10, [10]]], [[13, [13]]], [[15, [15, 12]]], [[15, [3, 2]]], [[8, [8, 11]]], [[7, [7, 4]]]]], "all_solution": [[[[[0, [6]], [6, []], [2, [2]], [3, [3, 1]], [11, [11, 8]], [8, []], [1, []], [7, [7]]], [[0, [13, 10, 9, 12, 15, 5, 14]], [13, []], [10, []], [5, []], [9, []], [12, []], [15, []], [14, []], [4, [4]]]], [[[2, [2]]], [[3, [3, 1]]], [[11, [11, 8]]], [[7, [7]]], [[4, [4]]]]], [[[[0, [3, 2]], [2, []], [3, [11, 8]], [11, []], [8, []]], [[0, [6]], [6, []], [13, [13, 10]], [14, [14, 9]], [12, [12, 5]], [15, [15, 1]], [10, []], [9, []], [5, []], [7, [7, 4]], [1, []], [4, []]]], [[[13, [13, 10]]], [[14, [14, 9]]], [[12, [12, 5]]], [[15, [15, 1]]], [[3, [11, 8]]], [[7, [7, 4]]]]], [[[[0, []], [2, [2, 3]], [3, []], [11, [11, 8]], [8, []], [14, [14]]], [[0, [6]], [6, []], [13, [13, 9, 10, 5]], [5, []], [12, [12, 15]], [15, []], [10, []], [9, []], [7, [7, 1]], [1, []], [4, [4]]]], [[[13, [9, 5]]], [[13, [13, 10]]], [[12, [12, 15]]], [[2, [2, 3]]], [[11, [11, 8]]], [[7, [7, 1]]], [[14, [14]]], [[4, [4]]]]], [[[[0, [3, 2]], [2, [11, 8]], [3, []], [11, []], [8, []]], [[0, []], [6, [6]], [10, [10]], [13, [13, 9]], [14, [14, 5]], [15, [15, 12]], [12, []], [9, []], [5, []], [1, [1, 4]], [7, [7]], [4, []]]], [[[6, [6]]], [[10, [10]]], [[13, [13, 9]]], [[14, [14, 5]]], [[15, [15, 12]]], [[2, [11, 8]]], [[1, [1, 4]]], [[7, [7]]]]], [[[[0, [14, 9, 5, 1]], [1, []], [5, []], [7, [7, 4]], [9, []], [14, []], [4, []]], [[0, [6]], [6, []], [10, [10]], [13, [13]], [15, [15, 12, 3, 2]], [12, []], [8, [8, 11]], [11, []], [3, []], [2, []]]], [[[10, [10]]], [[13, [13]]], [[15, [15, 12]]], [[15, [3, 2]]], [[8, [8, 11]]], [[7, [7, 4]]]]]], "Numrun": 5, "all_fitness": [319.88, 320.85351506400013, 322.2146595032987, 322.3377615661444, 322.8415948833197]}
