{"file_name": "U_20_1", "number_of_trucks": 2, "drone_capacity": 2, "number_of_drones": 2, "iteration": 1, "best_fitness": 266.86618510511494, "runtime": 235.9399700164795, "best_solution": [[[[0, [9, 18, 15, 1, 8]], [18, []], [15, []], [9, []], [20, [6, 20]], [7, [7, 17]], [17, []], [1, []], [8, []], [6, []]], [[0, [16, 12, 2, 14, 3]], [2, []], [14, []], [16, []], [4, [4, 11]], [13, [13, 10]], [12, []], [11, []], [10, []], [3, []], [5, [5, 19]], [19, []]]], [[[4, [4, 11]]], [[13, [13, 10]]], [[20, [6, 20]]], [[7, [7, 17]]], [[5, [5, 19]]]]], "all_solution": [[[[[0, [9, 18, 15, 1, 8]], [18, []], [15, []], [9, []], [20, [6, 20]], [7, [7, 17]], [17, []], [1, []], [8, []], [6, []]], [[0, [16, 12, 2, 14, 3]], [2, []], [14, []], [16, []], [4, [4, 11]], [13, [13, 10]], [12, []], [11, []], [10, []], [3, []], [5, [5, 19]], [19, []]]], [[[4, [4, 11]]], [[13, [13, 10]]], [[20, [6, 20]]], [[7, [7, 17]]], [[5, [5, 19]]]]]], "Numrun": 5, "all_fitness": [266.86618510511494]}
{"file_name": "U_20_1", "number_of_trucks": 2, "drone_capacity": 2, "number_of_drones": 2, "iteration": 2, "best_fitness": 272.1545271305384, "runtime": 199.87684273719788, "best_solution": [[[[0, [9, 10, 8, 1, 2, 16]], [2, []], [16, []], [10, []], [9, []], [7, [7, 6]], [17, [17]], [8, []], [1, []], [6, []]], [[0, [18, 15, 12, 3, 14]], [18, []], [15, []], [4, [4, 11]], [13, [13, 20]], [12, []], [11, []], [3, []], [20, []], [5, [5, 19]], [14, []], [19, []]]], [[[4, [4, 11]]], [[13, [13, 20]]], [[5, [5, 19]]], [[7, [7, 6]]], [[17, [17]]]]], "all_solution": [[[[[0, [9, 18, 15, 1, 8]], [18, []], [15, []], [9, []], [20, [6, 20]], [7, [7, 17]], [17, []], [1, []], [8, []], [6, []]], [[0, [16, 12, 2, 14, 3]], [2, []], [14, []], [16, []], [4, [4, 11]], [13, [13, 10]], [12, []], [11, []], [10, []], [3, []], [5, [5, 19]], [19, []]]], [[[4, [4, 11]]], [[13, [13, 10]]], [[20, [6, 20]]], [[7, [7, 17]]], [[5, [5, 19]]]]], [[[[0, [9, 10, 8, 1, 2, 16]], [2, []], [16, []], [10, []], [9, []], [7, [7, 6]], [17, [17]], [8, []], [1, []], [6, []]], [[0, [18, 15, 12, 3, 14]], [18, []], [15, []], [4, [4, 11]], [13, [13, 20]], [12, []], [11, []], [3, []], [20, []], [5, [5, 19]], [14, []], [19, []]]], [[[4, [4, 11]]], [[13, [13, 20]]], [[5, [5, 19]]], [[7, [7, 6]]], [[17, [17]]]]]], "Numrun": 5, "all_fitness": [266.86618510511494, 272.1545271305384]}
{"file_name": "U_20_1", "number_of_trucks": 2, "drone_capacity": 2, "number_of_drones": 2, "iteration": 3, "best_fitness": 276.2261851051149, "runtime": 138.66562032699585, "best_solution": [[[[0, [9, 3, 15, 1, 8, 10, 18]], [18, []], [9, []], [10, []], [3, []], [15, []], [1, []], [8, []], [17, [17, 19]], [19, []]], [[0, [12, 14, 16, 2]], [2, []], [11, [11]], [12, []], [13, [13]], [4, [4, 20]], [16, []], [14, []], [20, []], [5, [5, 6, 7]], [7, []], [6, []]]], [[[11, [11]]], [[13, [13]]], [[4, [4, 20]]], [[5, [7]]], [[5, [5, 6]]], [[17, [17, 19]]]]], "all_solution": [[[[[0, [9, 18, 15, 1, 8]], [18, []], [15, []], [9, []], [20, [6, 20]], [7, [7, 17]], [17, []], [1, []], [8, []], [6, []]], [[0, [16, 12, 2, 14, 3]], [2, []], [14, []], [16, []], [4, [4, 11]], [13, [13, 10]], [12, []], [11, []], [10, []], [3, []], [5, [5, 19]], [19, []]]], [[[4, [4, 11]]], [[13, [13, 10]]], [[20, [6, 20]]], [[7, [7, 17]]], [[5, [5, 19]]]]], [[[[0, [9, 10, 8, 1, 2, 16]], [2, []], [16, []], [10, []], [9, []], [7, [7, 6]], [17, [17]], [8, []], [1, []], [6, []]], [[0, [18, 15, 12, 3, 14]], [18, []], [15, []], [4, [4, 11]], [13, [13, 20]], [12, []], [11, []], [3, []], [20, []], [5, [5, 19]], [14, []], [19, []]]], [[[4, [4, 11]]], [[13, [13, 20]]], [[5, [5, 19]]], [[7, [7, 6]]], [[17, [17]]]]], [[[[0, [9, 3, 15, 1, 8, 10, 18]], [18, []], [9, []], [10, []], [3, []], [15, []], [1, []], [8, []], [17, [17, 19]], [19, []]], [[0, [12, 14, 16, 2]], [2, []], [11, [11]], [12, []], [13, [13]], [4, [4, 20]], [16, []], [14, []], [20, []], [5, [5, 6, 7]], [7, []], [6, []]]], [[[11, [11]]], [[13, [13]]], [[4, [4, 20]]], [[5, [7]]], [[5, [5, 6]]], [[17, [17, 19]]]]]], "Numrun": 5, "all_fitness": [266.86618510511494, 272.1545271305384, 276.2261851051149]}
{"file_name": "U_20_1", "number_of_trucks": 2, "drone_capacity": 2, "number_of_drones": 2, "iteration": 4, "best_fitness": 276.2261851051149, "runtime": 218.5479657649994, "best_solution": [[[[0, [8, 1, 9, 3, 10]], [8, []], [1, []], [9, []], [3, [20, 6]], [10, []], [20, []], [5, [5, 7]], [7, []], [6, []]], [[0, [18, 15, 16, 2]], [18, []], [15, []], [14, [12, 14]], [16, []], [4, [4, 11]], [12, [13]], [11, []], [13, []], [2, []], [19, [19, 17]], [17, []]]], [[[14, [12, 14]]], [[4, [4, 11]]], [[12, [13]]], [[3, [20, 6]]], [[5, [5, 7]]], [[19, [19, 17]]]]], "all_solution": [[[[[0, [9, 18, 15, 1, 8]], [18, []], [15, []], [9, []], [20, [6, 20]], [7, [7, 17]], [17, []], [1, []], [8, []], [6, []]], [[0, [16, 12, 2, 14, 3]], [2, []], [14, []], [16, []], [4, [4, 11]], [13, [13, 10]], [12, []], [11, []], [10, []], [3, []], [5, [5, 19]], [19, []]]], [[[4, [4, 11]]], [[13, [13, 10]]], [[20, [6, 20]]], [[7, [7, 17]]], [[5, [5, 19]]]]], [[[[0, [9, 10, 8, 1, 2, 16]], [2, []], [16, []], [10, []], [9, []], [7, [7, 6]], [17, [17]], [8, []], [1, []], [6, []]], [[0, [18, 15, 12, 3, 14]], [18, []], [15, []], [4, [4, 11]], [13, [13, 20]], [12, []], [11, []], [3, []], [20, []], [5, [5, 19]], [14, []], [19, []]]], [[[4, [4, 11]]], [[13, [13, 20]]], [[5, [5, 19]]], [[7, [7, 6]]], [[17, [17]]]]], [[[[0, [9, 3, 15, 1, 8, 10, 18]], [18, []], [9, []], [10, []], [3, []], [15, []], [1, []], [8, []], [17, [17, 19]], [19, []]], [[0, [12, 14, 16, 2]], [2, []], [11, [11]], [12, []], [13, [13]], [4, [4, 20]], [16, []], [14, []], [20, []], [5, [5, 6, 7]], [7, []], [6, []]]], [[[11, [11]]], [[13, [13]]], [[4, [4, 20]]], [[5, [7]]], [[5, [5, 6]]], [[17, [17, 19]]]]], [[[[0, [8, 1, 9, 3, 10]], [8, []], [1, []], [9, []], [3, [20, 6]], [10, []], [20, []], [5, [5, 7]], [7, []], [6, []]], [[0, [18, 15, 16, 2]], [18, []], [15, []], [14, [12, 14]], [16, []], [4, [4, 11]], [12, [13]], [11, []], [13, []], [2, []], [19, [19, 17]], [17, []]]], [[[14, [12, 14]]], [[4, [4, 11]]], [[12, [13]]], [[3, [20, 6]]], [[5, [5, 7]]], [[19, [19, 17]]]]]], "Numrun": 5, "all_fitness": [266.86618510511494, 272.1545271305384, 276.2261851051149, 276.2261851051149]}
{"file_name": "U_20_1", "number_of_trucks": 2, "drone_capacity": 2, "number_of_drones": 2, "iteration": 5, "best_fitness": 276.5545271305384, "runtime": 120.83854937553406, "best_solution": [[[[0, [18, 15]], [15, []], [18, []], [8, [8, 1]], [1, []], [9, [9, 20]], [20, []], [7, [7, 17]], [17, []], [6, [6, 19]], [19, []]], [[0, [2, 14, 16]], [2, []], [14, []], [16, [11, 12]], [13, [13, 4, 10, 3]], [4, []], [11, []], [12, []], [10, []], [3, []], [5, [5]]]], [[[8, [8, 1]]], [[16, [11, 12]]], [[13, [10, 3]]], [[9, [9, 20]]], [[13, [13, 4]]], [[5, [5]]], [[7, [7, 17]]], [[6, [6, 19]]]]],