{"file_name": "U_15_0", "number_of_trucks": 2, "drone_capacity": 2, "number_of_drones": 2, "iteration": 1, "best_fitness": 195.8186897779901, "runtime": 60.4443633556366, "best_solution": [[[[0, [10, 9, 2]], [10, []], [9, []], [3, [3, 4]], [2, []], [4, []]], [[0, [1]], [6, [14, 6, 13]], [14, []], [13, []], [15, [15, 12, 11, 8]], [12, []], [5, [5, 7]], [1, []], [7, []], [8, []], [11, []]]], [[[6, [14, 6]]], [[6, [13]]], [[15, [11, 8]]], [[15, [15, 12]]], [[5, [5, 7]]], [[3, [3, 4]]]]], "all_solution": [[[[[0, [10, 9, 2]], [10, []], [9, []], [3, [3, 4]], [2, []], [4, []]], [[0, [1]], [6, [14, 6, 13]], [14, []], [13, []], [15, [15, 12, 11, 8]], [12, []], [5, [5, 7]], [1, []], [7, []], [8, []], [11, []]]], [[[6, [14, 6]]], [[6, [13]]], [[15, [11, 8]]], [[15, [15, 12]]], [[5, [5, 7]]], [[3, [3, 4]]]]]], "Numrun": 5, "all_fitness": [195.8186897779901]}
{"file_name": "U_15_0", "number_of_trucks": 2, "drone_capacity": 2, "number_of_drones": 2, "iteration": 2, "best_fitness": 191.16, "runtime": 51.59823441505432, "best_solution": [[[[0, [10, 9, 8, 11]], [10, []], [9, []], [8, []], [11, []], [3, [3, 2]], [2, []]], [[0, [1, 14, 13, 6]], [6, []], [14, []], [13, []], [15, [15, 12]], [12, []], [5, [5, 7]], [1, []], [7, []], [4, [4]]]], [[[15, [15, 12]]], [[5, [5, 7]]], [[3, [3, 2]]], [[4, [4]]]]], "all_solution": [[[[[0, [10, 9, 2]], [10, []], [9, []], [3, [3, 4]], [2, []], [4, []]], [[0, [1]], [6, [14, 6, 13]], [14, []], [13, []], [15, [15, 12, 11, 8]], [12, []], [5, [5, 7]], [1, []], [7, []], [8, []], [11, []]]], [[[6, [14, 6]]], [[6, [13]]], [[15, [11, 8]]], [[15, [15, 12]]], [[5, [5, 7]]], [[3, [3, 4]]]]], [[[[0, [10, 9, 8, 11]], [10, []], [9, []], [8, []], [11, []], [3, [3, 2]], [2, []]], [[0, [1, 14, 13, 6]], [6, []], [14, []], [13, []], [15, [15, 12]], [12, []], [5, [5, 7]], [1, []], [7, []], [4, [4]]]], [[[15, [15, 12]]], [[5, [5, 7]]], [[3, [3, 2]]], [[4, [4]]]]]], "Numrun": 5, "all_fitness": [195.8186897779901, 191.16]}
{"file_name": "U_15_0", "number_of_trucks": 2, "drone_capacity": 2, "number_of_drones": 2, "iteration": 3, "best_fitness": 193.9786897779901, "runtime": 61.35735750198364, "best_solution": [[[[0, [6, 14, 13]], [6, []], [14, []], [13, [12, 10, 9]], [15, [15, 5]], [12, []], [5, []], [9, []], [10, []], [4, [4]]], [[0, [2, 8, 11, 1]], [2, []], [3, [3, 7]], [11, []], [8, []], [1, []], [7, []]]], [[[13, [9]]], [[13, [12, 10]]], [[15, [15, 5]]], [[3, [3, 7]]], [[4, [4]]]]], "all_solution": [[[[[0, [10, 9, 2]], [10, []], [9, []], [3, [3, 4]], [2, []], [4, []]], [[0, [1]], [6, [14, 6, 13]], [14, []], [13, []], [15, [15, 12, 11, 8]], [12, []], [5, [5, 7]], [1, []], [7, []], [8, []], [11, []]]], [[[6, [14, 6]]], [[6, [13]]], [[15, [11, 8]]], [[15, [15, 12]]], [[5, [5, 7]]], [[3, [3, 4]]]]], [[[[0, [10, 9, 8, 11]], [10, []], [9, []], [8, []], [11, []], [3, [3, 2]], [2, []]], [[0, [1, 14, 13, 6]], [6, []], [14, []], [13, []], [15, [15, 12]], [12, []], [5, [5, 7]], [1, []], [7, []], [4, [4]]]], [[[15, [15, 12]]], [[5, [5, 7]]], [[3, [3, 2]]], [[4, [4]]]]], [[[[0, [6, 14, 13]], [6, []], [14, []], [13, [12, 10, 9]], [15, [15, 5]], [12, []], [5, []], [9, []], [10, []], [4, [4]]], [[0, [2, 8, 11, 1]], [2, []], [3, [3, 7]], [11, []], [8, []], [1, []], [7, []]]], [[[13, [9]]], [[13, [12, 10]]], [[15, [15, 5]]], [[3, [3, 7]]], [[4, [4]]]]]], "Numrun": 5, "all_fitness": [195.8186897779901, 191.16, 193.9786897779901]}
{"file_name": "U_15_0", "number_of_trucks": 2, "drone_capacity": 2, "number_of_drones": 2, "iteration": 4, "best_fitness": 201.4986897779901, "runtime": 62.63963556289673, "best_solution": [[[[0, [8, 9]], [2, [2, 10, 6]], [3, [3]], [8, []], [9, [4]], [10, []], [6, []], [4, []]], [[0, [12, 15, 14, 13, 11, 1]], [11, []], [1, []], [7, [7, 5]], [5, []], [12, []], [15, []], [13, []], [14, []]]], [[[2, [2]]], [[2, [10, 6]]], [[3, [3]]], [[7, [7, 5]]], [[9, [4]]]]], "all_solution": [[[[[0, [10, 9, 2]], [10, []], [9, []], [3, [3, 4]], [2, []], [4, []]], [[0, [1]], [6, [14, 6, 13]], [14, []], [13, []], [15, [15, 12, 11, 8]], [12, []], [5, [5, 7]], [1, []], [7, []], [8, []], [11, []]]], [[[6, [14, 6]]], [[6, [13]]], [[15, [11, 8]]], [[15, [15, 12]]], [[5, [5, 7]]], [[3, [3, 4]]]]], [[[[0, [10, 9, 8, 11]], [10, []], [9, []], [8, []], [11, []], [3, [3, 2]], [2, []]], [[0, [1, 14, 13, 6]], [6, []], [14, []], [13, []], [15, [15, 12]], [12, []], [5, [5, 7]], [1, []], [7, []], [4, [4]]]], [[[15, [15, 12]]], [[5, [5, 7]]], [[3, [3, 2]]], [[4, [4]]]]], [[[[0, [6, 14, 13]], [6, []], [14, []], [13, [12, 10, 9]], [15, [15, 5]], [12, []], [5, []], [9, []], [10, []], [4, [4]]], [[0, [2, 8, 11, 1]], [2, []], [3, [3, 7]], [11, []], [8, []], [1, []], [7, []]]], [[[13, [9]]], [[13, [12, 10]]], [[15, [15, 5]]], [[3, [3, 7]]], [[4, [4]]]]], [[[[0, [8, 9]], [2, [2, 10, 6]], [3, [3]], [8, []], [9, [4]], [10, []], [6, []], [4, []]], [[0, [12, 15, 14, 13, 11, 1]], [11, []], [1, []], [7, [7, 5]], [5, []], [12, []], [15, []], [13, []], [14, []]]], [[[2, [2]]], [[2, [10, 6]]], [[3, [3]]], [[7, [7, 5]]], [[9, [4]]]]]], "Numrun": 5, "all_fitness": [195.8186897779901, 191.16, 193.9786897779901, 201.4986897779901]}
{"file_name": "U_15_0", "number_of_trucks": 2, "drone_capacity": 2, "number_of_drones": 2, "iteration": 5, "best_fitness": 191.16, "runtime": 47.88444375991821, "best_solution": [[[[0, [6, 1]], [6, []], [14, [13, 14]], [13, []], [15, [15, 12]], [12, []], [5, [5, 7]], [7, []], [1, []], [4, [4]]], [[0, [2, 8, 11, 10, 9]], [10, []], [9, []], [8, []], [11, []], [3, [3]], [2, []]]], [[[14, [13]]], [[14, [14]]], [[15, [15, 12]]], [[5, [5, 7]]], [[3, [3]]], [[4, [4]]]]], "all_solution": [[[[[0, [10, 9, 2]], [10, []], [9, []], [3, [3, 4]], [2, []], [4, []]], [[0, [1]], [6, [14, 6, 13]], [14, []], [13, []], [15, [15, 12, 11, 8]], [12, []], [5, [5, 7]], [1, []], [7, []], [8, []], [11, []]]], [[[6, [14, 6]]], [[6, [13]]], [[15, [11, 8]]], [[15, [15, 12]]], [[5, [5, 7]]], [[3, [3, 4]]]]], [[[[0, [10, 9, 8, 11]], [10, []], [9, []], [8, []], [11, []], [3, [3, 2]], [2, []]], [[0, [1, 14, 13, 6]], [6, []], [14, []], [13, []], [15, [15, 12]], [12, []], [5, [5, 7]], [1, []], [7, []], [4, [4]]]], [[[15, [15, 12]]], [[5, [5, 7]]], [[3, [3, 2]]], [[4, [4]]]]], [[[[0, [6, 14, 13]], [6, []], [14, []], [13, [12, 10, 9]], [15, [15, 5]], [12, []], [5, []], [9, []], [10, []], [4, [4]]], [[0, [2, 8, 11, 1]], [2, []], [3, [3, 7]], [11, []], [8, []], [1, []], [7, []]]], [[[13, [9]]], [[13, [12, 10]]], [[15, [15, 5]]], [[3, [3, 7]]], [[4, [4]]]]], [[[[0, [8, 9]], [2, [2, 10, 6]], [3, [3]], [8, []], [9, [4]], [10, []], [6, []], [4, []]], [[0, [12, 15, 14, 13, 11, 1]], [11, []], [1, []], [7, [7, 5]], [5, []], [12, []], [15, []], [13, []], [14, []]]], [[[2, [2]]], [[2, [10, 6]]], [[3, [3]]], [[7, [7, 5]]], [[9, [4]]]]], [[[[0, [6, 1]], [6, []], [14, [13, 14]], [13, []], [15, [15, 12]], [12, []], [5, [5, 7]], [7, []], [1, []], [4, [4]]], [[0, [2, 8, 11, 10, 9]], [10, []], [9, []], [8, []], [11, []], [3, [3]], [2, []]]], [[[14, [13]]], [[14, [14]]], [[15, [15, 12]]], [[5, [5, 7]]], [[3, [3]]], [[4, [4]]]]]], "Numrun": 5, "all_fitness": [195.8186897779901, 191.16, 193.9786897779901, 201.4986897779901, 191.16]}
