{"file_name": "U_15_1", "number_of_trucks": 2, "drone_capacity": 2, "number_of_drones": 2, "iteration": 1, "best_fitness": 259.0138137387493, "runtime": 76.64021062850952, "best_solution": [[[[0, [11]], [11, []], [15, [15, 5]], [1, [1, 14]], [5, []], [14, []], [13, [13]], [3, [3, 8]], [8, []]], [[0, [10, 12]], [12, []], [2, [2]], [10, []], [4, [4, 7]], [9, [9, 6]], [7, []], [6, []]]], [[[15, [15, 5]]], [[2, [2]]], [[1, [1, 14]]], [[13, [13]]], [[4, [4, 7]]], [[3, [3, 8]]], [[9, [9, 6]]]]], "all_solution": [[[[[0, [11]], [11, []], [15, [15, 5]], [1, [1, 14]], [5, []], [14, []], [13, [13]], [3, [3, 8]], [8, []]], [[0, [10, 12]], [12, []], [2, [2]], [10, []], [4, [4, 7]], [9, [9, 6]], [7, []], [6, []]]], [[[15, [15, 5]]], [[2, [2]]], [[1, [1, 14]]], [[13, [13]]], [[4, [4, 7]]], [[3, [3, 8]]], [[9, [9, 6]]]]]], "Numrun": 5, "all_fitness": [259.0138137387493]}
{"file_name": "U_15_1", "number_of_trucks": 2, "drone_capacity": 2, "number_of_drones": 2, "iteration": 2, "best_fitness": 259.0138137387493, "runtime": 48.358922719955444, "best_solution": [[[[0, [10]], [5, [5]], [15, [15]], [2, [2]], [10, []], [4, [4, 7]], [9, [9, 6]], [7, []], [6, []]], [[0, [11, 12]], [12, []], [11, []], [1, [1]], [13, [13, 14]], [14, [3, 8]], [3, []], [8, []]]], [[[5, [5]]], [[15, [15]]], [[2, [2]]], [[4, [4, 7]]], [[1, [1]]], [[13, [13, 14]]], [[14, [3, 8]]], [[9, [9, 6]]]]], "all_solution": [[[[[0, [11]], [11, []], [15, [15, 5]], [1, [1, 14]], [5, []], [14, []], [13, [13]], [3, [3, 8]], [8, []]], [[0, [10, 12]], [12, []], [2, [2]], [10, []], [4, [4, 7]], [9, [9, 6]], [7, []], [6, []]]], [[[15, [15, 5]]], [[2, [2]]], [[1, [1, 14]]], [[13, [13]]], [[4, [4, 7]]], [[3, [3, 8]]], [[9, [9, 6]]]]], [[[[0, [10]], [5, [5]], [15, [15]], [2, [2]], [10, []], [4, [4, 7]], [9, [9, 6]], [7, []], [6, []]], [[0, [11, 12]], [12, []], [11, []], [1, [1]], [13, [13, 14]], [14, [3, 8]], [3, []], [8, []]]], [[[5, [5]]], [[15, [15]]], [[2, [2]]], [[4, [4, 7]]], [[1, [1]]], [[13, [13, 14]]], [[14, [3, 8]]], [[9, [9, 6]]]]]], "Numrun": 5, "all_fitness": [259.0138137387493, 259.0138137387493]}
{"file_name": "U_15_1", "number_of_trucks": 2, "drone_capacity": 2, "number_of_drones": 2, "iteration": 3, "best_fitness": 259.0138137387493, "runtime": 62.29224896430969, "best_solution": [[[[0, [12, 11, 5]], [11, []], [12, []], [1, [1]], [5, []], [13, [13, 14]], [14, []], [8, [8, 3]], [3, []]], [[0, []], [15, [15, 10]], [2, [2]], [10, []], [4, [4, 7]], [9, [9, 6]], [7, []], [6, []]]], [[[15, [10]]], [[15, [15]]], [[2, [2]]], [[1, [1]]], [[13, [13, 14]]], [[4, [4, 7]]], [[9, [9, 6]]], [[8, [8, 3]]]]], "all_solution": [[[[[0, [11]], [11, []], [15, [15, 5]], [1, [1, 14]], [5, []], [14, []], [13, [13]], [3, [3, 8]], [8, []]], [[0, [10, 12]], [12, []], [2, [2]], [10, []], [4, [4, 7]], [9, [9, 6]], [7, []], [6, []]]], [[[15, [15, 5]]], [[2, [2]]], [[1, [1, 14]]], [[13, [13]]], [[4, [4, 7]]], [[3, [3, 8]]], [[9, [9, 6]]]]], [[[[0, [10]], [5, [5]], [15, [15]], [2, [2]], [10, []], [4, [4, 7]], [9, [9, 6]], [7, []], [6, []]], [[0, [11, 12]], [12, []], [11, []], [1, [1]], [13, [13, 14]], [14, [3, 8]], [3, []], [8, []]]], [[[5, [5]]], [[15, [15]]], [[2, [2]]], [[4, [4, 7]]], [[1, [1]]], [[13, [13, 14]]], [[14, [3, 8]]], [[9, [9, 6]]]]], [[[[0, [12, 11, 5]], [11, []], [12, []], [1, [1]], [5, []], [13, [13, 14]], [14, []], [8, [8, 3]], [3, []]], [[0, []], [15, [15, 10]], [2, [2]], [10, []], [4, [4, 7]], [9, [9, 6]], [7, []], [6, []]]], [[[15, [10]]], [[15, [15]]], [[2, [2]]], [[1, [1]]], [[13, [13, 14]]], [[4, [4, 7]]], [[9, [9, 6]]], [[8, [8, 3]]]]]], "Numrun": 5, "all_fitness": [259.0138137387493, 259.0138137387493, 259.0138137387493]}
{"file_name": "U_15_1", "number_of_trucks": 2, "drone_capacity": 2, "number_of_drones": 2, "iteration": 4, "best_fitness": 259.0138137387493, "runtime": 60.38078546524048, "best_solution": [[[[0, [5, 11]], [5, []], [11, []], [1, [1]], [13, [13, 14]], [14, []], [8, [8, 3]], [3, []]], [[0, []], [10, [10, 12]], [12, []], [2, [2, 15]], [15, []], [4, [4, 7]], [9, [9, 6]], [7, []], [6, []]]], [[[10, [10, 12]]], [[2, [2, 15]]], [[1, [1]]], [[4, [4, 7]]], [[13, [13, 14]]], [[9, [9, 6]]], [[8, [8, 3]]]]], "all_solution": [[[[[0, [11]], [11, []], [15, [15, 5]], [1, [1, 14]], [5, []], [14, []], [13, [13]], [3, [3, 8]], [8, []]], [[0, [10, 12]], [12, []], [2, [2]], [10, []], [4, [4, 7]], [9, [9, 6]], [7, []], [6, []]]], [[[15, [15, 5]]], [[2, [2]]], [[1, [1, 14]]], [[13, [13]]], [[4, [4, 7]]], [[3, [3, 8]]], [[9, [9, 6]]]]], [[[[0, [10]], [5, [5]], [15, [15]], [2, [2]], [10, []], [4, [4, 7]], [9, [9, 6]], [7, []], [6, []]], [[0, [11, 12]], [12, []], [11, []], [1, [1]], [13, [13, 14]], [14, [3, 8]], [3, []], [8, []]]], [[[5, [5]]], [[15, [15]]], [[2, [2]]], [[4, [4, 7]]], [[1, [1]]], [[13, [13, 14]]], [[14, [3, 8]]], [[9, [9, 6]]]]], [[[[0, [12, 11, 5]], [11, []], [12, []], [1, [1]], [5, []], [13, [13, 14]], [14, []], [8, [8, 3]], [3, []]], [[0, []], [15, [15, 10]], [2, [2]], [10, []], [4, [4, 7]], [9, [9, 6]], [7, []], [6, []]]], [[[15, [10]]], [[15, [15]]], [[2, [2]]], [[1, [1]]], [[13, [13, 14]]], [[4, [4, 7]]], [[9, [9, 6]]], [[8, [8, 3]]]]], [[[[0, [5, 11]], [5, []], [11, []], [1, [1]], [13, [13, 14]], [14, []], [8, [8, 3]], [3, []]], [[0, []], [10, [10, 12]], [12, []], [2, [2, 15]], [15, []], [4, [4, 7]], [9, [9, 6]], [7, []], [6, []]]], [[[10, [10, 12]]], [[2, [2, 15]]], [[1, [1]]], [[4, [4, 7]]], [[13, [13, 14]]], [[9, [9, 6]]], [[8, [8, 3]]]]]], "Numrun": 5, "all_fitness": [259.0138137387493, 259.0138137387493, 259.0138137387493, 259.0138137387493]}
{"file_name": "U_15_1", "number_of_trucks": 2, "drone_capacity": 2, "number_of_drones": 2, "iteration": 5, "best_fitness": 259.0138137387493, "runtime": 66.29285073280334, "best_solution": [[[[0, [12, 11]], [11, []], [12, []], [2, [2]], [4, [4, 7]], [9, [9, 6]], [7, []], [6, []]], [[0, []], [5, [10, 5]], [10, []], [15, [15]], [1, [1]], [13, [13, 14]], [14, []], [8, [8, 3]], [3, []]]], [[[5, [10, 5]]], [[2, [2]]], [[15, [15]]], [[1, [1]]], [[4, [4, 7]]], [[13, [13, 14]]], [[9, [9, 6]]], [[8, [8, 3]]]]], "all_solution": [[[[[0, [11]], [11, []], [15, [15, 5]], [1, [1, 14]], [5, []], [14, []], [13, [13]], [3, [3, 8]], [8, []]], [[0, [10, 12]], [12, []], [2, [2]], [10, []], [4, [4, 7]], [9, [9, 6]], [7, []], [6, []]]], [[[15, [15, 5]]], [[2, [2]]], [[1, [1, 14]]], [[13, [13]]], [[4, [4, 7]]], [[3, [3, 8]]], [[9, [9, 6]]]]], [[[[0, [10]], [5, [5]], [15, [15]], [2, [2]], [10, []], [4, [4, 7]], [9, [9, 6]], [7, []], [6, []]], [[0, [11, 12]], [12, []], [11, []], [1, [1]], [13, [13, 14]], [14, [3, 8]], [3, []], [8, []]]], [[[5, [5]]], [[15, [15]]], [[2, [2]]], [[4, [4, 7]]], [[1, [1]]], [[13, [13, 14]]], [[14, [3, 8]]], [[9, [9, 6]]]]], [[[[0, [12, 11, 5]], [11, []], [12, []], [1, [1]], [5, []], [13, [13, 14]], [14, []], [8, [8, 3]], [3, []]], [[0, []], [15, [15, 10]], [2, [2]], [10, []], [4, [4, 7]], [9, [9, 6]], [7, []], [6, []]]], [[[15, [10]]], [[15, [15]]], [[2, [2]]], [[1, [1]]], [[13, [13, 14]]], [[4, [4, 7]]], [[9, [9, 6]]], [[8, [8, 3]]]]], [[[[0, [5, 11]], [5, []], [11, []], [1, [1]], [13, [13, 14]], [14, []], [8, [8, 3]], [3, []]], [[0, []], [10, [10, 12]], [12, []], [2, [2, 15]], [15, []], [4, [4, 7]], [9, [9, 6]], [7, []], [6, []]]], [[[10, [10, 12]]], [[2, [2, 15]]], [[1, [1]]], [[4, [4, 7]]], [[13, [13, 14]]], [[9, [9, 6]]], [[8, [8, 3]]]]], [[[[0, [12, 11]], [11, []], [12, []], [2, [2]], [4, [4, 7]], [9, [9, 6]], [7, []], [6, []]], [[0, []], [5, [10, 5]], [10, []], [15, [15]], [1, [1]], [13, [13, 14]], [14, []], [8, [8, 3]], [3, []]]], [[[5, [10, 5]]], [[2, [2]]], [[15, [15]]], [[1, [1]]], [[4, [4, 7]]], [[13, [13, 14]]], [[9, [9, 6]]], [[8, [8, 3]]]]]], "Numrun": 5, "all_fitness": [259.0138137387493, 259.0138137387493, 259.0138137387493, 259.0138137387493, 259.0138137387493]}
