{"file_name": "U_20_0", "number_of_trucks": 2, "drone_capacity": 2, "number_of_drones": 2, "iteration": 1, "best_fitness": 262.0, "runtime": 162.5934865474701, "best_solution": [[[[0, [17, 3, 4]], [7, [7, 5, 13, 14]], [6, [6, 20]], [14, []], [3, []], [4, []], [20, []], [5, []], [17, []], [13, []]], [[0, [18, 11, 15, 9, 10, 19, 16]], [15, []], [9, []], [18, []], [10, []], [16, []], [11, []], [1, [1, 8, 12, 2]], [8, []], [19, []], [12, []], [2, []]]], [[[7, [7, 13]]], [[7, [5, 14]]], [[6, [6, 20]]], [[1, [1, 8]]], [[1, [12, 2]]]]], "all_solution": [[[[[0, [17, 3, 4]], [7, [7, 5, 13, 14]], [6, [6, 20]], [14, []], [3, []], [4, []], [20, []], [5, []], [17, []], [13, []]], [[0, [18, 11, 15, 9, 10, 19, 16]], [15, []], [9, []], [18, []], [10, []], [16, []], [11, []], [1, [1, 8, 12, 2]], [8, []], [19, []], [12, []], [2, []]]], [[[7, [7, 13]]], [[7, [5, 14]]], [[6, [6, 20]]], [[1, [1, 8]]], [[1, [12, 2]]]]]], "Numrun": 5, "all_fitness": [262.0]}
{"file_name": "U_20_0", "number_of_trucks": 2, "drone_capacity": 2, "number_of_drones": 2, "iteration": 2, "best_fitness": 266.64, "runtime": 143.36909556388855, "best_solution": [[[[0, [11, 18, 16, 10]], [18, [20, 5]], [10, []], [8, [8, 1]], [1, []], [16, []], [11, []], [20, []], [5, []], [2, [2]]], [[0, [17, 14, 19, 15, 9, 7, 13, 4, 3]], [15, []], [9, []], [19, []], [13, []], [17, []], [4, []], [3, []], [14, []], [12, [12, 6]], [6, []], [7, []]]], [[[18, [20, 5]]], [[8, [8, 1]]], [[12, [12, 6]]], [[2, [2]]]]], "all_solution": [[[[[0, [17, 3, 4]], [7, [7, 5, 13, 14]], [6, [6, 20]], [14, []], [3, []], [4, []], [20, []], [5, []], [17, []], [13, []]], [[0, [18, 11, 15, 9, 10, 19, 16]], [15, []], [9, []], [18, []], [10, []], [16, []], [11, []], [1, [1, 8, 12, 2]], [8, []], [19, []], [12, []], [2, []]]], [[[7, [7, 13]]], [[7, [5, 14]]], [[6, [6, 20]]], [[1, [1, 8]]], [[1, [12, 2]]]]], [[[[0, [11, 18, 16, 10]], [18, [20, 5]], [10, []], [8, [8, 1]], [1, []], [16, []], [11, []], [20, []], [5, []], [2, [2]]], [[0, [17, 14, 19, 15, 9, 7, 13, 4, 3]], [15, []], [9, []], [19, []], [13, []], [17, []], [4, []], [3, []], [14, []], [12, [12, 6]], [6, []], [7, []]]], [[[18, [20, 5]]], [[8, [8, 1]]], [[12, [12, 6]]], [[2, [2]]]]]], "Numrun": 5, "all_fitness": [262.0, 266.64]}
{"file_name": "U_20_0", "number_of_trucks": 2, "drone_capacity": 2, "number_of_drones": 2, "iteration": 3, "best_fitness": 261.2, "runtime": 248.4717664718628, "best_solution": [[[[0, [9, 19, 10, 18, 16, 11]], [9, []], [18, []], [10, []], [19, []], [8, [8, 1]], [1, [20, 2]], [16, []], [11, []], [20, []], [2, []]], [[0, [13, 3, 4, 17, 15, 14]], [7, [5, 7]], [6, [6]], [4, []], [3, []], [17, []], [5, []], [13, []], [14, []], [12, [12]], [15, []]]], [[[7, [5, 7]]], [[6, [6]]], [[8, [8, 1]]], [[1, [20, 2]]], [[12, [12]]]]], "all_solution": [[[[[0, [17, 3, 4]], [7, [7, 5, 13, 14]], [6, [6, 20]], [14, []], [3, []], [4, []], [20, []], [5, []], [17, []], [13, []]], [[0, [18, 11, 15, 9, 10, 19, 16]], [15, []], [9, []], [18, []], [10, []], [16, []], [11, []], [1, [1, 8, 12, 2]], [8, []], [19, []], [12, []], [2, []]]], [[[7, [7, 13]]], [[7, [5, 14]]], [[6, [6, 20]]], [[1, [1, 8]]], [[1, [12, 2]]]]], [[[[0, [11, 18, 16, 10]], [18, [20, 5]], [10, []], [8, [8, 1]], [1, []], [16, []], [11, []], [20, []], [5, []], [2, [2]]], [[0, [17, 14, 19, 15, 9, 7, 13, 4, 3]], [15, []], [9, []], [19, []], [13, []], [17, []], [4, []], [3, []], [14, []], [12, [12, 6]], [6, []], [7, []]]], [[[18, [20, 5]]], [[8, [8, 1]]], [[12, [12, 6]]], [[2, [2]]]]], [[[[0, [9, 19, 10, 18, 16, 11]], [9, []], [18, []], [10, []], [19, []], [8, [8, 1]], [1, [20, 2]], [16, []], [11, []], [20, []], [2, []]], [[0, [13, 3, 4, 17, 15, 14]], [7, [5, 7]], [6, [6]], [4, []], [3, []], [17, []], [5, []], [13, []], [14, []], [12, [12]], [15, []]]], [[[7, [5, 7]]], [[6, [6]]], [[8, [8, 1]]], [[1, [20, 2]]], [[12, [12]]]]]], "Numrun": 5, "all_fitness": [262.0, 266.64, 261.2]}
{"file_name": "U_20_0", "number_of_trucks": 2, "drone_capacity": 2, "number_of_drones": 2, "iteration": 4, "best_fitness": 262.410406220007, "runtime": 143.55116200447083, "best_solution": [[[[0, [7, 14, 4, 17, 3]], [7, []], [6, [6, 20, 5, 2]], [14, []], [17, []], [3, []], [4, []], [20, []], [5, []], [2, []]], [[0, [9, 15, 10, 13, 19]], [15, [16, 18, 11]], [9, []], [18, []], [10, []], [19, []], [11, []], [16, []], [1, [1, 8]], [8, []], [13, []], [12, [12]]]], [[[15, [11]]], [[15, [16, 18]]], [[6, [5, 2]]], [[6, [6, 20]]], [[1, [1, 8]]], [[12, [12]]]]], "all_solution": [[[[[0, [17, 3, 4]], [7, [7, 5, 13, 14]], [6, [6, 20]], [14, []], [3, []], [4, []], [20, []], [5, []], [17, []], [13, []]], [[0, [18, 11, 15, 9, 10, 19, 16]], [15, []], [9, []], [18, []], [10, []], [16, []], [11, []], [1, [1, 8, 12, 2]], [8, []], [19, []], [12, []], [2, []]]], [[[7, [7, 13]]], [[7, [5, 14]]], [[6, [6, 20]]], [[1, [1, 8]]], [[1, [12, 2]]]]], [[[[0, [11, 18, 16, 10]], [18, [20, 5]], [10, []], [8, [8, 1]], [1, []], [16, []], [11, []], [20, []], [5, []], [2, [2]]], [[0, [17, 14, 19, 15, 9, 7, 13, 4, 3]], [15, []], [9, []], [19, []], [13, []], [17, []], [4, []], [3, []], [14, []], [12, [12, 6]], [6, []], [7, []]]], [[[18, [20, 5]]], [[8, [8, 1]]], [[12, [12, 6]]], [[2, [2]]]]], [[[[0, [9, 19, 10, 18, 16, 11]], [9, []], [18, []], [10, []], [19, []], [8, [8, 1]], [1, [20, 2]], [16, []], [11, []], [20, []], [2, []]], [[0, [13, 3, 4, 17, 15, 14]], [7, [5, 7]], [6, [6]], [4, []], [3, []], [17, []], [5, []], [13, []], [14, []], [12, [12]], [15, []]]], [[[7, [5, 7]]], [[6, [6]]], [[8, [8, 1]]], [[1, [20, 2]]], [[12, [12]]]]], [[[[0, [7, 14, 4, 17, 3]], [7, []], [6, [6, 20, 5, 2]], [14, []], [17, []], [3, []], [4, []], [20, []], [5, []], [2, []]], [[0, [9, 15, 10, 13, 19]], [15, [16, 18, 11]], [9, []], [18, []], [10, []], [19, []], [11, []], [16, []], [1, [1, 8]], [8, []], [13, []], [12, [12]]]], [[[15, [11]]], [[15, [16, 18]]], [[6, [5, 2]]], [[6, [6, 20]]], [[1, [1, 8]]], [[12, [12]]]]]], "Numrun": 5, "all_fitness": [262.0, 266.64, 261.2, 262.410406220007]}
{"file_name": "U_20_0", "number_of_trucks": 2, "drone_capacity": 2, "number_of_drones": 2, "iteration": 5, "best_fitness": 270.71999999999997, "runtime": 175.575101852417, "best_solution": [[[[0, [15, 9, 18, 16, 11, 14, 10, 13, 19]], [15, []], [9, []], [18, []], [10, []], [8, [8, 1, 12, 2]], [1, []], [16, []], [11, []], [19, []], [13, []], [14, []], [12, []], [2, []]], [[0, [4, 6, 7, 5, 17, 20, 3]], [5, []], [17, []], [20, []], [3, []], [4, []], [6, []], [7, []]]], [[[8, [8, 1]]], [[8, [12, 2]]]]],