{"file_name": "U_15_1", "number_of_trucks": 2, "drone_capacity": 2, "number_of_drones": 2, "iteration": 1, "best_fitness": 258.97414998150197, "runtime": 73.10154604911804, "best_solution": [[[[0, [5, 11]], [5, []], [11, []], [1, [1, 14]], [13, [13]], [14, [8, 3]], [8, []], [3, []]], [[0, [12, 10]], [12, []], [2, [2, 15]], [15, []], [10, []], [4, [4, 7]], [7, []], [9, [9, 6]], [6, []]]], [[[2, [2, 15]]], [[1, [1, 14]]], [[13, [13]]], [[4, [4, 7]]], [[14, [8, 3]]], [[9, [9, 6]]]]], "all_solution": [[[[[0, [5, 11]], [5, []], [11, []], [1, [1, 14]], [13, [13]], [14, [8, 3]], [8, []], [3, []]], [[0, [12, 10]], [12, []], [2, [2, 15]], [15, []], [10, []], [4, [4, 7]], [7, []], [9, [9, 6]], [6, []]]], [[[2, [2, 15]]], [[1, [1, 14]]], [[13, [13]]], [[4, [4, 7]]], [[14, [8, 3]]], [[9, [9, 6]]]]]], "Numrun": 5, "all_fitness": [258.97414998150197]}
{"file_name": "U_15_1", "number_of_trucks": 2, "drone_capacity": 2, "number_of_drones": 2, "iteration": 2, "best_fitness": 259.1373089593466, "runtime": 94.43847060203552, "best_solution": [[[[0, [5, 11]], [5, []], [11, []], [4, [4, 9]], [9, []], [7, [7, 6]], [6, []]], [[0, []], [12, [12, 10]], [10, []], [2, [2, 15]], [15, []], [1, [1, 14]], [8, [8]], [3, [3, 13]], [14, []], [13, []]]], [[[4, [4, 9]]], [[12, [12, 10]]], [[2, [2, 15]]], [[1, [1, 14]]], [[8, [8]]], [[3, [3, 13]]], [[7, [7, 6]]]]], "all_solution": [[[[[0, [5, 11]], [5, []], [11, []], [1, [1, 14]], [13, [13]], [14, [8, 3]], [8, []], [3, []]], [[0, [12, 10]], [12, []], [2, [2, 15]], [15, []], [10, []], [4, [4, 7]], [7, []], [9, [9, 6]], [6, []]]], [[[2, [2, 15]]], [[1, [1, 14]]], [[13, [13]]], [[4, [4, 7]]], [[14, [8, 3]]], [[9, [9, 6]]]]], [[[[0, [5, 11]], [5, []], [11, []], [4, [4, 9]], [9, []], [7, [7, 6]], [6, []]], [[0, []], [12, [12, 10]], [10, []], [2, [2, 15]], [15, []], [1, [1, 14]], [8, [8]], [3, [3, 13]], [14, []], [13, []]]], [[[4, [4, 9]]], [[12, [12, 10]]], [[2, [2, 15]]], [[1, [1, 14]]], [[8, [8]]], [[3, [3, 13]]], [[7, [7, 6]]]]]], "Numrun": 5, "all_fitness": [258.97414998150197, 259.1373089593466]}
{"file_name": "U_15_1", "number_of_trucks": 2, "drone_capacity": 2, "number_of_drones": 2, "iteration": 3, "best_fitness": 258.97414998150197, "runtime": 58.69338417053223, "best_solution": [[[[0, [12, 15]], [2, [2]], [15, []], [12, []], [4, [4, 7]], [9, [9, 6]], [7, []], [6, []]], [[0, [10]], [10, []], [5, [5, 11]], [11, []], [1, [1, 14]], [13, [13]], [14, [8, 3]], [8, []], [3, []]]], [[[5, [5, 11]]], [[1, [1, 14]]], [[2, [2]]], [[13, [13]]], [[4, [4, 7]]], [[14, [8, 3]]], [[9, [9, 6]]]]], "all_solution": [[[[[0, [5, 11]], [5, []], [11, []], [1, [1, 14]], [13, [13]], [14, [8, 3]], [8, []], [3, []]], [[0, [12, 10]], [12, []], [2, [2, 15]], [15, []], [10, []], [4, [4, 7]], [7, []], [9, [9, 6]], [6, []]]], [[[2, [2, 15]]], [[1, [1, 14]]], [[13, [13]]], [[4, [4, 7]]], [[14, [8, 3]]], [[9, [9, 6]]]]], [[[[0, [5, 11]], [5, []], [11, []], [4, [4, 9]], [9, []], [7, [7, 6]], [6, []]], [[0, []], [12, [12, 10]], [10, []], [2, [2, 15]], [15, []], [1, [1, 14]], [8, [8]], [3, [3, 13]], [14, []], [13, []]]], [[[4, [4, 9]]], [[12, [12, 10]]], [[2, [2, 15]]], [[1, [1, 14]]], [[8, [8]]], [[3, [3, 13]]], [[7, [7, 6]]]]], [[[[0, [12, 15]], [2, [2]], [15, []], [12, []], [4, [4, 7]], [9, [9, 6]], [7, []], [6, []]], [[0, [10]], [10, []], [5, [5, 11]], [11, []], [1, [1, 14]], [13, [13]], [14, [8, 3]], [8, []], [3, []]]], [[[5, [5, 11]]], [[1, [1, 14]]], [[2, [2]]], [[13, [13]]], [[4, [4, 7]]], [[14, [8, 3]]], [[9, [9, 6]]]]]], "Numrun": 5, "all_fitness": [258.97414998150197, 259.1373089593466, 258.97414998150197]}
{"file_name": "U_15_1", "number_of_trucks": 2, "drone_capacity": 2, "number_of_drones": 2, "iteration": 4, "best_fitness": 258.97414998150197, "runtime": 47.41748785972595, "best_solution": [[[[0, [5, 11]], [11, []], [1, [1, 14]], [5, []], [13, [13]], [14, []], [3, [3, 8]], [8, []]], [[0, []], [10, [10]], [12, [12]], [2, [2, 15]], [15, []], [4, [4, 7]], [7, []], [9, [9, 6]], [6, []]]], [[[10, [10]]], [[12, [12]]], [[2, [2, 15]]], [[1, [1, 14]]], [[4, [4, 7]]], [[13, [13]]], [[9, [9, 6]]], [[3, [3, 8]]]]], "all_solution": [[[[[0, [5, 11]], [5, []], [11, []], [1, [1, 14]], [13, [13]], [14, [8, 3]], [8, []], [3, []]], [[0, [12, 10]], [12, []], [2, [2, 15]], [15, []], [10, []], [4, [4, 7]], [7, []], [9, [9, 6]], [6, []]]], [[[2, [2, 15]]], [[1, [1, 14]]], [[13, [13]]], [[4, [4, 7]]], [[14, [8, 3]]], [[9, [9, 6]]]]], [[[[0, [5, 11]], [5, []], [11, []], [4, [4, 9]], [9, []], [7, [7, 6]], [6, []]], [[0, []], [12, [12, 10]], [10, []], [2, [2, 15]], [15, []], [1, [1, 14]], [8, [8]], [3, [3, 13]], [14, []], [13, []]]], [[[4, [4, 9]]], [[12, [12, 10]]], [[2, [2, 15]]], [[1, [1, 14]]], [[8, [8]]], [[3, [3, 13]]], [[7, [7, 6]]]]], [[[[0, [12, 15]], [2, [2]], [15, []], [12, []], [4, [4, 7]], [9, [9, 6]], [7, []], [6, []]], [[0, [10]], [10, []], [5, [5, 11]], [11, []], [1, [1, 14]], [13, [13]], [14, [8, 3]], [8, []], [3, []]]], [[[5, [5, 11]]], [[1, [1, 14]]], [[2, [2]]], [[13, [13]]], [[4, [4, 7]]], [[14, [8, 3]]], [[9, [9, 6]]]]], [[[[0, [5, 11]], [11, []], [1, [1, 14]], [5, []], [13, [13]], [14, []], [3, [3, 8]], [8, []]], [[0, []], [10, [10]], [12, [12]], [2, [2, 15]], [15, []], [4, [4, 7]], [7, []], [9, [9, 6]], [6, []]]], [[[10, [10]]], [[12, [12]]], [[2, [2, 15]]], [[1, [1, 14]]], [[4, [4, 7]]], [[13, [13]]], [[9, [9, 6]]], [[3, [3, 8]]]]]], "Numrun": 5, "all_fitness": [258.97414998150197, 259.1373089593466, 258.97414998150197, 258.97414998150197]}
{"file_name": "U_15_1", "number_of_trucks": 2, "drone_capacity": 2, "number_of_drones": 2, "iteration": 5, "best_fitness": 258.97414998150197, "runtime": 79.89966559410095, "best_solution": [[[[0, [5]], [11, [11]], [5, []], [1, [1, 14]], [13, [13]], [14, [8, 3]], [8, []], [3, []]], [[0, [12, 10]], [12, []], [15, [15, 2]], [2, []], [10, []], [4, [4, 7]], [7, []], [9, [9, 6]], [6, []]]], [[[11, [11]]], [[1, [1, 14]]], [[15, [15, 2]]], [[13, [13]]], [[4, [4, 7]]], [[9, [9, 6]]], [[14, [8, 3]]]]], "all_solution": [[[[[0, [5, 11]], [5, []], [11, []], [1, [1, 14]], [13, [13]], [14, [8, 3]], [8, []], [3, []]], [[0, [12, 10]], [12, []], [2, [2, 15]], [15, []], [10, []], [4, [4, 7]], [7, []], [9, [9, 6]], [6, []]]], [[[2, [2, 15]]], [[1, [1, 14]]], [[13, [13]]], [[4, [4, 7]]], [[14, [8, 3]]], [[9, [9, 6]]]]], [[[[0, [5, 11]], [5, []], [11, []], [4, [4, 9]], [9, []], [7, [7, 6]], [6, []]], [[0, []], [12, [12, 10]], [10, []], [2, [2, 15]], [15, []], [1, [1, 14]], [8, [8]], [3, [3, 13]], [14, []], [13, []]]], [[[4, [4, 9]]], [[12, [12, 10]]], [[2, [2, 15]]], [[1, [1, 14]]], [[8, [8]]], [[3, [3, 13]]], [[7, [7, 6]]]]], [[[[0, [12, 15]], [2, [2]], [15, []], [12, []], [4, [4, 7]], [9, [9, 6]], [7, []], [6, []]], [[0, [10]], [10, []], [5, [5, 11]], [11, []], [1, [1, 14]], [13, [13]], [14, [8, 3]], [8, []], [3, []]]], [[[5, [5, 11]]], [[1, [1, 14]]], [[2, [2]]], [[13, [13]]], [[4, [4, 7]]], [[14, [8, 3]]], [[9, [9, 6]]]]], [[[[0, [5, 11]], [11, []], [1, [1, 14]], [5, []], [13, [13]], [14, []], [3, [3, 8]], [8, []]], [[0, []], [10, [10]], [12, [12]], [2, [2, 15]], [15, []], [4, [4, 7]], [7, []], [9, [9, 6]], [6, []]]], [[[10, [10]]], [[12, [12]]], [[2, [2, 15]]], [[1, [1, 14]]], [[4, [4, 7]]], [[13, [13]]], [[9, [9, 6]]], [[3, [3, 8]]]]], [[[[0, [5]], [11, [11]], [5, []], [1, [1, 14]], [13, [13]], [14, [8, 3]], [8, []], [3, []]], [[0, [12, 10]], [12, []], [15, [15, 2]], [2, []], [10, []], [4, [4, 7]], [7, []], [9, [9, 6]], [6, []]]], [[[11, [11]]], [[1, [1, 14]]], [[15, [15, 2]]], [[13, [13]]], [[4, [4, 7]]], [[9, [9, 6]]], [[14, [8, 3]]]]]], "Numrun": 5, "all_fitness": [258.97414998150197, 259.1373089593466, 258.97414998150197, 258.97414998150197, 258.97414998150197]}
