{"file_name": "U_15_0", "number_of_trucks": 2, "drone_capacity": 2, "number_of_drones": 2, "iteration": 1, "best_fitness": 187.20000000000005, "runtime": 71.80872845649719, "best_solution": [[[[0, [1]], [2, [2, 8]], [3, [3, 11, 7, 5]], [7, []], [1, []], [5, []], [8, []], [11, []]], [[0, [12, 14, 15, 10, 13, 6, 9]], [10, []], [9, []], [12, []], [15, []], [4, [4]], [6, []], [14, []], [13, []]]], [[[2, [2, 8]]], [[3, [3, 7]]], [[3, [11, 5]]], [[4, [4]]]]], "all_solution": [[[[[0, [1]], [2, [2, 8]], [3, [3, 11, 7, 5]], [7, []], [1, []], [5, []], [8, []], [11, []]], [[0, [12, 14, 15, 10, 13, 6, 9]], [10, []], [9, []], [12, []], [15, []], [4, [4]], [6, []], [14, []], [13, []]]], [[[2, [2, 8]]], [[3, [3, 7]]], [[3, [11, 5]]], [[4, [4]]]]]], "Numrun": 5, "all_fitness": [187.20000000000005]}
{"file_name": "U_15_0", "number_of_trucks": 2, "drone_capacity": 2, "number_of_drones": 2, "iteration": 2, "best_fitness": 182.92, "runtime": 64.29282212257385, "best_solution": [[[[0, [11, 13, 14, 6, 15, 12, 10]], [11, []], [10, []], [12, []], [15, []], [13, []], [14, []], [6, []], [4, [4]]], [[0, []], [2, [2, 8, 1]], [3, [3, 5]], [8, [7, 9]], [1, []], [7, []], [5, []], [9, []]]], [[[2, [2, 8]]], [[2, [1]]], [[3, [3]]], [[3, [5]]], [[8, [7, 9]]], [[4, [4]]]]], "all_solution": [[[[[0, [1]], [2, [2, 8]], [3, [3, 11, 7, 5]], [7, []], [1, []], [5, []], [8, []], [11, []]], [[0, [12, 14, 15, 10, 13, 6, 9]], [10, []], [9, []], [12, []], [15, []], [4, [4]], [6, []], [14, []], [13, []]]], [[[2, [2, 8]]], [[3, [3, 7]]], [[3, [11, 5]]], [[4, [4]]]]], [[[[0, [11, 13, 14, 6, 15, 12, 10]], [11, []], [10, []], [12, []], [15, []], [13, []], [14, []], [6, []], [4, [4]]], [[0, []], [2, [2, 8, 1]], [3, [3, 5]], [8, [7, 9]], [1, []], [7, []], [5, []], [9, []]]], [[[2, [2, 8]]], [[2, [1]]], [[3, [3]]], [[3, [5]]], [[8, [7, 9]]], [[4, [4]]]]]], "Numrun": 5, "all_fitness": [187.20000000000005, 182.92]}
{"file_name": "U_15_0", "number_of_trucks": 2, "drone_capacity": 2, "number_of_drones": 2, "iteration": 3, "best_fitness": 191.61352779273977, "runtime": 64.69671487808228, "best_solution": [[[[0, [1]], [2, [2]], [3, [3, 11]], [11, []], [1, []], [7, [7, 5]], [5, []]], [[0, [6, 9, 14, 12, 13, 8]], [8, []], [9, [10, 15]], [10, []], [12, []], [15, []], [14, []], [6, []], [4, [4]], [13, []]]], [[[2, [2]]], [[9, [10, 15]]], [[4, [4]]], [[3, [3, 11]]], [[7, [7, 5]]]]], "all_solution": [[[[[0, [1]], [2, [2, 8]], [3, [3, 11, 7, 5]], [7, []], [1, []], [5, []], [8, []], [11, []]], [[0, [12, 14, 15, 10, 13, 6, 9]], [10, []], [9, []], [12, []], [15, []], [4, [4]], [6, []], [14, []], [13, []]]], [[[2, [2, 8]]], [[3, [3, 7]]], [[3, [11, 5]]], [[4, [4]]]]], [[[[0, [11, 13, 14, 6, 15, 12, 10]], [11, []], [10, []], [12, []], [15, []], [13, []], [14, []], [6, []], [4, [4]]], [[0, []], [2, [2, 8, 1]], [3, [3, 5]], [8, [7, 9]], [1, []], [7, []], [5, []], [9, []]]], [[[2, [2, 8]]], [[2, [1]]], [[3, [3]]], [[3, [5]]], [[8, [7, 9]]], [[4, [4]]]]], [[[[0, [1]], [2, [2]], [3, [3, 11]], [11, []], [1, []], [7, [7, 5]], [5, []]], [[0, [6, 9, 14, 12, 13, 8]], [8, []], [9, [10, 15]], [10, []], [12, []], [15, []], [14, []], [6, []], [4, [4]], [13, []]]], [[[2, [2]]], [[9, [10, 15]]], [[4, [4]]], [[3, [3, 11]]], [[7, [7, 5]]]]]], "Numrun": 5, "all_fitness": [187.20000000000005, 182.92, 191.61352779273977]}
{"file_name": "U_15_0", "number_of_trucks": 2, "drone_capacity": 2, "number_of_drones": 2, "iteration": 4, "best_fitness": 182.92, "runtime": 56.79554200172424, "best_solution": [[[[0, []], [2, [2, 8]], [3, [3, 5, 9]], [8, [7, 1]], [1, []], [7, []], [5, []], [9, []]], [[0, [14, 6, 12, 11, 15, 10, 13]], [11, []], [10, []], [12, []], [15, []], [13, []], [14, []], [6, []], [4, [4]]]], [[[2, [2, 8]]], [[3, [3, 5]]], [[3, [9]]], [[8, [7, 1]]], [[4, [4]]]]], "all_solution": [[[[[0, [1]], [2, [2, 8]], [3, [3, 11, 7, 5]], [7, []], [1, []], [5, []], [8, []], [11, []]], [[0, [12, 14, 15, 10, 13, 6, 9]], [10, []], [9, []], [12, []], [15, []], [4, [4]], [6, []], [14, []], [13, []]]], [[[2, [2, 8]]], [[3, [3, 7]]], [[3, [11, 5]]], [[4, [4]]]]], [[[[0, [11, 13, 14, 6, 15, 12, 10]], [11, []], [10, []], [12, []], [15, []], [13, []], [14, []], [6, []], [4, [4]]], [[0, []], [2, [2, 8, 1]], [3, [3, 5]], [8, [7, 9]], [1, []], [7, []], [5, []], [9, []]]], [[[2, [2, 8]]], [[2, [1]]], [[3, [3]]], [[3, [5]]], [[8, [7, 9]]], [[4, [4]]]]], [[[[0, [1]], [2, [2]], [3, [3, 11]], [11, []], [1, []], [7, [7, 5]], [5, []]], [[0, [6, 9, 14, 12, 13, 8]], [8, []], [9, [10, 15]], [10, []], [12, []], [15, []], [14, []], [6, []], [4, [4]], [13, []]]], [[[2, [2]]], [[9, [10, 15]]], [[4, [4]]], [[3, [3, 11]]], [[7, [7, 5]]]]], [[[[0, []], [2, [2, 8]], [3, [3, 5, 9]], [8, [7, 1]], [1, []], [7, []], [5, []], [9, []]], [[0, [14, 6, 12, 11, 15, 10, 13]], [11, []], [10, []], [12, []], [15, []], [13, []], [14, []], [6, []], [4, [4]]]], [[[2, [2, 8]]], [[3, [3, 5]]], [[3, [9]]], [[8, [7, 1]]], [[4, [4]]]]]], "Numrun": 5, "all_fitness": [187.20000000000005, 182.92, 191.61352779273977, 182.92]}
{"file_name": "U_15_0", "number_of_trucks": 2, "drone_capacity": 2, "number_of_drones": 2, "iteration": 5, "best_fitness": 187.92066064427738, "runtime": 90.15342426300049, "best_solution": [[[[0, [9, 1, 8]], [10, [10]], [9, []], [5, [5, 11]], [1, []], [7, [7, 3]], [8, []], [11, []], [3, []]], [[0, [2, 14, 13]], [2, [15, 6]], [6, []], [4, [4, 12]], [14, []], [13, []], [12, []], [15, []]]], [[[10, [10]]], [[2, [15, 6]]], [[5, [5, 11]]], [[7, [7, 3]]], [[4, [4, 12]]]]], "all_solution": [[[[[0, [1]], [2, [2, 8]], [3, [3, 11, 7, 5]], [7, []], [1, []], [5, []], [8, []], [11, []]], [[0, [12, 14, 15, 10, 13, 6, 9]], [10, []], [9, []], [12, []], [15, []], [4, [4]], [6, []], [14, []], [13, []]]], [[[2, [2, 8]]], [[3, [3, 7]]], [[3, [11, 5]]], [[4, [4]]]]], [[[[0, [11, 13, 14, 6, 15, 12, 10]], [11, []], [10, []], [12, []], [15, []], [13, []], [14, []], [6, []], [4, [4]]], [[0, []], [2, [2, 8, 1]], [3, [3, 5]], [8, [7, 9]], [1, []], [7, []], [5, []], [9, []]]], [[[2, [2, 8]]], [[2, [1]]], [[3, [3]]], [[3, [5]]], [[8, [7, 9]]], [[4, [4]]]]], [[[[0, [1]], [2, [2]], [3, [3, 11]], [11, []], [1, []], [7, [7, 5]], [5, []]], [[0, [6, 9, 14, 12, 13, 8]], [8, []], [9, [10, 15]], [10, []], [12, []], [15, []], [14, []], [6, []], [4, [4]], [13, []]]], [[[2, [2]]], [[9, [10, 15]]], [[4, [4]]], [[3, [3, 11]]], [[7, [7, 5]]]]], [[[[0, []], [2, [2, 8]], [3, [3, 5, 9]], [8, [7, 1]], [1, []], [7, []], [5, []], [9, []]], [[0, [14, 6, 12, 11, 15, 10, 13]], [11, []], [10, []], [12, []], [15, []], [13, []], [14, []], [6, []], [4, [4]]]], [[[2, [2, 8]]], [[3, [3, 5]]], [[3, [9]]], [[8, [7, 1]]], [[4, [4]]]]], [[[[0, [9, 1, 8]], [10, [10]], [9, []], [5, [5, 11]], [1, []], [7, [7, 3]], [8, []], [11, []], [3, []]], [[0, [2, 14, 13]], [2, [15, 6]], [6, []], [4, [4, 12]], [14, []], [13, []], [12, []], [15, []]]], [[[10, [10]]], [[2, [15, 6]]], [[5, [5, 11]]], [[7, [7, 3]]], [[4, [4, 12]]]]]], "Numrun": 5, "all_fitness": [187.20000000000005, 182.92, 191.61352779273977, 182.92, 187.92066064427738]}
