{"file_name": "U_15_0", "number_of_trucks": 2, "drone_capacity": 2, "number_of_drones": 2, "iteration": 1, "best_fitness": 190.112653521159, "runtime": 56.59113335609436, "best_solution": [[[[0, [11]], [11, [1, 6]], [1, []], [3, [3, 13]], [10, [10, 4]], [4, []], [13, []], [6, []]], [[0, [12, 8, 5, 14, 7, 2, 9, 15]], [15, []], [8, []], [7, []], [2, []], [9, []], [5, []], [14, []], [12, []]]], [[[11, [1, 6]]], [[3, [3, 13]]], [[10, [10, 4]]]]], "all_solution": [[[[[0, [11]], [11, [1, 6]], [1, []], [3, [3, 13]], [10, [10, 4]], [4, []], [13, []], [6, []]], [[0, [12, 8, 5, 14, 7, 2, 9, 15]], [15, []], [8, []], [7, []], [2, []], [9, []], [5, []], [14, []], [12, []]]], [[[11, [1, 6]]], [[3, [3, 13]]], [[10, [10, 4]]]]]], "Numrun": 5, "all_fitness": [190.112653521159]}
{"file_name": "U_15_0", "number_of_trucks": 2, "drone_capacity": 2, "number_of_drones": 2, "iteration": 2, "best_fitness": 184.67999999999998, "runtime": 79.79103589057922, "best_solution": [[[[0, [1, 11]], [1, []], [4, [4, 3]], [10, [10]], [3, []], [11, []]], [[0, []], [15, [15, 2, 6, 8]], [8, []], [14, [14, 7, 13, 9]], [5, [5, 12]], [9, []], [2, []], [7, []], [6, []], [13, []], [12, []]]], [[[15, [15, 8]]], [[15, [2, 6]]], [[14, [13, 9]]], [[14, [14, 7]]], [[5, [5, 12]]], [[4, [4, 3]]], [[10, [10]]]]], "all_solution": [[[[[0, [11]], [11, [1, 6]], [1, []], [3, [3, 13]], [10, [10, 4]], [4, []], [13, []], [6, []]], [[0, [12, 8, 5, 14, 7, 2, 9, 15]], [15, []], [8, []], [7, []], [2, []], [9, []], [5, []], [14, []], [12, []]]], [[[11, [1, 6]]], [[3, [3, 13]]], [[10, [10, 4]]]]], [[[[0, [1, 11]], [1, []], [4, [4, 3]], [10, [10]], [3, []], [11, []]], [[0, []], [15, [15, 2, 6, 8]], [8, []], [14, [14, 7, 13, 9]], [5, [5, 12]], [9, []], [2, []], [7, []], [6, []], [13, []], [12, []]]], [[[15, [15, 8]]], [[15, [2, 6]]], [[14, [13, 9]]], [[14, [14, 7]]], [[5, [5, 12]]], [[4, [4, 3]]], [[10, [10]]]]]], "Numrun": 5, "all_fitness": [190.112653521159, 184.67999999999998]}
{"file_name": "U_15_0", "number_of_trucks": 2, "drone_capacity": 2, "number_of_drones": 2, "iteration": 3, "best_fitness": 190.76000000000002, "runtime": 85.2472357749939, "best_solution": [[[[0, [14, 7, 9, 2, 6, 13]], [14, []], [5, [5, 12]], [9, []], [2, []], [7, []], [6, []], [13, []], [12, []]], [[0, [8]], [8, []], [15, [15, 1]], [1, []], [4, [4, 3]], [10, [10, 11]], [3, []], [11, []]]], [[[5, [5, 12]]], [[15, [15, 1]]], [[4, [4, 3]]], [[10, [10, 11]]]]], "all_solution": [[[[[0, [11]], [11, [1, 6]], [1, []], [3, [3, 13]], [10, [10, 4]], [4, []], [13, []], [6, []]], [[0, [12, 8, 5, 14, 7, 2, 9, 15]], [15, []], [8, []], [7, []], [2, []], [9, []], [5, []], [14, []], [12, []]]], [[[11, [1, 6]]], [[3, [3, 13]]], [[10, [10, 4]]]]], [[[[0, [1, 11]], [1, []], [4, [4, 3]], [10, [10]], [3, []], [11, []]], [[0, []], [15, [15, 2, 6, 8]], [8, []], [14, [14, 7, 13, 9]], [5, [5, 12]], [9, []], [2, []], [7, []], [6, []], [13, []], [12, []]]], [[[15, [15, 8]]], [[15, [2, 6]]], [[14, [13, 9]]], [[14, [14, 7]]], [[5, [5, 12]]], [[4, [4, 3]]], [[10, [10]]]]], [[[[0, [14, 7, 9, 2, 6, 13]], [14, []], [5, [5, 12]], [9, []], [2, []], [7, []], [6, []], [13, []], [12, []]], [[0, [8]], [8, []], [15, [15, 1]], [1, []], [4, [4, 3]], [10, [10, 11]], [3, []], [11, []]]], [[[5, [5, 12]]], [[15, [15, 1]]], [[4, [4, 3]]], [[10, [10, 11]]]]]], "Numrun": 5, "all_fitness": [190.112653521159, 184.67999999999998, 190.76000000000002]}
{"file_name": "U_15_0", "number_of_trucks": 2, "drone_capacity": 2, "number_of_drones": 2, "iteration": 4, "best_fitness": 186.79814104456057, "runtime": 76.48117899894714, "best_solution": [[[[0, [1, 11]], [11, []], [1, []], [4, [4, 10]], [10, []], [3, [3]]], [[0, [8]], [15, [15]], [8, [2, 9]], [14, [14, 7, 6, 13]], [5, [5, 12]], [9, []], [2, []], [7, []], [6, []], [13, []], [12, []]]], [[[15, [15]]], [[8, [2, 9]]], [[14, [6, 13]]], [[14, [14, 7]]], [[5, [5, 12]]], [[4, [4, 10]]], [[3, [3]]]]], "all_solution": [[[[[0, [11]], [11, [1, 6]], [1, []], [3, [3, 13]], [10, [10, 4]], [4, []], [13, []], [6, []]], [[0, [12, 8, 5, 14, 7, 2, 9, 15]], [15, []], [8, []], [7, []], [2, []], [9, []], [5, []], [14, []], [12, []]]], [[[11, [1, 6]]], [[3, [3, 13]]], [[10, [10, 4]]]]], [[[[0, [1, 11]], [1, []], [4, [4, 3]], [10, [10]], [3, []], [11, []]], [[0, []], [15, [15, 2, 6, 8]], [8, []], [14, [14, 7, 13, 9]], [5, [5, 12]], [9, []], [2, []], [7, []], [6, []], [13, []], [12, []]]], [[[15, [15, 8]]], [[15, [2, 6]]], [[14, [13, 9]]], [[14, [14, 7]]], [[5, [5, 12]]], [[4, [4, 3]]], [[10, [10]]]]], [[[[0, [14, 7, 9, 2, 6, 13]], [14, []], [5, [5, 12]], [9, []], [2, []], [7, []], [6, []], [13, []], [12, []]], [[0, [8]], [8, []], [15, [15, 1]], [1, []], [4, [4, 3]], [10, [10, 11]], [3, []], [11, []]]], [[[5, [5, 12]]], [[15, [15, 1]]], [[4, [4, 3]]], [[10, [10, 11]]]]], [[[[0, [1, 11]], [11, []], [1, []], [4, [4, 10]], [10, []], [3, [3]]], [[0, [8]], [15, [15]], [8, [2, 9]], [14, [14, 7, 6, 13]], [5, [5, 12]], [9, []], [2, []], [7, []], [6, []], [13, []], [12, []]]], [[[15, [15]]], [[8, [2, 9]]], [[14, [6, 13]]], [[14, [14, 7]]], [[5, [5, 12]]], [[4, [4, 10]]], [[3, [3]]]]]], "Numrun": 5, "all_fitness": [190.112653521159, 184.67999999999998, 190.76000000000002, 186.79814104456057]}
{"file_name": "U_15_0", "number_of_trucks": 2, "drone_capacity": 2, "number_of_drones": 2, "iteration": 5, "best_fitness": 190.112653521159, "runtime": 64.54142642021179, "best_solution": [[[[0, [2, 9, 12, 8, 14, 15, 5, 7]], [15, []], [5, []], [2, []], [7, []], [9, []], [8, []], [14, []], [12, []]], [[0, []], [11, [11, 1, 6]], [1, []], [3, [3, 13]], [10, [10, 4]], [4, []], [13, []], [6, []]]], [[[11, [6]]], [[11, [11, 1]]], [[3, [3, 13]]], [[10, [10, 4]]]]], "all_solution": [[[[[0, [11]], [11, [1, 6]], [1, []], [3, [3, 13]], [10, [10, 4]], [4, []], [13, []], [6, []]], [[0, [12, 8, 5, 14, 7, 2, 9, 15]], [15, []], [8, []], [7, []], [2, []], [9, []], [5, []], [14, []], [12, []]]], [[[11, [1, 6]]], [[3, [3, 13]]], [[10, [10, 4]]]]], [[[[0, [1, 11]], [1, []], [4, [4, 3]], [10, [10]], [3, []], [11, []]], [[0, []], [15, [15, 2, 6, 8]], [8, []], [14, [14, 7, 13, 9]], [5, [5, 12]], [9, []], [2, []], [7, []], [6, []], [13, []], [12, []]]], [[[15, [15, 8]]], [[15, [2, 6]]], [[14, [13, 9]]], [[14, [14, 7]]], [[5, [5, 12]]], [[4, [4, 3]]], [[10, [10]]]]], [[[[0, [14, 7, 9, 2, 6, 13]], [14, []], [5, [5, 12]], [9, []], [2, []], [7, []], [6, []], [13, []], [12, []]], [[0, [8]], [8, []], [15, [15, 1]], [1, []], [4, [4, 3]], [10, [10, 11]], [3, []], [11, []]]], [[[5, [5, 12]]], [[15, [15, 1]]], [[4, [4, 3]]], [[10, [10, 11]]]]], [[[[0, [1, 11]], [11, []], [1, []], [4, [4, 10]], [10, []], [3, [3]]], [[0, [8]], [15, [15]], [8, [2, 9]], [14, [14, 7, 6, 13]], [5, [5, 12]], [9, []], [2, []], [7, []], [6, []], [13, []], [12, []]]], [[[15, [15]]], [[8, [2, 9]]], [[14, [6, 13]]], [[14, [14, 7]]], [[5, [5, 12]]], [[4, [4, 10]]], [[3, [3]]]]], [[[[0, [2, 9, 12, 8, 14, 15, 5, 7]], [15, []], [5, []], [2, []], [7, []], [9, []], [8, []], [14, []], [12, []]], [[0, []], [11, [11, 1, 6]], [1, []], [3, [3, 13]], [10, [10, 4]], [4, []], [13, []], [6, []]]], [[[11, [6]]], [[11, [11, 1]]], [[3, [3, 13]]], [[10, [10, 4]]]]]], "Numrun": 5, "all_fitness": [190.112653521159, 184.67999999999998, 190.76000000000002, 186.79814104456057, 190.112653521159]}
