{"file_name": "U_15_1", "number_of_trucks": 2, "drone_capacity": 2, "number_of_drones": 2, "iteration": 1, "best_fitness": 324.50539051014783, "runtime": 44.256444215774536, "best_solution": [[[[0, [15, 11, 7, 3]], [7, []], [11, []], [15, []], [12, [12, 8]], [6, [6]], [3, []], [8, []], [14, [14]]], [[0, []], [9, [9, 1]], [1, []], [5, [5]], [4, [4, 10]], [10, []], [13, [13]], [2, [2]]]], [[[9, [9, 1]]], [[5, [5]]], [[12, [12, 8]]], [[4, [4, 10]]], [[6, [6]]], [[13, [13]]], [[14, [14]]], [[2, [2]]]]], "all_solution": [[[[[0, [15, 11, 7, 3]], [7, []], [11, []], [15, []], [12, [12, 8]], [6, [6]], [3, []], [8, []], [14, [14]]], [[0, []], [9, [9, 1]], [1, []], [5, [5]], [4, [4, 10]], [10, []], [13, [13]], [2, [2]]]], [[[9, [9, 1]]], [[5, [5]]], [[12, [12, 8]]], [[4, [4, 10]]], [[6, [6]]], [[13, [13]]], [[14, [14]]], [[2, [2]]]]]], "Numrun": 5, "all_fitness": [324.50539051014783]}
{"file_name": "U_15_1", "number_of_trucks": 2, "drone_capacity": 2, "number_of_drones": 2, "iteration": 2, "best_fitness": 324.50539051014783, "runtime": 42.33728623390198, "best_solution": [[[[0, [11]], [11, []], [7, [7, 12]], [12, []], [9, [9]], [4, [4, 10]], [10, []], [2, [2]]], [[0, [3, 1, 15]], [1, []], [15, []], [3, []], [8, [8]], [5, [5, 13]], [13, []], [14, [14, 6]], [6, []]]], [[[7, [7, 12]]], [[9, [9]]], [[8, [8]]], [[4, [4, 10]]], [[5, [5, 13]]], [[14, [14, 6]]], [[2, [2]]]]], "all_solution": [[[[[0, [15, 11, 7, 3]], [7, []], [11, []], [15, []], [12, [12, 8]], [6, [6]], [3, []], [8, []], [14, [14]]], [[0, []], [9, [9, 1]], [1, []], [5, [5]], [4, [4, 10]], [10, []], [13, [13]], [2, [2]]]], [[[9, [9, 1]]], [[5, [5]]], [[12, [12, 8]]], [[4, [4, 10]]], [[6, [6]]], [[13, [13]]], [[14, [14]]], [[2, [2]]]]], [[[[0, [11]], [11, []], [7, [7, 12]], [12, []], [9, [9]], [4, [4, 10]], [10, []], [2, [2]]], [[0, [3, 1, 15]], [1, []], [15, []], [3, []], [8, [8]], [5, [5, 13]], [13, []], [14, [14, 6]], [6, []]]], [[[7, [7, 12]]], [[9, [9]]], [[8, [8]]], [[4, [4, 10]]], [[5, [5, 13]]], [[14, [14, 6]]], [[2, [2]]]]]], "Numrun": 5, "all_fitness": [324.50539051014783, 324.50539051014783]}
{"file_name": "U_15_1", "number_of_trucks": 2, "drone_capacity": 2, "number_of_drones": 2, "iteration": 3, "best_fitness": 324.50539051014783, "runtime": 44.22505784034729, "best_solution": [[[[0, [1, 15, 7]], [1, []], [15, []], [7, []], [12, [4, 12]], [4, []], [10, [10]], [2, [2]]], [[0, [11]], [11, []], [3, [3]], [9, [9]], [8, [8, 5]], [5, []], [13, [13, 14]], [14, []], [6, [6]]]], [[[3, [3]]], [[9, [9]]], [[12, [4, 12]]], [[8, [8, 5]]], [[13, [13, 14]]], [[10, [10]]], [[6, [6]]], [[2, [2]]]]], "all_solution": [[[[[0, [15, 11, 7, 3]], [7, []], [11, []], [15, []], [12, [12, 8]], [6, [6]], [3, []], [8, []], [14, [14]]], [[0, []], [9, [9, 1]], [1, []], [5, [5]], [4, [4, 10]], [10, []], [13, [13]], [2, [2]]]], [[[9, [9, 1]]], [[5, [5]]], [[12, [12, 8]]], [[4, [4, 10]]], [[6, [6]]], [[13, [13]]], [[14, [14]]], [[2, [2]]]]], [[[[0, [11]], [11, []], [7, [7, 12]], [12, []], [9, [9]], [4, [4, 10]], [10, []], [2, [2]]], [[0, [3, 1, 15]], [1, []], [15, []], [3, []], [8, [8]], [5, [5, 13]], [13, []], [14, [14, 6]], [6, []]]], [[[7, [7, 12]]], [[9, [9]]], [[8, [8]]], [[4, [4, 10]]], [[5, [5, 13]]], [[14, [14, 6]]], [[2, [2]]]]], [[[[0, [1, 15, 7]], [1, []], [15, []], [7, []], [12, [4, 12]], [4, []], [10, [10]], [2, [2]]], [[0, [11]], [11, []], [3, [3]], [9, [9]], [8, [8, 5]], [5, []], [13, [13, 14]], [14, []], [6, [6]]]], [[[3, [3]]], [[9, [9]]], [[12, [4, 12]]], [[8, [8, 5]]], [[13, [13, 14]]], [[10, [10]]], [[6, [6]]], [[2, [2]]]]]], "Numrun": 5, "all_fitness": [324.50539051014783, 324.50539051014783, 324.50539051014783]}
{"file_name": "U_15_1", "number_of_trucks": 2, "drone_capacity": 2, "number_of_drones": 2, "iteration": 4, "best_fitness": 324.50539051014783, "runtime": 42.948928117752075, "best_solution": [[[[0, [7, 1, 15]], [1, []], [15, []], [7, []], [12, [12]], [4, [4, 10]], [10, []], [2, [2]]], [[0, [11]], [11, []], [3, [3]], [9, [9]], [8, [8, 5]], [5, []], [6, [6, 14]], [14, []], [13, [13]]]], [[[12, [12]]], [[3, [3]]], [[9, [9]]], [[8, [8, 5]]], [[4, [4, 10]]], [[6, [6, 14]]], [[13, [13]]], [[2, [2]]]]], "all_solution": [[[[[0, [15, 11, 7, 3]], [7, []], [11, []], [15, []], [12, [12, 8]], [6, [6]], [3, []], [8, []], [14, [14]]], [[0, []], [9, [9, 1]], [1, []], [5, [5]], [4, [4, 10]], [10, []], [13, [13]], [2, [2]]]], [[[9, [9, 1]]], [[5, [5]]], [[12, [12, 8]]], [[4, [4, 10]]], [[6, [6]]], [[13, [13]]], [[14, [14]]], [[2, [2]]]]], [[[[0, [11]], [11, []], [7, [7, 12]], [12, []], [9, [9]], [4, [4, 10]], [10, []], [2, [2]]], [[0, [3, 1, 15]], [1, []], [15, []], [3, []], [8, [8]], [5, [5, 13]], [13, []], [14, [14, 6]], [6, []]]], [[[7, [7, 12]]], [[9, [9]]], [[8, [8]]], [[4, [4, 10]]], [[5, [5, 13]]], [[14, [14, 6]]], [[2, [2]]]]], [[[[0, [1, 15, 7]], [1, []], [15, []], [7, []], [12, [4, 12]], [4, []], [10, [10]], [2, [2]]], [[0, [11]], [11, []], [3, [3]], [9, [9]], [8, [8, 5]], [5, []], [13, [13, 14]], [14, []], [6, [6]]]], [[[3, [3]]], [[9, [9]]], [[12, [4, 12]]], [[8, [8, 5]]], [[13, [13, 14]]], [[10, [10]]], [[6, [6]]], [[2, [2]]]]], [[[[0, [7, 1, 15]], [1, []], [15, []], [7, []], [12, [12]], [4, [4, 10]], [10, []], [2, [2]]], [[0, [11]], [11, []], [3, [3]], [9, [9]], [8, [8, 5]], [5, []], [6, [6, 14]], [14, []], [13, [13]]]], [[[12, [12]]], [[3, [3]]], [[9, [9]]], [[8, [8, 5]]], [[4, [4, 10]]], [[6, [6, 14]]], [[13, [13]]], [[2, [2]]]]]], "Numrun": 5, "all_fitness": [324.50539051014783, 324.50539051014783, 324.50539051014783, 324.50539051014783]}
{"file_name": "U_15_1", "number_of_trucks": 2, "drone_capacity": 2, "number_of_drones": 2, "iteration": 5, "best_fitness": 324.50539051014783, "runtime": 44.657124280929565, "best_solution": [[[[0, [1, 15, 7]], [15, []], [7, []], [1, []], [9, [9, 12]], [12, []], [4, [4, 10]], [10, []], [13, [13]], [2, [2]]], [[0, [11, 3]], [11, []], [5, [5, 8]], [3, []], [8, []], [6, [6, 14]], [14, []]]], [[[5, [5, 8]]], [[9, [9, 12]]], [[4, [4, 10]]], [[13, [13]]], [[6, [6, 14]]], [[2, [2]]]]], "all_solution": [[[[[0, [15, 11, 7, 3]], [7, []], [11, []], [15, []], [12, [12, 8]], [6, [6]], [3, []], [8, []], [14, [14]]], [[0, []], [9, [9, 1]], [1, []], [5, [5]], [4, [4, 10]], [10, []], [13, [13]], [2, [2]]]], [[[9, [9, 1]]], [[5, [5]]], [[12, [12, 8]]], [[4, [4, 10]]], [[6, [6]]], [[13, [13]]], [[14, [14]]], [[2, [2]]]]], [[[[0, [11]], [11, []], [7, [7, 12]], [12, []], [9, [9]], [4, [4, 10]], [10, []], [2, [2]]], [[0, [3, 1, 15]], [1, []], [15, []], [3, []], [8, [8]], [5, [5, 13]], [13, []], [14, [14, 6]], [6, []]]], [[[7, [7, 12]]], [[9, [9]]], [[8, [8]]], [[4, [4, 10]]], [[5, [5, 13]]], [[14, [14, 6]]], [[2, [2]]]]], [[[[0, [1, 15, 7]], [1, []], [15, []], [7, []], [12, [4, 12]], [4, []], [10, [10]], [2, [2]]], [[0, [11]], [11, []], [3, [3]], [9, [9]], [8, [8, 5]], [5, []], [13, [13, 14]], [14, []], [6, [6]]]], [[[3, [3]]], [[9, [9]]], [[12, [4, 12]]], [[8, [8, 5]]], [[13, [13, 14]]], [[10, [10]]], [[6, [6]]], [[2, [2]]]]], [[[[0, [7, 1, 15]], [1, []], [15, []], [7, []], [12, [12]], [4, [4, 10]], [10, []], [2, [2]]], [[0, [11]], [11, []], [3, [3]], [9, [9]], [8, [8, 5]], [5, []], [6, [6, 14]], [14, []], [13, [13]]]], [[[12, [12]]], [[3, [3]]], [[9, [9]]], [[8, [8, 5]]], [[4, [4, 10]]], [[6, [6, 14]]], [[13, [13]]], [[2, [2]]]]], [[[[0, [1, 15, 7]], [15, []], [7, []], [1, []], [9, [9, 12]], [12, []], [4, [4, 10]], [10, []], [13, [13]], [2, [2]]], [[0, [11, 3]], [11, []], [5, [5, 8]], [3, []], [8, []], [6, [6, 14]], [14, []]]], [[[5, [5, 8]]], [[9, [9, 12]]], [[4, [4, 10]]], [[13, [13]]], [[6, [6, 14]]], [[2, [2]]]]]], "Numrun": 5, "all_fitness": [324.50539051014783, 324.50539051014783, 324.50539051014783, 324.50539051014783, 324.50539051014783]}
