{"file_name": "U_15_1", "number_of_trucks": 2, "drone_capacity": 2, "number_of_drones": 2, "iteration": 1, "best_fitness": 279.6305978860472, "runtime": 64.03914642333984, "best_solution": [[[[0, []], [2, [2]], [3, [3, 8]], [11, [11, 4]], [8, []], [4, []]], [[0, [6]], [6, []], [13, [13, 10, 9, 5]], [14, [14]], [15, [15, 12]], [12, []], [10, []], [9, []], [5, []], [7, [7, 1]], [1, []]]], [[[13, [13, 10]]], [[13, [9, 5]]], [[14, [14]]], [[2, [2]]], [[15, [15, 12]]], [[3, [3, 8]]], [[11, [11, 4]]], [[7, [7, 1]]]]], "all_solution": [[[[[0, []], [2, [2]], [3, [3, 8]], [11, [11, 4]], [8, []], [4, []]], [[0, [6]], [6, []], [13, [13, 10, 9, 5]], [14, [14]], [15, [15, 12]], [12, []], [10, []], [9, []], [5, []], [7, [7, 1]], [1, []]]], [[[13, [13, 10]]], [[13, [9, 5]]], [[14, [14]]], [[2, [2]]], [[15, [15, 12]]], [[3, [3, 8]]], [[11, [11, 4]]], [[7, [7, 1]]]]]], "Numrun": 5, "all_fitness": [279.6305978860472]}
{"file_name": "U_15_1", "number_of_trucks": 2, "drone_capacity": 2, "number_of_drones": 2, "iteration": 2, "best_fitness": 276.36365075766844, "runtime": 83.39602732658386, "best_solution": [[[[0, []], [2, [2]], [3, [3, 1]], [8, [8, 11]], [11, []], [1, []]], [[0, []], [6, [10, 6]], [13, [13, 9]], [14, [5, 14]], [15, [15, 12]], [12, []], [10, []], [9, []], [5, []], [7, [7, 4]], [4, []]]], [[[6, [10, 6]]], [[13, [13, 9]]], [[14, [5, 14]]], [[2, [2]]], [[15, [15, 12]]], [[3, [3, 1]]], [[8, [8, 11]]], [[7, [7, 4]]]]], "all_solution": [[[[[0, []], [2, [2]], [3, [3, 8]], [11, [11, 4]], [8, []], [4, []]], [[0, [6]], [6, []], [13, [13, 10, 9, 5]], [14, [14]], [15, [15, 12]], [12, []], [10, []], [9, []], [5, []], [7, [7, 1]], [1, []]]], [[[13, [13, 10]]], [[13, [9, 5]]], [[14, [14]]], [[2, [2]]], [[15, [15, 12]]], [[3, [3, 8]]], [[11, [11, 4]]], [[7, [7, 1]]]]], [[[[0, []], [2, [2]], [3, [3, 1]], [8, [8, 11]], [11, []], [1, []]], [[0, []], [6, [10, 6]], [13, [13, 9]], [14, [5, 14]], [15, [15, 12]], [12, []], [10, []], [9, []], [5, []], [7, [7, 4]], [4, []]]], [[[6, [10, 6]]], [[13, [13, 9]]], [[14, [5, 14]]], [[2, [2]]], [[15, [15, 12]]], [[3, [3, 1]]], [[8, [8, 11]]], [[7, [7, 4]]]]]], "Numrun": 5, "all_fitness": [279.6305978860472, 276.36365075766844]}
{"file_name": "U_15_1", "number_of_trucks": 2, "drone_capacity": 2, "number_of_drones": 2, "iteration": 3, "best_fitness": 274.553218330067, "runtime": 58.397764682769775, "best_solution": [[[[0, []], [14, [14, 13]], [13, []], [15, [15, 12]], [12, []], [7, [7, 11]], [1, [1, 8]], [8, []], [11, []]], [[0, []], [10, [10, 6]], [5, [5, 9]], [9, []], [3, [3, 2]], [2, []], [6, []], [4, [4]]]], [[[10, [10, 6]]], [[5, [5, 9]]], [[14, [14, 13]]], [[15, [15, 12]]], [[3, [3, 2]]], [[7, [7, 11]]], [[1, [1, 8]]], [[4, [4]]]]], "all_solution": [[[[[0, []], [2, [2]], [3, [3, 8]], [11, [11, 4]], [8, []], [4, []]], [[0, [6]], [6, []], [13, [13, 10, 9, 5]], [14, [14]], [15, [15, 12]], [12, []], [10, []], [9, []], [5, []], [7, [7, 1]], [1, []]]], [[[13, [13, 10]]], [[13, [9, 5]]], [[14, [14]]], [[2, [2]]], [[15, [15, 12]]], [[3, [3, 8]]], [[11, [11, 4]]], [[7, [7, 1]]]]], [[[[0, []], [2, [2]], [3, [3, 1]], [8, [8, 11]], [11, []], [1, []]], [[0, []], [6, [10, 6]], [13, [13, 9]], [14, [5, 14]], [15, [15, 12]], [12, []], [10, []], [9, []], [5, []], [7, [7, 4]], [4, []]]], [[[6, [10, 6]]], [[13, [13, 9]]], [[14, [5, 14]]], [[2, [2]]], [[15, [15, 12]]], [[3, [3, 1]]], [[8, [8, 11]]], [[7, [7, 4]]]]], [[[[0, []], [14, [14, 13]], [13, []], [15, [15, 12]], [12, []], [7, [7, 11]], [1, [1, 8]], [8, []], [11, []]], [[0, []], [10, [10, 6]], [5, [5, 9]], [9, []], [3, [3, 2]], [2, []], [6, []], [4, [4]]]], [[[10, [10, 6]]], [[5, [5, 9]]], [[14, [14, 13]]], [[15, [15, 12]]], [[3, [3, 2]]], [[7, [7, 11]]], [[1, [1, 8]]], [[4, [4]]]]]], "Numrun": 5, "all_fitness": [279.6305978860472, 276.36365075766844, 274.553218330067]}
{"file_name": "U_15_1", "number_of_trucks": 2, "drone_capacity": 2, "number_of_drones": 2, "iteration": 4, "best_fitness": 274.553218330067, "runtime": 76.95319962501526, "best_solution": [[[[0, []], [6, [6]], [10, [10]], [13, [13, 5]], [15, [15, 12]], [12, []], [5, []], [7, [7, 1]], [1, []], [8, [8, 11]], [11, []]], [[0, []], [2, [2, 9]], [3, [3, 14]], [9, []], [14, []], [4, [4]]]], [[[6, [6]]], [[10, [10]]], [[13, [13, 5]]], [[2, [2, 9]]], [[15, [15, 12]]], [[3, [3, 14]]], [[7, [7, 1]]], [[8, [8, 11]]], [[4, [4]]]]], "all_solution": [[[[[0, []], [2, [2]], [3, [3, 8]], [11, [11, 4]], [8, []], [4, []]], [[0, [6]], [6, []], [13, [13, 10, 9, 5]], [14, [14]], [15, [15, 12]], [12, []], [10, []], [9, []], [5, []], [7, [7, 1]], [1, []]]], [[[13, [13, 10]]], [[13, [9, 5]]], [[14, [14]]], [[2, [2]]], [[15, [15, 12]]], [[3, [3, 8]]], [[11, [11, 4]]], [[7, [7, 1]]]]], [[[[0, []], [2, [2]], [3, [3, 1]], [8, [8, 11]], [11, []], [1, []]], [[0, []], [6, [10, 6]], [13, [13, 9]], [14, [5, 14]], [15, [15, 12]], [12, []], [10, []], [9, []], [5, []], [7, [7, 4]], [4, []]]], [[[6, [10, 6]]], [[13, [13, 9]]], [[14, [5, 14]]], [[2, [2]]], [[15, [15, 12]]], [[3, [3, 1]]], [[8, [8, 11]]], [[7, [7, 4]]]]], [[[[0, []], [14, [14, 13]], [13, []], [15, [15, 12]], [12, []], [7, [7, 11]], [1, [1, 8]], [8, []], [11, []]], [[0, []], [10, [10, 6]], [5, [5, 9]], [9, []], [3, [3, 2]], [2, []], [6, []], [4, [4]]]], [[[10, [10, 6]]], [[5, [5, 9]]], [[14, [14, 13]]], [[15, [15, 12]]], [[3, [3, 2]]], [[7, [7, 11]]], [[1, [1, 8]]], [[4, [4]]]]], [[[[0, []], [6, [6]], [10, [10]], [13, [13, 5]], [15, [15, 12]], [12, []], [5, []], [7, [7, 1]], [1, []], [8, [8, 11]], [11, []]], [[0, []], [2, [2, 9]], [3, [3, 14]], [9, []], [14, []], [4, [4]]]], [[[6, [6]]], [[10, [10]]], [[13, [13, 5]]], [[2, [2, 9]]], [[15, [15, 12]]], [[3, [3, 14]]], [[7, [7, 1]]], [[8, [8, 11]]], [[4, [4]]]]]], "Numrun": 5, "all_fitness": [279.6305978860472, 276.36365075766844, 274.553218330067, 274.553218330067]}
{"file_name": "U_15_1", "number_of_trucks": 2, "drone_capacity": 2, "number_of_drones": 2, "iteration": 5, "best_fitness": 279.0317426496113, "runtime": 50.29873204231262, "best_solution": [[[[0, []], [2, [2, 10]], [3, [3, 1]], [1, []], [8, [8, 4]], [10, []], [4, []]], [[0, [6, 13, 9, 5, 14]], [6, []], [14, []], [13, [15, 12]], [15, []], [12, []], [9, []], [5, []], [7, [7, 11]], [11, []]]], [[[2, [2, 10]]], [[13, [15, 12]]], [[3, [3, 1]]], [[8, [8, 4]]], [[7, [7, 11]]]]], "all_solution": [[[[[0, []], [2, [2]], [3, [3, 8]], [11, [11, 4]], [8, []], [4, []]], [[0, [6]], [6, []], [13, [13, 10, 9, 5]], [14, [14]], [15, [15, 12]], [12, []], [10, []], [9, []], [5, []], [7, [7, 1]], [1, []]]], [[[13, [13, 10]]], [[13, [9, 5]]], [[14, [14]]], [[2, [2]]], [[15, [15, 12]]], [[3, [3, 8]]], [[11, [11, 4]]], [[7, [7, 1]]]]], [[[[0, []], [2, [2]], [3, [3, 1]], [8, [8, 11]], [11, []], [1, []]], [[0, []], [6, [10, 6]], [13, [13, 9]], [14, [5, 14]], [15, [15, 12]], [12, []], [10, []], [9, []], [5, []], [7, [7, 4]], [4, []]]], [[[6, [10, 6]]], [[13, [13, 9]]], [[14, [5, 14]]], [[2, [2]]], [[15, [15, 12]]], [[3, [3, 1]]], [[8, [8, 11]]], [[7, [7, 4]]]]], [[[[0, []], [14, [14, 13]], [13, []], [15, [15, 12]], [12, []], [7, [7, 11]], [1, [1, 8]], [8, []], [11, []]], [[0, []], [10, [10, 6]], [5, [5, 9]], [9, []], [3, [3, 2]], [2, []], [6, []], [4, [4]]]], [[[10, [10, 6]]], [[5, [5, 9]]], [[14, [14, 13]]], [[15, [15, 12]]], [[3, [3, 2]]], [[7, [7, 11]]], [[1, [1, 8]]], [[4, [4]]]]], [[[[0, []], [6, [6]], [10, [10]], [13, [13, 5]], [15, [15, 12]], [12, []], [5, []], [7, [7, 1]], [1, []], [8, [8, 11]], [11, []]], [[0, []], [2, [2, 9]], [3, [3, 14]], [9, []], [14, []], [4, [4]]]], [[[6, [6]]], [[10, [10]]], [[13, [13, 5]]], [[2, [2, 9]]], [[15, [15, 12]]], [[3, [3, 14]]], [[7, [7, 1]]], [[8, [8, 11]]], [[4, [4]]]]], [[[[0, []], [2, [2, 10]], [3, [3, 1]], [1, []], [8, [8, 4]], [10, []], [4, []]], [[0, [6, 13, 9, 5, 14]], [6, []], [14, []], [13, [15, 12]], [15, []], [12, []], [9, []], [5, []], [7, [7, 11]], [11, []]]], [[[2, [2, 10]]], [[13, [15, 12]]], [[3, [3, 1]]], [[8, [8, 4]]], [[7, [7, 11]]]]]], "Numrun": 5, "all_fitness": [279.6305978860472, 276.36365075766844, 274.553218330067, 274.553218330067, 279.0317426496113]}
