{"file_name": "U_20_1", "number_of_trucks": 2, "drone_capacity": 2, "number_of_drones": 2, "iteration": 1, "best_fitness": 388.33406104107394, "runtime": 145.186767578125, "best_solution": [[[[0, []], [15, [15, 10, 2, 14]], [10, [18]], [2, []], [16, [16, 8]], [14, []], [20, [20, 11]], [8, []], [18, []], [9, [9, 12]], [11, []], [12, []]], [[0, []], [4, [4, 1]], [1, []], [5, [5, 13]], [13, []], [19, [19, 3]], [3, []], [7, [7, 17]], [17, []], [6, [6]]]], [[[15, [15, 14]]], [[15, [10, 2]]], [[10, [18]]], [[4, [4, 1]]], [[16, [16, 8]]], [[5, [5, 13]]], [[19, [19, 3]]], [[20, [20, 11]]], [[7, [7, 17]]], [[9, [9, 12]]], [[6, [6]]]]], "all_solution": [[[[[0, []], [15, [15, 10, 2, 14]], [10, [18]], [2, []], [16, [16, 8]], [14, []], [20, [20, 11]], [8, []], [18, []], [9, [9, 12]], [11, []], [12, []]], [[0, []], [4, [4, 1]], [1, []], [5, [5, 13]], [13, []], [19, [19, 3]], [3, []], [7, [7, 17]], [17, []], [6, [6]]]], [[[15, [15, 14]]], [[15, [10, 2]]], [[10, [18]]], [[4, [4, 1]]], [[16, [16, 8]]], [[5, [5, 13]]], [[19, [19, 3]]], [[20, [20, 11]]], [[7, [7, 17]]], [[9, [9, 12]]], [[6, [6]]]]]], "Numrun": 5, "all_fitness": [388.33406104107394]}
{"file_name": "U_20_1", "number_of_trucks": 2, "drone_capacity": 2, "number_of_drones": 2, "iteration": 2, "best_fitness": 373.5201640195825, "runtime": 154.3489739894867, "best_solution": [[[[0, [20, 8, 17, 7, 4]], [20, []], [8, []], [17, []], [7, []], [4, []]], [[0, []], [15, [15, 14]], [14, []], [18, [10, 2, 18]], [2, []], [10, [1, 16]], [5, [5, 13]], [1, []], [13, []], [19, [19, 9]], [3, [3, 11]], [9, []], [16, []], [11, []], [12, [12, 6]], [6, []]]], [[[15, [15, 14]]], [[18, [18]]], [[18, [10, 2]]], [[10, [1, 16]]], [[5, [5, 13]]], [[19, [19, 9]]], [[3, [3, 11]]], [[12, [12, 6]]]]], "all_solution": [[[[[0, []], [15, [15, 10, 2, 14]], [10, [18]], [2, []], [16, [16, 8]], [14, []], [20, [20, 11]], [8, []], [18, []], [9, [9, 12]], [11, []], [12, []]], [[0, []], [4, [4, 1]], [1, []], [5, [5, 13]], [13, []], [19, [19, 3]], [3, []], [7, [7, 17]], [17, []], [6, [6]]]], [[[15, [15, 14]]], [[15, [10, 2]]], [[10, [18]]], [[4, [4, 1]]], [[16, [16, 8]]], [[5, [5, 13]]], [[19, [19, 3]]], [[20, [20, 11]]], [[7, [7, 17]]], [[9, [9, 12]]], [[6, [6]]]]], [[[[0, [20, 8, 17, 7, 4]], [20, []], [8, []], [17, []], [7, []], [4, []]], [[0, []], [15, [15, 14]], [14, []], [18, [10, 2, 18]], [2, []], [10, [1, 16]], [5, [5, 13]], [1, []], [13, []], [19, [19, 9]], [3, [3, 11]], [9, []], [16, []], [11, []], [12, [12, 6]], [6, []]]], [[[15, [15, 14]]], [[18, [18]]], [[18, [10, 2]]], [[10, [1, 16]]], [[5, [5, 13]]], [[19, [19, 9]]], [[3, [3, 11]]], [[12, [12, 6]]]]]], "Numrun": 5, "all_fitness": [388.33406104107394, 373.5201640195825]}
{"file_name": "U_20_1", "number_of_trucks": 2, "drone_capacity": 2, "number_of_drones": 2, "iteration": 3, "best_fitness": 396.17603493256956, "runtime": 119.9753520488739, "best_solution": [[[[0, [10, 2]], [10, []], [4, [4, 1]], [7, [7, 5]], [1, []], [5, []], [2, []], [17, [17, 20]], [20, []]], [[0, [15]], [18, [18, 14]], [14, []], [8, [8]], [15, [16]], [16, []], [6, [6, 3, 11, 13]], [3, []], [19, [19, 9]], [13, []], [9, []], [11, []], [12, [12]]]], [[[18, [18, 14]]], [[8, [8]]], [[4, [4, 1]]], [[15, [16]]], [[7, [7, 5]]], [[6, [11, 13]]], [[6, [6, 3]]], [[19, [19, 9]]], [[17, [17, 20]]], [[12, [12]]]]], "all_solution": [[[[[0, []], [15, [15, 10, 2, 14]], [10, [18]], [2, []], [16, [16, 8]], [14, []], [20, [20, 11]], [8, []], [18, []], [9, [9, 12]], [11, []], [12, []]], [[0, []], [4, [4, 1]], [1, []], [5, [5, 13]], [13, []], [19, [19, 3]], [3, []], [7, [7, 17]], [17, []], [6, [6]]]], [[[15, [15, 14]]], [[15, [10, 2]]], [[10, [18]]], [[4, [4, 1]]], [[16, [16, 8]]], [[5, [5, 13]]], [[19, [19, 3]]], [[20, [20, 11]]], [[7, [7, 17]]], [[9, [9, 12]]], [[6, [6]]]]], [[[[0, [20, 8, 17, 7, 4]], [20, []], [8, []], [17, []], [7, []], [4, []]], [[0, []], [15, [15, 14]], [14, []], [18, [10, 2, 18]], [2, []], [10, [1, 16]], [5, [5, 13]], [1, []], [13, []], [19, [19, 9]], [3, [3, 11]], [9, []], [16, []], [11, []], [12, [12, 6]], [6, []]]], [[[15, [15, 14]]], [[18, [18]]], [[18, [10, 2]]], [[10, [1, 16]]], [[5, [5, 13]]], [[19, [19, 9]]], [[3, [3, 11]]], [[12, [12, 6]]]]], [[[[0, [10, 2]], [10, []], [4, [4, 1]], [7, [7, 5]], [1, []], [5, []], [2, []], [17, [17, 20]], [20, []]], [[0, [15]], [18, [18, 14]], [14, []], [8, [8]], [15, [16]], [16, []], [6, [6, 3, 11, 13]], [3, []], [19, [19, 9]], [13, []], [9, []], [11, []], [12, [12]]]], [[[18, [18, 14]]], [[8, [8]]], [[4, [4, 1]]], [[15, [16]]], [[7, [7, 5]]], [[6, [11, 13]]], [[6, [6, 3]]], [[19, [19, 9]]], [[17, [17, 20]]], [[12, [12]]]]]], "Numrun": 5, "all_fitness": [388.33406104107394, 373.5201640195825, 396.17603493256956]}
{"file_name": "U_20_1", "number_of_trucks": 2, "drone_capacity": 2, "number_of_drones": 2, "iteration": 4, "best_fitness": 379.25150885914445, "runtime": 187.91427755355835, "best_solution": [[[[0, [14]], [10, [10, 2]], [2, []], [14, []], [8, [8, 16]], [20, [20, 9]], [16, []], [9, []], [11, [11, 12]], [12, []], [6, [6]]], [[0, [15]], [15, [18]], [18, []], [4, [4, 1]], [7, [7, 5]], [1, []], [5, []], [17, [17, 13]], [3, [3, 19]], [13, []], [19, []]]], [[[15, [18]]], [[10, [10, 2]]], [[4, [4, 1]]], [[8, [8, 16]]], [[7, [7, 5]]], [[20, [20, 9]]], [[17, [17, 13]]], [[3, [3, 19]]], [[11, [11, 12]]], [[6, [6]]]]], "all_solution": [[[[[0, []], [15, [15, 10, 2, 14]], [10, [18]], [2, []], [16, [16, 8]], [14, []], [20, [20, 11]], [8, []], [18, []], [9, [9, 12]], [11, []], [12, []]], [[0, []], [4, [4, 1]], [1, []], [5, [5, 13]], [13, []], [19, [19, 3]], [3, []], [7, [7, 17]], [17, []], [6, [6]]]], [[[15, [15, 14]]], [[15, [10, 2]]], [[10, [18]]], [[4, [4, 1]]], [[16, [16, 8]]], [[5, [5, 13]]], [[19, [19, 3]]], [[20, [20, 11]]], [[7, [7, 17]]], [[9, [9, 12]]], [[6, [6]]]]], [[[[0, [20, 8, 17, 7, 4]], [20, []], [8, []], [17, []], [7, []], [4, []]], [[0, []], [15, [15, 14]], [14, []], [18, [10, 2, 18]], [2, []], [10, [1, 16]], [5, [5, 13]], [1, []], [13, []], [19, [19, 9]], [3, [3, 11]], [9, []], [16, []], [11, []], [12, [12, 6]], [6, []]]], [[[15, [15, 14]]], [[18, [18]]], [[18, [10, 2]]], [[10, [1, 16]]], [[5, [5, 13]]], [[19, [19, 9]]], [[3, [3, 11]]], [[12, [12, 6]]]]], [[[[0, [10, 2]], [10, []], [4, [4, 1]], [7, [7, 5]], [1, []], [5, []], [2, []], [17, [17, 20]], [20, []]], [[0, [15]], [18, [18, 14]], [14, []], [8, [8]], [15, [16]], [16, []], [6, [6, 3, 11, 13]], [3, []], [19, [19, 9]], [13, []], [9, []], [11, []], [12, [12]]]], [[[18, [18, 14]]], [[8, [8]]], [[4, [4, 1]]], [[15, [16]]], [[7, [7, 5]]], [[6, [11, 13]]], [[6, [6, 3]]], [[19, [19, 9]]], [[17, [17, 20]]], [[12, [12]]]]], [[[[0, [14]], [10, [10, 2]], [2, []], [14, []], [8, [8, 16]], [20, [20, 9]], [16, []], [9, []], [11, [11, 12]], [12, []], [6, [6]]], [[0, [15]], [15, [18]], [18, []], [4, [4, 1]], [7, [7, 5]], [1, []], [5, []], [17, [17, 13]], [3, [3, 19]], [13, []], [19, []]]], [[[15, [18]]], [[10, [10, 2]]], [[4, [4, 1]]], [[8, [8, 16]]], [[7, [7, 5]]], [[20, [20, 9]]], [[17, [17, 13]]], [[3, [3, 19]]], [[11, [11, 12]]], [[6, [6]]]]]], "Numrun": 5, "all_fitness": [388.33406104107394, 373.5201640195825, 396.17603493256956, 379.25150885914445]}
{"file_name": "U_20_1", "number_of_trucks": 2, "drone_capacity": 2, "number_of_drones": 2, "iteration": 5, "best_fitness": 378.5545487543032, "runtime": 236.9809558391571, "best_solution": [[[[0, [2, 14, 18, 15]], [14, []], [18, []], [15, []], [1, [1, 16]], [5, [5, 13]], [2, []], [3, [3, 19]], [19, []], [13, []], [9, [9, 6]], [16, []], [11, [11, 12]], [12, []], [6, []]], [[0, [4, 7, 20, 8, 17, 10]], [4, []], [7, []], [17, []], [10, []], [8, []], [20, []]]], [[[1, [1, 16]]], [[5, [5, 13]]], [[3, [3, 19]]], [[9, [9, 6]]], [[11, [11, 12]]]]],