{"file_name": "U_15_1", "number_of_trucks": 2, "drone_capacity": 2, "number_of_drones": 2, "iteration": 1, "best_fitness": 271.2855152147996, "runtime": 69.78364777565002, "best_solution": [[[[0, [1, 2, 5]], [5, []], [2, []], [1, []], [9, [9, 4]], [4, []], [15, [15]], [3, [3]]], [[0, [12, 11, 6]], [11, []], [6, []], [7, [7, 13]], [12, []], [8, [8, 10]], [10, []], [14, [14]], [13, []]]], [[[9, [9, 4]]], [[7, [7, 13]]], [[8, [8, 10]]], [[15, [15]]], [[14, [14]]], [[3, [3]]]]], "all_solution": [[[[[0, [1, 2, 5]], [5, []], [2, []], [1, []], [9, [9, 4]], [4, []], [15, [15]], [3, [3]]], [[0, [12, 11, 6]], [11, []], [6, []], [7, [7, 13]], [12, []], [8, [8, 10]], [10, []], [14, [14]], [13, []]]], [[[9, [9, 4]]], [[7, [7, 13]]], [[8, [8, 10]]], [[15, [15]]], [[14, [14]]], [[3, [3]]]]]], "Numrun": 5, "all_fitness": [271.2855152147996]}
{"file_name": "U_15_1", "number_of_trucks": 2, "drone_capacity": 2, "number_of_drones": 2, "iteration": 2, "best_fitness": 268.93186874558364, "runtime": 47.184293270111084, "best_solution": [[[[0, [12, 1, 2]], [12, []], [2, []], [1, []], [4, [4, 6]], [6, []], [15, [15]], [3, [3]]], [[0, [5, 11]], [11, []], [5, []], [13, [13]], [9, [9, 7]], [7, []], [8, [8, 10]], [10, []], [14, [14]]]], [[[13, [13]]], [[4, [4, 6]]], [[9, [9, 7]]], [[15, [15]]], [[8, [8, 10]]], [[14, [14]]], [[3, [3]]]]], "all_solution": [[[[[0, [1, 2, 5]], [5, []], [2, []], [1, []], [9, [9, 4]], [4, []], [15, [15]], [3, [3]]], [[0, [12, 11, 6]], [11, []], [6, []], [7, [7, 13]], [12, []], [8, [8, 10]], [10, []], [14, [14]], [13, []]]], [[[9, [9, 4]]], [[7, [7, 13]]], [[8, [8, 10]]], [[15, [15]]], [[14, [14]]], [[3, [3]]]]], [[[[0, [12, 1, 2]], [12, []], [2, []], [1, []], [4, [4, 6]], [6, []], [15, [15]], [3, [3]]], [[0, [5, 11]], [11, []], [5, []], [13, [13]], [9, [9, 7]], [7, []], [8, [8, 10]], [10, []], [14, [14]]]], [[[13, [13]]], [[4, [4, 6]]], [[9, [9, 7]]], [[15, [15]]], [[8, [8, 10]]], [[14, [14]]], [[3, [3]]]]]], "Numrun": 5, "all_fitness": [271.2855152147996, 268.93186874558364]}
{"file_name": "U_15_1", "number_of_trucks": 2, "drone_capacity": 2, "number_of_drones": 2, "iteration": 3, "best_fitness": 271.02814054066477, "runtime": 53.38405966758728, "best_solution": [[[[0, [5, 13, 6, 11]], [11, []], [13, []], [5, []], [15, [15]], [3, [3]], [6, []]], [[0, [2, 1]], [12, [12]], [1, []], [2, []], [4, [4]], [9, [9, 7]], [7, []], [8, [8, 10]], [10, []], [14, [14]]]], [[[12, [12]]], [[4, [4]]], [[9, [9, 7]]], [[15, [15]]], [[8, [8, 10]]], [[14, [14]]], [[3, [3]]]]], "all_solution": [[[[[0, [1, 2, 5]], [5, []], [2, []], [1, []], [9, [9, 4]], [4, []], [15, [15]], [3, [3]]], [[0, [12, 11, 6]], [11, []], [6, []], [7, [7, 13]], [12, []], [8, [8, 10]], [10, []], [14, [14]], [13, []]]], [[[9, [9, 4]]], [[7, [7, 13]]], [[8, [8, 10]]], [[15, [15]]], [[14, [14]]], [[3, [3]]]]], [[[[0, [12, 1, 2]], [12, []], [2, []], [1, []], [4, [4, 6]], [6, []], [15, [15]], [3, [3]]], [[0, [5, 11]], [11, []], [5, []], [13, [13]], [9, [9, 7]], [7, []], [8, [8, 10]], [10, []], [14, [14]]]], [[[13, [13]]], [[4, [4, 6]]], [[9, [9, 7]]], [[15, [15]]], [[8, [8, 10]]], [[14, [14]]], [[3, [3]]]]], [[[[0, [5, 13, 6, 11]], [11, []], [13, []], [5, []], [15, [15]], [3, [3]], [6, []]], [[0, [2, 1]], [12, [12]], [1, []], [2, []], [4, [4]], [9, [9, 7]], [7, []], [8, [8, 10]], [10, []], [14, [14]]]], [[[12, [12]]], [[4, [4]]], [[9, [9, 7]]], [[15, [15]]], [[8, [8, 10]]], [[14, [14]]], [[3, [3]]]]]], "Numrun": 5, "all_fitness": [271.2855152147996, 268.93186874558364, 271.02814054066477]}
{"file_name": "U_15_1", "number_of_trucks": 2, "drone_capacity": 2, "number_of_drones": 2, "iteration": 4, "best_fitness": 268.0281405406647, "runtime": 86.87125611305237, "best_solution": [[[[0, [11, 1]], [1, []], [11, []], [6, [6, 4]], [4, []], [15, [15]], [3, [3]]], [[0, [12, 5]], [12, []], [5, []], [9, [9, 2]], [2, []], [7, [7, 13]], [13, []], [8, [8, 10]], [10, []], [14, [14]]]], [[[9, [9, 2]]], [[6, [6, 4]]], [[7, [7, 13]]], [[15, [15]]], [[8, [8, 10]]], [[14, [14]]], [[3, [3]]]]], "all_solution": [[[[[0, [1, 2, 5]], [5, []], [2, []], [1, []], [9, [9, 4]], [4, []], [15, [15]], [3, [3]]], [[0, [12, 11, 6]], [11, []], [6, []], [7, [7, 13]], [12, []], [8, [8, 10]], [10, []], [14, [14]], [13, []]]], [[[9, [9, 4]]], [[7, [7, 13]]], [[8, [8, 10]]], [[15, [15]]], [[14, [14]]], [[3, [3]]]]], [[[[0, [12, 1, 2]], [12, []], [2, []], [1, []], [4, [4, 6]], [6, []], [15, [15]], [3, [3]]], [[0, [5, 11]], [11, []], [5, []], [13, [13]], [9, [9, 7]], [7, []], [8, [8, 10]], [10, []], [14, [14]]]], [[[13, [13]]], [[4, [4, 6]]], [[9, [9, 7]]], [[15, [15]]], [[8, [8, 10]]], [[14, [14]]], [[3, [3]]]]], [[[[0, [5, 13, 6, 11]], [11, []], [13, []], [5, []], [15, [15]], [3, [3]], [6, []]], [[0, [2, 1]], [12, [12]], [1, []], [2, []], [4, [4]], [9, [9, 7]], [7, []], [8, [8, 10]], [10, []], [14, [14]]]], [[[12, [12]]], [[4, [4]]], [[9, [9, 7]]], [[15, [15]]], [[8, [8, 10]]], [[14, [14]]], [[3, [3]]]]], [[[[0, [11, 1]], [1, []], [11, []], [6, [6, 4]], [4, []], [15, [15]], [3, [3]]], [[0, [12, 5]], [12, []], [5, []], [9, [9, 2]], [2, []], [7, [7, 13]], [13, []], [8, [8, 10]], [10, []], [14, [14]]]], [[[9, [9, 2]]], [[6, [6, 4]]], [[7, [7, 13]]], [[15, [15]]], [[8, [8, 10]]], [[14, [14]]], [[3, [3]]]]]], "Numrun": 5, "all_fitness": [271.2855152147996, 268.93186874558364, 271.02814054066477, 268.0281405406647]}
{"file_name": "U_15_1", "number_of_trucks": 2, "drone_capacity": 2, "number_of_drones": 2, "iteration": 5, "best_fitness": 268.0281405406647, "runtime": 54.866182804107666, "best_solution": [[[[0, [11, 2, 6, 13]], [11, []], [6, []], [2, []], [7, [7]], [13, []], [10, [10, 8]], [8, []], [14, [14]]], [[0, [5, 1, 12]], [12, []], [5, []], [9, [9]], [4, [4]], [1, []], [15, [15]], [3, [3]]]], [[[9, [9]]], [[4, [4]]], [[7, [7]]], [[15, [15]]], [[10, [10, 8]]], [[14, [14]]], [[3, [3]]]]], "all_solution": [[[[[0, [1, 2, 5]], [5, []], [2, []], [1, []], [9, [9, 4]], [4, []], [15, [15]], [3, [3]]], [[0, [12, 11, 6]], [11, []], [6, []], [7, [7, 13]], [12, []], [8, [8, 10]], [10, []], [14, [14]], [13, []]]], [[[9, [9, 4]]], [[7, [7, 13]]], [[8, [8, 10]]], [[15, [15]]], [[14, [14]]], [[3, [3]]]]], [[[[0, [12, 1, 2]], [12, []], [2, []], [1, []], [4, [4, 6]], [6, []], [15, [15]], [3, [3]]], [[0, [5, 11]], [11, []], [5, []], [13, [13]], [9, [9, 7]], [7, []], [8, [8, 10]], [10, []], [14, [14]]]], [[[13, [13]]], [[4, [4, 6]]], [[9, [9, 7]]], [[15, [15]]], [[8, [8, 10]]], [[14, [14]]], [[3, [3]]]]], [[[[0, [5, 13, 6, 11]], [11, []], [13, []], [5, []], [15, [15]], [3, [3]], [6, []]], [[0, [2, 1]], [12, [12]], [1, []], [2, []], [4, [4]], [9, [9, 7]], [7, []], [8, [8, 10]], [10, []], [14, [14]]]], [[[12, [12]]], [[4, [4]]], [[9, [9, 7]]], [[15, [15]]], [[8, [8, 10]]], [[14, [14]]], [[3, [3]]]]], [[[[0, [11, 1]], [1, []], [11, []], [6, [6, 4]], [4, []], [15, [15]], [3, [3]]], [[0, [12, 5]], [12, []], [5, []], [9, [9, 2]], [2, []], [7, [7, 13]], [13, []], [8, [8, 10]], [10, []], [14, [14]]]], [[[9, [9, 2]]], [[6, [6, 4]]], [[7, [7, 13]]], [[15, [15]]], [[8, [8, 10]]], [[14, [14]]], [[3, [3]]]]], [[[[0, [11, 2, 6, 13]], [11, []], [6, []], [2, []], [7, [7]], [13, []], [10, [10, 8]], [8, []], [14, [14]]], [[0, [5, 1, 12]], [12, []], [5, []], [9, [9]], [4, [4]], [1, []], [15, [15]], [3, [3]]]], [[[9, [9]]], [[4, [4]]], [[7, [7]]], [[15, [15]]], [[10, [10, 8]]], [[14, [14]]], [[3, [3]]]]]], "Numrun": 5, "all_fitness": [271.2855152147996, 268.93186874558364, 271.02814054066477, 268.0281405406647, 268.0281405406647]}
