{"file_name": "U_20_1", "number_of_trucks": 2, "drone_capacity": 2, "number_of_drones": 2, "iteration": 1, "best_fitness": 308.57652806677197, "runtime": 173.82564759254456, "best_solution": [[[[0, [2, 10]], [2, []], [10, []], [1, [1]], [16, [16]], [5, [5, 13, 7, 19]], [19, []], [13, []], [9, [9]], [3, [3, 17]], [17, []], [7, []]], [[0, [15, 14, 18]], [15, []], [14, []], [18, []], [4, [4, 8]], [11, [11, 12]], [12, []], [20, [20, 6]], [8, []], [6, []]]], [[[1, [1]]], [[16, [16]]], [[4, [4, 8]]], [[5, [7, 19]]], [[5, [5, 13]]], [[11, [11, 12]]], [[9, [9]]], [[20, [20, 6]]], [[3, [3, 17]]]]], "all_solution": [[[[[0, [2, 10]], [2, []], [10, []], [1, [1]], [16, [16]], [5, [5, 13, 7, 19]], [19, []], [13, []], [9, [9]], [3, [3, 17]], [17, []], [7, []]], [[0, [15, 14, 18]], [15, []], [14, []], [18, []], [4, [4, 8]], [11, [11, 12]], [12, []], [20, [20, 6]], [8, []], [6, []]]], [[[1, [1]]], [[16, [16]]], [[4, [4, 8]]], [[5, [7, 19]]], [[5, [5, 13]]], [[11, [11, 12]]], [[9, [9]]], [[20, [20, 6]]], [[3, [3, 17]]]]]], "Numrun": 5, "all_fitness": [308.57652806677197]}
{"file_name": "U_20_1", "number_of_trucks": 2, "drone_capacity": 2, "number_of_drones": 2, "iteration": 2, "best_fitness": 314.823295840582, "runtime": 149.4012975692749, "best_solution": [[[[0, [18]], [2, [2, 10]], [10, []], [18, []], [13, [13, 16]], [11, [11, 12]], [12, []], [16, []], [9, [9, 19]], [19, []], [3, [3, 17]], [17, []]], [[0, [15, 14]], [14, []], [15, []], [4, [4, 1]], [5, [5, 8]], [1, []], [7, [7]], [8, []], [20, [20, 6]], [6, []]]], [[[2, [2, 10]]], [[4, [4, 1]]], [[13, [13, 16]]], [[5, [5, 8]]], [[7, [7]]], [[11, [11, 12]]], [[9, [9, 19]]], [[20, [20, 6]]], [[3, [3, 17]]]]], "all_solution": [[[[[0, [2, 10]], [2, []], [10, []], [1, [1]], [16, [16]], [5, [5, 13, 7, 19]], [19, []], [13, []], [9, [9]], [3, [3, 17]], [17, []], [7, []]], [[0, [15, 14, 18]], [15, []], [14, []], [18, []], [4, [4, 8]], [11, [11, 12]], [12, []], [20, [20, 6]], [8, []], [6, []]]], [[[1, [1]]], [[16, [16]]], [[4, [4, 8]]], [[5, [7, 19]]], [[5, [5, 13]]], [[11, [11, 12]]], [[9, [9]]], [[20, [20, 6]]], [[3, [3, 17]]]]], [[[[0, [18]], [2, [2, 10]], [10, []], [18, []], [13, [13, 16]], [11, [11, 12]], [12, []], [16, []], [9, [9, 19]], [19, []], [3, [3, 17]], [17, []]], [[0, [15, 14]], [14, []], [15, []], [4, [4, 1]], [5, [5, 8]], [1, []], [7, [7]], [8, []], [20, [20, 6]], [6, []]]], [[[2, [2, 10]]], [[4, [4, 1]]], [[13, [13, 16]]], [[5, [5, 8]]], [[7, [7]]], [[11, [11, 12]]], [[9, [9, 19]]], [[20, [20, 6]]], [[3, [3, 17]]]]]], "Numrun": 5, "all_fitness": [308.57652806677197, 314.823295840582]}
{"file_name": "U_20_1", "number_of_trucks": 2, "drone_capacity": 2, "number_of_drones": 2, "iteration": 3, "best_fitness": 318.94812237368814, "runtime": 146.90689754486084, "best_solution": [[[[0, [15]], [15, []], [18, [18, 14]], [14, []], [2, [2, 10]], [10, [8]], [4, [4, 7]], [20, [20, 6, 17]], [8, []], [6, []], [7, []], [17, []]], [[0, [3, 13, 19, 9, 12, 11, 5, 1, 16]], [12, []], [11, []], [16, []], [9, []], [13, []], [19, []], [3, []], [5, []], [1, []]]], [[[18, [18, 14]]], [[2, [2, 10]]], [[10, [8]]], [[4, [4, 7]]], [[20, [20]]], [[20, [6, 17]]]]], "all_solution": [[[[[0, [2, 10]], [2, []], [10, []], [1, [1]], [16, [16]], [5, [5, 13, 7, 19]], [19, []], [13, []], [9, [9]], [3, [3, 17]], [17, []], [7, []]], [[0, [15, 14, 18]], [15, []], [14, []], [18, []], [4, [4, 8]], [11, [11, 12]], [12, []], [20, [20, 6]], [8, []], [6, []]]], [[[1, [1]]], [[16, [16]]], [[4, [4, 8]]], [[5, [7, 19]]], [[5, [5, 13]]], [[11, [11, 12]]], [[9, [9]]], [[20, [20, 6]]], [[3, [3, 17]]]]], [[[[0, [18]], [2, [2, 10]], [10, []], [18, []], [13, [13, 16]], [11, [11, 12]], [12, []], [16, []], [9, [9, 19]], [19, []], [3, [3, 17]], [17, []]], [[0, [15, 14]], [14, []], [15, []], [4, [4, 1]], [5, [5, 8]], [1, []], [7, [7]], [8, []], [20, [20, 6]], [6, []]]], [[[2, [2, 10]]], [[4, [4, 1]]], [[13, [13, 16]]], [[5, [5, 8]]], [[7, [7]]], [[11, [11, 12]]], [[9, [9, 19]]], [[20, [20, 6]]], [[3, [3, 17]]]]], [[[[0, [15]], [15, []], [18, [18, 14]], [14, []], [2, [2, 10]], [10, [8]], [4, [4, 7]], [20, [20, 6, 17]], [8, []], [6, []], [7, []], [17, []]], [[0, [3, 13, 19, 9, 12, 11, 5, 1, 16]], [12, []], [11, []], [16, []], [9, []], [13, []], [19, []], [3, []], [5, []], [1, []]]], [[[18, [18, 14]]], [[2, [2, 10]]], [[10, [8]]], [[4, [4, 7]]], [[20, [20]]], [[20, [6, 17]]]]]], "Numrun": 5, "all_fitness": [308.57652806677197, 314.823295840582, 318.94812237368814]}
{"file_name": "U_20_1", "number_of_trucks": 2, "drone_capacity": 2, "number_of_drones": 2, "iteration": 4, "best_fitness": 311.9480153880331, "runtime": 127.23147487640381, "best_solution": [[[[0, [2, 10, 15]], [10, []], [15, []], [2, []], [12, [12, 16]], [16, []], [11, [11, 8]], [8, []], [20, [20, 6]], [6, []]], [[0, [14]], [14, [18]], [18, []], [4, [4, 1]], [1, []], [5, [5, 13]], [13, []], [9, [9, 7, 19]], [19, []], [3, [3, 17]], [17, []], [7, []]]], [[[14, [18]]], [[4, [4, 1]]], [[12, [12, 16]]], [[5, [5, 13]]], [[11, [11, 8]]], [[9, [7, 19]]], [[9, [9]]], [[3, [3, 17]]], [[20, [20, 6]]]]], "all_solution": [[[[[0, [2, 10]], [2, []], [10, []], [1, [1]], [16, [16]], [5, [5, 13, 7, 19]], [19, []], [13, []], [9, [9]], [3, [3, 17]], [17, []], [7, []]], [[0, [15, 14, 18]], [15, []], [14, []], [18, []], [4, [4, 8]], [11, [11, 12]], [12, []], [20, [20, 6]], [8, []], [6, []]]], [[[1, [1]]], [[16, [16]]], [[4, [4, 8]]], [[5, [7, 19]]], [[5, [5, 13]]], [[11, [11, 12]]], [[9, [9]]], [[20, [20, 6]]], [[3, [3, 17]]]]], [[[[0, [18]], [2, [2, 10]], [10, []], [18, []], [13, [13, 16]], [11, [11, 12]], [12, []], [16, []], [9, [9, 19]], [19, []], [3, [3, 17]], [17, []]], [[0, [15, 14]], [14, []], [15, []], [4, [4, 1]], [5, [5, 8]], [1, []], [7, [7]], [8, []], [20, [20, 6]], [6, []]]], [[[2, [2, 10]]], [[4, [4, 1]]], [[13, [13, 16]]], [[5, [5, 8]]], [[7, [7]]], [[11, [11, 12]]], [[9, [9, 19]]], [[20, [20, 6]]], [[3, [3, 17]]]]], [[[[0, [15]], [15, []], [18, [18, 14]], [14, []], [2, [2, 10]], [10, [8]], [4, [4, 7]], [20, [20, 6, 17]], [8, []], [6, []], [7, []], [17, []]], [[0, [3, 13, 19, 9, 12, 11, 5, 1, 16]], [12, []], [11, []], [16, []], [9, []], [13, []], [19, []], [3, []], [5, []], [1, []]]], [[[18, [18, 14]]], [[2, [2, 10]]], [[10, [8]]], [[4, [4, 7]]], [[20, [20]]], [[20, [6, 17]]]]], [[[[0, [2, 10, 15]], [10, []], [15, []], [2, []], [12, [12, 16]], [16, []], [11, [11, 8]], [8, []], [20, [20, 6]], [6, []]], [[0, [14]], [14, [18]], [18, []], [4, [4, 1]], [1, []], [5, [5, 13]], [13, []], [9, [9, 7, 19]], [19, []], [3, [3, 17]], [17, []], [7, []]]], [[[14, [18]]], [[4, [4, 1]]], [[12, [12, 16]]], [[5, [5, 13]]], [[11, [11, 8]]], [[9, [7, 19]]], [[9, [9]]], [[3, [3, 17]]], [[20, [20, 6]]]]]], "Numrun": 5, "all_fitness": [308.57652806677197, 314.823295840582, 318.94812237368814, 311.9480153880331]}
{"file_name": "U_20_1", "number_of_trucks": 2, "drone_capacity": 2, "number_of_drones": 2, "iteration": 5, "best_fitness": 311.2788703813684, "runtime": 140.97071361541748, "best_solution": [[[[0, [18, 14]], [14, []], [18, []], [4, [4, 8]], [8, []], [20, [20, 6]], [6, [12, 11]], [11, []], [12, []]], [[0, []], [2, [2, 10, 15]], [10, []], [15, []], [1, [1]], [16, [16]], [5, [5, 7, 13]], [7, []], [17, [17, 19]], [3, [3, 9]], [19, []], [13, []], [9, []]]], [[[2, [15]]], [[4, [4, 8]]], [[2, [2, 10]]], [[1, [1]]], [[16, [16]]], [[5, [13]]], [[5, [5, 7]]], [[17, [17, 19]]], [[20, [20, 6]]], [[3, [3, 9]]], [[6, [12, 11]]]]],