{"file_name": "U_20_0", "number_of_trucks": 2, "drone_capacity": 2, "number_of_drones": 2, "iteration": 1, "best_fitness": 213.42800163517433, "runtime": 145.25747871398926, "best_solution": [[[[0, [14, 7, 9]], [14, []], [7, [2, 5]], [9, []], [2, []], [19, [19, 6]], [6, []], [16, [16, 11]], [5, []], [11, []]], [[0, [20, 4, 13, 15]], [3, [3, 8]], [4, []], [13, []], [12, [12]], [8, []], [17, [17, 18]], [20, []], [10, [10, 1]], [15, []], [18, []], [1, []]]], [[[3, [3]]], [[3, [8]]], [[12, [12]]], [[7, [2, 5]]], [[17, [17, 18]]], [[19, [19, 6]]], [[16, [16, 11]]], [[10, [10, 1]]]]], "all_solution": [[[[[0, [14, 7, 9]], [14, []], [7, [2, 5]], [9, []], [2, []], [19, [19, 6]], [6, []], [16, [16, 11]], [5, []], [11, []]], [[0, [20, 4, 13, 15]], [3, [3, 8]], [4, []], [13, []], [12, [12]], [8, []], [17, [17, 18]], [20, []], [10, [10, 1]], [15, []], [18, []], [1, []]]], [[[3, [3]]], [[3, [8]]], [[12, [12]]], [[7, [2, 5]]], [[17, [17, 18]]], [[19, [19, 6]]], [[16, [16, 11]]], [[10, [10, 1]]]]]], "Numrun": 5, "all_fitness": [213.42800163517433]}
{"file_name": "U_20_0", "number_of_trucks": 2, "drone_capacity": 2, "number_of_drones": 2, "iteration": 2, "best_fitness": 207.07999999999998, "runtime": 284.69637417793274, "best_solution": [[[[0, [14, 7, 9, 15]], [14, []], [7, [2, 5]], [9, []], [2, []], [19, [19, 6]], [6, []], [15, []], [1, [1, 16]], [16, []], [5, []]], [[0, [20, 8, 4, 13, 3]], [3, []], [4, []], [13, []], [12, [12]], [8, []], [17, [17, 11]], [20, []], [10, [18, 10]], [18, []], [11, []]]], [[[12, [12]]], [[7, [2, 5]]], [[19, [19, 6]]], [[17, [17, 11]]], [[10, [18, 10]]], [[1, [1, 16]]]]], "all_solution": [[[[[0, [14, 7, 9]], [14, []], [7, [2, 5]], [9, []], [2, []], [19, [19, 6]], [6, []], [16, [16, 11]], [5, []], [11, []]], [[0, [20, 4, 13, 15]], [3, [3, 8]], [4, []], [13, []], [12, [12]], [8, []], [17, [17, 18]], [20, []], [10, [10, 1]], [15, []], [18, []], [1, []]]], [[[3, [3]]], [[3, [8]]], [[12, [12]]], [[7, [2, 5]]], [[17, [17, 18]]], [[19, [19, 6]]], [[16, [16, 11]]], [[10, [10, 1]]]]], [[[[0, [14, 7, 9, 15]], [14, []], [7, [2, 5]], [9, []], [2, []], [19, [19, 6]], [6, []], [15, []], [1, [1, 16]], [16, []], [5, []]], [[0, [20, 8, 4, 13, 3]], [3, []], [4, []], [13, []], [12, [12]], [8, []], [17, [17, 11]], [20, []], [10, [18, 10]], [18, []], [11, []]]], [[[12, [12]]], [[7, [2, 5]]], [[19, [19, 6]]], [[17, [17, 11]]], [[10, [18, 10]]], [[1, [1, 16]]]]]], "Numrun": 5, "all_fitness": [213.42800163517433, 207.07999999999998]}
{"file_name": "U_20_0", "number_of_trucks": 2, "drone_capacity": 2, "number_of_drones": 2, "iteration": 3, "best_fitness": 210.62800163517431, "runtime": 272.2112157344818, "best_solution": [[[[0, [4, 3, 20, 8, 13]], [3, []], [4, []], [13, []], [12, [12, 18]], [8, []], [17, [17, 1]], [20, []], [10, [10, 11]], [18, []], [1, []], [11, []]], [[0, [9, 15]], [14, [14]], [7, [2, 7]], [9, []], [2, []], [6, [6, 19]], [19, []], [15, []], [16, [5, 16]], [5, []]]], [[[12, [12, 18]]], [[14, [14]]], [[7, [2, 7]]], [[17, [17, 1]]], [[6, [6, 19]]], [[16, [16]]], [[10, [10, 11]]], [[16, [5]]]]], "all_solution": [[[[[0, [14, 7, 9]], [14, []], [7, [2, 5]], [9, []], [2, []], [19, [19, 6]], [6, []], [16, [16, 11]], [5, []], [11, []]], [[0, [20, 4, 13, 15]], [3, [3, 8]], [4, []], [13, []], [12, [12]], [8, []], [17, [17, 18]], [20, []], [10, [10, 1]], [15, []], [18, []], [1, []]]], [[[3, [3]]], [[3, [8]]], [[12, [12]]], [[7, [2, 5]]], [[17, [17, 18]]], [[19, [19, 6]]], [[16, [16, 11]]], [[10, [10, 1]]]]], [[[[0, [14, 7, 9, 15]], [14, []], [7, [2, 5]], [9, []], [2, []], [19, [19, 6]], [6, []], [15, []], [1, [1, 16]], [16, []], [5, []]], [[0, [20, 8, 4, 13, 3]], [3, []], [4, []], [13, []], [12, [12]], [8, []], [17, [17, 11]], [20, []], [10, [18, 10]], [18, []], [11, []]]], [[[12, [12]]], [[7, [2, 5]]], [[19, [19, 6]]], [[17, [17, 11]]], [[10, [18, 10]]], [[1, [1, 16]]]]], [[[[0, [4, 3, 20, 8, 13]], [3, []], [4, []], [13, []], [12, [12, 18]], [8, []], [17, [17, 1]], [20, []], [10, [10, 11]], [18, []], [1, []], [11, []]], [[0, [9, 15]], [14, [14]], [7, [2, 7]], [9, []], [2, []], [6, [6, 19]], [19, []], [15, []], [16, [5, 16]], [5, []]]], [[[12, [12, 18]]], [[14, [14]]], [[7, [2, 7]]], [[17, [17, 1]]], [[6, [6, 19]]], [[16, [16]]], [[10, [10, 11]]], [[16, [5]]]]]], "Numrun": 5, "all_fitness": [213.42800163517433, 207.07999999999998, 210.62800163517431]}
{"file_name": "U_20_0", "number_of_trucks": 2, "drone_capacity": 2, "number_of_drones": 2, "iteration": 4, "best_fitness": 220.9480016351743, "runtime": 189.57542729377747, "best_solution": [[[[0, [3, 13, 4]], [4, [8, 20]], [3, []], [13, []], [12, [12, 10]], [8, []], [17, [17, 16]], [20, []], [10, []], [1, [1, 11]], [11, []], [16, []]], [[0, [5, 2, 7, 14, 18, 15, 9]], [5, []], [14, []], [7, []], [9, []], [2, []], [19, [19, 6]], [6, []], [18, []], [15, []]]], [[[4, [8, 20]]], [[12, [12, 10]]], [[17, [17, 16]]], [[19, [19, 6]]], [[1, [1, 11]]]]], "all_solution": [[[[[0, [14, 7, 9]], [14, []], [7, [2, 5]], [9, []], [2, []], [19, [19, 6]], [6, []], [16, [16, 11]], [5, []], [11, []]], [[0, [20, 4, 13, 15]], [3, [3, 8]], [4, []], [13, []], [12, [12]], [8, []], [17, [17, 18]], [20, []], [10, [10, 1]], [15, []], [18, []], [1, []]]], [[[3, [3]]], [[3, [8]]], [[12, [12]]], [[7, [2, 5]]], [[17, [17, 18]]], [[19, [19, 6]]], [[16, [16, 11]]], [[10, [10, 1]]]]], [[[[0, [14, 7, 9, 15]], [14, []], [7, [2, 5]], [9, []], [2, []], [19, [19, 6]], [6, []], [15, []], [1, [1, 16]], [16, []], [5, []]], [[0, [20, 8, 4, 13, 3]], [3, []], [4, []], [13, []], [12, [12]], [8, []], [17, [17, 11]], [20, []], [10, [18, 10]], [18, []], [11, []]]], [[[12, [12]]], [[7, [2, 5]]], [[19, [19, 6]]], [[17, [17, 11]]], [[10, [18, 10]]], [[1, [1, 16]]]]], [[[[0, [4, 3, 20, 8, 13]], [3, []], [4, []], [13, []], [12, [12, 18]], [8, []], [17, [17, 1]], [20, []], [10, [10, 11]], [18, []], [1, []], [11, []]], [[0, [9, 15]], [14, [14]], [7, [2, 7]], [9, []], [2, []], [6, [6, 19]], [19, []], [15, []], [16, [5, 16]], [5, []]]], [[[12, [12, 18]]], [[14, [14]]], [[7, [2, 7]]], [[17, [17, 1]]], [[6, [6, 19]]], [[16, [16]]], [[10, [10, 11]]], [[16, [5]]]]], [[[[0, [3, 13, 4]], [4, [8, 20]], [3, []], [13, []], [12, [12, 10]], [8, []], [17, [17, 16]], [20, []], [10, []], [1, [1, 11]], [11, []], [16, []]], [[0, [5, 2, 7, 14, 18, 15, 9]], [5, []], [14, []], [7, []], [9, []], [2, []], [19, [19, 6]], [6, []], [18, []], [15, []]]], [[[4, [8, 20]]], [[12, [12, 10]]], [[17, [17, 16]]], [[19, [19, 6]]], [[1, [1, 11]]]]]], "Numrun": 5, "all_fitness": [213.42800163517433, 207.07999999999998, 210.62800163517431, 220.9480016351743]}
{"file_name": "U_20_0", "number_of_trucks": 2, "drone_capacity": 2, "number_of_drones": 2, "iteration": 5, "best_fitness": 216.38212518181706, "runtime": 135.6010603904724, "best_solution": [[[[0, [3, 4, 13]], [3, [20, 8]], [4, []], [13, []], [12, [12, 5]], [8, []], [17, [17, 10]], [20, []], [10, []], [18, [18, 16]], [16, []], [5, []]], [[0, [7, 9, 14, 15]], [14, []], [15, []], [7, [2, 6]], [9, []], [2, []], [6, []], [19, [19, 1]], [1, []], [11, [11]]]], [[[3, [20, 8]]], [[12, [12, 5]]], [[7, [2, 6]]], [[17, [17, 10]]], [[19, [19, 1]]], [[18, [18, 16]]], [[11, [11]]]]],