{"file_name": "U_15_1", "number_of_trucks": 2, "drone_capacity": 2, "number_of_drones": 2, "iteration": 1, "best_fitness": 292.90242250513086, "runtime": 46.63797664642334, "best_solution": [[[[0, [10]], [10, []], [1, [1, 14]], [14, []], [13, [13]], [3, [3, 8]], [8, []]], [[0, [12]], [11, [5, 11]], [5, []], [2, [2, 15]], [15, []], [12, []], [4, [4, 7]], [7, []], [9, [9, 6]], [6, []]]], [[[11, [5, 11]]], [[2, [2, 15]]], [[1, [1, 14]]], [[4, [4, 7]]], [[13, [13]]], [[9, [9, 6]]], [[3, [3, 8]]]]], "all_solution": [[[[[0, [10]], [10, []], [1, [1, 14]], [14, []], [13, [13]], [3, [3, 8]], [8, []]], [[0, [12]], [11, [5, 11]], [5, []], [2, [2, 15]], [15, []], [12, []], [4, [4, 7]], [7, []], [9, [9, 6]], [6, []]]], [[[11, [5, 11]]], [[2, [2, 15]]], [[1, [1, 14]]], [[4, [4, 7]]], [[13, [13]]], [[9, [9, 6]]], [[3, [3, 8]]]]]], "Numrun": 5, "all_fitness": [292.90242250513086]}
{"file_name": "U_15_1", "number_of_trucks": 2, "drone_capacity": 2, "number_of_drones": 2, "iteration": 2, "best_fitness": 292.90242250513086, "runtime": 48.90398168563843, "best_solution": [[[[0, [11, 5]], [11, []], [5, []], [1, [1]], [4, [4, 7]], [7, []], [9, [9, 6]], [6, []]], [[0, []], [12, [10, 12]], [2, [2, 15]], [10, []], [15, []], [13, [13, 14]], [14, []], [3, [3, 8]], [8, []]]], [[[12, [10, 12]]], [[2, [2, 15]]], [[1, [1]]], [[13, [13, 14]]], [[4, [4, 7]]], [[9, [9, 6]]], [[3, [3, 8]]]]], "all_solution": [[[[[0, [10]], [10, []], [1, [1, 14]], [14, []], [13, [13]], [3, [3, 8]], [8, []]], [[0, [12]], [11, [5, 11]], [5, []], [2, [2, 15]], [15, []], [12, []], [4, [4, 7]], [7, []], [9, [9, 6]], [6, []]]], [[[11, [5, 11]]], [[2, [2, 15]]], [[1, [1, 14]]], [[4, [4, 7]]], [[13, [13]]], [[9, [9, 6]]], [[3, [3, 8]]]]], [[[[0, [11, 5]], [11, []], [5, []], [1, [1]], [4, [4, 7]], [7, []], [9, [9, 6]], [6, []]], [[0, []], [12, [10, 12]], [2, [2, 15]], [10, []], [15, []], [13, [13, 14]], [14, []], [3, [3, 8]], [8, []]]], [[[12, [10, 12]]], [[2, [2, 15]]], [[1, [1]]], [[13, [13, 14]]], [[4, [4, 7]]], [[9, [9, 6]]], [[3, [3, 8]]]]]], "Numrun": 5, "all_fitness": [292.90242250513086, 292.90242250513086]}
{"file_name": "U_15_1", "number_of_trucks": 2, "drone_capacity": 2, "number_of_drones": 2, "iteration": 3, "best_fitness": 294.90242250513086, "runtime": 44.64630126953125, "best_solution": [[[[0, [5]], [11, [11]], [5, []], [1, [1]], [4, [4, 9]], [9, []], [7, [7, 6]], [6, []]], [[0, [12, 10]], [12, []], [15, [15, 2]], [10, []], [2, []], [13, [13, 14]], [14, []], [3, [3, 8]], [8, []]]], [[[11, [11]]], [[1, [1]]], [[15, [15, 2]]], [[4, [4, 9]]], [[13, [13, 14]]], [[7, [7, 6]]], [[3, [3, 8]]]]], "all_solution": [[[[[0, [10]], [10, []], [1, [1, 14]], [14, []], [13, [13]], [3, [3, 8]], [8, []]], [[0, [12]], [11, [5, 11]], [5, []], [2, [2, 15]], [15, []], [12, []], [4, [4, 7]], [7, []], [9, [9, 6]], [6, []]]], [[[11, [5, 11]]], [[2, [2, 15]]], [[1, [1, 14]]], [[4, [4, 7]]], [[13, [13]]], [[9, [9, 6]]], [[3, [3, 8]]]]], [[[[0, [11, 5]], [11, []], [5, []], [1, [1]], [4, [4, 7]], [7, []], [9, [9, 6]], [6, []]], [[0, []], [12, [10, 12]], [2, [2, 15]], [10, []], [15, []], [13, [13, 14]], [14, []], [3, [3, 8]], [8, []]]], [[[12, [10, 12]]], [[2, [2, 15]]], [[1, [1]]], [[13, [13, 14]]], [[4, [4, 7]]], [[9, [9, 6]]], [[3, [3, 8]]]]], [[[[0, [5]], [11, [11]], [5, []], [1, [1]], [4, [4, 9]], [9, []], [7, [7, 6]], [6, []]], [[0, [12, 10]], [12, []], [15, [15, 2]], [10, []], [2, []], [13, [13, 14]], [14, []], [3, [3, 8]], [8, []]]], [[[11, [11]]], [[1, [1]]], [[15, [15, 2]]], [[4, [4, 9]]], [[13, [13, 14]]], [[7, [7, 6]]], [[3, [3, 8]]]]]], "Numrun": 5, "all_fitness": [292.90242250513086, 292.90242250513086, 294.90242250513086]}
{"file_name": "U_15_1", "number_of_trucks": 2, "drone_capacity": 2, "number_of_drones": 2, "iteration": 4, "best_fitness": 292.90242250513086, "runtime": 78.9090895652771, "best_solution": [[[[0, []], [12, [12]], [1, [1, 15]], [15, []], [13, [13, 14]], [14, []], [3, [3, 8]], [8, []]], [[0, [10]], [11, [11, 5]], [5, []], [2, [2]], [10, []], [4, [4, 7]], [7, []], [9, [9, 6]], [6, []]]], [[[11, [11, 5]]], [[12, [12]]], [[2, [2]]], [[1, [1, 15]]], [[13, [13, 14]]], [[4, [4, 7]]], [[9, [9, 6]]], [[3, [3, 8]]]]], "all_solution": [[[[[0, [10]], [10, []], [1, [1, 14]], [14, []], [13, [13]], [3, [3, 8]], [8, []]], [[0, [12]], [11, [5, 11]], [5, []], [2, [2, 15]], [15, []], [12, []], [4, [4, 7]], [7, []], [9, [9, 6]], [6, []]]], [[[11, [5, 11]]], [[2, [2, 15]]], [[1, [1, 14]]], [[4, [4, 7]]], [[13, [13]]], [[9, [9, 6]]], [[3, [3, 8]]]]], [[[[0, [11, 5]], [11, []], [5, []], [1, [1]], [4, [4, 7]], [7, []], [9, [9, 6]], [6, []]], [[0, []], [12, [10, 12]], [2, [2, 15]], [10, []], [15, []], [13, [13, 14]], [14, []], [3, [3, 8]], [8, []]]], [[[12, [10, 12]]], [[2, [2, 15]]], [[1, [1]]], [[13, [13, 14]]], [[4, [4, 7]]], [[9, [9, 6]]], [[3, [3, 8]]]]], [[[[0, [5]], [11, [11]], [5, []], [1, [1]], [4, [4, 9]], [9, []], [7, [7, 6]], [6, []]], [[0, [12, 10]], [12, []], [15, [15, 2]], [10, []], [2, []], [13, [13, 14]], [14, []], [3, [3, 8]], [8, []]]], [[[11, [11]]], [[1, [1]]], [[15, [15, 2]]], [[4, [4, 9]]], [[13, [13, 14]]], [[7, [7, 6]]], [[3, [3, 8]]]]], [[[[0, []], [12, [12]], [1, [1, 15]], [15, []], [13, [13, 14]], [14, []], [3, [3, 8]], [8, []]], [[0, [10]], [11, [11, 5]], [5, []], [2, [2]], [10, []], [4, [4, 7]], [7, []], [9, [9, 6]], [6, []]]], [[[11, [11, 5]]], [[12, [12]]], [[2, [2]]], [[1, [1, 15]]], [[13, [13, 14]]], [[4, [4, 7]]], [[9, [9, 6]]], [[3, [3, 8]]]]]], "Numrun": 5, "all_fitness": [292.90242250513086, 292.90242250513086, 294.90242250513086, 292.90242250513086]}
{"file_name": "U_15_1", "number_of_trucks": 2, "drone_capacity": 2, "number_of_drones": 2, "iteration": 5, "best_fitness": 295.07623872161344, "runtime": 69.03554630279541, "best_solution": [[[[0, [12, 10, 5]], [11, [11]], [12, []], [10, []], [13, [13, 14]], [5, []], [14, []], [3, [3, 8]], [8, []]], [[0, []], [15, [15, 2]], [2, [1]], [4, [4, 9]], [9, []], [7, [7, 6]], [1, []], [6, []]]], [[[11, [11]]], [[15, [15, 2]]], [[2, [1]]], [[4, [4, 9]]], [[13, [13, 14]]], [[7, [7, 6]]], [[3, [3, 8]]]]], "all_solution": [[[[[0, [10]], [10, []], [1, [1, 14]], [14, []], [13, [13]], [3, [3, 8]], [8, []]], [[0, [12]], [11, [5, 11]], [5, []], [2, [2, 15]], [15, []], [12, []], [4, [4, 7]], [7, []], [9, [9, 6]], [6, []]]], [[[11, [5, 11]]], [[2, [2, 15]]], [[1, [1, 14]]], [[4, [4, 7]]], [[13, [13]]], [[9, [9, 6]]], [[3, [3, 8]]]]], [[[[0, [11, 5]], [11, []], [5, []], [1, [1]], [4, [4, 7]], [7, []], [9, [9, 6]], [6, []]], [[0, []], [12, [10, 12]], [2, [2, 15]], [10, []], [15, []], [13, [13, 14]], [14, []], [3, [3, 8]], [8, []]]], [[[12, [10, 12]]], [[2, [2, 15]]], [[1, [1]]], [[13, [13, 14]]], [[4, [4, 7]]], [[9, [9, 6]]], [[3, [3, 8]]]]], [[[[0, [5]], [11, [11]], [5, []], [1, [1]], [4, [4, 9]], [9, []], [7, [7, 6]], [6, []]], [[0, [12, 10]], [12, []], [15, [15, 2]], [10, []], [2, []], [13, [13, 14]], [14, []], [3, [3, 8]], [8, []]]], [[[11, [11]]], [[1, [1]]], [[15, [15, 2]]], [[4, [4, 9]]], [[13, [13, 14]]], [[7, [7, 6]]], [[3, [3, 8]]]]], [[[[0, []], [12, [12]], [1, [1, 15]], [15, []], [13, [13, 14]], [14, []], [3, [3, 8]], [8, []]], [[0, [10]], [11, [11, 5]], [5, []], [2, [2]], [10, []], [4, [4, 7]], [7, []], [9, [9, 6]], [6, []]]], [[[11, [11, 5]]], [[12, [12]]], [[2, [2]]], [[1, [1, 15]]], [[13, [13, 14]]], [[4, [4, 7]]], [[9, [9, 6]]], [[3, [3, 8]]]]], [[[[0, [12, 10, 5]], [11, [11]], [12, []], [10, []], [13, [13, 14]], [5, []], [14, []], [3, [3, 8]], [8, []]], [[0, []], [15, [15, 2]], [2, [1]], [4, [4, 9]], [9, []], [7, [7, 6]], [1, []], [6, []]]], [[[11, [11]]], [[15, [15, 2]]], [[2, [1]]], [[4, [4, 9]]], [[13, [13, 14]]], [[7, [7, 6]]], [[3, [3, 8]]]]]], "Numrun": 5, "all_fitness": [292.90242250513086, 292.90242250513086, 294.90242250513086, 292.90242250513086, 295.07623872161344]}
