{"file_name": "U_15_1", "number_of_trucks": 2, "drone_capacity": 2, "number_of_drones": 2, "iteration": 1, "best_fitness": 308.599459579604, "runtime": 55.77845788002014, "best_solution": [[[[0, [12, 5, 11]], [5, []], [11, []], [12, []], [15, [15, 4]], [4, []], [3, [3]]], [[0, [2, 9, 6, 13]], [6, [1]], [1, []], [2, []], [9, []], [8, [8, 7]], [7, []], [13, []], [14, [14, 10]], [10, []]]], [[[6, [1]]], [[15, [15, 4]]], [[8, [8, 7]]], [[14, [14, 10]]], [[3, [3]]]]], "all_solution": [[[[[0, [12, 5, 11]], [5, []], [11, []], [12, []], [15, [15, 4]], [4, []], [3, [3]]], [[0, [2, 9, 6, 13]], [6, [1]], [1, []], [2, []], [9, []], [8, [8, 7]], [7, []], [13, []], [14, [14, 10]], [10, []]]], [[[6, [1]]], [[15, [15, 4]]], [[8, [8, 7]]], [[14, [14, 10]]], [[3, [3]]]]]], "Numrun": 5, "all_fitness": [308.599459579604]}
{"file_name": "U_15_1", "number_of_trucks": 2, "drone_capacity": 2, "number_of_drones": 2, "iteration": 2, "best_fitness": 308.2500699367885, "runtime": 83.32329964637756, "best_solution": [[[[0, [11, 5, 12, 1]], [11, []], [5, []], [12, []], [15, [15, 4]], [1, []], [4, []], [3, [3]]], [[0, [2, 9, 6, 13]], [6, []], [2, []], [9, []], [13, []], [8, [8, 7]], [7, []], [14, [14, 10]], [10, []]]], [[[15, [15, 4]]], [[8, [8, 7]]], [[14, [14, 10]]], [[3, [3]]]]], "all_solution": [[[[[0, [12, 5, 11]], [5, []], [11, []], [12, []], [15, [15, 4]], [4, []], [3, [3]]], [[0, [2, 9, 6, 13]], [6, [1]], [1, []], [2, []], [9, []], [8, [8, 7]], [7, []], [13, []], [14, [14, 10]], [10, []]]], [[[6, [1]]], [[15, [15, 4]]], [[8, [8, 7]]], [[14, [14, 10]]], [[3, [3]]]]], [[[[0, [11, 5, 12, 1]], [11, []], [5, []], [12, []], [15, [15, 4]], [1, []], [4, []], [3, [3]]], [[0, [2, 9, 6, 13]], [6, []], [2, []], [9, []], [13, []], [8, [8, 7]], [7, []], [14, [14, 10]], [10, []]]], [[[15, [15, 4]]], [[8, [8, 7]]], [[14, [14, 10]]], [[3, [3]]]]]], "Numrun": 5, "all_fitness": [308.599459579604, 308.2500699367885]}
{"file_name": "U_15_1", "number_of_trucks": 2, "drone_capacity": 2, "number_of_drones": 2, "iteration": 3, "best_fitness": 307.8163467792325, "runtime": 53.568793535232544, "best_solution": [[[[0, [2]], [5, [5]], [6, [6, 9]], [9, []], [4, [4, 7]], [2, []], [10, [10, 8]], [8, []], [7, []], [14, [14]]], [[0, [1]], [11, [11, 12]], [13, [13]], [12, []], [1, []], [15, [15]], [3, [3]]]], [[[11, [11, 12]]], [[5, [5]]], [[6, [6, 9]]], [[13, [13]]], [[4, [4, 7]]], [[15, [15]]], [[10, [10, 8]]], [[14, [14]]], [[3, [3]]]]], "all_solution": [[[[[0, [12, 5, 11]], [5, []], [11, []], [12, []], [15, [15, 4]], [4, []], [3, [3]]], [[0, [2, 9, 6, 13]], [6, [1]], [1, []], [2, []], [9, []], [8, [8, 7]], [7, []], [13, []], [14, [14, 10]], [10, []]]], [[[6, [1]]], [[15, [15, 4]]], [[8, [8, 7]]], [[14, [14, 10]]], [[3, [3]]]]], [[[[0, [11, 5, 12, 1]], [11, []], [5, []], [12, []], [15, [15, 4]], [1, []], [4, []], [3, [3]]], [[0, [2, 9, 6, 13]], [6, []], [2, []], [9, []], [13, []], [8, [8, 7]], [7, []], [14, [14, 10]], [10, []]]], [[[15, [15, 4]]], [[8, [8, 7]]], [[14, [14, 10]]], [[3, [3]]]]], [[[[0, [2]], [5, [5]], [6, [6, 9]], [9, []], [4, [4, 7]], [2, []], [10, [10, 8]], [8, []], [7, []], [14, [14]]], [[0, [1]], [11, [11, 12]], [13, [13]], [12, []], [1, []], [15, [15]], [3, [3]]]], [[[11, [11, 12]]], [[5, [5]]], [[6, [6, 9]]], [[13, [13]]], [[4, [4, 7]]], [[15, [15]]], [[10, [10, 8]]], [[14, [14]]], [[3, [3]]]]]], "Numrun": 5, "all_fitness": [308.599459579604, 308.2500699367885, 307.8163467792325]}
{"file_name": "U_15_1", "number_of_trucks": 2, "drone_capacity": 2, "number_of_drones": 2, "iteration": 4, "best_fitness": 306.98672489208315, "runtime": 57.17685031890869, "best_solution": [[[[0, [6, 5, 1, 11]], [11, []], [6, []], [1, []], [5, []], [15, [15]], [3, [3]]], [[0, [2, 12]], [12, []], [2, []], [4, [4, 9, 7, 13]], [9, []], [7, []], [10, [10, 8]], [8, []], [14, [14]], [13, []]]], [[[4, [9, 7]]], [[4, [4, 13]]], [[15, [15]]], [[10, [10, 8]]], [[14, [14]]], [[3, [3]]]]], "all_solution": [[[[[0, [12, 5, 11]], [5, []], [11, []], [12, []], [15, [15, 4]], [4, []], [3, [3]]], [[0, [2, 9, 6, 13]], [6, [1]], [1, []], [2, []], [9, []], [8, [8, 7]], [7, []], [13, []], [14, [14, 10]], [10, []]]], [[[6, [1]]], [[15, [15, 4]]], [[8, [8, 7]]], [[14, [14, 10]]], [[3, [3]]]]], [[[[0, [11, 5, 12, 1]], [11, []], [5, []], [12, []], [15, [15, 4]], [1, []], [4, []], [3, [3]]], [[0, [2, 9, 6, 13]], [6, []], [2, []], [9, []], [13, []], [8, [8, 7]], [7, []], [14, [14, 10]], [10, []]]], [[[15, [15, 4]]], [[8, [8, 7]]], [[14, [14, 10]]], [[3, [3]]]]], [[[[0, [2]], [5, [5]], [6, [6, 9]], [9, []], [4, [4, 7]], [2, []], [10, [10, 8]], [8, []], [7, []], [14, [14]]], [[0, [1]], [11, [11, 12]], [13, [13]], [12, []], [1, []], [15, [15]], [3, [3]]]], [[[11, [11, 12]]], [[5, [5]]], [[6, [6, 9]]], [[13, [13]]], [[4, [4, 7]]], [[15, [15]]], [[10, [10, 8]]], [[14, [14]]], [[3, [3]]]]], [[[[0, [6, 5, 1, 11]], [11, []], [6, []], [1, []], [5, []], [15, [15]], [3, [3]]], [[0, [2, 12]], [12, []], [2, []], [4, [4, 9, 7, 13]], [9, []], [7, []], [10, [10, 8]], [8, []], [14, [14]], [13, []]]], [[[4, [9, 7]]], [[4, [4, 13]]], [[15, [15]]], [[10, [10, 8]]], [[14, [14]]], [[3, [3]]]]]], "Numrun": 5, "all_fitness": [308.599459579604, 308.2500699367885, 307.8163467792325, 306.98672489208315]}
{"file_name": "U_15_1", "number_of_trucks": 2, "drone_capacity": 2, "number_of_drones": 2, "iteration": 5, "best_fitness": 314.4163467792325, "runtime": 52.02178907394409, "best_solution": [[[[0, [12, 5]], [12, []], [5, []], [13, [13]], [10, [10, 7]], [7, []], [8, [8, 14]], [14, []]], [[0, [2]], [2, [1, 11]], [1, []], [6, [6, 9]], [9, []], [15, [15, 4]], [4, []], [3, [3]], [11, []]]], [[[2, [1, 11]]], [[6, [6, 9]]], [[13, [13]]], [[15, [15, 4]]], [[10, [10, 7]]], [[8, [8, 14]]], [[3, [3]]]]], "all_solution": [[[[[0, [12, 5, 11]], [5, []], [11, []], [12, []], [15, [15, 4]], [4, []], [3, [3]]], [[0, [2, 9, 6, 13]], [6, [1]], [1, []], [2, []], [9, []], [8, [8, 7]], [7, []], [13, []], [14, [14, 10]], [10, []]]], [[[6, [1]]], [[15, [15, 4]]], [[8, [8, 7]]], [[14, [14, 10]]], [[3, [3]]]]], [[[[0, [11, 5, 12, 1]], [11, []], [5, []], [12, []], [15, [15, 4]], [1, []], [4, []], [3, [3]]], [[0, [2, 9, 6, 13]], [6, []], [2, []], [9, []], [13, []], [8, [8, 7]], [7, []], [14, [14, 10]], [10, []]]], [[[15, [15, 4]]], [[8, [8, 7]]], [[14, [14, 10]]], [[3, [3]]]]], [[[[0, [2]], [5, [5]], [6, [6, 9]], [9, []], [4, [4, 7]], [2, []], [10, [10, 8]], [8, []], [7, []], [14, [14]]], [[0, [1]], [11, [11, 12]], [13, [13]], [12, []], [1, []], [15, [15]], [3, [3]]]], [[[11, [11, 12]]], [[5, [5]]], [[6, [6, 9]]], [[13, [13]]], [[4, [4, 7]]], [[15, [15]]], [[10, [10, 8]]], [[14, [14]]], [[3, [3]]]]], [[[[0, [6, 5, 1, 11]], [11, []], [6, []], [1, []], [5, []], [15, [15]], [3, [3]]], [[0, [2, 12]], [12, []], [2, []], [4, [4, 9, 7, 13]], [9, []], [7, []], [10, [10, 8]], [8, []], [14, [14]], [13, []]]], [[[4, [9, 7]]], [[4, [4, 13]]], [[15, [15]]], [[10, [10, 8]]], [[14, [14]]], [[3, [3]]]]], [[[[0, [12, 5]], [12, []], [5, []], [13, [13]], [10, [10, 7]], [7, []], [8, [8, 14]], [14, []]], [[0, [2]], [2, [1, 11]], [1, []], [6, [6, 9]], [9, []], [15, [15, 4]], [4, []], [3, [3]], [11, []]]], [[[2, [1, 11]]], [[6, [6, 9]]], [[13, [13]]], [[15, [15, 4]]], [[10, [10, 7]]], [[8, [8, 14]]], [[3, [3]]]]]], "Numrun": 5, "all_fitness": [308.599459579604, 308.2500699367885, 307.8163467792325, 306.98672489208315, 314.4163467792325]}
