{"file_name": "U_20_1", "number_of_trucks": 2, "drone_capacity": 2, "number_of_drones": 2, "iteration": 1, "best_fitness": 284.16779677950507, "runtime": 123.38219499588013, "best_solution": [[[[0, [20, 19]], [20, []], [19, [2]], [2, []], [16, [16, 3]], [3, []], [13, [13, 17]], [8, [8, 1]], [17, []], [1, []]], [[0, []], [4, [4]], [12, [12, 7]], [15, [15, 18]], [18, []], [11, [11, 5]], [5, []], [14, [14, 10]], [7, []], [9, [9, 6]], [6, []], [10, []]]], [[[4, [4]]], [[19, [2]]], [[12, [12, 7]]], [[16, [16, 3]]], [[15, [15, 18]]], [[13, [13, 17]]], [[11, [11, 5]]], [[14, [14, 10]]], [[8, [8, 1]]], [[9, [9, 6]]]]], "all_solution": [[[[[0, [20, 19]], [20, []], [19, [2]], [2, []], [16, [16, 3]], [3, []], [13, [13, 17]], [8, [8, 1]], [17, []], [1, []]], [[0, []], [4, [4]], [12, [12, 7]], [15, [15, 18]], [18, []], [11, [11, 5]], [5, []], [14, [14, 10]], [7, []], [9, [9, 6]], [6, []], [10, []]]], [[[4, [4]]], [[19, [2]]], [[12, [12, 7]]], [[16, [16, 3]]], [[15, [15, 18]]], [[13, [13, 17]]], [[11, [11, 5]]], [[14, [14, 10]]], [[8, [8, 1]]], [[9, [9, 6]]]]]], "Numrun": 5, "all_fitness": [284.16779677950507]}
{"file_name": "U_20_1", "number_of_trucks": 2, "drone_capacity": 2, "number_of_drones": 2, "iteration": 2, "best_fitness": 281.5633646216962, "runtime": 131.39864659309387, "best_solution": [[[[0, [4, 19]], [19, []], [7, [7, 12]], [11, [11, 3]], [3, []], [4, []], [13, [13]], [12, [1]], [8, [8, 17]], [17, []], [1, []]], [[0, [20]], [20, []], [16, [16, 2]], [18, [18, 14, 15]], [15, []], [5, [5]], [14, []], [9, [9, 6]], [2, []], [6, []], [10, [10]]]], [[[7, [7, 12]]], [[16, [16, 2]]], [[18, [15]]], [[11, [11, 3]]], [[18, [18, 14]]], [[13, [13]]], [[5, [5]]], [[12, [1]]], [[8, [8, 17]]], [[9, [9, 6]]], [[10, [10]]]]], "all_solution": [[[[[0, [20, 19]], [20, []], [19, [2]], [2, []], [16, [16, 3]], [3, []], [13, [13, 17]], [8, [8, 1]], [17, []], [1, []]], [[0, []], [4, [4]], [12, [12, 7]], [15, [15, 18]], [18, []], [11, [11, 5]], [5, []], [14, [14, 10]], [7, []], [9, [9, 6]], [6, []], [10, []]]], [[[4, [4]]], [[19, [2]]], [[12, [12, 7]]], [[16, [16, 3]]], [[15, [15, 18]]], [[13, [13, 17]]], [[11, [11, 5]]], [[14, [14, 10]]], [[8, [8, 1]]], [[9, [9, 6]]]]], [[[[0, [4, 19]], [19, []], [7, [7, 12]], [11, [11, 3]], [3, []], [4, []], [13, [13]], [12, [1]], [8, [8, 17]], [17, []], [1, []]], [[0, [20]], [20, []], [16, [16, 2]], [18, [18, 14, 15]], [15, []], [5, [5]], [14, []], [9, [9, 6]], [2, []], [6, []], [10, [10]]]], [[[7, [7, 12]]], [[16, [16, 2]]], [[18, [15]]], [[11, [11, 3]]], [[18, [18, 14]]], [[13, [13]]], [[5, [5]]], [[12, [1]]], [[8, [8, 17]]], [[9, [9, 6]]], [[10, [10]]]]]], "Numrun": 5, "all_fitness": [284.16779677950507, 281.5633646216962]}
{"file_name": "U_20_1", "number_of_trucks": 2, "drone_capacity": 2, "number_of_drones": 2, "iteration": 3, "best_fitness": 278.76, "runtime": 151.98184466362, "best_solution": [[[[0, [19, 2, 7, 16, 15, 11]], [11, []], [16, []], [5, [5, 14, 1]], [14, []], [1, []], [15, []], [7, []], [19, []], [9, [9, 6]], [2, []], [6, []]], [[0, [12, 18, 3]], [18, []], [3, [13, 4]], [4, []], [13, []], [12, [17, 20]], [8, [8, 10]], [17, []], [20, []], [10, []]]], [[[5, [5, 1]]], [[5, [14]]], [[3, [13, 4]]], [[12, [17, 20]]], [[8, [8, 10]]], [[9, [9, 6]]]]], "all_solution": [[[[[0, [20, 19]], [20, []], [19, [2]], [2, []], [16, [16, 3]], [3, []], [13, [13, 17]], [8, [8, 1]], [17, []], [1, []]], [[0, []], [4, [4]], [12, [12, 7]], [15, [15, 18]], [18, []], [11, [11, 5]], [5, []], [14, [14, 10]], [7, []], [9, [9, 6]], [6, []], [10, []]]], [[[4, [4]]], [[19, [2]]], [[12, [12, 7]]], [[16, [16, 3]]], [[15, [15, 18]]], [[13, [13, 17]]], [[11, [11, 5]]], [[14, [14, 10]]], [[8, [8, 1]]], [[9, [9, 6]]]]], [[[[0, [4, 19]], [19, []], [7, [7, 12]], [11, [11, 3]], [3, []], [4, []], [13, [13]], [12, [1]], [8, [8, 17]], [17, []], [1, []]], [[0, [20]], [20, []], [16, [16, 2]], [18, [18, 14, 15]], [15, []], [5, [5]], [14, []], [9, [9, 6]], [2, []], [6, []], [10, [10]]]], [[[7, [7, 12]]], [[16, [16, 2]]], [[18, [15]]], [[11, [11, 3]]], [[18, [18, 14]]], [[13, [13]]], [[5, [5]]], [[12, [1]]], [[8, [8, 17]]], [[9, [9, 6]]], [[10, [10]]]]], [[[[0, [19, 2, 7, 16, 15, 11]], [11, []], [16, []], [5, [5, 14, 1]], [14, []], [1, []], [15, []], [7, []], [19, []], [9, [9, 6]], [2, []], [6, []]], [[0, [12, 18, 3]], [18, []], [3, [13, 4]], [4, []], [13, []], [12, [17, 20]], [8, [8, 10]], [17, []], [20, []], [10, []]]], [[[5, [5, 1]]], [[5, [14]]], [[3, [13, 4]]], [[12, [17, 20]]], [[8, [8, 10]]], [[9, [9, 6]]]]]], "Numrun": 5, "all_fitness": [284.16779677950507, 281.5633646216962, 278.76]}
{"file_name": "U_20_1", "number_of_trucks": 2, "drone_capacity": 2, "number_of_drones": 2, "iteration": 4, "best_fitness": 276.86883473173947, "runtime": 160.9495141506195, "best_solution": [[[[0, [20, 7, 12, 3, 4]], [7, []], [18, [18]], [5, [5, 13]], [3, []], [4, []], [13, []], [12, []], [8, [8, 17]], [17, []], [20, []]], [[0, [11, 15, 16, 2, 19, 14]], [14, []], [16, []], [11, []], [1, [1, 10]], [15, []], [19, []], [9, [9, 6]], [2, []], [6, []], [10, []]]], [[[18, [18]]], [[5, [5, 13]]], [[1, [1, 10]]], [[8, [8, 17]]], [[9, [9, 6]]]]], "all_solution": [[[[[0, [20, 19]], [20, []], [19, [2]], [2, []], [16, [16, 3]], [3, []], [13, [13, 17]], [8, [8, 1]], [17, []], [1, []]], [[0, []], [4, [4]], [12, [12, 7]], [15, [15, 18]], [18, []], [11, [11, 5]], [5, []], [14, [14, 10]], [7, []], [9, [9, 6]], [6, []], [10, []]]], [[[4, [4]]], [[19, [2]]], [[12, [12, 7]]], [[16, [16, 3]]], [[15, [15, 18]]], [[13, [13, 17]]], [[11, [11, 5]]], [[14, [14, 10]]], [[8, [8, 1]]], [[9, [9, 6]]]]], [[[[0, [4, 19]], [19, []], [7, [7, 12]], [11, [11, 3]], [3, []], [4, []], [13, [13]], [12, [1]], [8, [8, 17]], [17, []], [1, []]], [[0, [20]], [20, []], [16, [16, 2]], [18, [18, 14, 15]], [15, []], [5, [5]], [14, []], [9, [9, 6]], [2, []], [6, []], [10, [10]]]], [[[7, [7, 12]]], [[16, [16, 2]]], [[18, [15]]], [[11, [11, 3]]], [[18, [18, 14]]], [[13, [13]]], [[5, [5]]], [[12, [1]]], [[8, [8, 17]]], [[9, [9, 6]]], [[10, [10]]]]], [[[[0, [19, 2, 7, 16, 15, 11]], [11, []], [16, []], [5, [5, 14, 1]], [14, []], [1, []], [15, []], [7, []], [19, []], [9, [9, 6]], [2, []], [6, []]], [[0, [12, 18, 3]], [18, []], [3, [13, 4]], [4, []], [13, []], [12, [17, 20]], [8, [8, 10]], [17, []], [20, []], [10, []]]], [[[5, [5, 1]]], [[5, [14]]], [[3, [13, 4]]], [[12, [17, 20]]], [[8, [8, 10]]], [[9, [9, 6]]]]], [[[[0, [20, 7, 12, 3, 4]], [7, []], [18, [18]], [5, [5, 13]], [3, []], [4, []], [13, []], [12, []], [8, [8, 17]], [17, []], [20, []]], [[0, [11, 15, 16, 2, 19, 14]], [14, []], [16, []], [11, []], [1, [1, 10]], [15, []], [19, []], [9, [9, 6]], [2, []], [6, []], [10, []]]], [[[18, [18]]], [[5, [5, 13]]], [[1, [1, 10]]], [[8, [8, 17]]], [[9, [9, 6]]]]]], "Numrun": 5, "all_fitness": [284.16779677950507, 281.5633646216962, 278.76, 276.86883473173947]}
{"file_name": "U_20_1", "number_of_trucks": 2, "drone_capacity": 2, "number_of_drones": 2, "iteration": 5, "best_fitness": 285.80779677950505, "runtime": 168.50371623039246, "best_solution": [[[[0, [7, 2, 12, 4]], [16, [16, 3]], [3, []], [4, []], [12, []], [13, [13, 10]], [10, []], [7, []], [9, [9, 6]], [2, []], [6, []]], [[0, [19]], [20, [20]], [19, []], [15, [15, 14]], [14, []], [5, [5, 11]], [11, []], [1, [1, 18]], [18, []], [8, [8, 17]], [17, []]]], [[[16, [16]]], [[20, [20]]], [[16, [3]]], [[15, [15, 14]]], [[5, [5, 11]]], [[13, [13, 10]]], [[1, [1, 18]]], [[8, [8, 17]]], [[9, [9, 6]]]]],