{"file_name": "U_15_1", "number_of_trucks": 2, "drone_capacity": 2, "number_of_drones": 2, "iteration": 1, "best_fitness": 383.73221758442077, "runtime": 44.92767810821533, "best_solution": [[[[0, [9, 15, 7]], [9, []], [7, []], [15, []], [4, [4, 10]], [10, []], [2, [2]]], [[0, [1]], [11, [11]], [3, [3]], [5, [5, 12]], [12, []], [13, [13, 8]], [1, []], [6, [6, 14]], [14, []], [8, []]]], [[[11, [11]]], [[3, [3]]], [[4, [4, 10]]], [[5, [5, 12]]], [[13, [13, 8]]], [[6, [6, 14]]], [[2, [2]]]]], "all_solution": [[[[[0, [9, 15, 7]], [9, []], [7, []], [15, []], [4, [4, 10]], [10, []], [2, [2]]], [[0, [1]], [11, [11]], [3, [3]], [5, [5, 12]], [12, []], [13, [13, 8]], [1, []], [6, [6, 14]], [14, []], [8, []]]], [[[11, [11]]], [[3, [3]]], [[4, [4, 10]]], [[5, [5, 12]]], [[13, [13, 8]]], [[6, [6, 14]]], [[2, [2]]]]]], "Numrun": 5, "all_fitness": [383.73221758442077]}
{"file_name": "U_15_1", "number_of_trucks": 2, "drone_capacity": 2, "number_of_drones": 2, "iteration": 2, "best_fitness": 383.73221758442077, "runtime": 47.54337239265442, "best_solution": [[[[0, [7]], [1, [1, 15, 9]], [15, []], [7, []], [9, []], [4, [4, 10]], [10, []], [14, [14, 6]], [6, []]], [[0, []], [11, [11]], [3, [3]], [12, [12, 5]], [5, []], [8, [8, 13]], [13, []], [2, [2]]]], [[[11, [11]]], [[1, [1, 15]]], [[3, [3]]], [[1, [9]]], [[4, [4, 10]]], [[12, [12, 5]]], [[8, [8, 13]]], [[14, [14, 6]]], [[2, [2]]]]], "all_solution": [[[[[0, [9, 15, 7]], [9, []], [7, []], [15, []], [4, [4, 10]], [10, []], [2, [2]]], [[0, [1]], [11, [11]], [3, [3]], [5, [5, 12]], [12, []], [13, [13, 8]], [1, []], [6, [6, 14]], [14, []], [8, []]]], [[[11, [11]]], [[3, [3]]], [[4, [4, 10]]], [[5, [5, 12]]], [[13, [13, 8]]], [[6, [6, 14]]], [[2, [2]]]]], [[[[0, [7]], [1, [1, 15, 9]], [15, []], [7, []], [9, []], [4, [4, 10]], [10, []], [14, [14, 6]], [6, []]], [[0, []], [11, [11]], [3, [3]], [12, [12, 5]], [5, []], [8, [8, 13]], [13, []], [2, [2]]]], [[[11, [11]]], [[1, [1, 15]]], [[3, [3]]], [[1, [9]]], [[4, [4, 10]]], [[12, [12, 5]]], [[8, [8, 13]]], [[14, [14, 6]]], [[2, [2]]]]]], "Numrun": 5, "all_fitness": [383.73221758442077, 383.73221758442077]}
{"file_name": "U_15_1", "number_of_trucks": 2, "drone_capacity": 2, "number_of_drones": 2, "iteration": 3, "best_fitness": 383.73221758442077, "runtime": 44.9858820438385, "best_solution": [[[[0, [15]], [12, [12]], [15, [8]], [4, [4]], [6, [6, 14]], [14, []], [8, []]], [[0, [3, 1, 11, 7]], [3, [9, 5]], [1, []], [11, []], [7, []], [9, []], [5, []], [13, [13, 10]], [10, []], [2, [2]]]], [[[3, [9, 5]]], [[12, [12]]], [[15, [8]]], [[4, [4]]], [[13, [13, 10]]], [[6, [6, 14]]], [[2, [2]]]]], "all_solution": [[[[[0, [9, 15, 7]], [9, []], [7, []], [15, []], [4, [4, 10]], [10, []], [2, [2]]], [[0, [1]], [11, [11]], [3, [3]], [5, [5, 12]], [12, []], [13, [13, 8]], [1, []], [6, [6, 14]], [14, []], [8, []]]], [[[11, [11]]], [[3, [3]]], [[4, [4, 10]]], [[5, [5, 12]]], [[13, [13, 8]]], [[6, [6, 14]]], [[2, [2]]]]], [[[[0, [7]], [1, [1, 15, 9]], [15, []], [7, []], [9, []], [4, [4, 10]], [10, []], [14, [14, 6]], [6, []]], [[0, []], [11, [11]], [3, [3]], [12, [12, 5]], [5, []], [8, [8, 13]], [13, []], [2, [2]]]], [[[11, [11]]], [[1, [1, 15]]], [[3, [3]]], [[1, [9]]], [[4, [4, 10]]], [[12, [12, 5]]], [[8, [8, 13]]], [[14, [14, 6]]], [[2, [2]]]]], [[[[0, [15]], [12, [12]], [15, [8]], [4, [4]], [6, [6, 14]], [14, []], [8, []]], [[0, [3, 1, 11, 7]], [3, [9, 5]], [1, []], [11, []], [7, []], [9, []], [5, []], [13, [13, 10]], [10, []], [2, [2]]]], [[[3, [9, 5]]], [[12, [12]]], [[15, [8]]], [[4, [4]]], [[13, [13, 10]]], [[6, [6, 14]]], [[2, [2]]]]]], "Numrun": 5, "all_fitness": [383.73221758442077, 383.73221758442077, 383.73221758442077]}
{"file_name": "U_15_1", "number_of_trucks": 2, "drone_capacity": 2, "number_of_drones": 2, "iteration": 4, "best_fitness": 383.73221758442077, "runtime": 45.72868609428406, "best_solution": [[[[0, [15, 7]], [9, [9, 1]], [1, []], [15, []], [7, []], [12, [12, 4]], [4, []], [2, [2]]], [[0, []], [11, [11, 3]], [8, [8]], [3, []], [5, [5, 13]], [13, []], [10, [10, 14]], [14, []], [6, [6]]]], [[[11, [11, 3]]], [[9, [9, 1]]], [[8, [8]]], [[5, [5, 13]]], [[12, [12, 4]]], [[10, [10, 14]]], [[2, [2]]], [[6, [6]]]]], "all_solution": [[[[[0, [9, 15, 7]], [9, []], [7, []], [15, []], [4, [4, 10]], [10, []], [2, [2]]], [[0, [1]], [11, [11]], [3, [3]], [5, [5, 12]], [12, []], [13, [13, 8]], [1, []], [6, [6, 14]], [14, []], [8, []]]], [[[11, [11]]], [[3, [3]]], [[4, [4, 10]]], [[5, [5, 12]]], [[13, [13, 8]]], [[6, [6, 14]]], [[2, [2]]]]], [[[[0, [7]], [1, [1, 15, 9]], [15, []], [7, []], [9, []], [4, [4, 10]], [10, []], [14, [14, 6]], [6, []]], [[0, []], [11, [11]], [3, [3]], [12, [12, 5]], [5, []], [8, [8, 13]], [13, []], [2, [2]]]], [[[11, [11]]], [[1, [1, 15]]], [[3, [3]]], [[1, [9]]], [[4, [4, 10]]], [[12, [12, 5]]], [[8, [8, 13]]], [[14, [14, 6]]], [[2, [2]]]]], [[[[0, [15]], [12, [12]], [15, [8]], [4, [4]], [6, [6, 14]], [14, []], [8, []]], [[0, [3, 1, 11, 7]], [3, [9, 5]], [1, []], [11, []], [7, []], [9, []], [5, []], [13, [13, 10]], [10, []], [2, [2]]]], [[[3, [9, 5]]], [[12, [12]]], [[15, [8]]], [[4, [4]]], [[13, [13, 10]]], [[6, [6, 14]]], [[2, [2]]]]], [[[[0, [15, 7]], [9, [9, 1]], [1, []], [15, []], [7, []], [12, [12, 4]], [4, []], [2, [2]]], [[0, []], [11, [11, 3]], [8, [8]], [3, []], [5, [5, 13]], [13, []], [10, [10, 14]], [14, []], [6, [6]]]], [[[11, [11, 3]]], [[9, [9, 1]]], [[8, [8]]], [[5, [5, 13]]], [[12, [12, 4]]], [[10, [10, 14]]], [[2, [2]]], [[6, [6]]]]]], "Numrun": 5, "all_fitness": [383.73221758442077, 383.73221758442077, 383.73221758442077, 383.73221758442077]}
{"file_name": "U_15_1", "number_of_trucks": 2, "drone_capacity": 2, "number_of_drones": 2, "iteration": 5, "best_fitness": 383.73221758442077, "runtime": 45.776654958724976, "best_solution": [[[[0, [9, 15, 1]], [15, []], [1, []], [9, []], [12, [12, 4]], [4, []], [10, [10, 14]], [14, []]], [[0, [7, 11, 3]], [3, []], [11, [5]], [8, [8, 13]], [5, []], [6, [6]], [7, []], [13, []], [2, [2]]]], [[[11, [5]]], [[8, [8, 13]]], [[12, [12, 4]]], [[6, [6]]], [[10, [10, 14]]], [[2, [2]]]]], "all_solution": [[[[[0, [9, 15, 7]], [9, []], [7, []], [15, []], [4, [4, 10]], [10, []], [2, [2]]], [[0, [1]], [11, [11]], [3, [3]], [5, [5, 12]], [12, []], [13, [13, 8]], [1, []], [6, [6, 14]], [14, []], [8, []]]], [[[11, [11]]], [[3, [3]]], [[4, [4, 10]]], [[5, [5, 12]]], [[13, [13, 8]]], [[6, [6, 14]]], [[2, [2]]]]], [[[[0, [7]], [1, [1, 15, 9]], [15, []], [7, []], [9, []], [4, [4, 10]], [10, []], [14, [14, 6]], [6, []]], [[0, []], [11, [11]], [3, [3]], [12, [12, 5]], [5, []], [8, [8, 13]], [13, []], [2, [2]]]], [[[11, [11]]], [[1, [1, 15]]], [[3, [3]]], [[1, [9]]], [[4, [4, 10]]], [[12, [12, 5]]], [[8, [8, 13]]], [[14, [14, 6]]], [[2, [2]]]]], [[[[0, [15]], [12, [12]], [15, [8]], [4, [4]], [6, [6, 14]], [14, []], [8, []]], [[0, [3, 1, 11, 7]], [3, [9, 5]], [1, []], [11, []], [7, []], [9, []], [5, []], [13, [13, 10]], [10, []], [2, [2]]]], [[[3, [9, 5]]], [[12, [12]]], [[15, [8]]], [[4, [4]]], [[13, [13, 10]]], [[6, [6, 14]]], [[2, [2]]]]], [[[[0, [15, 7]], [9, [9, 1]], [1, []], [15, []], [7, []], [12, [12, 4]], [4, []], [2, [2]]], [[0, []], [11, [11, 3]], [8, [8]], [3, []], [5, [5, 13]], [13, []], [10, [10, 14]], [14, []], [6, [6]]]], [[[11, [11, 3]]], [[9, [9, 1]]], [[8, [8]]], [[5, [5, 13]]], [[12, [12, 4]]], [[10, [10, 14]]], [[2, [2]]], [[6, [6]]]]], [[[[0, [9, 15, 1]], [15, []], [1, []], [9, []], [12, [12, 4]], [4, []], [10, [10, 14]], [14, []]], [[0, [7, 11, 3]], [3, []], [11, [5]], [8, [8, 13]], [5, []], [6, [6]], [7, []], [13, []], [2, [2]]]], [[[11, [5]]], [[8, [8, 13]]], [[12, [12, 4]]], [[6, [6]]], [[10, [10, 14]]], [[2, [2]]]]]], "Numrun": 5, "all_fitness": [383.73221758442077, 383.73221758442077, 383.73221758442077, 383.73221758442077, 383.73221758442077]}
