{"file_name": "U_20_0", "number_of_trucks": 2, "drone_capacity": 2, "number_of_drones": 2, "iteration": 1, "best_fitness": 194.95879381350747, "runtime": 128.16458415985107, "best_solution": [[[[0, [14]], [14, []], [13, [15, 7, 13, 9]], [9, []], [15, []], [7, []], [6, [6, 12]], [12, []], [2, [2]]], [[0, [17, 10, 3, 4]], [3, []], [4, []], [17, []], [5, [5, 20, 11, 19]], [20, [18, 16]], [11, []], [16, []], [1, [1, 8]], [8, []], [19, []], [10, []], [18, []]]], [[[13, [13, 9]]], [[13, [15, 7]]], [[5, [11, 19]]], [[5, [5, 20]]], [[20, [18, 16]]], [[1, [1, 8]]], [[6, [6, 12]]], [[2, [2]]]]], "all_solution": [[[[[0, [14]], [14, []], [13, [15, 7, 13, 9]], [9, []], [15, []], [7, []], [6, [6, 12]], [12, []], [2, [2]]], [[0, [17, 10, 3, 4]], [3, []], [4, []], [17, []], [5, [5, 20, 11, 19]], [20, [18, 16]], [11, []], [16, []], [1, [1, 8]], [8, []], [19, []], [10, []], [18, []]]], [[[13, [13, 9]]], [[13, [15, 7]]], [[5, [11, 19]]], [[5, [5, 20]]], [[20, [18, 16]]], [[1, [1, 8]]], [[6, [6, 12]]], [[2, [2]]]]]], "Numrun": 5, "all_fitness": [194.95879381350747]}
{"file_name": "U_20_0", "number_of_trucks": 2, "drone_capacity": 2, "number_of_drones": 2, "iteration": 2, "best_fitness": 200.15999999999994, "runtime": 170.46816039085388, "best_solution": [[[[0, [4, 7, 9, 15]], [9, []], [15, []], [7, []], [6, [6, 12]], [4, []], [12, []], [2, [2]]], [[0, [13, 14, 3, 17]], [13, []], [14, [11, 19, 10]], [3, []], [17, []], [5, [5, 20, 16, 18]], [20, []], [11, []], [16, []], [1, [1, 8]], [8, []], [19, []], [18, []], [10, []]]], [[[14, [19, 10]]], [[14, [11]]], [[5, [16, 18]]], [[5, [5, 20]]], [[6, [6, 12]]], [[2, [2]]], [[1, [1, 8]]]]], "all_solution": [[[[[0, [14]], [14, []], [13, [15, 7, 13, 9]], [9, []], [15, []], [7, []], [6, [6, 12]], [12, []], [2, [2]]], [[0, [17, 10, 3, 4]], [3, []], [4, []], [17, []], [5, [5, 20, 11, 19]], [20, [18, 16]], [11, []], [16, []], [1, [1, 8]], [8, []], [19, []], [10, []], [18, []]]], [[[13, [13, 9]]], [[13, [15, 7]]], [[5, [11, 19]]], [[5, [5, 20]]], [[20, [18, 16]]], [[1, [1, 8]]], [[6, [6, 12]]], [[2, [2]]]]], [[[[0, [4, 7, 9, 15]], [9, []], [15, []], [7, []], [6, [6, 12]], [4, []], [12, []], [2, [2]]], [[0, [13, 14, 3, 17]], [13, []], [14, [11, 19, 10]], [3, []], [17, []], [5, [5, 20, 16, 18]], [20, []], [11, []], [16, []], [1, [1, 8]], [8, []], [19, []], [18, []], [10, []]]], [[[14, [19, 10]]], [[14, [11]]], [[5, [16, 18]]], [[5, [5, 20]]], [[6, [6, 12]]], [[2, [2]]], [[1, [1, 8]]]]]], "Numrun": 5, "all_fitness": [194.95879381350747, 200.15999999999994]}
{"file_name": "U_20_0", "number_of_trucks": 2, "drone_capacity": 2, "number_of_drones": 2, "iteration": 3, "best_fitness": 192.77609268055937, "runtime": 195.16274428367615, "best_solution": [[[[0, [17, 3, 4]], [17, []], [3, []], [4, [15, 9]], [6, [6, 7]], [7, []], [15, []], [9, []], [2, [2, 12]], [12, []]], [[0, [14, 13, 11, 16, 19, 10, 18]], [14, []], [13, []], [5, [5, 20]], [20, []], [11, []], [16, []], [1, [1, 8]], [8, []], [19, []], [10, []], [18, []]]], [[[4, [15, 9]]], [[5, [5, 20]]], [[6, [6, 7]]], [[2, [2, 12]]], [[1, [1, 8]]]]], "all_solution": [[[[[0, [14]], [14, []], [13, [15, 7, 13, 9]], [9, []], [15, []], [7, []], [6, [6, 12]], [12, []], [2, [2]]], [[0, [17, 10, 3, 4]], [3, []], [4, []], [17, []], [5, [5, 20, 11, 19]], [20, [18, 16]], [11, []], [16, []], [1, [1, 8]], [8, []], [19, []], [10, []], [18, []]]], [[[13, [13, 9]]], [[13, [15, 7]]], [[5, [11, 19]]], [[5, [5, 20]]], [[20, [18, 16]]], [[1, [1, 8]]], [[6, [6, 12]]], [[2, [2]]]]], [[[[0, [4, 7, 9, 15]], [9, []], [15, []], [7, []], [6, [6, 12]], [4, []], [12, []], [2, [2]]], [[0, [13, 14, 3, 17]], [13, []], [14, [11, 19, 10]], [3, []], [17, []], [5, [5, 20, 16, 18]], [20, []], [11, []], [16, []], [1, [1, 8]], [8, []], [19, []], [18, []], [10, []]]], [[[14, [19, 10]]], [[14, [11]]], [[5, [16, 18]]], [[5, [5, 20]]], [[6, [6, 12]]], [[2, [2]]], [[1, [1, 8]]]]], [[[[0, [17, 3, 4]], [17, []], [3, []], [4, [15, 9]], [6, [6, 7]], [7, []], [15, []], [9, []], [2, [2, 12]], [12, []]], [[0, [14, 13, 11, 16, 19, 10, 18]], [14, []], [13, []], [5, [5, 20]], [20, []], [11, []], [16, []], [1, [1, 8]], [8, []], [19, []], [10, []], [18, []]]], [[[4, [15, 9]]], [[5, [5, 20]]], [[6, [6, 7]]], [[2, [2, 12]]], [[1, [1, 8]]]]]], "Numrun": 5, "all_fitness": [194.95879381350747, 200.15999999999994, 192.77609268055937]}
{"file_name": "U_20_0", "number_of_trucks": 2, "drone_capacity": 2, "number_of_drones": 2, "iteration": 4, "best_fitness": 196.87099750652973, "runtime": 194.1231927871704, "best_solution": [[[[0, [15, 7, 4, 3, 9, 17, 13]], [13, []], [17, []], [3, []], [4, []], [7, []], [6, [6, 2]], [15, []], [9, []], [2, []]], [[0, [14]], [19, [19, 10]], [10, []], [18, [18, 11, 5, 16]], [8, [8, 20]], [1, [1, 12]], [16, []], [11, []], [20, []], [5, []], [14, []], [12, []]]], [[[19, [10]]], [[19, [19]]], [[18, [11, 16]]], [[18, [18, 5]]], [[8, [8, 20]]], [[1, [1, 12]]], [[6, [6, 2]]]]], "all_solution": [[[[[0, [14]], [14, []], [13, [15, 7, 13, 9]], [9, []], [15, []], [7, []], [6, [6, 12]], [12, []], [2, [2]]], [[0, [17, 10, 3, 4]], [3, []], [4, []], [17, []], [5, [5, 20, 11, 19]], [20, [18, 16]], [11, []], [16, []], [1, [1, 8]], [8, []], [19, []], [10, []], [18, []]]], [[[13, [13, 9]]], [[13, [15, 7]]], [[5, [11, 19]]], [[5, [5, 20]]], [[20, [18, 16]]], [[1, [1, 8]]], [[6, [6, 12]]], [[2, [2]]]]], [[[[0, [4, 7, 9, 15]], [9, []], [15, []], [7, []], [6, [6, 12]], [4, []], [12, []], [2, [2]]], [[0, [13, 14, 3, 17]], [13, []], [14, [11, 19, 10]], [3, []], [17, []], [5, [5, 20, 16, 18]], [20, []], [11, []], [16, []], [1, [1, 8]], [8, []], [19, []], [18, []], [10, []]]], [[[14, [19, 10]]], [[14, [11]]], [[5, [16, 18]]], [[5, [5, 20]]], [[6, [6, 12]]], [[2, [2]]], [[1, [1, 8]]]]], [[[[0, [17, 3, 4]], [17, []], [3, []], [4, [15, 9]], [6, [6, 7]], [7, []], [15, []], [9, []], [2, [2, 12]], [12, []]], [[0, [14, 13, 11, 16, 19, 10, 18]], [14, []], [13, []], [5, [5, 20]], [20, []], [11, []], [16, []], [1, [1, 8]], [8, []], [19, []], [10, []], [18, []]]], [[[4, [15, 9]]], [[5, [5, 20]]], [[6, [6, 7]]], [[2, [2, 12]]], [[1, [1, 8]]]]], [[[[0, [15, 7, 4, 3, 9, 17, 13]], [13, []], [17, []], [3, []], [4, []], [7, []], [6, [6, 2]], [15, []], [9, []], [2, []]], [[0, [14]], [19, [19, 10]], [10, []], [18, [18, 11, 5, 16]], [8, [8, 20]], [1, [1, 12]], [16, []], [11, []], [20, []], [5, []], [14, []], [12, []]]], [[[19, [10]]], [[19, [19]]], [[18, [11, 16]]], [[18, [18, 5]]], [[8, [8, 20]]], [[1, [1, 12]]], [[6, [6, 2]]]]]], "Numrun": 5, "all_fitness": [194.95879381350747, 200.15999999999994, 192.77609268055937, 196.87099750652973]}
{"file_name": "U_20_0", "number_of_trucks": 2, "drone_capacity": 2, "number_of_drones": 2, "iteration": 5, "best_fitness": 196.15999999999997, "runtime": 150.50579142570496, "best_solution": [[[[0, [13, 19, 9, 15, 7]], [13, []], [19, []], [9, []], [15, []], [7, []], [6, [6, 12]], [12, []], [2, [2]]], [[0, [14, 4, 3, 17]], [14, []], [4, [11, 16]], [3, []], [17, []], [5, [5, 20, 8, 18]], [20, []], [11, []], [16, []], [1, [1, 10]], [8, []], [10, []], [18, []]]], [[[4, [11, 16]]], [[5, [5, 20]]], [[5, [8, 18]]], [[1, [1, 10]]], [[6, [6, 12]]], [[2, [2]]]]],