{"file_name": "U_20_1", "number_of_trucks": 2, "drone_capacity": 2, "number_of_drones": 2, "iteration": 1, "best_fitness": 361.8476652384337, "runtime": 119.73080396652222, "best_solution": [[[[0, [5, 13, 1, 15]], [1, []], [13, []], [15, []], [5, []], [6, [6, 7]], [7, []], [11, [11]], [8, [8]]], [[0, [10, 3]], [10, []], [3, []], [18, [18, 17]], [17, []], [16, [16]], [19, [19]], [9, [9, 2, 20, 12]], [20, []], [12, []], [2, []], [4, [4, 14]], [14, []]]], [[[18, [18, 17]]], [[16, [16]]], [[19, [19]]], [[9, [20, 12]]], [[9, [9, 2]]], [[6, [6, 7]]], [[11, [11]]], [[4, [4, 14]]], [[8, [8]]]]], "all_solution": [[[[[0, [5, 13, 1, 15]], [1, []], [13, []], [15, []], [5, []], [6, [6, 7]], [7, []], [11, [11]], [8, [8]]], [[0, [10, 3]], [10, []], [3, []], [18, [18, 17]], [17, []], [16, [16]], [19, [19]], [9, [9, 2, 20, 12]], [20, []], [12, []], [2, []], [4, [4, 14]], [14, []]]], [[[18, [18, 17]]], [[16, [16]]], [[19, [19]]], [[9, [20, 12]]], [[9, [9, 2]]], [[6, [6, 7]]], [[11, [11]]], [[4, [4, 14]]], [[8, [8]]]]]], "Numrun": 5, "all_fitness": [361.8476652384337]}
{"file_name": "U_20_1", "number_of_trucks": 2, "drone_capacity": 2, "number_of_drones": 2, "iteration": 2, "best_fitness": 366.94756888647214, "runtime": 128.65193963050842, "best_solution": [[[[0, [13, 16, 1, 15]], [13, []], [15, []], [16, []], [1, []], [6, [6, 7]], [7, []], [11, [11]], [20, [20, 8]], [8, []]], [[0, []], [3, [3, 10]], [18, [18, 5]], [17, [17]], [5, []], [10, []], [19, [19, 9]], [9, []], [14, [14, 2]], [2, []], [4, [4, 12]], [12, []]]], [[[3, [3, 10]]], [[18, [18, 5]]], [[17, [17]]], [[19, [19, 9]]], [[14, [14, 2]]], [[6, [6, 7]]], [[11, [11]]], [[20, [20, 8]]], [[4, [4, 12]]]]], "all_solution": [[[[[0, [5, 13, 1, 15]], [1, []], [13, []], [15, []], [5, []], [6, [6, 7]], [7, []], [11, [11]], [8, [8]]], [[0, [10, 3]], [10, []], [3, []], [18, [18, 17]], [17, []], [16, [16]], [19, [19]], [9, [9, 2, 20, 12]], [20, []], [12, []], [2, []], [4, [4, 14]], [14, []]]], [[[18, [18, 17]]], [[16, [16]]], [[19, [19]]], [[9, [20, 12]]], [[9, [9, 2]]], [[6, [6, 7]]], [[11, [11]]], [[4, [4, 14]]], [[8, [8]]]]], [[[[0, [13, 16, 1, 15]], [13, []], [15, []], [16, []], [1, []], [6, [6, 7]], [7, []], [11, [11]], [20, [20, 8]], [8, []]], [[0, []], [3, [3, 10]], [18, [18, 5]], [17, [17]], [5, []], [10, []], [19, [19, 9]], [9, []], [14, [14, 2]], [2, []], [4, [4, 12]], [12, []]]], [[[3, [3, 10]]], [[18, [18, 5]]], [[17, [17]]], [[19, [19, 9]]], [[14, [14, 2]]], [[6, [6, 7]]], [[11, [11]]], [[20, [20, 8]]], [[4, [4, 12]]]]]], "Numrun": 5, "all_fitness": [361.8476652384337, 366.94756888647214]}
{"file_name": "U_20_1", "number_of_trucks": 2, "drone_capacity": 2, "number_of_drones": 2, "iteration": 3, "best_fitness": 366.94756888647214, "runtime": 181.7951157093048, "best_solution": [[[[0, [10, 5, 1]], [5, [13]], [10, []], [13, []], [19, [19]], [14, [14, 2]], [1, []], [2, []], [4, [4, 12]], [12, []]], [[0, [15, 3]], [3, []], [15, []], [18, [18, 17]], [17, []], [9, [9, 16]], [16, []], [6, [6, 7]], [7, []], [11, [11]], [20, [20, 8]], [8, []]]], [[[5, [13]]], [[18, [18, 17]]], [[19, [19]]], [[9, [9, 16]]], [[14, [14, 2]]], [[6, [6, 7]]], [[11, [11]]], [[20, [20, 8]]], [[4, [4, 12]]]]], "all_solution": [[[[[0, [5, 13, 1, 15]], [1, []], [13, []], [15, []], [5, []], [6, [6, 7]], [7, []], [11, [11]], [8, [8]]], [[0, [10, 3]], [10, []], [3, []], [18, [18, 17]], [17, []], [16, [16]], [19, [19]], [9, [9, 2, 20, 12]], [20, []], [12, []], [2, []], [4, [4, 14]], [14, []]]], [[[18, [18, 17]]], [[16, [16]]], [[19, [19]]], [[9, [20, 12]]], [[9, [9, 2]]], [[6, [6, 7]]], [[11, [11]]], [[4, [4, 14]]], [[8, [8]]]]], [[[[0, [13, 16, 1, 15]], [13, []], [15, []], [16, []], [1, []], [6, [6, 7]], [7, []], [11, [11]], [20, [20, 8]], [8, []]], [[0, []], [3, [3, 10]], [18, [18, 5]], [17, [17]], [5, []], [10, []], [19, [19, 9]], [9, []], [14, [14, 2]], [2, []], [4, [4, 12]], [12, []]]], [[[3, [3, 10]]], [[18, [18, 5]]], [[17, [17]]], [[19, [19, 9]]], [[14, [14, 2]]], [[6, [6, 7]]], [[11, [11]]], [[20, [20, 8]]], [[4, [4, 12]]]]], [[[[0, [10, 5, 1]], [5, [13]], [10, []], [13, []], [19, [19]], [14, [14, 2]], [1, []], [2, []], [4, [4, 12]], [12, []]], [[0, [15, 3]], [3, []], [15, []], [18, [18, 17]], [17, []], [9, [9, 16]], [16, []], [6, [6, 7]], [7, []], [11, [11]], [20, [20, 8]], [8, []]]], [[[5, [13]]], [[18, [18, 17]]], [[19, [19]]], [[9, [9, 16]]], [[14, [14, 2]]], [[6, [6, 7]]], [[11, [11]]], [[20, [20, 8]]], [[4, [4, 12]]]]]], "Numrun": 5, "all_fitness": [361.8476652384337, 366.94756888647214, 366.94756888647214]}
{"file_name": "U_20_1", "number_of_trucks": 2, "drone_capacity": 2, "number_of_drones": 2, "iteration": 4, "best_fitness": 366.94756888647214, "runtime": 124.14449334144592, "best_solution": [[[[0, [17, 18, 16, 3, 1]], [3, []], [16, []], [1, []], [17, []], [18, []], [6, [6, 7]], [7, []], [11, [11]], [20, [20, 8]], [8, []]], [[0, [15]], [5, [5, 10, 13]], [13, []], [15, []], [10, []], [19, [19, 9]], [9, []], [14, [14, 2]], [2, []], [4, [4, 12]], [12, []]]], [[[5, [10]]], [[5, [5, 13]]], [[19, [19, 9]]], [[14, [14, 2]]], [[6, [6, 7]]], [[11, [11]]], [[20, [20, 8]]], [[4, [4, 12]]]]], "all_solution": [[[[[0, [5, 13, 1, 15]], [1, []], [13, []], [15, []], [5, []], [6, [6, 7]], [7, []], [11, [11]], [8, [8]]], [[0, [10, 3]], [10, []], [3, []], [18, [18, 17]], [17, []], [16, [16]], [19, [19]], [9, [9, 2, 20, 12]], [20, []], [12, []], [2, []], [4, [4, 14]], [14, []]]], [[[18, [18, 17]]], [[16, [16]]], [[19, [19]]], [[9, [20, 12]]], [[9, [9, 2]]], [[6, [6, 7]]], [[11, [11]]], [[4, [4, 14]]], [[8, [8]]]]], [[[[0, [13, 16, 1, 15]], [13, []], [15, []], [16, []], [1, []], [6, [6, 7]], [7, []], [11, [11]], [20, [20, 8]], [8, []]], [[0, []], [3, [3, 10]], [18, [18, 5]], [17, [17]], [5, []], [10, []], [19, [19, 9]], [9, []], [14, [14, 2]], [2, []], [4, [4, 12]], [12, []]]], [[[3, [3, 10]]], [[18, [18, 5]]], [[17, [17]]], [[19, [19, 9]]], [[14, [14, 2]]], [[6, [6, 7]]], [[11, [11]]], [[20, [20, 8]]], [[4, [4, 12]]]]], [[[[0, [10, 5, 1]], [5, [13]], [10, []], [13, []], [19, [19]], [14, [14, 2]], [1, []], [2, []], [4, [4, 12]], [12, []]], [[0, [15, 3]], [3, []], [15, []], [18, [18, 17]], [17, []], [9, [9, 16]], [16, []], [6, [6, 7]], [7, []], [11, [11]], [20, [20, 8]], [8, []]]], [[[5, [13]]], [[18, [18, 17]]], [[19, [19]]], [[9, [9, 16]]], [[14, [14, 2]]], [[6, [6, 7]]], [[11, [11]]], [[20, [20, 8]]], [[4, [4, 12]]]]], [[[[0, [17, 18, 16, 3, 1]], [3, []], [16, []], [1, []], [17, []], [18, []], [6, [6, 7]], [7, []], [11, [11]], [20, [20, 8]], [8, []]], [[0, [15]], [5, [5, 10, 13]], [13, []], [15, []], [10, []], [19, [19, 9]], [9, []], [14, [14, 2]], [2, []], [4, [4, 12]], [12, []]]], [[[5, [10]]], [[5, [5, 13]]], [[19, [19, 9]]], [[14, [14, 2]]], [[6, [6, 7]]], [[11, [11]]], [[20, [20, 8]]], [[4, [4, 12]]]]]], "Numrun": 5, "all_fitness": [361.8476652384337, 366.94756888647214, 366.94756888647214, 366.94756888647214]}
{"file_name": "U_20_1", "number_of_trucks": 2, "drone_capacity": 2, "number_of_drones": 2, "iteration": 5, "best_fitness": 366.94756888647214, "runtime": 119.94283890724182, "best_solution": [[[[0, [15, 5, 18]], [15, []], [5, []], [9, [9, 17]], [18, []], [17, []], [6, [6, 7]], [7, []], [11, [11]], [20, [20, 8]], [8, []]], [[0, [3, 10, 1]], [3, []], [1, []], [16, [16, 13]], [10, []], [19, [19]], [13, []], [2, [2, 14]], [14, []], [4, [4, 12]], [12, []]]], [[[16, [16, 13]]], [[9, [9, 17]]], [[19, [19]]], [[2, [2, 14]]], [[6, [6, 7]]], [[11, [11]]], [[20, [20, 8]]], [[4, [4, 12]]]]],