{"file_name": "U_20_1", "number_of_trucks": 2, "drone_capacity": 2, "number_of_drones": 2, "iteration": 1, "best_fitness": 339.68350280805697, "runtime": 114.94120073318481, "best_solution": [[[[0, [12, 18, 6, 16]], [18, []], [6, []], [12, []], [5, [5, 11]], [16, []], [11, []], [19, [19, 1]], [1, []], [8, [8, 2]], [10, [10]], [2, []]], [[0, [20, 14]], [20, []], [14, []], [4, [4, 13]], [13, []], [15, [15, 9]], [9, []], [7, [7]], [3, [3, 17]], [17, []]]], [[[4, [4, 13]]], [[5, [5, 11]]], [[15, [15, 9]]], [[7, [7]]], [[19, [19, 1]]], [[8, [8, 2]]], [[10, [10]]], [[3, [3, 17]]]]], "all_solution": [[[[[0, [12, 18, 6, 16]], [18, []], [6, []], [12, []], [5, [5, 11]], [16, []], [11, []], [19, [19, 1]], [1, []], [8, [8, 2]], [10, [10]], [2, []]], [[0, [20, 14]], [20, []], [14, []], [4, [4, 13]], [13, []], [15, [15, 9]], [9, []], [7, [7]], [3, [3, 17]], [17, []]]], [[[4, [4, 13]]], [[5, [5, 11]]], [[15, [15, 9]]], [[7, [7]]], [[19, [19, 1]]], [[8, [8, 2]]], [[10, [10]]], [[3, [3, 17]]]]]], "Numrun": 5, "all_fitness": [339.68350280805697]}
{"file_name": "U_20_1", "number_of_trucks": 2, "drone_capacity": 2, "number_of_drones": 2, "iteration": 2, "best_fitness": 339.68350280805697, "runtime": 178.450936794281, "best_solution": [[[[0, [6, 4, 16, 11]], [16, []], [11, []], [4, []], [6, []], [7, [7]], [3, [3, 17]], [17, []]], [[0, [15, 18, 14, 12, 20, 13, 5]], [13, []], [5, []], [20, []], [14, []], [12, []], [9, [9]], [15, []], [18, []], [19, [19, 1]], [1, []], [8, [8]], [10, [10, 2]], [2, []]]], [[[9, [9]]], [[19, [19, 1]]], [[7, [7]]], [[8, [8]]], [[10, [10, 2]]], [[3, [3, 17]]]]], "all_solution": [[[[[0, [12, 18, 6, 16]], [18, []], [6, []], [12, []], [5, [5, 11]], [16, []], [11, []], [19, [19, 1]], [1, []], [8, [8, 2]], [10, [10]], [2, []]], [[0, [20, 14]], [20, []], [14, []], [4, [4, 13]], [13, []], [15, [15, 9]], [9, []], [7, [7]], [3, [3, 17]], [17, []]]], [[[4, [4, 13]]], [[5, [5, 11]]], [[15, [15, 9]]], [[7, [7]]], [[19, [19, 1]]], [[8, [8, 2]]], [[10, [10]]], [[3, [3, 17]]]]], [[[[0, [6, 4, 16, 11]], [16, []], [11, []], [4, []], [6, []], [7, [7]], [3, [3, 17]], [17, []]], [[0, [15, 18, 14, 12, 20, 13, 5]], [13, []], [5, []], [20, []], [14, []], [12, []], [9, [9]], [15, []], [18, []], [19, [19, 1]], [1, []], [8, [8]], [10, [10, 2]], [2, []]]], [[[9, [9]]], [[19, [19, 1]]], [[7, [7]]], [[8, [8]]], [[10, [10, 2]]], [[3, [3, 17]]]]]], "Numrun": 5, "all_fitness": [339.68350280805697, 339.68350280805697]}
{"file_name": "U_20_1", "number_of_trucks": 2, "drone_capacity": 2, "number_of_drones": 2, "iteration": 3, "best_fitness": 334.5091564341634, "runtime": 143.6065137386322, "best_solution": [[[[0, [13, 4, 5, 15, 6, 18, 12]], [12, []], [18, []], [15, []], [6, []], [4, []], [5, []], [13, []], [8, [8, 19]], [19, []], [10, [10, 2]], [2, []]], [[0, [14]], [14, []], [20, [16, 20]], [16, []], [9, [9, 11, 7]], [7, []], [11, []], [1, [1]], [17, [17, 3]], [3, []]]], [[[20, [16, 20]]], [[9, [9, 7]]], [[9, [11]]], [[1, [1]]], [[8, [8, 19]]], [[17, [17, 3]]], [[10, [10, 2]]]]], "all_solution": [[[[[0, [12, 18, 6, 16]], [18, []], [6, []], [12, []], [5, [5, 11]], [16, []], [11, []], [19, [19, 1]], [1, []], [8, [8, 2]], [10, [10]], [2, []]], [[0, [20, 14]], [20, []], [14, []], [4, [4, 13]], [13, []], [15, [15, 9]], [9, []], [7, [7]], [3, [3, 17]], [17, []]]], [[[4, [4, 13]]], [[5, [5, 11]]], [[15, [15, 9]]], [[7, [7]]], [[19, [19, 1]]], [[8, [8, 2]]], [[10, [10]]], [[3, [3, 17]]]]], [[[[0, [6, 4, 16, 11]], [16, []], [11, []], [4, []], [6, []], [7, [7]], [3, [3, 17]], [17, []]], [[0, [15, 18, 14, 12, 20, 13, 5]], [13, []], [5, []], [20, []], [14, []], [12, []], [9, [9]], [15, []], [18, []], [19, [19, 1]], [1, []], [8, [8]], [10, [10, 2]], [2, []]]], [[[9, [9]]], [[19, [19, 1]]], [[7, [7]]], [[8, [8]]], [[10, [10, 2]]], [[3, [3, 17]]]]], [[[[0, [13, 4, 5, 15, 6, 18, 12]], [12, []], [18, []], [15, []], [6, []], [4, []], [5, []], [13, []], [8, [8, 19]], [19, []], [10, [10, 2]], [2, []]], [[0, [14]], [14, []], [20, [16, 20]], [16, []], [9, [9, 11, 7]], [7, []], [11, []], [1, [1]], [17, [17, 3]], [3, []]]], [[[20, [16, 20]]], [[9, [9, 7]]], [[9, [11]]], [[1, [1]]], [[8, [8, 19]]], [[17, [17, 3]]], [[10, [10, 2]]]]]], "Numrun": 5, "all_fitness": [339.68350280805697, 339.68350280805697, 334.5091564341634]}
{"file_name": "U_20_1", "number_of_trucks": 2, "drone_capacity": 2, "number_of_drones": 2, "iteration": 4, "best_fitness": 339.68350280805697, "runtime": 114.16750717163086, "best_solution": [[[[0, [5, 13, 11, 16, 14]], [11, []], [16, []], [5, []], [13, []], [14, []], [7, [7]], [3, [3, 17]], [17, []]], [[0, [6, 18, 20, 4, 12]], [12, []], [20, []], [4, []], [6, []], [15, [15, 9]], [9, []], [18, []], [19, [19, 1]], [1, []], [8, [8, 2]], [10, [10]], [2, []]]], [[[7, [7]]], [[15, [15, 9]]], [[19, [19, 1]]], [[8, [8, 2]]], [[10, [10]]], [[3, [3, 17]]]]], "all_solution": [[[[[0, [12, 18, 6, 16]], [18, []], [6, []], [12, []], [5, [5, 11]], [16, []], [11, []], [19, [19, 1]], [1, []], [8, [8, 2]], [10, [10]], [2, []]], [[0, [20, 14]], [20, []], [14, []], [4, [4, 13]], [13, []], [15, [15, 9]], [9, []], [7, [7]], [3, [3, 17]], [17, []]]], [[[4, [4, 13]]], [[5, [5, 11]]], [[15, [15, 9]]], [[7, [7]]], [[19, [19, 1]]], [[8, [8, 2]]], [[10, [10]]], [[3, [3, 17]]]]], [[[[0, [6, 4, 16, 11]], [16, []], [11, []], [4, []], [6, []], [7, [7]], [3, [3, 17]], [17, []]], [[0, [15, 18, 14, 12, 20, 13, 5]], [13, []], [5, []], [20, []], [14, []], [12, []], [9, [9]], [15, []], [18, []], [19, [19, 1]], [1, []], [8, [8]], [10, [10, 2]], [2, []]]], [[[9, [9]]], [[19, [19, 1]]], [[7, [7]]], [[8, [8]]], [[10, [10, 2]]], [[3, [3, 17]]]]], [[[[0, [13, 4, 5, 15, 6, 18, 12]], [12, []], [18, []], [15, []], [6, []], [4, []], [5, []], [13, []], [8, [8, 19]], [19, []], [10, [10, 2]], [2, []]], [[0, [14]], [14, []], [20, [16, 20]], [16, []], [9, [9, 11, 7]], [7, []], [11, []], [1, [1]], [17, [17, 3]], [3, []]]], [[[20, [16, 20]]], [[9, [9, 7]]], [[9, [11]]], [[1, [1]]], [[8, [8, 19]]], [[17, [17, 3]]], [[10, [10, 2]]]]], [[[[0, [5, 13, 11, 16, 14]], [11, []], [16, []], [5, []], [13, []], [14, []], [7, [7]], [3, [3, 17]], [17, []]], [[0, [6, 18, 20, 4, 12]], [12, []], [20, []], [4, []], [6, []], [15, [15, 9]], [9, []], [18, []], [19, [19, 1]], [1, []], [8, [8, 2]], [10, [10]], [2, []]]], [[[7, [7]]], [[15, [15, 9]]], [[19, [19, 1]]], [[8, [8, 2]]], [[10, [10]]], [[3, [3, 17]]]]]], "Numrun": 5, "all_fitness": [339.68350280805697, 339.68350280805697, 334.5091564341634, 339.68350280805697]}
{"file_name": "U_20_1", "number_of_trucks": 2, "drone_capacity": 2, "number_of_drones": 2, "iteration": 5, "best_fitness": 339.68350280805697, "runtime": 120.91140389442444, "best_solution": [[[[0, [16]], [6, [6, 12]], [18, [5, 13, 18]], [16, []], [5, []], [13, []], [12, []], [2, [2, 1]], [19, [19, 8]], [8, []], [1, []], [10, [10]]], [[0, [20, 14]], [20, []], [14, []], [4, [4]], [11, [11, 15]], [9, [9]], [15, []], [7, [7]], [3, [3, 17]], [17, []]]], [[[6, [6, 12]]], [[4, [4]]], [[18, [18]]], [[11, [11, 15]]], [[18, [5, 13]]], [[9, [9]]], [[7, [7]]], [[2, [2, 1]]], [[19, [19, 8]]], [[3, [3, 17]]], [[10, [10]]]]],