{"file_name": "U_20_0", "number_of_trucks": 2, "drone_capacity": 2, "number_of_drones": 2, "iteration": 1, "best_fitness": 216.48873227688273, "runtime": 152.25213027000427, "best_solution": [[[[0, [16, 5, 14, 18, 20, 10, 11, 7, 1]], [18, []], [1, []], [11, []], [16, []], [5, []], [14, []], [7, []], [20, []], [10, []]], [[0, []], [3, [3, 13]], [4, [8, 4]], [13, []], [12, [12, 2, 9]], [17, [17, 19, 6, 15]], [8, []], [6, []], [2, []], [9, []], [19, []], [15, []]]], [[[3, [3, 13]]], [[4, [8, 4]]], [[12, [9]]], [[12, [12, 2]]], [[17, [6, 15]]], [[17, [17, 19]]]]], "all_solution": [[[[[0, [16, 5, 14, 18, 20, 10, 11, 7, 1]], [18, []], [1, []], [11, []], [16, []], [5, []], [14, []], [7, []], [20, []], [10, []]], [[0, []], [3, [3, 13]], [4, [8, 4]], [13, []], [12, [12, 2, 9]], [17, [17, 19, 6, 15]], [8, []], [6, []], [2, []], [9, []], [19, []], [15, []]]], [[[3, [3, 13]]], [[4, [8, 4]]], [[12, [9]]], [[12, [12, 2]]], [[17, [6, 15]]], [[17, [17, 19]]]]]], "Numrun": 5, "all_fitness": [216.48873227688273]}
{"file_name": "U_20_0", "number_of_trucks": 2, "drone_capacity": 2, "number_of_drones": 2, "iteration": 2, "best_fitness": 215.52, "runtime": 169.40352082252502, "best_solution": [[[[0, [7, 8, 20, 15, 2, 9]], [15, []], [7, []], [9, []], [2, []], [6, [6, 19]], [19, []], [8, []], [17, [17, 10]], [20, []], [10, []]], [[0, [12, 13, 4, 3, 14, 5, 16, 18]], [12, [11, 1]], [13, []], [4, []], [3, []], [14, []], [5, []], [16, []], [11, []], [1, []], [18, []]]], [[[6, [6, 19]]], [[12, [11, 1]]], [[17, [17, 10]]]]], "all_solution": [[[[[0, [16, 5, 14, 18, 20, 10, 11, 7, 1]], [18, []], [1, []], [11, []], [16, []], [5, []], [14, []], [7, []], [20, []], [10, []]], [[0, []], [3, [3, 13]], [4, [8, 4]], [13, []], [12, [12, 2, 9]], [17, [17, 19, 6, 15]], [8, []], [6, []], [2, []], [9, []], [19, []], [15, []]]], [[[3, [3, 13]]], [[4, [8, 4]]], [[12, [9]]], [[12, [12, 2]]], [[17, [6, 15]]], [[17, [17, 19]]]]], [[[[0, [7, 8, 20, 15, 2, 9]], [15, []], [7, []], [9, []], [2, []], [6, [6, 19]], [19, []], [8, []], [17, [17, 10]], [20, []], [10, []]], [[0, [12, 13, 4, 3, 14, 5, 16, 18]], [12, [11, 1]], [13, []], [4, []], [3, []], [14, []], [5, []], [16, []], [11, []], [1, []], [18, []]]], [[[6, [6, 19]]], [[12, [11, 1]]], [[17, [17, 10]]]]]], "Numrun": 5, "all_fitness": [216.48873227688273, 215.52]}
{"file_name": "U_20_0", "number_of_trucks": 2, "drone_capacity": 2, "number_of_drones": 2, "iteration": 3, "best_fitness": 218.2, "runtime": 178.95110392570496, "best_solution": [[[[0, [16, 11, 1, 14, 7, 18, 20, 5, 15]], [1, []], [11, []], [16, []], [5, []], [14, []], [7, []], [15, []], [18, []], [20, []]], [[0, []], [3, [3, 4, 13]], [4, []], [13, []], [12, [12, 8, 2]], [8, []], [17, [17, 9, 10, 6]], [19, [19]], [9, []], [2, []], [6, []], [10, []]]], [[[3, [13]]], [[3, [3, 4]]], [[12, [12, 8]]], [[12, [2]]], [[17, [9, 10]]], [[17, [17, 6]]], [[19, [19]]]]], "all_solution": [[[[[0, [16, 5, 14, 18, 20, 10, 11, 7, 1]], [18, []], [1, []], [11, []], [16, []], [5, []], [14, []], [7, []], [20, []], [10, []]], [[0, []], [3, [3, 13]], [4, [8, 4]], [13, []], [12, [12, 2, 9]], [17, [17, 19, 6, 15]], [8, []], [6, []], [2, []], [9, []], [19, []], [15, []]]], [[[3, [3, 13]]], [[4, [8, 4]]], [[12, [9]]], [[12, [12, 2]]], [[17, [6, 15]]], [[17, [17, 19]]]]], [[[[0, [7, 8, 20, 15, 2, 9]], [15, []], [7, []], [9, []], [2, []], [6, [6, 19]], [19, []], [8, []], [17, [17, 10]], [20, []], [10, []]], [[0, [12, 13, 4, 3, 14, 5, 16, 18]], [12, [11, 1]], [13, []], [4, []], [3, []], [14, []], [5, []], [16, []], [11, []], [1, []], [18, []]]], [[[6, [6, 19]]], [[12, [11, 1]]], [[17, [17, 10]]]]], [[[[0, [16, 11, 1, 14, 7, 18, 20, 5, 15]], [1, []], [11, []], [16, []], [5, []], [14, []], [7, []], [15, []], [18, []], [20, []]], [[0, []], [3, [3, 4, 13]], [4, []], [13, []], [12, [12, 8, 2]], [8, []], [17, [17, 9, 10, 6]], [19, [19]], [9, []], [2, []], [6, []], [10, []]]], [[[3, [13]]], [[3, [3, 4]]], [[12, [12, 8]]], [[12, [2]]], [[17, [9, 10]]], [[17, [17, 6]]], [[19, [19]]]]]], "Numrun": 5, "all_fitness": [216.48873227688273, 215.52, 218.2]}
{"file_name": "U_20_0", "number_of_trucks": 2, "drone_capacity": 2, "number_of_drones": 2, "iteration": 4, "best_fitness": 215.04000000000002, "runtime": 186.44005584716797, "best_solution": [[[[0, [15, 20, 8, 7, 18, 9, 2]], [18, []], [15, []], [7, []], [9, []], [2, []], [19, [6, 19, 17, 10]], [6, []], [8, []], [17, []], [20, []], [10, []]], [[0, [1, 11, 5, 14, 3, 16, 13, 12, 4]], [1, []], [11, []], [16, []], [5, []], [14, []], [3, []], [4, []], [13, []], [12, []]]], [[[19, [6, 17]]], [[19, [19, 10]]]]], "all_solution": [[[[[0, [16, 5, 14, 18, 20, 10, 11, 7, 1]], [18, []], [1, []], [11, []], [16, []], [5, []], [14, []], [7, []], [20, []], [10, []]], [[0, []], [3, [3, 13]], [4, [8, 4]], [13, []], [12, [12, 2, 9]], [17, [17, 19, 6, 15]], [8, []], [6, []], [2, []], [9, []], [19, []], [15, []]]], [[[3, [3, 13]]], [[4, [8, 4]]], [[12, [9]]], [[12, [12, 2]]], [[17, [6, 15]]], [[17, [17, 19]]]]], [[[[0, [7, 8, 20, 15, 2, 9]], [15, []], [7, []], [9, []], [2, []], [6, [6, 19]], [19, []], [8, []], [17, [17, 10]], [20, []], [10, []]], [[0, [12, 13, 4, 3, 14, 5, 16, 18]], [12, [11, 1]], [13, []], [4, []], [3, []], [14, []], [5, []], [16, []], [11, []], [1, []], [18, []]]], [[[6, [6, 19]]], [[12, [11, 1]]], [[17, [17, 10]]]]], [[[[0, [16, 11, 1, 14, 7, 18, 20, 5, 15]], [1, []], [11, []], [16, []], [5, []], [14, []], [7, []], [15, []], [18, []], [20, []]], [[0, []], [3, [3, 4, 13]], [4, []], [13, []], [12, [12, 8, 2]], [8, []], [17, [17, 9, 10, 6]], [19, [19]], [9, []], [2, []], [6, []], [10, []]]], [[[3, [13]]], [[3, [3, 4]]], [[12, [12, 8]]], [[12, [2]]], [[17, [9, 10]]], [[17, [17, 6]]], [[19, [19]]]]], [[[[0, [15, 20, 8, 7, 18, 9, 2]], [18, []], [15, []], [7, []], [9, []], [2, []], [19, [6, 19, 17, 10]], [6, []], [8, []], [17, []], [20, []], [10, []]], [[0, [1, 11, 5, 14, 3, 16, 13, 12, 4]], [1, []], [11, []], [16, []], [5, []], [14, []], [3, []], [4, []], [13, []], [12, []]]], [[[19, [6, 17]]], [[19, [19, 10]]]]]], "Numrun": 5, "all_fitness": [216.48873227688273, 215.52, 218.2, 215.04000000000002]}
{"file_name": "U_20_0", "number_of_trucks": 2, "drone_capacity": 2, "number_of_drones": 2, "iteration": 5, "best_fitness": 216.60396235093324, "runtime": 173.32763481140137, "best_solution": [[[[0, [13, 4, 3]], [3, []], [4, []], [13, []], [12, [12, 5, 14, 15]], [5, []], [14, [16, 1, 11, 18]], [16, []], [1, []], [18, []], [15, []], [11, []]], [[0, [20, 8, 9, 2, 7]], [20, []], [8, []], [17, [17, 6, 19, 10]], [6, []], [2, []], [9, []], [19, []], [7, []], [10, []]]], [[[12, [5, 14]]], [[12, [12, 15]]], [[17, [6, 10]]], [[17, [17, 19]]], [[14, [1, 11]]], [[14, [16, 18]]]]],