{"file_name": "U_20_1", "number_of_trucks": 2, "drone_capacity": 2, "number_of_drones": 2, "iteration": 1, "best_fitness": 329.78212518181704, "runtime": 248.26123237609863, "best_solution": [[[[0, []], [19, [19, 2]], [2, []], [6, [6, 9]], [9, []], [20, [20, 10]], [10, []], [7, [7, 18]], [18, []], [16, [16, 5]], [5, []]], [[0, []], [1, [1, 14]], [14, []], [11, [11, 8]], [15, [15, 13]], [17, [17, 4]], [8, []], [12, [12, 3]], [13, []], [4, []], [3, []]]], [[[1, [1, 14]]], [[19, [19, 2]]], [[6, [6, 9]]], [[11, [11, 8]]], [[15, [15, 13]]], [[20, [20, 10]]], [[17, [17, 4]]], [[7, [7, 18]]], [[12, [12, 3]]], [[16, [16, 5]]]]], "all_solution": [[[[[0, []], [19, [19, 2]], [2, []], [6, [6, 9]], [9, []], [20, [20, 10]], [10, []], [7, [7, 18]], [18, []], [16, [16, 5]], [5, []]], [[0, []], [1, [1, 14]], [14, []], [11, [11, 8]], [15, [15, 13]], [17, [17, 4]], [8, []], [12, [12, 3]], [13, []], [4, []], [3, []]]], [[[1, [1, 14]]], [[19, [19, 2]]], [[6, [6, 9]]], [[11, [11, 8]]], [[15, [15, 13]]], [[20, [20, 10]]], [[17, [17, 4]]], [[7, [7, 18]]], [[12, [12, 3]]], [[16, [16, 5]]]]]], "Numrun": 5, "all_fitness": [329.78212518181704]}
{"file_name": "U_20_1", "number_of_trucks": 2, "drone_capacity": 2, "number_of_drones": 2, "iteration": 2, "best_fitness": 334.5929150099831, "runtime": 215.92731499671936, "best_solution": [[[[0, []], [1, [1, 2]], [2, []], [8, [8, 4]], [4, []], [12, [12, 13]], [13, []], [3, [3, 5]], [5, []], [16, [16, 11]], [11, []]], [[0, []], [14, [14]], [19, [19]], [9, [9, 6]], [6, []], [10, [10, 15]], [20, [20, 17]], [17, []], [7, [7, 18]], [15, []], [18, []]]], [[[14, [14]]], [[1, [1, 2]]], [[19, [19]]], [[9, [9, 6]]], [[8, [8, 4]]], [[10, [10, 15]]], [[20, [20, 17]]], [[12, [12, 13]]], [[7, [7, 18]]], [[3, [3, 5]]], [[16, [16, 11]]]]], "all_solution": [[[[[0, []], [19, [19, 2]], [2, []], [6, [6, 9]], [9, []], [20, [20, 10]], [10, []], [7, [7, 18]], [18, []], [16, [16, 5]], [5, []]], [[0, []], [1, [1, 14]], [14, []], [11, [11, 8]], [15, [15, 13]], [17, [17, 4]], [8, []], [12, [12, 3]], [13, []], [4, []], [3, []]]], [[[1, [1, 14]]], [[19, [19, 2]]], [[6, [6, 9]]], [[11, [11, 8]]], [[15, [15, 13]]], [[20, [20, 10]]], [[17, [17, 4]]], [[7, [7, 18]]], [[12, [12, 3]]], [[16, [16, 5]]]]], [[[[0, []], [1, [1, 2]], [2, []], [8, [8, 4]], [4, []], [12, [12, 13]], [13, []], [3, [3, 5]], [5, []], [16, [16, 11]], [11, []]], [[0, []], [14, [14]], [19, [19]], [9, [9, 6]], [6, []], [10, [10, 15]], [20, [20, 17]], [17, []], [7, [7, 18]], [15, []], [18, []]]], [[[14, [14]]], [[1, [1, 2]]], [[19, [19]]], [[9, [9, 6]]], [[8, [8, 4]]], [[10, [10, 15]]], [[20, [20, 17]]], [[12, [12, 13]]], [[7, [7, 18]]], [[3, [3, 5]]], [[16, [16, 11]]]]]], "Numrun": 5, "all_fitness": [329.78212518181704, 334.5929150099831]}
{"file_name": "U_20_1", "number_of_trucks": 2, "drone_capacity": 2, "number_of_drones": 2, "iteration": 3, "best_fitness": 330.422125181817, "runtime": 167.38432264328003, "best_solution": [[[[0, []], [1, [1]], [9, [9, 10]], [10, []], [18, [18, 15]], [15, []], [7, [7, 11]], [11, []], [16, [16, 5]], [5, []]], [[0, []], [14, [14]], [2, [2]], [19, [19, 6]], [6, []], [8, [8, 13]], [17, [17, 20]], [20, []], [12, [12, 4]], [13, []], [4, []], [3, [3]]]], [[[1, [1]]], [[14, [14]]], [[2, [2]]], [[19, [19, 6]]], [[9, [9, 10]]], [[8, [8, 13]]], [[17, [17, 20]]], [[18, [18, 15]]], [[7, [7, 11]]], [[12, [12, 4]]], [[3, [3]]], [[16, [16, 5]]]]], "all_solution": [[[[[0, []], [19, [19, 2]], [2, []], [6, [6, 9]], [9, []], [20, [20, 10]], [10, []], [7, [7, 18]], [18, []], [16, [16, 5]], [5, []]], [[0, []], [1, [1, 14]], [14, []], [11, [11, 8]], [15, [15, 13]], [17, [17, 4]], [8, []], [12, [12, 3]], [13, []], [4, []], [3, []]]], [[[1, [1, 14]]], [[19, [19, 2]]], [[6, [6, 9]]], [[11, [11, 8]]], [[15, [15, 13]]], [[20, [20, 10]]], [[17, [17, 4]]], [[7, [7, 18]]], [[12, [12, 3]]], [[16, [16, 5]]]]], [[[[0, []], [1, [1, 2]], [2, []], [8, [8, 4]], [4, []], [12, [12, 13]], [13, []], [3, [3, 5]], [5, []], [16, [16, 11]], [11, []]], [[0, []], [14, [14]], [19, [19]], [9, [9, 6]], [6, []], [10, [10, 15]], [20, [20, 17]], [17, []], [7, [7, 18]], [15, []], [18, []]]], [[[14, [14]]], [[1, [1, 2]]], [[19, [19]]], [[9, [9, 6]]], [[8, [8, 4]]], [[10, [10, 15]]], [[20, [20, 17]]], [[12, [12, 13]]], [[7, [7, 18]]], [[3, [3, 5]]], [[16, [16, 11]]]]], [[[[0, []], [1, [1]], [9, [9, 10]], [10, []], [18, [18, 15]], [15, []], [7, [7, 11]], [11, []], [16, [16, 5]], [5, []]], [[0, []], [14, [14]], [2, [2]], [19, [19, 6]], [6, []], [8, [8, 13]], [17, [17, 20]], [20, []], [12, [12, 4]], [13, []], [4, []], [3, [3]]]], [[[1, [1]]], [[14, [14]]], [[2, [2]]], [[19, [19, 6]]], [[9, [9, 10]]], [[8, [8, 13]]], [[17, [17, 20]]], [[18, [18, 15]]], [[7, [7, 11]]], [[12, [12, 4]]], [[3, [3]]], [[16, [16, 5]]]]]], "Numrun": 5, "all_fitness": [329.78212518181704, 334.5929150099831, 330.422125181817]}
{"file_name": "U_20_1", "number_of_trucks": 2, "drone_capacity": 2, "number_of_drones": 2, "iteration": 4, "best_fitness": 326.4990149092341, "runtime": 153.60189056396484, "best_solution": [[[[0, [1]], [1, []], [11, [11, 8, 13, 4]], [20, [20, 17]], [17, []], [8, []], [12, [12, 3]], [13, []], [4, []], [3, []]], [[0, []], [14, [14]], [2, [2, 19]], [6, [6, 9]], [9, []], [19, []], [18, [18, 15]], [15, []], [10, [10, 5]], [7, [7, 16]], [16, []], [5, []]]], [[[14, [14]]], [[2, [2, 19]]], [[6, [6, 9]]], [[11, [11, 8]]], [[11, [13, 4]]], [[18, [18, 15]]], [[20, [20, 17]]], [[10, [10, 5]]], [[7, [7, 16]]], [[12, [12, 3]]]]], "all_solution": [[[[[0, []], [19, [19, 2]], [2, []], [6, [6, 9]], [9, []], [20, [20, 10]], [10, []], [7, [7, 18]], [18, []], [16, [16, 5]], [5, []]], [[0, []], [1, [1, 14]], [14, []], [11, [11, 8]], [15, [15, 13]], [17, [17, 4]], [8, []], [12, [12, 3]], [13, []], [4, []], [3, []]]], [[[1, [1, 14]]], [[19, [19, 2]]], [[6, [6, 9]]], [[11, [11, 8]]], [[15, [15, 13]]], [[20, [20, 10]]], [[17, [17, 4]]], [[7, [7, 18]]], [[12, [12, 3]]], [[16, [16, 5]]]]], [[[[0, []], [1, [1, 2]], [2, []], [8, [8, 4]], [4, []], [12, [12, 13]], [13, []], [3, [3, 5]], [5, []], [16, [16, 11]], [11, []]], [[0, []], [14, [14]], [19, [19]], [9, [9, 6]], [6, []], [10, [10, 15]], [20, [20, 17]], [17, []], [7, [7, 18]], [15, []], [18, []]]], [[[14, [14]]], [[1, [1, 2]]], [[19, [19]]], [[9, [9, 6]]], [[8, [8, 4]]], [[10, [10, 15]]], [[20, [20, 17]]], [[12, [12, 13]]], [[7, [7, 18]]], [[3, [3, 5]]], [[16, [16, 11]]]]], [[[[0, []], [1, [1]], [9, [9, 10]], [10, []], [18, [18, 15]], [15, []], [7, [7, 11]], [11, []], [16, [16, 5]], [5, []]], [[0, []], [14, [14]], [2, [2]], [19, [19, 6]], [6, []], [8, [8, 13]], [17, [17, 20]], [20, []], [12, [12, 4]], [13, []], [4, []], [3, [3]]]], [[[1, [1]]], [[14, [14]]], [[2, [2]]], [[19, [19, 6]]], [[9, [9, 10]]], [[8, [8, 13]]], [[17, [17, 20]]], [[18, [18, 15]]], [[7, [7, 11]]], [[12, [12, 4]]], [[3, [3]]], [[16, [16, 5]]]]], [[[[0, [1]], [1, []], [11, [11, 8, 13, 4]], [20, [20, 17]], [17, []], [8, []], [12, [12, 3]], [13, []], [4, []], [3, []]], [[0, []], [14, [14]], [2, [2, 19]], [6, [6, 9]], [9, []], [19, []], [18, [18, 15]], [15, []], [10, [10, 5]], [7, [7, 16]], [16, []], [5, []]]], [[[14, [14]]], [[2, [2, 19]]], [[6, [6, 9]]], [[11, [11, 8]]], [[11, [13, 4]]], [[18, [18, 15]]], [[20, [20, 17]]], [[10, [10, 5]]], [[7, [7, 16]]], [[12, [12, 3]]]]]], "Numrun": 5, "all_fitness": [329.78212518181704, 334.5929150099831, 330.422125181817, 326.4990149092341]}
{"file_name": "U_20_1", "number_of_trucks": 2, "drone_capacity": 2, "number_of_drones": 2, "iteration": 5, "best_fitness": 332.9272219999239, "runtime": 162.80346822738647, "best_solution": [[[[0, []], [14, [14]], [1, [1]], [4, [4, 8]], [8, []], [17, [17, 13]], [12, [12, 5]], [13, []], [3, [3, 16]], [5, []], [16, []]], [[0, []], [19, [19, 2]], [6, [6, 9]], [2, []], [9, []], [20, [20, 10]], [10, []], [7, [7, 11]], [15, [15, 18]], [18, []], [11, []]]], [[[14, [14]]], [[1, [1]]], [[19, [19, 2]]], [[6, [6, 9]]], [[4, [4, 8]]], [[20, [20, 10]]], [[17, [17, 13]]], [[12, [12, 5]]], [[7, [7, 11]]], [[3, [3, 16]]], [[15, [15, 18]]]]],