{"file_name": "U_15_1", "number_of_trucks": 2, "drone_capacity": 2, "number_of_drones": 2, "iteration": 1, "best_fitness": 296.2964800300448, "runtime": 58.935261487960815, "best_solution": [[[[0, []], [12, [12, 3]], [3, []], [7, [7, 6]], [6, []], [4, [4, 1]], [1, []]], [[0, [11, 5, 14]], [14, []], [11, []], [5, []], [9, [9, 13]], [2, [2]], [13, []], [8, [8, 10]], [10, []], [15, [15]]]], [[[12, [12, 3]]], [[9, [9, 13]]], [[7, [7, 6]]], [[2, [2]]], [[8, [8, 10]]], [[4, [4, 1]]], [[15, [15]]]]], "all_solution": [[[[[0, []], [12, [12, 3]], [3, []], [7, [7, 6]], [6, []], [4, [4, 1]], [1, []]], [[0, [11, 5, 14]], [14, []], [11, []], [5, []], [9, [9, 13]], [2, [2]], [13, []], [8, [8, 10]], [10, []], [15, [15]]]], [[[12, [12, 3]]], [[9, [9, 13]]], [[7, [7, 6]]], [[2, [2]]], [[8, [8, 10]]], [[4, [4, 1]]], [[15, [15]]]]]], "Numrun": 5, "all_fitness": [296.2964800300448]}
{"file_name": "U_15_1", "number_of_trucks": 2, "drone_capacity": 2, "number_of_drones": 2, "iteration": 2, "best_fitness": 296.3400476693712, "runtime": 55.477349519729614, "best_solution": [[[[0, [12, 5]], [12, [14]], [5, []], [9, [9]], [14, []], [1, [1]], [4, [4]], [15, [15]]], [[0, []], [3, [11, 3]], [11, []], [6, [6, 13]], [2, [2, 7]], [13, []], [8, [8, 10]], [7, []], [10, []]]], [[[12, [14]]], [[3, [11, 3]]], [[6, [6, 13]]], [[9, [9]]], [[2, [7]]], [[2, [2]]], [[1, [1]]], [[8, [8, 10]]], [[4, [4]]], [[15, [15]]]]], "all_solution": [[[[[0, []], [12, [12, 3]], [3, []], [7, [7, 6]], [6, []], [4, [4, 1]], [1, []]], [[0, [11, 5, 14]], [14, []], [11, []], [5, []], [9, [9, 13]], [2, [2]], [13, []], [8, [8, 10]], [10, []], [15, [15]]]], [[[12, [12, 3]]], [[9, [9, 13]]], [[7, [7, 6]]], [[2, [2]]], [[8, [8, 10]]], [[4, [4, 1]]], [[15, [15]]]]], [[[[0, [12, 5]], [12, [14]], [5, []], [9, [9]], [14, []], [1, [1]], [4, [4]], [15, [15]]], [[0, []], [3, [11, 3]], [11, []], [6, [6, 13]], [2, [2, 7]], [13, []], [8, [8, 10]], [7, []], [10, []]]], [[[12, [14]]], [[3, [11, 3]]], [[6, [6, 13]]], [[9, [9]]], [[2, [7]]], [[2, [2]]], [[1, [1]]], [[8, [8, 10]]], [[4, [4]]], [[15, [15]]]]]], "Numrun": 5, "all_fitness": [296.2964800300448, 296.3400476693712]}
{"file_name": "U_15_1", "number_of_trucks": 2, "drone_capacity": 2, "number_of_drones": 2, "iteration": 3, "best_fitness": 296.2964800300448, "runtime": 55.41380310058594, "best_solution": [[[[0, [14]], [14, []], [7, [7, 6]], [10, [10, 8, 2]], [8, []], [2, []], [6, []], [15, [15]]], [[0, [11, 12]], [5, [5, 3]], [3, []], [12, []], [11, []], [13, [13, 9]], [9, []], [4, [4, 1]], [1, []]]], [[[7, [7, 6]]], [[5, [5, 3]]], [[13, [13, 9]]], [[10, [10, 2]]], [[10, [8]]], [[4, [4, 1]]], [[15, [15]]]]], "all_solution": [[[[[0, []], [12, [12, 3]], [3, []], [7, [7, 6]], [6, []], [4, [4, 1]], [1, []]], [[0, [11, 5, 14]], [14, []], [11, []], [5, []], [9, [9, 13]], [2, [2]], [13, []], [8, [8, 10]], [10, []], [15, [15]]]], [[[12, [12, 3]]], [[9, [9, 13]]], [[7, [7, 6]]], [[2, [2]]], [[8, [8, 10]]], [[4, [4, 1]]], [[15, [15]]]]], [[[[0, [12, 5]], [12, [14]], [5, []], [9, [9]], [14, []], [1, [1]], [4, [4]], [15, [15]]], [[0, []], [3, [11, 3]], [11, []], [6, [6, 13]], [2, [2, 7]], [13, []], [8, [8, 10]], [7, []], [10, []]]], [[[12, [14]]], [[3, [11, 3]]], [[6, [6, 13]]], [[9, [9]]], [[2, [7]]], [[2, [2]]], [[1, [1]]], [[8, [8, 10]]], [[4, [4]]], [[15, [15]]]]], [[[[0, [14]], [14, []], [7, [7, 6]], [10, [10, 8, 2]], [8, []], [2, []], [6, []], [15, [15]]], [[0, [11, 12]], [5, [5, 3]], [3, []], [12, []], [11, []], [13, [13, 9]], [9, []], [4, [4, 1]], [1, []]]], [[[7, [7, 6]]], [[5, [5, 3]]], [[13, [13, 9]]], [[10, [10, 2]]], [[10, [8]]], [[4, [4, 1]]], [[15, [15]]]]]], "Numrun": 5, "all_fitness": [296.2964800300448, 296.3400476693712, 296.2964800300448]}
{"file_name": "U_15_1", "number_of_trucks": 2, "drone_capacity": 2, "number_of_drones": 2, "iteration": 4, "best_fitness": 296.2964800300448, "runtime": 60.31076455116272, "best_solution": [[[[0, [11, 3, 5]], [12, [12]], [3, []], [5, []], [11, []], [7, [7, 6]], [6, []], [4, [4, 1]], [1, []]], [[0, [14]], [14, []], [9, [9, 13]], [2, [2, 8]], [13, []], [8, []], [10, [10]], [15, [15]]]], [[[12, [12]]], [[9, [9, 13]]], [[7, [7, 6]]], [[2, [2, 8]]], [[10, [10]]], [[4, [4, 1]]], [[15, [15]]]]], "all_solution": [[[[[0, []], [12, [12, 3]], [3, []], [7, [7, 6]], [6, []], [4, [4, 1]], [1, []]], [[0, [11, 5, 14]], [14, []], [11, []], [5, []], [9, [9, 13]], [2, [2]], [13, []], [8, [8, 10]], [10, []], [15, [15]]]], [[[12, [12, 3]]], [[9, [9, 13]]], [[7, [7, 6]]], [[2, [2]]], [[8, [8, 10]]], [[4, [4, 1]]], [[15, [15]]]]], [[[[0, [12, 5]], [12, [14]], [5, []], [9, [9]], [14, []], [1, [1]], [4, [4]], [15, [15]]], [[0, []], [3, [11, 3]], [11, []], [6, [6, 13]], [2, [2, 7]], [13, []], [8, [8, 10]], [7, []], [10, []]]], [[[12, [14]]], [[3, [11, 3]]], [[6, [6, 13]]], [[9, [9]]], [[2, [7]]], [[2, [2]]], [[1, [1]]], [[8, [8, 10]]], [[4, [4]]], [[15, [15]]]]], [[[[0, [14]], [14, []], [7, [7, 6]], [10, [10, 8, 2]], [8, []], [2, []], [6, []], [15, [15]]], [[0, [11, 12]], [5, [5, 3]], [3, []], [12, []], [11, []], [13, [13, 9]], [9, []], [4, [4, 1]], [1, []]]], [[[7, [7, 6]]], [[5, [5, 3]]], [[13, [13, 9]]], [[10, [10, 2]]], [[10, [8]]], [[4, [4, 1]]], [[15, [15]]]]], [[[[0, [11, 3, 5]], [12, [12]], [3, []], [5, []], [11, []], [7, [7, 6]], [6, []], [4, [4, 1]], [1, []]], [[0, [14]], [14, []], [9, [9, 13]], [2, [2, 8]], [13, []], [8, []], [10, [10]], [15, [15]]]], [[[12, [12]]], [[9, [9, 13]]], [[7, [7, 6]]], [[2, [2, 8]]], [[10, [10]]], [[4, [4, 1]]], [[15, [15]]]]]], "Numrun": 5, "all_fitness": [296.2964800300448, 296.3400476693712, 296.2964800300448, 296.2964800300448]}
{"file_name": "U_15_1", "number_of_trucks": 2, "drone_capacity": 2, "number_of_drones": 2, "iteration": 5, "best_fitness": 292.64033361736136, "runtime": 59.064008474349976, "best_solution": [[[[0, [9, 3, 12, 6]], [12, []], [3, []], [6, []], [9, []], [1, [1]], [4, [4]]], [[0, [11, 14, 5]], [5, []], [14, []], [11, []], [7, [7, 13, 10, 8]], [10, []], [8, []], [13, []], [2, [2]], [15, [15]]]], [[[7, [10, 8]]], [[7, [7, 13]]], [[1, [1]]], [[2, [2]]], [[4, [4]]], [[15, [15]]]]], "all_solution": [[[[[0, []], [12, [12, 3]], [3, []], [7, [7, 6]], [6, []], [4, [4, 1]], [1, []]], [[0, [11, 5, 14]], [14, []], [11, []], [5, []], [9, [9, 13]], [2, [2]], [13, []], [8, [8, 10]], [10, []], [15, [15]]]], [[[12, [12, 3]]], [[9, [9, 13]]], [[7, [7, 6]]], [[2, [2]]], [[8, [8, 10]]], [[4, [4, 1]]], [[15, [15]]]]], [[[[0, [12, 5]], [12, [14]], [5, []], [9, [9]], [14, []], [1, [1]], [4, [4]], [15, [15]]], [[0, []], [3, [11, 3]], [11, []], [6, [6, 13]], [2, [2, 7]], [13, []], [8, [8, 10]], [7, []], [10, []]]], [[[12, [14]]], [[3, [11, 3]]], [[6, [6, 13]]], [[9, [9]]], [[2, [7]]], [[2, [2]]], [[1, [1]]], [[8, [8, 10]]], [[4, [4]]], [[15, [15]]]]], [[[[0, [14]], [14, []], [7, [7, 6]], [10, [10, 8, 2]], [8, []], [2, []], [6, []], [15, [15]]], [[0, [11, 12]], [5, [5, 3]], [3, []], [12, []], [11, []], [13, [13, 9]], [9, []], [4, [4, 1]], [1, []]]], [[[7, [7, 6]]], [[5, [5, 3]]], [[13, [13, 9]]], [[10, [10, 2]]], [[10, [8]]], [[4, [4, 1]]], [[15, [15]]]]], [[[[0, [11, 3, 5]], [12, [12]], [3, []], [5, []], [11, []], [7, [7, 6]], [6, []], [4, [4, 1]], [1, []]], [[0, [14]], [14, []], [9, [9, 13]], [2, [2, 8]], [13, []], [8, []], [10, [10]], [15, [15]]]], [[[12, [12]]], [[9, [9, 13]]], [[7, [7, 6]]], [[2, [2, 8]]], [[10, [10]]], [[4, [4, 1]]], [[15, [15]]]]], [[[[0, [9, 3, 12, 6]], [12, []], [3, []], [6, []], [9, []], [1, [1]], [4, [4]]], [[0, [11, 14, 5]], [5, []], [14, []], [11, []], [7, [7, 13, 10, 8]], [10, []], [8, []], [13, []], [2, [2]], [15, [15]]]], [[[7, [10, 8]]], [[7, [7, 13]]], [[1, [1]]], [[2, [2]]], [[4, [4]]], [[15, [15]]]]]], "Numrun": 5, "all_fitness": [296.2964800300448, 296.3400476693712, 296.2964800300448, 296.2964800300448, 292.64033361736136]}
