{"file_name": "U_20_1", "number_of_trucks": 2, "drone_capacity": 2, "number_of_drones": 2, "iteration": 1, "best_fitness": 336.13076964933896, "runtime": 179.85791897773743, "best_solution": [[[[0, [18, 15, 14]], [15, []], [14, []], [18, []], [16, [16]], [5, [5, 13]], [13, []], [3, [3, 19]], [19, []], [9, [9, 11]], [11, []], [12, [12, 6]], [6, []]], [[0, []], [2, [2, 10]], [1, [1, 4]], [4, []], [7, [7, 8]], [10, []], [17, [17, 20]], [20, []], [8, []]]], [[[16, [16]]], [[2, [2, 10]]], [[1, [1, 4]]], [[5, [5, 13]]], [[7, [7, 8]]], [[17, [17, 20]]], [[3, [3, 19]]], [[9, [9, 11]]], [[12, [12, 6]]]]], "all_solution": [[[[[0, [18, 15, 14]], [15, []], [14, []], [18, []], [16, [16]], [5, [5, 13]], [13, []], [3, [3, 19]], [19, []], [9, [9, 11]], [11, []], [12, [12, 6]], [6, []]], [[0, []], [2, [2, 10]], [1, [1, 4]], [4, []], [7, [7, 8]], [10, []], [17, [17, 20]], [20, []], [8, []]]], [[[16, [16]]], [[2, [2, 10]]], [[1, [1, 4]]], [[5, [5, 13]]], [[7, [7, 8]]], [[17, [17, 20]]], [[3, [3, 19]]], [[9, [9, 11]]], [[12, [12, 6]]]]]], "Numrun": 5, "all_fitness": [336.13076964933896]}
{"file_name": "U_20_1", "number_of_trucks": 2, "drone_capacity": 2, "number_of_drones": 2, "iteration": 2, "best_fitness": 337.32, "runtime": 173.69556307792664, "best_solution": [[[[0, [7, 4, 10, 17, 8, 20]], [4, []], [7, []], [10, []], [17, []], [8, []], [20, []]], [[0, [15, 14]], [2, [2, 18]], [15, []], [18, []], [14, []], [16, [16, 1]], [1, []], [5, [5, 13]], [13, []], [3, [3, 19]], [19, []], [9, [9, 11]], [11, []], [12, [12, 6]], [6, []]]], [[[2, [2, 18]]], [[16, [16, 1]]], [[5, [5, 13]]], [[3, [3, 19]]], [[9, [9, 11]]], [[12, [12, 6]]]]], "all_solution": [[[[[0, [18, 15, 14]], [15, []], [14, []], [18, []], [16, [16]], [5, [5, 13]], [13, []], [3, [3, 19]], [19, []], [9, [9, 11]], [11, []], [12, [12, 6]], [6, []]], [[0, []], [2, [2, 10]], [1, [1, 4]], [4, []], [7, [7, 8]], [10, []], [17, [17, 20]], [20, []], [8, []]]], [[[16, [16]]], [[2, [2, 10]]], [[1, [1, 4]]], [[5, [5, 13]]], [[7, [7, 8]]], [[17, [17, 20]]], [[3, [3, 19]]], [[9, [9, 11]]], [[12, [12, 6]]]]], [[[[0, [7, 4, 10, 17, 8, 20]], [4, []], [7, []], [10, []], [17, []], [8, []], [20, []]], [[0, [15, 14]], [2, [2, 18]], [15, []], [18, []], [14, []], [16, [16, 1]], [1, []], [5, [5, 13]], [13, []], [3, [3, 19]], [19, []], [9, [9, 11]], [11, []], [12, [12, 6]], [6, []]]], [[[2, [2, 18]]], [[16, [16, 1]]], [[5, [5, 13]]], [[3, [3, 19]]], [[9, [9, 11]]], [[12, [12, 6]]]]]], "Numrun": 5, "all_fitness": [336.13076964933896, 337.32]}
{"file_name": "U_20_1", "number_of_trucks": 2, "drone_capacity": 2, "number_of_drones": 2, "iteration": 3, "best_fitness": 339.9535102653081, "runtime": 202.80430555343628, "best_solution": [[[[0, [18, 2]], [2, []], [18, []], [13, [13, 7]], [7, []], [17, [17, 3]], [3, []], [19, [19, 6]], [6, []]], [[0, []], [15, [15, 14]], [10, [10]], [4, [4, 1, 8, 16]], [1, []], [16, []], [12, [12, 5]], [5, []], [11, [11, 9]], [9, []], [14, []], [8, []], [20, [20]]]], [[[15, [15, 14]]], [[10, [10]]], [[4, [8, 16]]], [[4, [4, 1]]], [[12, [12, 5]]], [[13, [13, 7]]], [[11, [11, 9]]], [[17, [17, 3]]], [[19, [19, 6]]], [[20, [20]]]]], "all_solution": [[[[[0, [18, 15, 14]], [15, []], [14, []], [18, []], [16, [16]], [5, [5, 13]], [13, []], [3, [3, 19]], [19, []], [9, [9, 11]], [11, []], [12, [12, 6]], [6, []]], [[0, []], [2, [2, 10]], [1, [1, 4]], [4, []], [7, [7, 8]], [10, []], [17, [17, 20]], [20, []], [8, []]]], [[[16, [16]]], [[2, [2, 10]]], [[1, [1, 4]]], [[5, [5, 13]]], [[7, [7, 8]]], [[17, [17, 20]]], [[3, [3, 19]]], [[9, [9, 11]]], [[12, [12, 6]]]]], [[[[0, [7, 4, 10, 17, 8, 20]], [4, []], [7, []], [10, []], [17, []], [8, []], [20, []]], [[0, [15, 14]], [2, [2, 18]], [15, []], [18, []], [14, []], [16, [16, 1]], [1, []], [5, [5, 13]], [13, []], [3, [3, 19]], [19, []], [9, [9, 11]], [11, []], [12, [12, 6]], [6, []]]], [[[2, [2, 18]]], [[16, [16, 1]]], [[5, [5, 13]]], [[3, [3, 19]]], [[9, [9, 11]]], [[12, [12, 6]]]]], [[[[0, [18, 2]], [2, []], [18, []], [13, [13, 7]], [7, []], [17, [17, 3]], [3, []], [19, [19, 6]], [6, []]], [[0, []], [15, [15, 14]], [10, [10]], [4, [4, 1, 8, 16]], [1, []], [16, []], [12, [12, 5]], [5, []], [11, [11, 9]], [9, []], [14, []], [8, []], [20, [20]]]], [[[15, [15, 14]]], [[10, [10]]], [[4, [8, 16]]], [[4, [4, 1]]], [[12, [12, 5]]], [[13, [13, 7]]], [[11, [11, 9]]], [[17, [17, 3]]], [[19, [19, 6]]], [[20, [20]]]]]], "Numrun": 5, "all_fitness": [336.13076964933896, 337.32, 339.9535102653081]}
{"file_name": "U_20_1", "number_of_trucks": 2, "drone_capacity": 2, "number_of_drones": 2, "iteration": 4, "best_fitness": 334.83182366187856, "runtime": 223.82474970817566, "best_solution": [[[[0, []], [10, [10, 2]], [2, []], [4, [4, 1]], [1, []], [16, [16, 13]], [13, []], [19, [19, 5]], [5, []], [3, [3, 17]], [17, []], [7, [7]]], [[0, [18, 15]], [14, [14]], [18, []], [15, []], [8, [8, 12]], [20, [20, 11]], [12, []], [11, []], [9, [9, 6]], [6, []]]], [[[14, [14]]], [[10, [10, 2]]], [[4, [4, 1]]], [[16, [16, 13]]], [[8, [8, 12]]], [[19, [19, 5]]], [[20, [20, 11]]], [[3, [3, 17]]], [[9, [9, 6]]], [[7, [7]]]]], "all_solution": [[[[[0, [18, 15, 14]], [15, []], [14, []], [18, []], [16, [16]], [5, [5, 13]], [13, []], [3, [3, 19]], [19, []], [9, [9, 11]], [11, []], [12, [12, 6]], [6, []]], [[0, []], [2, [2, 10]], [1, [1, 4]], [4, []], [7, [7, 8]], [10, []], [17, [17, 20]], [20, []], [8, []]]], [[[16, [16]]], [[2, [2, 10]]], [[1, [1, 4]]], [[5, [5, 13]]], [[7, [7, 8]]], [[17, [17, 20]]], [[3, [3, 19]]], [[9, [9, 11]]], [[12, [12, 6]]]]], [[[[0, [7, 4, 10, 17, 8, 20]], [4, []], [7, []], [10, []], [17, []], [8, []], [20, []]], [[0, [15, 14]], [2, [2, 18]], [15, []], [18, []], [14, []], [16, [16, 1]], [1, []], [5, [5, 13]], [13, []], [3, [3, 19]], [19, []], [9, [9, 11]], [11, []], [12, [12, 6]], [6, []]]], [[[2, [2, 18]]], [[16, [16, 1]]], [[5, [5, 13]]], [[3, [3, 19]]], [[9, [9, 11]]], [[12, [12, 6]]]]], [[[[0, [18, 2]], [2, []], [18, []], [13, [13, 7]], [7, []], [17, [17, 3]], [3, []], [19, [19, 6]], [6, []]], [[0, []], [15, [15, 14]], [10, [10]], [4, [4, 1, 8, 16]], [1, []], [16, []], [12, [12, 5]], [5, []], [11, [11, 9]], [9, []], [14, []], [8, []], [20, [20]]]], [[[15, [15, 14]]], [[10, [10]]], [[4, [8, 16]]], [[4, [4, 1]]], [[12, [12, 5]]], [[13, [13, 7]]], [[11, [11, 9]]], [[17, [17, 3]]], [[19, [19, 6]]], [[20, [20]]]]], [[[[0, []], [10, [10, 2]], [2, []], [4, [4, 1]], [1, []], [16, [16, 13]], [13, []], [19, [19, 5]], [5, []], [3, [3, 17]], [17, []], [7, [7]]], [[0, [18, 15]], [14, [14]], [18, []], [15, []], [8, [8, 12]], [20, [20, 11]], [12, []], [11, []], [9, [9, 6]], [6, []]]], [[[14, [14]]], [[10, [10, 2]]], [[4, [4, 1]]], [[16, [16, 13]]], [[8, [8, 12]]], [[19, [19, 5]]], [[20, [20, 11]]], [[3, [3, 17]]], [[9, [9, 6]]], [[7, [7]]]]]], "Numrun": 5, "all_fitness": [336.13076964933896, 337.32, 339.9535102653081, 334.83182366187856]}
{"file_name": "U_20_1", "number_of_trucks": 2, "drone_capacity": 2, "number_of_drones": 2, "iteration": 5, "best_fitness": 336.3292916476936, "runtime": 201.23834896087646, "best_solution": [[[[0, [10, 2]], [10, []], [2, []], [1, [1, 8]], [12, [12, 7]], [17, [17, 20]], [7, []], [20, []], [8, []]], [[0, [14, 15]], [18, [18]], [14, []], [15, []], [4, [4, 16]], [5, [5, 13]], [13, []], [3, [3, 19]], [19, []], [9, [9, 6]], [11, [11]], [16, []], [6, []]]], [[[18, [18]]], [[4, [4, 16]]], [[1, [1, 8]]], [[5, [5, 13]]], [[12, [12, 7]]], [[17, [17, 20]]], [[3, [3, 19]]], [[9, [9, 6]]], [[11, [11]]]]],