{"file_name": "U_20_0", "number_of_trucks": 2, "drone_capacity": 2, "number_of_drones": 2, "iteration": 1, "best_fitness": 207.39999999999998, "runtime": 156.21743273735046, "best_solution": [[[[0, [13, 4, 12, 11, 19, 2, 5]], [2, []], [13, []], [4, []], [12, []], [11, []], [5, []], [14, [14, 16]], [16, []], [19, []]], [[0, [3, 15, 18, 20, 1, 6, 17]], [18, []], [20, []], [10, [10, 9, 7]], [3, []], [9, []], [7, []], [15, []], [17, []], [1, []], [8, [8]], [6, []]]], [[[10, [7]]], [[10, [10, 9]]], [[8, [8]]], [[14, [14, 16]]]]], "all_solution": [[[[[0, [13, 4, 12, 11, 19, 2, 5]], [2, []], [13, []], [4, []], [12, []], [11, []], [5, []], [14, [14, 16]], [16, []], [19, []]], [[0, [3, 15, 18, 20, 1, 6, 17]], [18, []], [20, []], [10, [10, 9, 7]], [3, []], [9, []], [7, []], [15, []], [17, []], [1, []], [8, [8]], [6, []]]], [[[10, [7]]], [[10, [10, 9]]], [[8, [8]]], [[14, [14, 16]]]]]], "Numrun": 5, "all_fitness": [207.39999999999998]}
{"file_name": "U_20_0", "number_of_trucks": 2, "drone_capacity": 2, "number_of_drones": 2, "iteration": 2, "best_fitness": 206.51999999999998, "runtime": 153.17395973205566, "best_solution": [[[[0, [9, 10, 3, 18, 20, 17, 5, 1]], [18, []], [20, []], [5, []], [10, []], [3, []], [9, []], [17, []], [8, [8]], [1, []]], [[0, []], [19, [2, 19]], [2, []], [13, [13, 4, 12, 11]], [4, []], [12, []], [11, []], [16, [16, 14, 15, 6]], [14, []], [7, [7]], [15, []], [6, []]]], [[[19, [2, 19]]], [[13, [4, 11]]], [[13, [13, 12]]], [[16, [15, 6]]], [[16, [16, 14]]], [[8, [8]]], [[7, [7]]]]], "all_solution": [[[[[0, [13, 4, 12, 11, 19, 2, 5]], [2, []], [13, []], [4, []], [12, []], [11, []], [5, []], [14, [14, 16]], [16, []], [19, []]], [[0, [3, 15, 18, 20, 1, 6, 17]], [18, []], [20, []], [10, [10, 9, 7]], [3, []], [9, []], [7, []], [15, []], [17, []], [1, []], [8, [8]], [6, []]]], [[[10, [7]]], [[10, [10, 9]]], [[8, [8]]], [[14, [14, 16]]]]], [[[[0, [9, 10, 3, 18, 20, 17, 5, 1]], [18, []], [20, []], [5, []], [10, []], [3, []], [9, []], [17, []], [8, [8]], [1, []]], [[0, []], [19, [2, 19]], [2, []], [13, [13, 4, 12, 11]], [4, []], [12, []], [11, []], [16, [16, 14, 15, 6]], [14, []], [7, [7]], [15, []], [6, []]]], [[[19, [2, 19]]], [[13, [4, 11]]], [[13, [13, 12]]], [[16, [15, 6]]], [[16, [16, 14]]], [[8, [8]]], [[7, [7]]]]]], "Numrun": 5, "all_fitness": [207.39999999999998, 206.51999999999998]}
{"file_name": "U_20_0", "number_of_trucks": 2, "drone_capacity": 2, "number_of_drones": 2, "iteration": 3, "best_fitness": 208.28000000000003, "runtime": 196.53400015830994, "best_solution": [[[[0, [15, 1]], [18, [18, 9, 3]], [10, [10, 5]], [3, [20, 17]], [5, []], [20, []], [9, []], [17, []], [15, []], [8, [8]], [1, []]], [[0, [2, 13, 4, 11, 12, 7, 19, 6]], [19, []], [2, []], [13, []], [4, []], [11, []], [12, []], [16, [16, 14]], [14, []], [7, []], [6, []]]], [[[18, [18, 9]]], [[18, [3]]], [[10, [10, 5]]], [[3, [20, 17]]], [[8, [8]]], [[16, [16, 14]]]]], "all_solution": [[[[[0, [13, 4, 12, 11, 19, 2, 5]], [2, []], [13, []], [4, []], [12, []], [11, []], [5, []], [14, [14, 16]], [16, []], [19, []]], [[0, [3, 15, 18, 20, 1, 6, 17]], [18, []], [20, []], [10, [10, 9, 7]], [3, []], [9, []], [7, []], [15, []], [17, []], [1, []], [8, [8]], [6, []]]], [[[10, [7]]], [[10, [10, 9]]], [[8, [8]]], [[14, [14, 16]]]]], [[[[0, [9, 10, 3, 18, 20, 17, 5, 1]], [18, []], [20, []], [5, []], [10, []], [3, []], [9, []], [17, []], [8, [8]], [1, []]], [[0, []], [19, [2, 19]], [2, []], [13, [13, 4, 12, 11]], [4, []], [12, []], [11, []], [16, [16, 14, 15, 6]], [14, []], [7, [7]], [15, []], [6, []]]], [[[19, [2, 19]]], [[13, [4, 11]]], [[13, [13, 12]]], [[16, [15, 6]]], [[16, [16, 14]]], [[8, [8]]], [[7, [7]]]]], [[[[0, [15, 1]], [18, [18, 9, 3]], [10, [10, 5]], [3, [20, 17]], [5, []], [20, []], [9, []], [17, []], [15, []], [8, [8]], [1, []]], [[0, [2, 13, 4, 11, 12, 7, 19, 6]], [19, []], [2, []], [13, []], [4, []], [11, []], [12, []], [16, [16, 14]], [14, []], [7, []], [6, []]]], [[[18, [18, 9]]], [[18, [3]]], [[10, [10, 5]]], [[3, [20, 17]]], [[8, [8]]], [[16, [16, 14]]]]]], "Numrun": 5, "all_fitness": [207.39999999999998, 206.51999999999998, 208.28000000000003]}
{"file_name": "U_20_0", "number_of_trucks": 2, "drone_capacity": 2, "number_of_drones": 2, "iteration": 4, "best_fitness": 211.16634569004967, "runtime": 165.2037444114685, "best_solution": [[[[0, [9, 5, 20, 10, 3, 17, 15, 19, 18]], [18, []], [20, []], [5, []], [10, []], [3, []], [9, []], [17, []], [15, []], [19, []]], [[0, []], [2, [6, 2]], [13, [13, 4, 12, 11]], [4, []], [12, []], [11, []], [16, [16, 14, 7]], [14, []], [7, []], [6, []], [8, [8, 1]], [1, []]]], [[[2, [6, 2]]], [[13, [4, 12]]], [[13, [13, 11]]], [[16, [7]]], [[16, [16, 14]]], [[8, [8, 1]]]]], "all_solution": [[[[[0, [13, 4, 12, 11, 19, 2, 5]], [2, []], [13, []], [4, []], [12, []], [11, []], [5, []], [14, [14, 16]], [16, []], [19, []]], [[0, [3, 15, 18, 20, 1, 6, 17]], [18, []], [20, []], [10, [10, 9, 7]], [3, []], [9, []], [7, []], [15, []], [17, []], [1, []], [8, [8]], [6, []]]], [[[10, [7]]], [[10, [10, 9]]], [[8, [8]]], [[14, [14, 16]]]]], [[[[0, [9, 10, 3, 18, 20, 17, 5, 1]], [18, []], [20, []], [5, []], [10, []], [3, []], [9, []], [17, []], [8, [8]], [1, []]], [[0, []], [19, [2, 19]], [2, []], [13, [13, 4, 12, 11]], [4, []], [12, []], [11, []], [16, [16, 14, 15, 6]], [14, []], [7, [7]], [15, []], [6, []]]], [[[19, [2, 19]]], [[13, [4, 11]]], [[13, [13, 12]]], [[16, [15, 6]]], [[16, [16, 14]]], [[8, [8]]], [[7, [7]]]]], [[[[0, [15, 1]], [18, [18, 9, 3]], [10, [10, 5]], [3, [20, 17]], [5, []], [20, []], [9, []], [17, []], [15, []], [8, [8]], [1, []]], [[0, [2, 13, 4, 11, 12, 7, 19, 6]], [19, []], [2, []], [13, []], [4, []], [11, []], [12, []], [16, [16, 14]], [14, []], [7, []], [6, []]]], [[[18, [18, 9]]], [[18, [3]]], [[10, [10, 5]]], [[3, [20, 17]]], [[8, [8]]], [[16, [16, 14]]]]], [[[[0, [9, 5, 20, 10, 3, 17, 15, 19, 18]], [18, []], [20, []], [5, []], [10, []], [3, []], [9, []], [17, []], [15, []], [19, []]], [[0, []], [2, [6, 2]], [13, [13, 4, 12, 11]], [4, []], [12, []], [11, []], [16, [16, 14, 7]], [14, []], [7, []], [6, []], [8, [8, 1]], [1, []]]], [[[2, [6, 2]]], [[13, [4, 12]]], [[13, [13, 11]]], [[16, [7]]], [[16, [16, 14]]], [[8, [8, 1]]]]]], "Numrun": 5, "all_fitness": [207.39999999999998, 206.51999999999998, 208.28000000000003, 211.16634569004967]}
{"file_name": "U_20_0", "number_of_trucks": 2, "drone_capacity": 2, "number_of_drones": 2, "iteration": 5, "best_fitness": 202.76000000000002, "runtime": 152.00014233589172, "best_solution": [[[[0, [13, 7, 4, 11, 12, 18]], [13, []], [4, []], [11, []], [12, []], [16, [16, 14]], [14, []], [7, []], [18, []]], [[0, [1, 19, 15, 20, 6, 2, 3]], [19, []], [2, []], [20, []], [10, [9, 10, 5, 17]], [3, []], [5, []], [9, []], [17, []], [15, []], [1, []], [8, [8]], [6, []]]], [[[10, [5, 17]]], [[10, [9, 10]]], [[8, [8]]], [[16, [16, 14]]]]],