{"file_name": "U_20_1", "number_of_trucks": 2, "drone_capacity": 2, "number_of_drones": 2, "iteration": 1, "best_fitness": 361.22812237368817, "runtime": 113.70493078231812, "best_solution": [[[[0, [6, 19, 14]], [14, []], [19, []], [18, [18]], [4, [4, 8]], [6, []], [20, [20, 12]], [8, []], [12, []]], [[0, [13, 16, 11, 15, 1]], [11, []], [15, []], [13, []], [16, []], [1, []], [9, [9, 5]], [2, [2, 10]], [10, []], [17, [17]], [3, [3, 7]], [5, []], [7, []]]], [[[18, [18]]], [[9, [9, 5]]], [[4, [4, 8]]], [[2, [2, 10]]], [[17, [17]]], [[20, [20, 12]]], [[3, [3, 7]]]]], "all_solution": [[[[[0, [6, 19, 14]], [14, []], [19, []], [18, [18]], [4, [4, 8]], [6, []], [20, [20, 12]], [8, []], [12, []]], [[0, [13, 16, 11, 15, 1]], [11, []], [15, []], [13, []], [16, []], [1, []], [9, [9, 5]], [2, [2, 10]], [10, []], [17, [17]], [3, [3, 7]], [5, []], [7, []]]], [[[18, [18]]], [[9, [9, 5]]], [[4, [4, 8]]], [[2, [2, 10]]], [[17, [17]]], [[20, [20, 12]]], [[3, [3, 7]]]]]], "Numrun": 5, "all_fitness": [361.22812237368817]}
{"file_name": "U_20_1", "number_of_trucks": 2, "drone_capacity": 2, "number_of_drones": 2, "iteration": 2, "best_fitness": 357.0281223736881, "runtime": 134.35337924957275, "best_solution": [[[[0, [15]], [18, [18, 9]], [9, []], [15, []], [4, [4, 8]], [8, []], [20, [20, 12]], [12, []]], [[0, [19, 1, 16, 6, 11, 13, 14]], [11, []], [13, []], [14, []], [19, []], [1, []], [16, []], [6, []], [5, [5, 2]], [2, []], [10, [10]], [17, [17]], [3, [3, 7]], [7, []]]], [[[18, [18, 9]]], [[5, [5, 2]]], [[4, [4, 8]]], [[10, [10]]], [[17, [17]]], [[20, [20, 12]]], [[3, [3, 7]]]]], "all_solution": [[[[[0, [6, 19, 14]], [14, []], [19, []], [18, [18]], [4, [4, 8]], [6, []], [20, [20, 12]], [8, []], [12, []]], [[0, [13, 16, 11, 15, 1]], [11, []], [15, []], [13, []], [16, []], [1, []], [9, [9, 5]], [2, [2, 10]], [10, []], [17, [17]], [3, [3, 7]], [5, []], [7, []]]], [[[18, [18]]], [[9, [9, 5]]], [[4, [4, 8]]], [[2, [2, 10]]], [[17, [17]]], [[20, [20, 12]]], [[3, [3, 7]]]]], [[[[0, [15]], [18, [18, 9]], [9, []], [15, []], [4, [4, 8]], [8, []], [20, [20, 12]], [12, []]], [[0, [19, 1, 16, 6, 11, 13, 14]], [11, []], [13, []], [14, []], [19, []], [1, []], [16, []], [6, []], [5, [5, 2]], [2, []], [10, [10]], [17, [17]], [3, [3, 7]], [7, []]]], [[[18, [18, 9]]], [[5, [5, 2]]], [[4, [4, 8]]], [[10, [10]]], [[17, [17]]], [[20, [20, 12]]], [[3, [3, 7]]]]]], "Numrun": 5, "all_fitness": [361.22812237368817, 357.0281223736881]}
{"file_name": "U_20_1", "number_of_trucks": 2, "drone_capacity": 2, "number_of_drones": 2, "iteration": 3, "best_fitness": 348.18122205628646, "runtime": 190.50803136825562, "best_solution": [[[[0, [8, 16, 9, 19, 13, 18]], [8, []], [18, []], [16, []], [9, []], [13, []], [19, []], [3, [3]]], [[0, [6, 14, 11]], [11, []], [14, []], [15, [15, 20, 7]], [20, []], [6, []], [7, [5]], [4, [4, 2]], [10, [10, 1]], [2, []], [17, [17, 12]], [5, []], [1, []], [12, []]]], [[[15, [20, 7]]], [[15, [15]]], [[7, [5]]], [[4, [4, 2]]], [[10, [10, 1]]], [[17, [17, 12]]], [[3, [3]]]]], "all_solution": [[[[[0, [6, 19, 14]], [14, []], [19, []], [18, [18]], [4, [4, 8]], [6, []], [20, [20, 12]], [8, []], [12, []]], [[0, [13, 16, 11, 15, 1]], [11, []], [15, []], [13, []], [16, []], [1, []], [9, [9, 5]], [2, [2, 10]], [10, []], [17, [17]], [3, [3, 7]], [5, []], [7, []]]], [[[18, [18]]], [[9, [9, 5]]], [[4, [4, 8]]], [[2, [2, 10]]], [[17, [17]]], [[20, [20, 12]]], [[3, [3, 7]]]]], [[[[0, [15]], [18, [18, 9]], [9, []], [15, []], [4, [4, 8]], [8, []], [20, [20, 12]], [12, []]], [[0, [19, 1, 16, 6, 11, 13, 14]], [11, []], [13, []], [14, []], [19, []], [1, []], [16, []], [6, []], [5, [5, 2]], [2, []], [10, [10]], [17, [17]], [3, [3, 7]], [7, []]]], [[[18, [18, 9]]], [[5, [5, 2]]], [[4, [4, 8]]], [[10, [10]]], [[17, [17]]], [[20, [20, 12]]], [[3, [3, 7]]]]], [[[[0, [8, 16, 9, 19, 13, 18]], [8, []], [18, []], [16, []], [9, []], [13, []], [19, []], [3, [3]]], [[0, [6, 14, 11]], [11, []], [14, []], [15, [15, 20, 7]], [20, []], [6, []], [7, [5]], [4, [4, 2]], [10, [10, 1]], [2, []], [17, [17, 12]], [5, []], [1, []], [12, []]]], [[[15, [20, 7]]], [[15, [15]]], [[7, [5]]], [[4, [4, 2]]], [[10, [10, 1]]], [[17, [17, 12]]], [[3, [3]]]]]], "Numrun": 5, "all_fitness": [361.22812237368817, 357.0281223736881, 348.18122205628646]}
{"file_name": "U_20_1", "number_of_trucks": 2, "drone_capacity": 2, "number_of_drones": 2, "iteration": 4, "best_fitness": 357.0281223736881, "runtime": 127.79634714126587, "best_solution": [[[[0, [15, 14, 6, 11, 13, 19]], [11, []], [19, []], [13, []], [6, []], [15, []], [2, [2]], [5, [5, 8]], [14, []], [8, []], [20, [20, 12]], [12, []]], [[0, [16, 9, 18, 1]], [18, []], [16, []], [9, []], [1, []], [4, [4, 10]], [10, []], [17, [17]], [3, [3, 7]], [7, []]]], [[[2, [2]]], [[5, [5, 8]]], [[4, [4, 10]]], [[17, [17]]], [[20, [20, 12]]], [[3, [3, 7]]]]], "all_solution": [[[[[0, [6, 19, 14]], [14, []], [19, []], [18, [18]], [4, [4, 8]], [6, []], [20, [20, 12]], [8, []], [12, []]], [[0, [13, 16, 11, 15, 1]], [11, []], [15, []], [13, []], [16, []], [1, []], [9, [9, 5]], [2, [2, 10]], [10, []], [17, [17]], [3, [3, 7]], [5, []], [7, []]]], [[[18, [18]]], [[9, [9, 5]]], [[4, [4, 8]]], [[2, [2, 10]]], [[17, [17]]], [[20, [20, 12]]], [[3, [3, 7]]]]], [[[[0, [15]], [18, [18, 9]], [9, []], [15, []], [4, [4, 8]], [8, []], [20, [20, 12]], [12, []]], [[0, [19, 1, 16, 6, 11, 13, 14]], [11, []], [13, []], [14, []], [19, []], [1, []], [16, []], [6, []], [5, [5, 2]], [2, []], [10, [10]], [17, [17]], [3, [3, 7]], [7, []]]], [[[18, [18, 9]]], [[5, [5, 2]]], [[4, [4, 8]]], [[10, [10]]], [[17, [17]]], [[20, [20, 12]]], [[3, [3, 7]]]]], [[[[0, [8, 16, 9, 19, 13, 18]], [8, []], [18, []], [16, []], [9, []], [13, []], [19, []], [3, [3]]], [[0, [6, 14, 11]], [11, []], [14, []], [15, [15, 20, 7]], [20, []], [6, []], [7, [5]], [4, [4, 2]], [10, [10, 1]], [2, []], [17, [17, 12]], [5, []], [1, []], [12, []]]], [[[15, [20, 7]]], [[15, [15]]], [[7, [5]]], [[4, [4, 2]]], [[10, [10, 1]]], [[17, [17, 12]]], [[3, [3]]]]], [[[[0, [15, 14, 6, 11, 13, 19]], [11, []], [19, []], [13, []], [6, []], [15, []], [2, [2]], [5, [5, 8]], [14, []], [8, []], [20, [20, 12]], [12, []]], [[0, [16, 9, 18, 1]], [18, []], [16, []], [9, []], [1, []], [4, [4, 10]], [10, []], [17, [17]], [3, [3, 7]], [7, []]]], [[[2, [2]]], [[5, [5, 8]]], [[4, [4, 10]]], [[17, [17]]], [[20, [20, 12]]], [[3, [3, 7]]]]]], "Numrun": 5, "all_fitness": [361.22812237368817, 357.0281223736881, 348.18122205628646, 357.0281223736881]}
{"file_name": "U_20_1", "number_of_trucks": 2, "drone_capacity": 2, "number_of_drones": 2, "iteration": 5, "best_fitness": 357.0281223736881, "runtime": 106.28943967819214, "best_solution": [[[[0, [19, 16, 1, 11, 6, 15]], [15, []], [11, []], [6, []], [19, []], [16, []], [1, []], [2, [2]], [5, [5, 8]], [8, []], [20, [20, 12]], [12, []]], [[0, [14, 13]], [14, []], [13, []], [18, [18]], [9, [9]], [4, [4, 10]], [10, []], [17, [17]], [3, [3, 7]], [7, []]]], [[[18, [18]]], [[9, [9]]], [[2, [2]]], [[4, [4, 10]]], [[5, [5, 8]]], [[17, [17]]], [[20, [20, 12]]], [[3, [3, 7]]]]],