{"file_name": "U_20_1", "number_of_trucks": 2, "drone_capacity": 2, "number_of_drones": 2, "iteration": 1, "best_fitness": 253.5531115123137, "runtime": 200.62479734420776, "best_solution": [[[[0, [14, 10, 11, 12, 3]], [14, []], [11, []], [12, []], [10, [20, 9]], [3, []], [9, []], [20, []], [5, [5, 7]], [7, []]], [[0, [15, 18, 2, 16]], [18, []], [2, []], [16, []], [4, [4, 8, 13]], [13, []], [15, []], [6, [6, 1]], [17, [17, 19]], [1, []], [8, []], [19, []]]], [[[4, [4, 13]]], [[4, [8]]], [[10, [20, 9]]], [[6, [6, 1]]], [[17, [17, 19]]], [[5, [5, 7]]]]], "all_solution": [[[[[0, [14, 10, 11, 12, 3]], [14, []], [11, []], [12, []], [10, [20, 9]], [3, []], [9, []], [20, []], [5, [5, 7]], [7, []]], [[0, [15, 18, 2, 16]], [18, []], [2, []], [16, []], [4, [4, 8, 13]], [13, []], [15, []], [6, [6, 1]], [17, [17, 19]], [1, []], [8, []], [19, []]]], [[[4, [4, 13]]], [[4, [8]]], [[10, [20, 9]]], [[6, [6, 1]]], [[17, [17, 19]]], [[5, [5, 7]]]]]], "Numrun": 5, "all_fitness": [253.5531115123137]}
{"file_name": "U_20_1", "number_of_trucks": 2, "drone_capacity": 2, "number_of_drones": 2, "iteration": 2, "best_fitness": 254.3938972940778, "runtime": 177.44728422164917, "best_solution": [[[[0, [12, 15, 18, 2]], [15, []], [18, []], [2, []], [13, [13, 4]], [4, []], [12, [11, 20]], [11, []], [20, []], [5, [5, 7]], [7, []]], [[0, [16, 3]], [16, []], [14, [14]], [3, []], [10, [10, 8]], [9, [9, 1]], [8, []], [1, []], [17, [17, 6]], [6, []], [19, [19]]]], [[[14, [14]]], [[10, [10, 8]]], [[9, [9, 1]]], [[13, [13, 4]]], [[12, [11, 20]]], [[17, [17, 6]]], [[5, [5, 7]]], [[19, [19]]]]], "all_solution": [[[[[0, [14, 10, 11, 12, 3]], [14, []], [11, []], [12, []], [10, [20, 9]], [3, []], [9, []], [20, []], [5, [5, 7]], [7, []]], [[0, [15, 18, 2, 16]], [18, []], [2, []], [16, []], [4, [4, 8, 13]], [13, []], [15, []], [6, [6, 1]], [17, [17, 19]], [1, []], [8, []], [19, []]]], [[[4, [4, 13]]], [[4, [8]]], [[10, [20, 9]]], [[6, [6, 1]]], [[17, [17, 19]]], [[5, [5, 7]]]]], [[[[0, [12, 15, 18, 2]], [15, []], [18, []], [2, []], [13, [13, 4]], [4, []], [12, [11, 20]], [11, []], [20, []], [5, [5, 7]], [7, []]], [[0, [16, 3]], [16, []], [14, [14]], [3, []], [10, [10, 8]], [9, [9, 1]], [8, []], [1, []], [17, [17, 6]], [6, []], [19, [19]]]], [[[14, [14]]], [[10, [10, 8]]], [[9, [9, 1]]], [[13, [13, 4]]], [[12, [11, 20]]], [[17, [17, 6]]], [[5, [5, 7]]], [[19, [19]]]]]], "Numrun": 5, "all_fitness": [253.5531115123137, 254.3938972940778]}
{"file_name": "U_20_1", "number_of_trucks": 2, "drone_capacity": 2, "number_of_drones": 2, "iteration": 3, "best_fitness": 258.62889929487096, "runtime": 221.89673113822937, "best_solution": [[[[0, [14, 9, 10, 3, 18, 15, 1, 8]], [14, []], [18, []], [15, []], [1, []], [8, []], [9, []], [10, []], [3, []], [5, [5, 20]], [20, []]], [[0, [2]], [2, []], [16, [16, 12]], [11, [11]], [12, []], [4, [4]], [13, [13]], [19, [19, 6]], [6, [17, 7]], [17, []], [7, []]]], [[[16, [16, 12]]], [[11, [11]]], [[4, [4]]], [[13, [13]]], [[19, [19, 6]]], [[6, [17, 7]]], [[5, [5, 20]]]]], "all_solution": [[[[[0, [14, 10, 11, 12, 3]], [14, []], [11, []], [12, []], [10, [20, 9]], [3, []], [9, []], [20, []], [5, [5, 7]], [7, []]], [[0, [15, 18, 2, 16]], [18, []], [2, []], [16, []], [4, [4, 8, 13]], [13, []], [15, []], [6, [6, 1]], [17, [17, 19]], [1, []], [8, []], [19, []]]], [[[4, [4, 13]]], [[4, [8]]], [[10, [20, 9]]], [[6, [6, 1]]], [[17, [17, 19]]], [[5, [5, 7]]]]], [[[[0, [12, 15, 18, 2]], [15, []], [18, []], [2, []], [13, [13, 4]], [4, []], [12, [11, 20]], [11, []], [20, []], [5, [5, 7]], [7, []]], [[0, [16, 3]], [16, []], [14, [14]], [3, []], [10, [10, 8]], [9, [9, 1]], [8, []], [1, []], [17, [17, 6]], [6, []], [19, [19]]]], [[[14, [14]]], [[10, [10, 8]]], [[9, [9, 1]]], [[13, [13, 4]]], [[12, [11, 20]]], [[17, [17, 6]]], [[5, [5, 7]]], [[19, [19]]]]], [[[[0, [14, 9, 10, 3, 18, 15, 1, 8]], [14, []], [18, []], [15, []], [1, []], [8, []], [9, []], [10, []], [3, []], [5, [5, 20]], [20, []]], [[0, [2]], [2, []], [16, [16, 12]], [11, [11]], [12, []], [4, [4]], [13, [13]], [19, [19, 6]], [6, [17, 7]], [17, []], [7, []]]], [[[16, [16, 12]]], [[11, [11]]], [[4, [4]]], [[13, [13]]], [[19, [19, 6]]], [[6, [17, 7]]], [[5, [5, 20]]]]]], "Numrun": 5, "all_fitness": [253.5531115123137, 254.3938972940778, 258.62889929487096]}
{"file_name": "U_20_1", "number_of_trucks": 2, "drone_capacity": 2, "number_of_drones": 2, "iteration": 4, "best_fitness": 250.628899294871, "runtime": 141.7328817844391, "best_solution": [[[[0, [2]], [3, [3, 16]], [12, [12, 11]], [11, []], [16, []], [4, [4, 13, 17, 7]], [13, []], [2, []], [19, [19, 6]], [6, []], [17, []], [7, []]], [[0, [9, 10, 15, 18, 1, 8, 14]], [14, []], [18, []], [15, []], [1, []], [8, []], [9, []], [5, [5, 20]], [10, []], [20, []]]], [[[3, [3, 16]]], [[12, [12, 11]]], [[4, [17, 7]]], [[4, [4, 13]]], [[19, [19, 6]]], [[5, [5, 20]]]]], "all_solution": [[[[[0, [14, 10, 11, 12, 3]], [14, []], [11, []], [12, []], [10, [20, 9]], [3, []], [9, []], [20, []], [5, [5, 7]], [7, []]], [[0, [15, 18, 2, 16]], [18, []], [2, []], [16, []], [4, [4, 8, 13]], [13, []], [15, []], [6, [6, 1]], [17, [17, 19]], [1, []], [8, []], [19, []]]], [[[4, [4, 13]]], [[4, [8]]], [[10, [20, 9]]], [[6, [6, 1]]], [[17, [17, 19]]], [[5, [5, 7]]]]], [[[[0, [12, 15, 18, 2]], [15, []], [18, []], [2, []], [13, [13, 4]], [4, []], [12, [11, 20]], [11, []], [20, []], [5, [5, 7]], [7, []]], [[0, [16, 3]], [16, []], [14, [14]], [3, []], [10, [10, 8]], [9, [9, 1]], [8, []], [1, []], [17, [17, 6]], [6, []], [19, [19]]]], [[[14, [14]]], [[10, [10, 8]]], [[9, [9, 1]]], [[13, [13, 4]]], [[12, [11, 20]]], [[17, [17, 6]]], [[5, [5, 7]]], [[19, [19]]]]], [[[[0, [14, 9, 10, 3, 18, 15, 1, 8]], [14, []], [18, []], [15, []], [1, []], [8, []], [9, []], [10, []], [3, []], [5, [5, 20]], [20, []]], [[0, [2]], [2, []], [16, [16, 12]], [11, [11]], [12, []], [4, [4]], [13, [13]], [19, [19, 6]], [6, [17, 7]], [17, []], [7, []]]], [[[16, [16, 12]]], [[11, [11]]], [[4, [4]]], [[13, [13]]], [[19, [19, 6]]], [[6, [17, 7]]], [[5, [5, 20]]]]], [[[[0, [2]], [3, [3, 16]], [12, [12, 11]], [11, []], [16, []], [4, [4, 13, 17, 7]], [13, []], [2, []], [19, [19, 6]], [6, []], [17, []], [7, []]], [[0, [9, 10, 15, 18, 1, 8, 14]], [14, []], [18, []], [15, []], [1, []], [8, []], [9, []], [5, [5, 20]], [10, []], [20, []]]], [[[3, [3, 16]]], [[12, [12, 11]]], [[4, [17, 7]]], [[4, [4, 13]]], [[19, [19, 6]]], [[5, [5, 20]]]]]], "Numrun": 5, "all_fitness": [253.5531115123137, 254.3938972940778, 258.62889929487096, 250.628899294871]}
{"file_name": "U_20_1", "number_of_trucks": 2, "drone_capacity": 2, "number_of_drones": 2, "iteration": 5, "best_fitness": 258.14889929487094, "runtime": 123.63880228996277, "best_solution": [[[[0, []], [18, [18]], [2, [2, 16]], [16, []], [12, [12, 11, 14]], [11, []], [4, [4, 13]], [13, []], [19, [19, 20]], [20, []], [5, [5]], [14, []]], [[0, [15, 9, 8, 10, 3, 1]], [10, []], [3, []], [9, []], [8, []], [1, []], [6, [6, 17]], [15, []], [17, []], [7, [7]]]], [[[18, [18]]], [[2, [2, 16]]], [[12, [14]]], [[12, [12, 11]]], [[4, [4, 13]]], [[6, [6, 17]]], [[19, [19, 20]]], [[5, [5]]], [[7, [7]]]]],