{"file_name": "U_20_1", "number_of_trucks": 2, "drone_capacity": 2, "number_of_drones": 2, "iteration": 1, "best_fitness": 342.28, "runtime": 162.6218752861023, "best_solution": [[[[0, [12, 9, 19, 8]], [9, []], [19, []], [8, []], [12, []], [6, [6, 7, 4, 17]], [7, []], [4, []], [17, []], [3, [3, 2]], [14, [14, 15]], [2, []], [15, []]], [[0, [11, 16, 1, 5, 20, 18, 10, 13]], [13, []], [5, []], [20, []], [11, []], [16, []], [1, []], [10, []], [18, []]]], [[[6, [4, 17]]], [[6, [6, 7]]], [[3, [3, 2]]], [[14, [14, 15]]]]], "all_solution": [[[[[0, [12, 9, 19, 8]], [9, []], [19, []], [8, []], [12, []], [6, [6, 7, 4, 17]], [7, []], [4, []], [17, []], [3, [3, 2]], [14, [14, 15]], [2, []], [15, []]], [[0, [11, 16, 1, 5, 20, 18, 10, 13]], [13, []], [5, []], [20, []], [11, []], [16, []], [1, []], [10, []], [18, []]]], [[[6, [4, 17]]], [[6, [6, 7]]], [[3, [3, 2]]], [[14, [14, 15]]]]]], "Numrun": 5, "all_fitness": [342.28]}
{"file_name": "U_20_1", "number_of_trucks": 2, "drone_capacity": 2, "number_of_drones": 2, "iteration": 2, "best_fitness": 337.43585377632235, "runtime": 159.472163438797, "best_solution": [[[[0, [13, 12, 6, 7, 14, 4, 5]], [12, []], [14, []], [13, []], [5, []], [4, []], [6, []], [7, []]], [[0, [8, 15, 9, 16, 19, 17]], [15, []], [9, []], [19, []], [16, []], [11, [11]], [18, [18, 10]], [10, []], [8, []], [1, [1, 20]], [17, []], [3, [3, 2]], [20, []], [2, []]]], [[[11, [11]]], [[18, [18, 10]]], [[1, [1, 20]]], [[3, [3, 2]]]]], "all_solution": [[[[[0, [12, 9, 19, 8]], [9, []], [19, []], [8, []], [12, []], [6, [6, 7, 4, 17]], [7, []], [4, []], [17, []], [3, [3, 2]], [14, [14, 15]], [2, []], [15, []]], [[0, [11, 16, 1, 5, 20, 18, 10, 13]], [13, []], [5, []], [20, []], [11, []], [16, []], [1, []], [10, []], [18, []]]], [[[6, [4, 17]]], [[6, [6, 7]]], [[3, [3, 2]]], [[14, [14, 15]]]]], [[[[0, [13, 12, 6, 7, 14, 4, 5]], [12, []], [14, []], [13, []], [5, []], [4, []], [6, []], [7, []]], [[0, [8, 15, 9, 16, 19, 17]], [15, []], [9, []], [19, []], [16, []], [11, [11]], [18, [18, 10]], [10, []], [8, []], [1, [1, 20]], [17, []], [3, [3, 2]], [20, []], [2, []]]], [[[11, [11]]], [[18, [18, 10]]], [[1, [1, 20]]], [[3, [3, 2]]]]]], "Numrun": 5, "all_fitness": [342.28, 337.43585377632235]}
{"file_name": "U_20_1", "number_of_trucks": 2, "drone_capacity": 2, "number_of_drones": 2, "iteration": 3, "best_fitness": 337.5167725378816, "runtime": 174.67862558364868, "best_solution": [[[[0, [19, 4, 8, 16, 12, 17]], [12, []], [19, []], [8, []], [11, [11]], [16, []], [1, [1, 5]], [20, [20]], [4, []], [3, [3, 2]], [17, []], [5, []], [2, []]], [[0, [15, 13, 6, 7, 9, 10, 14, 18]], [15, []], [9, []], [18, []], [10, []], [13, []], [14, []], [6, []], [7, []]]], [[[11, [11]]], [[1, [1, 5]]], [[20, [20]]], [[3, [3, 2]]]]], "all_solution": [[[[[0, [12, 9, 19, 8]], [9, []], [19, []], [8, []], [12, []], [6, [6, 7, 4, 17]], [7, []], [4, []], [17, []], [3, [3, 2]], [14, [14, 15]], [2, []], [15, []]], [[0, [11, 16, 1, 5, 20, 18, 10, 13]], [13, []], [5, []], [20, []], [11, []], [16, []], [1, []], [10, []], [18, []]]], [[[6, [4, 17]]], [[6, [6, 7]]], [[3, [3, 2]]], [[14, [14, 15]]]]], [[[[0, [13, 12, 6, 7, 14, 4, 5]], [12, []], [14, []], [13, []], [5, []], [4, []], [6, []], [7, []]], [[0, [8, 15, 9, 16, 19, 17]], [15, []], [9, []], [19, []], [16, []], [11, [11]], [18, [18, 10]], [10, []], [8, []], [1, [1, 20]], [17, []], [3, [3, 2]], [20, []], [2, []]]], [[[11, [11]]], [[18, [18, 10]]], [[1, [1, 20]]], [[3, [3, 2]]]]], [[[[0, [19, 4, 8, 16, 12, 17]], [12, []], [19, []], [8, []], [11, [11]], [16, []], [1, [1, 5]], [20, [20]], [4, []], [3, [3, 2]], [17, []], [5, []], [2, []]], [[0, [15, 13, 6, 7, 9, 10, 14, 18]], [15, []], [9, []], [18, []], [10, []], [13, []], [14, []], [6, []], [7, []]]], [[[11, [11]]], [[1, [1, 5]]], [[20, [20]]], [[3, [3, 2]]]]]], "Numrun": 5, "all_fitness": [342.28, 337.43585377632235, 337.5167725378816]}
{"file_name": "U_20_1", "number_of_trucks": 2, "drone_capacity": 2, "number_of_drones": 2, "iteration": 4, "best_fitness": 340.2327647905061, "runtime": 194.59729266166687, "best_solution": [[[[0, [15, 4, 17]], [15, []], [4, []], [7, [7, 6]], [6, []], [2, [2, 20]], [17, []], [20, []], [5, [5, 13]], [13, []]], [[0, [19, 12, 16, 9, 8]], [9, []], [8, []], [19, []], [12, []], [18, [18, 11]], [11, []], [10, [10, 1]], [1, []], [16, []], [3, [3, 14]], [14, []]]], [[[18, [18, 11]]], [[7, [7, 6]]], [[10, [10, 1]]], [[2, [2, 20]]], [[3, [3, 14]]], [[5, [5, 13]]]]], "all_solution": [[[[[0, [12, 9, 19, 8]], [9, []], [19, []], [8, []], [12, []], [6, [6, 7, 4, 17]], [7, []], [4, []], [17, []], [3, [3, 2]], [14, [14, 15]], [2, []], [15, []]], [[0, [11, 16, 1, 5, 20, 18, 10, 13]], [13, []], [5, []], [20, []], [11, []], [16, []], [1, []], [10, []], [18, []]]], [[[6, [4, 17]]], [[6, [6, 7]]], [[3, [3, 2]]], [[14, [14, 15]]]]], [[[[0, [13, 12, 6, 7, 14, 4, 5]], [12, []], [14, []], [13, []], [5, []], [4, []], [6, []], [7, []]], [[0, [8, 15, 9, 16, 19, 17]], [15, []], [9, []], [19, []], [16, []], [11, [11]], [18, [18, 10]], [10, []], [8, []], [1, [1, 20]], [17, []], [3, [3, 2]], [20, []], [2, []]]], [[[11, [11]]], [[18, [18, 10]]], [[1, [1, 20]]], [[3, [3, 2]]]]], [[[[0, [19, 4, 8, 16, 12, 17]], [12, []], [19, []], [8, []], [11, [11]], [16, []], [1, [1, 5]], [20, [20]], [4, []], [3, [3, 2]], [17, []], [5, []], [2, []]], [[0, [15, 13, 6, 7, 9, 10, 14, 18]], [15, []], [9, []], [18, []], [10, []], [13, []], [14, []], [6, []], [7, []]]], [[[11, [11]]], [[1, [1, 5]]], [[20, [20]]], [[3, [3, 2]]]]], [[[[0, [15, 4, 17]], [15, []], [4, []], [7, [7, 6]], [6, []], [2, [2, 20]], [17, []], [20, []], [5, [5, 13]], [13, []]], [[0, [19, 12, 16, 9, 8]], [9, []], [8, []], [19, []], [12, []], [18, [18, 11]], [11, []], [10, [10, 1]], [1, []], [16, []], [3, [3, 14]], [14, []]]], [[[18, [18, 11]]], [[7, [7, 6]]], [[10, [10, 1]]], [[2, [2, 20]]], [[3, [3, 14]]], [[5, [5, 13]]]]]], "Numrun": 5, "all_fitness": [342.28, 337.43585377632235, 337.5167725378816, 340.2327647905061]}
{"file_name": "U_20_1", "number_of_trucks": 2, "drone_capacity": 2, "number_of_drones": 2, "iteration": 5, "best_fitness": 332.44, "runtime": 202.2845675945282, "best_solution": [[[[0, [7, 10, 18, 9, 15, 14, 13, 6]], [7, []], [6, []], [14, []], [13, []], [10, []], [18, []], [9, []], [15, []]], [[0, [16, 8, 19]], [12, [12, 17, 4]], [17, []], [4, []], [16, []], [11, [11]], [8, []], [1, [1, 5]], [19, []], [5, []], [3, [3, 2]], [20, [20]], [2, []]]], [[[12, [4]]], [[12, [12, 17]]], [[11, [11]]], [[1, [1, 5]]], [[3, [3, 2]]], [[20, [20]]]]],