{"file_name": "U_20_0", "number_of_trucks": 2, "drone_capacity": 2, "number_of_drones": 2, "iteration": 1, "best_fitness": 220.72000000000003, "runtime": 174.35147666931152, "best_solution": [[[[0, [10]], [9, [9, 19]], [18, [18, 16, 11]], [11, []], [16, []], [1, [1, 8]], [8, []], [19, []], [10, []], [12, [12, 2]], [2, []]], [[0, [15, 13, 17, 4, 3, 14]], [15, []], [14, []], [13, []], [17, []], [3, []], [5, [5, 20]], [20, []], [4, []], [6, [6, 7]], [7, []]]], [[[9, [9, 19]]], [[18, [11]]], [[18, [18, 16]]], [[5, [5, 20]]], [[1, [1, 8]]], [[6, [6, 7]]], [[12, [12, 2]]]]], "all_solution": [[[[[0, [10]], [9, [9, 19]], [18, [18, 16, 11]], [11, []], [16, []], [1, [1, 8]], [8, []], [19, []], [10, []], [12, [12, 2]], [2, []]], [[0, [15, 13, 17, 4, 3, 14]], [15, []], [14, []], [13, []], [17, []], [3, []], [5, [5, 20]], [20, []], [4, []], [6, [6, 7]], [7, []]]], [[[9, [9, 19]]], [[18, [11]]], [[18, [18, 16]]], [[5, [5, 20]]], [[1, [1, 8]]], [[6, [6, 7]]], [[12, [12, 2]]]]]], "Numrun": 5, "all_fitness": [220.72000000000003]}
{"file_name": "U_20_0", "number_of_trucks": 2, "drone_capacity": 2, "number_of_drones": 2, "iteration": 2, "best_fitness": 220.14103409851708, "runtime": 183.19001579284668, "best_solution": [[[[0, [3, 17]], [17, [4]], [3, []], [4, []], [20, [20, 5, 14, 7]], [5, []], [14, []], [12, [12, 2]], [2, []], [6, [6]], [7, []]], [[0, [11, 10, 19, 16, 18, 9, 13, 15]], [13, []], [16, []], [11, []], [1, [1, 8]], [8, []], [10, []], [19, []], [18, []], [9, []], [15, []]]], [[[17, [4]]], [[20, [14, 7]]], [[20, [20, 5]]], [[1, [1, 8]]], [[12, [12, 2]]], [[6, [6]]]]], "all_solution": [[[[[0, [10]], [9, [9, 19]], [18, [18, 16, 11]], [11, []], [16, []], [1, [1, 8]], [8, []], [19, []], [10, []], [12, [12, 2]], [2, []]], [[0, [15, 13, 17, 4, 3, 14]], [15, []], [14, []], [13, []], [17, []], [3, []], [5, [5, 20]], [20, []], [4, []], [6, [6, 7]], [7, []]]], [[[9, [9, 19]]], [[18, [11]]], [[18, [18, 16]]], [[5, [5, 20]]], [[1, [1, 8]]], [[6, [6, 7]]], [[12, [12, 2]]]]], [[[[0, [3, 17]], [17, [4]], [3, []], [4, []], [20, [20, 5, 14, 7]], [5, []], [14, []], [12, [12, 2]], [2, []], [6, [6]], [7, []]], [[0, [11, 10, 19, 16, 18, 9, 13, 15]], [13, []], [16, []], [11, []], [1, [1, 8]], [8, []], [10, []], [19, []], [18, []], [9, []], [15, []]]], [[[17, [4]]], [[20, [14, 7]]], [[20, [20, 5]]], [[1, [1, 8]]], [[12, [12, 2]]], [[6, [6]]]]]], "Numrun": 5, "all_fitness": [220.72000000000003, 220.14103409851708]}
{"file_name": "U_20_0", "number_of_trucks": 2, "drone_capacity": 2, "number_of_drones": 2, "iteration": 3, "best_fitness": 226.67999999999998, "runtime": 138.2917468547821, "best_solution": [[[[0, [11, 16, 19, 10, 20, 18, 5]], [5, []], [20, []], [11, []], [16, []], [1, [1, 8]], [8, []], [19, []], [10, []], [18, []]], [[0, [15, 3, 7, 9, 4, 14, 17, 13]], [9, []], [15, []], [7, []], [6, [6, 12, 2]], [4, []], [3, []], [17, []], [13, []], [14, []], [12, []], [2, []]]], [[[6, [2]]], [[6, [6, 12]]], [[1, [1, 8]]]]], "all_solution": [[[[[0, [10]], [9, [9, 19]], [18, [18, 16, 11]], [11, []], [16, []], [1, [1, 8]], [8, []], [19, []], [10, []], [12, [12, 2]], [2, []]], [[0, [15, 13, 17, 4, 3, 14]], [15, []], [14, []], [13, []], [17, []], [3, []], [5, [5, 20]], [20, []], [4, []], [6, [6, 7]], [7, []]]], [[[9, [9, 19]]], [[18, [11]]], [[18, [18, 16]]], [[5, [5, 20]]], [[1, [1, 8]]], [[6, [6, 7]]], [[12, [12, 2]]]]], [[[[0, [3, 17]], [17, [4]], [3, []], [4, []], [20, [20, 5, 14, 7]], [5, []], [14, []], [12, [12, 2]], [2, []], [6, [6]], [7, []]], [[0, [11, 10, 19, 16, 18, 9, 13, 15]], [13, []], [16, []], [11, []], [1, [1, 8]], [8, []], [10, []], [19, []], [18, []], [9, []], [15, []]]], [[[17, [4]]], [[20, [14, 7]]], [[20, [20, 5]]], [[1, [1, 8]]], [[12, [12, 2]]], [[6, [6]]]]], [[[[0, [11, 16, 19, 10, 20, 18, 5]], [5, []], [20, []], [11, []], [16, []], [1, [1, 8]], [8, []], [19, []], [10, []], [18, []]], [[0, [15, 3, 7, 9, 4, 14, 17, 13]], [9, []], [15, []], [7, []], [6, [6, 12, 2]], [4, []], [3, []], [17, []], [13, []], [14, []], [12, []], [2, []]]], [[[6, [2]]], [[6, [6, 12]]], [[1, [1, 8]]]]]], "Numrun": 5, "all_fitness": [220.72000000000003, 220.14103409851708, 226.67999999999998]}
{"file_name": "U_20_0", "number_of_trucks": 2, "drone_capacity": 2, "number_of_drones": 2, "iteration": 4, "best_fitness": 222.28, "runtime": 176.65992641448975, "best_solution": [[[[0, [11, 16, 19, 10, 13]], [13, []], [5, [5, 20, 18, 9]], [20, []], [11, []], [16, []], [1, [1, 8]], [8, []], [19, []], [10, []], [18, []], [9, []]], [[0, [4, 7, 14, 3, 17, 15]], [15, []], [17, []], [3, []], [4, []], [14, []], [12, [12, 2]], [2, []], [6, [6]], [7, []]]], [[[5, [18, 9]]], [[5, [5, 20]]], [[12, [12, 2]]], [[1, [1, 8]]], [[6, [6]]]]], "all_solution": [[[[[0, [10]], [9, [9, 19]], [18, [18, 16, 11]], [11, []], [16, []], [1, [1, 8]], [8, []], [19, []], [10, []], [12, [12, 2]], [2, []]], [[0, [15, 13, 17, 4, 3, 14]], [15, []], [14, []], [13, []], [17, []], [3, []], [5, [5, 20]], [20, []], [4, []], [6, [6, 7]], [7, []]]], [[[9, [9, 19]]], [[18, [11]]], [[18, [18, 16]]], [[5, [5, 20]]], [[1, [1, 8]]], [[6, [6, 7]]], [[12, [12, 2]]]]], [[[[0, [3, 17]], [17, [4]], [3, []], [4, []], [20, [20, 5, 14, 7]], [5, []], [14, []], [12, [12, 2]], [2, []], [6, [6]], [7, []]], [[0, [11, 10, 19, 16, 18, 9, 13, 15]], [13, []], [16, []], [11, []], [1, [1, 8]], [8, []], [10, []], [19, []], [18, []], [9, []], [15, []]]], [[[17, [4]]], [[20, [14, 7]]], [[20, [20, 5]]], [[1, [1, 8]]], [[12, [12, 2]]], [[6, [6]]]]], [[[[0, [11, 16, 19, 10, 20, 18, 5]], [5, []], [20, []], [11, []], [16, []], [1, [1, 8]], [8, []], [19, []], [10, []], [18, []]], [[0, [15, 3, 7, 9, 4, 14, 17, 13]], [9, []], [15, []], [7, []], [6, [6, 12, 2]], [4, []], [3, []], [17, []], [13, []], [14, []], [12, []], [2, []]]], [[[6, [2]]], [[6, [6, 12]]], [[1, [1, 8]]]]], [[[[0, [11, 16, 19, 10, 13]], [13, []], [5, [5, 20, 18, 9]], [20, []], [11, []], [16, []], [1, [1, 8]], [8, []], [19, []], [10, []], [18, []], [9, []]], [[0, [4, 7, 14, 3, 17, 15]], [15, []], [17, []], [3, []], [4, []], [14, []], [12, [12, 2]], [2, []], [6, [6]], [7, []]]], [[[5, [18, 9]]], [[5, [5, 20]]], [[12, [12, 2]]], [[1, [1, 8]]], [[6, [6]]]]]], "Numrun": 5, "all_fitness": [220.72000000000003, 220.14103409851708, 226.67999999999998, 222.28]}
{"file_name": "U_20_0", "number_of_trucks": 2, "drone_capacity": 2, "number_of_drones": 2, "iteration": 5, "best_fitness": 220.88778465759685, "runtime": 166.30355501174927, "best_solution": [[[[0, [9, 15, 10]], [15, []], [9, [16, 11, 19]], [10, []], [19, []], [16, []], [11, []], [1, [1, 8, 18]], [8, []], [18, []], [12, [12, 2]], [2, []]], [[0, [4, 13, 3, 17]], [13, []], [17, []], [5, [5, 20, 14, 7]], [20, []], [4, []], [3, []], [14, []], [6, [6]], [7, []]]], [[[9, [19]]], [[9, [16, 11]]], [[5, [14, 7]]], [[5, [5, 20]]], [[1, [18]]], [[1, [1, 8]]], [[6, [6]]], [[12, [12, 2]]]]],