{"file_name": "U_15_1", "number_of_trucks": 2, "drone_capacity": 2, "number_of_drones": 2, "iteration": 1, "best_fitness": 353.8387835268729, "runtime": 47.95976519584656, "best_solution": [[[[0, [9, 7, 1, 12, 15]], [7, []], [1, []], [12, []], [9, [4]], [4, []], [15, []], [2, [2]]], [[0, [11, 3]], [11, []], [3, []], [8, [8]], [5, [5, 13]], [13, []], [10, [10, 14]], [14, []], [6, [6]]]], [[[8, [8]]], [[5, [5, 13]]], [[9, [4]]], [[10, [10, 14]]], [[6, [6]]], [[2, [2]]]]], "all_solution": [[[[[0, [9, 7, 1, 12, 15]], [7, []], [1, []], [12, []], [9, [4]], [4, []], [15, []], [2, [2]]], [[0, [11, 3]], [11, []], [3, []], [8, [8]], [5, [5, 13]], [13, []], [10, [10, 14]], [14, []], [6, [6]]]], [[[8, [8]]], [[5, [5, 13]]], [[9, [4]]], [[10, [10, 14]]], [[6, [6]]], [[2, [2]]]]]], "Numrun": 5, "all_fitness": [353.8387835268729]}
{"file_name": "U_15_1", "number_of_trucks": 2, "drone_capacity": 2, "number_of_drones": 2, "iteration": 2, "best_fitness": 353.8387835268729, "runtime": 43.953261613845825, "best_solution": [[[[0, [1, 15, 7]], [9, [9]], [1, []], [15, []], [7, []], [12, [12, 4]], [4, []], [6, [6, 14]], [14, []]], [[0, [11, 8, 3, 5]], [11, []], [8, [10, 13]], [3, []], [5, []], [13, []], [10, []], [2, [2]]]], [[[9, [9]]], [[12, [12, 4]]], [[8, [10, 13]]], [[6, [6, 14]]], [[2, [2]]]]], "all_solution": [[[[[0, [9, 7, 1, 12, 15]], [7, []], [1, []], [12, []], [9, [4]], [4, []], [15, []], [2, [2]]], [[0, [11, 3]], [11, []], [3, []], [8, [8]], [5, [5, 13]], [13, []], [10, [10, 14]], [14, []], [6, [6]]]], [[[8, [8]]], [[5, [5, 13]]], [[9, [4]]], [[10, [10, 14]]], [[6, [6]]], [[2, [2]]]]], [[[[0, [1, 15, 7]], [9, [9]], [1, []], [15, []], [7, []], [12, [12, 4]], [4, []], [6, [6, 14]], [14, []]], [[0, [11, 8, 3, 5]], [11, []], [8, [10, 13]], [3, []], [5, []], [13, []], [10, []], [2, [2]]]], [[[9, [9]]], [[12, [12, 4]]], [[8, [10, 13]]], [[6, [6, 14]]], [[2, [2]]]]]], "Numrun": 5, "all_fitness": [353.8387835268729, 353.8387835268729]}
{"file_name": "U_15_1", "number_of_trucks": 2, "drone_capacity": 2, "number_of_drones": 2, "iteration": 3, "best_fitness": 353.8387835268729, "runtime": 42.900471210479736, "best_solution": [[[[0, [1, 15, 7, 9, 12]], [1, []], [15, []], [9, []], [7, []], [12, [4, 10]], [4, []], [10, []], [2, [2]]], [[0, [11, 3]], [11, []], [3, []], [8, [8]], [5, [5, 13]], [13, []], [6, [6, 14]], [14, []]]], [[[8, [8]]], [[5, [5, 13]]], [[12, [4, 10]]], [[6, [6, 14]]], [[2, [2]]]]], "all_solution": [[[[[0, [9, 7, 1, 12, 15]], [7, []], [1, []], [12, []], [9, [4]], [4, []], [15, []], [2, [2]]], [[0, [11, 3]], [11, []], [3, []], [8, [8]], [5, [5, 13]], [13, []], [10, [10, 14]], [14, []], [6, [6]]]], [[[8, [8]]], [[5, [5, 13]]], [[9, [4]]], [[10, [10, 14]]], [[6, [6]]], [[2, [2]]]]], [[[[0, [1, 15, 7]], [9, [9]], [1, []], [15, []], [7, []], [12, [12, 4]], [4, []], [6, [6, 14]], [14, []]], [[0, [11, 8, 3, 5]], [11, []], [8, [10, 13]], [3, []], [5, []], [13, []], [10, []], [2, [2]]]], [[[9, [9]]], [[12, [12, 4]]], [[8, [10, 13]]], [[6, [6, 14]]], [[2, [2]]]]], [[[[0, [1, 15, 7, 9, 12]], [1, []], [15, []], [9, []], [7, []], [12, [4, 10]], [4, []], [10, []], [2, [2]]], [[0, [11, 3]], [11, []], [3, []], [8, [8]], [5, [5, 13]], [13, []], [6, [6, 14]], [14, []]]], [[[8, [8]]], [[5, [5, 13]]], [[12, [4, 10]]], [[6, [6, 14]]], [[2, [2]]]]]], "Numrun": 5, "all_fitness": [353.8387835268729, 353.8387835268729, 353.8387835268729]}
{"file_name": "U_15_1", "number_of_trucks": 2, "drone_capacity": 2, "number_of_drones": 2, "iteration": 4, "best_fitness": 353.8387835268729, "runtime": 45.317726373672485, "best_solution": [[[[0, [1, 15, 7]], [9, [9]], [1, []], [15, []], [7, []], [12, [12, 4]], [4, []], [6, [6, 14]], [14, []]], [[0, [11, 8, 3, 5]], [11, []], [8, [10, 13]], [3, []], [5, []], [13, []], [10, []], [2, [2]]]], [[[9, [9]]], [[12, [12, 4]]], [[8, [10, 13]]], [[6, [6, 14]]], [[2, [2]]]]], "all_solution": [[[[[0, [9, 7, 1, 12, 15]], [7, []], [1, []], [12, []], [9, [4]], [4, []], [15, []], [2, [2]]], [[0, [11, 3]], [11, []], [3, []], [8, [8]], [5, [5, 13]], [13, []], [10, [10, 14]], [14, []], [6, [6]]]], [[[8, [8]]], [[5, [5, 13]]], [[9, [4]]], [[10, [10, 14]]], [[6, [6]]], [[2, [2]]]]], [[[[0, [1, 15, 7]], [9, [9]], [1, []], [15, []], [7, []], [12, [12, 4]], [4, []], [6, [6, 14]], [14, []]], [[0, [11, 8, 3, 5]], [11, []], [8, [10, 13]], [3, []], [5, []], [13, []], [10, []], [2, [2]]]], [[[9, [9]]], [[12, [12, 4]]], [[8, [10, 13]]], [[6, [6, 14]]], [[2, [2]]]]], [[[[0, [1, 15, 7, 9, 12]], [1, []], [15, []], [9, []], [7, []], [12, [4, 10]], [4, []], [10, []], [2, [2]]], [[0, [11, 3]], [11, []], [3, []], [8, [8]], [5, [5, 13]], [13, []], [6, [6, 14]], [14, []]]], [[[8, [8]]], [[5, [5, 13]]], [[12, [4, 10]]], [[6, [6, 14]]], [[2, [2]]]]], [[[[0, [1, 15, 7]], [9, [9]], [1, []], [15, []], [7, []], [12, [12, 4]], [4, []], [6, [6, 14]], [14, []]], [[0, [11, 8, 3, 5]], [11, []], [8, [10, 13]], [3, []], [5, []], [13, []], [10, []], [2, [2]]]], [[[9, [9]]], [[12, [12, 4]]], [[8, [10, 13]]], [[6, [6, 14]]], [[2, [2]]]]]], "Numrun": 5, "all_fitness": [353.8387835268729, 353.8387835268729, 353.8387835268729, 353.8387835268729]}
{"file_name": "U_15_1", "number_of_trucks": 2, "drone_capacity": 2, "number_of_drones": 2, "iteration": 5, "best_fitness": 353.8387835268729, "runtime": 43.07964205741882, "best_solution": [[[[0, [1, 15, 7, 9]], [1, []], [15, []], [7, []], [9, []], [4, [4, 12]], [12, []], [2, [2]]], [[0, [11, 3]], [11, []], [3, []], [8, [8]], [5, [5, 13]], [13, []], [10, [10, 14]], [14, []], [6, [6]]]], [[[8, [8]]], [[5, [5, 13]]], [[4, [4, 12]]], [[10, [10, 14]]], [[6, [6]]], [[2, [2]]]]], "all_solution": [[[[[0, [9, 7, 1, 12, 15]], [7, []], [1, []], [12, []], [9, [4]], [4, []], [15, []], [2, [2]]], [[0, [11, 3]], [11, []], [3, []], [8, [8]], [5, [5, 13]], [13, []], [10, [10, 14]], [14, []], [6, [6]]]], [[[8, [8]]], [[5, [5, 13]]], [[9, [4]]], [[10, [10, 14]]], [[6, [6]]], [[2, [2]]]]], [[[[0, [1, 15, 7]], [9, [9]], [1, []], [15, []], [7, []], [12, [12, 4]], [4, []], [6, [6, 14]], [14, []]], [[0, [11, 8, 3, 5]], [11, []], [8, [10, 13]], [3, []], [5, []], [13, []], [10, []], [2, [2]]]], [[[9, [9]]], [[12, [12, 4]]], [[8, [10, 13]]], [[6, [6, 14]]], [[2, [2]]]]], [[[[0, [1, 15, 7, 9, 12]], [1, []], [15, []], [9, []], [7, []], [12, [4, 10]], [4, []], [10, []], [2, [2]]], [[0, [11, 3]], [11, []], [3, []], [8, [8]], [5, [5, 13]], [13, []], [6, [6, 14]], [14, []]]], [[[8, [8]]], [[5, [5, 13]]], [[12, [4, 10]]], [[6, [6, 14]]], [[2, [2]]]]], [[[[0, [1, 15, 7]], [9, [9]], [1, []], [15, []], [7, []], [12, [12, 4]], [4, []], [6, [6, 14]], [14, []]], [[0, [11, 8, 3, 5]], [11, []], [8, [10, 13]], [3, []], [5, []], [13, []], [10, []], [2, [2]]]], [[[9, [9]]], [[12, [12, 4]]], [[8, [10, 13]]], [[6, [6, 14]]], [[2, [2]]]]], [[[[0, [1, 15, 7, 9]], [1, []], [15, []], [7, []], [9, []], [4, [4, 12]], [12, []], [2, [2]]], [[0, [11, 3]], [11, []], [3, []], [8, [8]], [5, [5, 13]], [13, []], [10, [10, 14]], [14, []], [6, [6]]]], [[[8, [8]]], [[5, [5, 13]]], [[4, [4, 12]]], [[10, [10, 14]]], [[6, [6]]], [[2, [2]]]]]], "Numrun": 5, "all_fitness": [353.8387835268729, 353.8387835268729, 353.8387835268729, 353.8387835268729, 353.8387835268729]}
