{"file_name": "U_15_0", "number_of_trucks": 2, "drone_capacity": 2, "number_of_drones": 2, "iteration": 1, "best_fitness": 171.72000000000003, "runtime": 52.55814456939697, "best_solution": [[[[0, [15, 7, 12, 5, 14, 8]], [5, []], [15, []], [12, []], [14, []], [7, []], [8, []]], [[0, [13]], [13, []], [9, [9, 4]], [2, [2, 11]], [3, [3, 1]], [4, []], [1, []], [6, [6, 10]], [11, []], [10, []]]], [[[9, [9, 4]]], [[2, [2, 11]]], [[3, [3, 1]]], [[6, [6, 10]]]]], "all_solution": [[[[[0, [15, 7, 12, 5, 14, 8]], [5, []], [15, []], [12, []], [14, []], [7, []], [8, []]], [[0, [13]], [13, []], [9, [9, 4]], [2, [2, 11]], [3, [3, 1]], [4, []], [1, []], [6, [6, 10]], [11, []], [10, []]]], [[[9, [9, 4]]], [[2, [2, 11]]], [[3, [3, 1]]], [[6, [6, 10]]]]]], "Numrun": 5, "all_fitness": [171.72000000000003]}
{"file_name": "U_15_0", "number_of_trucks": 2, "drone_capacity": 2, "number_of_drones": 2, "iteration": 2, "best_fitness": 169.12907781163227, "runtime": 94.9177622795105, "best_solution": [[[[0, [13]], [13, []], [8, [8, 4, 9]], [2, [2, 10]], [9, []], [4, []], [3, [3, 1]], [1, []], [6, [6, 11]], [11, []], [10, []]], [[0, [15, 5, 12, 14, 7]], [5, []], [15, []], [12, []], [14, []], [7, []]]], [[[8, [8, 9]]], [[8, [4]]], [[2, [2, 10]]], [[3, [3, 1]]], [[6, [6, 11]]]]], "all_solution": [[[[[0, [15, 7, 12, 5, 14, 8]], [5, []], [15, []], [12, []], [14, []], [7, []], [8, []]], [[0, [13]], [13, []], [9, [9, 4]], [2, [2, 11]], [3, [3, 1]], [4, []], [1, []], [6, [6, 10]], [11, []], [10, []]]], [[[9, [9, 4]]], [[2, [2, 11]]], [[3, [3, 1]]], [[6, [6, 10]]]]], [[[[0, [13]], [13, []], [8, [8, 4, 9]], [2, [2, 10]], [9, []], [4, []], [3, [3, 1]], [1, []], [6, [6, 11]], [11, []], [10, []]], [[0, [15, 5, 12, 14, 7]], [5, []], [15, []], [12, []], [14, []], [7, []]]], [[[8, [8, 9]]], [[8, [4]]], [[2, [2, 10]]], [[3, [3, 1]]], [[6, [6, 11]]]]]], "Numrun": 5, "all_fitness": [171.72000000000003, 169.12907781163227]}
{"file_name": "U_15_0", "number_of_trucks": 2, "drone_capacity": 2, "number_of_drones": 2, "iteration": 3, "best_fitness": 170.65546246931328, "runtime": 58.721885204315186, "best_solution": [[[[0, [13]], [13, []], [5, [5]], [15, [15, 11]], [11, []], [6, [6, 3, 1, 10]], [1, []], [3, []], [10, []]], [[0, [2, 9, 4, 7, 14, 12, 8]], [2, []], [9, []], [4, []], [8, []], [7, []], [14, []], [12, []]]], [[[5, [5]]], [[15, [15, 11]]], [[6, [6, 3]]], [[6, [1, 10]]]]], "all_solution": [[[[[0, [15, 7, 12, 5, 14, 8]], [5, []], [15, []], [12, []], [14, []], [7, []], [8, []]], [[0, [13]], [13, []], [9, [9, 4]], [2, [2, 11]], [3, [3, 1]], [4, []], [1, []], [6, [6, 10]], [11, []], [10, []]]], [[[9, [9, 4]]], [[2, [2, 11]]], [[3, [3, 1]]], [[6, [6, 10]]]]], [[[[0, [13]], [13, []], [8, [8, 4, 9]], [2, [2, 10]], [9, []], [4, []], [3, [3, 1]], [1, []], [6, [6, 11]], [11, []], [10, []]], [[0, [15, 5, 12, 14, 7]], [5, []], [15, []], [12, []], [14, []], [7, []]]], [[[8, [8, 9]]], [[8, [4]]], [[2, [2, 10]]], [[3, [3, 1]]], [[6, [6, 11]]]]], [[[[0, [13]], [13, []], [5, [5]], [15, [15, 11]], [11, []], [6, [6, 3, 1, 10]], [1, []], [3, []], [10, []]], [[0, [2, 9, 4, 7, 14, 12, 8]], [2, []], [9, []], [4, []], [8, []], [7, []], [14, []], [12, []]]], [[[5, [5]]], [[15, [15, 11]]], [[6, [6, 3]]], [[6, [1, 10]]]]]], "Numrun": 5, "all_fitness": [171.72000000000003, 169.12907781163227, 170.65546246931328]}
{"file_name": "U_15_0", "number_of_trucks": 2, "drone_capacity": 2, "number_of_drones": 2, "iteration": 4, "best_fitness": 171.72000000000003, "runtime": 73.16393041610718, "best_solution": [[[[0, [5, 15, 14, 7, 8, 12]], [5, []], [15, []], [12, []], [14, []], [7, []], [8, []]], [[0, [13]], [13, []], [9, [9, 4]], [2, [2, 11]], [4, []], [1, [1, 3]], [3, []], [6, [6, 10]], [11, []], [10, []]]], [[[9, [9, 4]]], [[2, [2, 11]]], [[1, [1, 3]]], [[6, [6, 10]]]]], "all_solution": [[[[[0, [15, 7, 12, 5, 14, 8]], [5, []], [15, []], [12, []], [14, []], [7, []], [8, []]], [[0, [13]], [13, []], [9, [9, 4]], [2, [2, 11]], [3, [3, 1]], [4, []], [1, []], [6, [6, 10]], [11, []], [10, []]]], [[[9, [9, 4]]], [[2, [2, 11]]], [[3, [3, 1]]], [[6, [6, 10]]]]], [[[[0, [13]], [13, []], [8, [8, 4, 9]], [2, [2, 10]], [9, []], [4, []], [3, [3, 1]], [1, []], [6, [6, 11]], [11, []], [10, []]], [[0, [15, 5, 12, 14, 7]], [5, []], [15, []], [12, []], [14, []], [7, []]]], [[[8, [8, 9]]], [[8, [4]]], [[2, [2, 10]]], [[3, [3, 1]]], [[6, [6, 11]]]]], [[[[0, [13]], [13, []], [5, [5]], [15, [15, 11]], [11, []], [6, [6, 3, 1, 10]], [1, []], [3, []], [10, []]], [[0, [2, 9, 4, 7, 14, 12, 8]], [2, []], [9, []], [4, []], [8, []], [7, []], [14, []], [12, []]]], [[[5, [5]]], [[15, [15, 11]]], [[6, [6, 3]]], [[6, [1, 10]]]]], [[[[0, [5, 15, 14, 7, 8, 12]], [5, []], [15, []], [12, []], [14, []], [7, []], [8, []]], [[0, [13]], [13, []], [9, [9, 4]], [2, [2, 11]], [4, []], [1, [1, 3]], [3, []], [6, [6, 10]], [11, []], [10, []]]], [[[9, [9, 4]]], [[2, [2, 11]]], [[1, [1, 3]]], [[6, [6, 10]]]]]], "Numrun": 5, "all_fitness": [171.72000000000003, 169.12907781163227, 170.65546246931328, 171.72000000000003]}
{"file_name": "U_15_0", "number_of_trucks": 2, "drone_capacity": 2, "number_of_drones": 2, "iteration": 5, "best_fitness": 171.72000000000003, "runtime": 67.23819088935852, "best_solution": [[[[0, [13]], [13, []], [11, [11, 4]], [6, [6, 3]], [1, [1, 9]], [3, []], [4, []], [9, []], [2, [2, 10]], [10, []]], [[0, [15, 14, 7, 5, 12, 8]], [5, []], [15, []], [12, []], [14, []], [7, []], [8, []]]], [[[11, [11, 4]]], [[6, [6, 3]]], [[1, [1, 9]]], [[2, [2, 10]]]]], "all_solution": [[[[[0, [15, 7, 12, 5, 14, 8]], [5, []], [15, []], [12, []], [14, []], [7, []], [8, []]], [[0, [13]], [13, []], [9, [9, 4]], [2, [2, 11]], [3, [3, 1]], [4, []], [1, []], [6, [6, 10]], [11, []], [10, []]]], [[[9, [9, 4]]], [[2, [2, 11]]], [[3, [3, 1]]], [[6, [6, 10]]]]], [[[[0, [13]], [13, []], [8, [8, 4, 9]], [2, [2, 10]], [9, []], [4, []], [3, [3, 1]], [1, []], [6, [6, 11]], [11, []], [10, []]], [[0, [15, 5, 12, 14, 7]], [5, []], [15, []], [12, []], [14, []], [7, []]]], [[[8, [8, 9]]], [[8, [4]]], [[2, [2, 10]]], [[3, [3, 1]]], [[6, [6, 11]]]]], [[[[0, [13]], [13, []], [5, [5]], [15, [15, 11]], [11, []], [6, [6, 3, 1, 10]], [1, []], [3, []], [10, []]], [[0, [2, 9, 4, 7, 14, 12, 8]], [2, []], [9, []], [4, []], [8, []], [7, []], [14, []], [12, []]]], [[[5, [5]]], [[15, [15, 11]]], [[6, [6, 3]]], [[6, [1, 10]]]]], [[[[0, [5, 15, 14, 7, 8, 12]], [5, []], [15, []], [12, []], [14, []], [7, []], [8, []]], [[0, [13]], [13, []], [9, [9, 4]], [2, [2, 11]], [4, []], [1, [1, 3]], [3, []], [6, [6, 10]], [11, []], [10, []]]], [[[9, [9, 4]]], [[2, [2, 11]]], [[1, [1, 3]]], [[6, [6, 10]]]]], [[[[0, [13]], [13, []], [11, [11, 4]], [6, [6, 3]], [1, [1, 9]], [3, []], [4, []], [9, []], [2, [2, 10]], [10, []]], [[0, [15, 14, 7, 5, 12, 8]], [5, []], [15, []], [12, []], [14, []], [7, []], [8, []]]], [[[11, [11, 4]]], [[6, [6, 3]]], [[1, [1, 9]]], [[2, [2, 10]]]]]], "Numrun": 5, "all_fitness": [171.72000000000003, 169.12907781163227, 170.65546246931328, 171.72000000000003, 171.72000000000003]}
