{"file_name": "U_15_1", "number_of_trucks": 2, "drone_capacity": 2, "number_of_drones": 2, "iteration": 1, "best_fitness": 213.67656079635, "runtime": 69.70050859451294, "best_solution": [[[[0, [11, 9, 8, 7]], [11, []], [8, []], [7, []], [9, []], [14, [14, 5]], [5, []], [2, [2]], [15, [15]]], [[0, [12, 6]], [6, []], [12, []], [13, [13, 3, 4, 10]], [4, []], [10, []], [3, []], [1, [1]]]], [[[13, [3, 4]]], [[13, [13, 10]]], [[14, [14, 5]]], [[2, [2]]], [[1, [1]]], [[15, [15]]]]], "all_solution": [[[[[0, [11, 9, 8, 7]], [11, []], [8, []], [7, []], [9, []], [14, [14, 5]], [5, []], [2, [2]], [15, [15]]], [[0, [12, 6]], [6, []], [12, []], [13, [13, 3, 4, 10]], [4, []], [10, []], [3, []], [1, [1]]]], [[[13, [3, 4]]], [[13, [13, 10]]], [[14, [14, 5]]], [[2, [2]]], [[1, [1]]], [[15, [15]]]]]], "Numrun": 5, "all_fitness": [213.67656079635]}
{"file_name": "U_15_1", "number_of_trucks": 2, "drone_capacity": 2, "number_of_drones": 2, "iteration": 2, "best_fitness": 213.67656079635, "runtime": 46.74927806854248, "best_solution": [[[[0, [6, 12]], [6, []], [12, [4]], [13, [13, 10, 3]], [4, []], [10, []], [3, []], [1, [1]]], [[0, [8, 11, 7, 9]], [11, []], [7, []], [9, []], [8, []], [14, [14, 5]], [5, []], [2, [2]], [15, [15]]]], [[[12, [4]]], [[13, [10, 3]]], [[13, [13]]], [[14, [14, 5]]], [[1, [1]]], [[2, [2]]], [[15, [15]]]]], "all_solution": [[[[[0, [11, 9, 8, 7]], [11, []], [8, []], [7, []], [9, []], [14, [14, 5]], [5, []], [2, [2]], [15, [15]]], [[0, [12, 6]], [6, []], [12, []], [13, [13, 3, 4, 10]], [4, []], [10, []], [3, []], [1, [1]]]], [[[13, [3, 4]]], [[13, [13, 10]]], [[14, [14, 5]]], [[2, [2]]], [[1, [1]]], [[15, [15]]]]], [[[[0, [6, 12]], [6, []], [12, [4]], [13, [13, 10, 3]], [4, []], [10, []], [3, []], [1, [1]]], [[0, [8, 11, 7, 9]], [11, []], [7, []], [9, []], [8, []], [14, [14, 5]], [5, []], [2, [2]], [15, [15]]]], [[[12, [4]]], [[13, [10, 3]]], [[13, [13]]], [[14, [14, 5]]], [[1, [1]]], [[2, [2]]], [[15, [15]]]]]], "Numrun": 5, "all_fitness": [213.67656079635, 213.67656079635]}
{"file_name": "U_15_1", "number_of_trucks": 2, "drone_capacity": 2, "number_of_drones": 2, "iteration": 3, "best_fitness": 213.67656079635, "runtime": 53.95167517662048, "best_solution": [[[[0, [12, 6]], [6, []], [12, []], [13, [13, 4, 10, 3]], [4, []], [10, []], [3, []], [1, [1]]], [[0, [8, 7, 9]], [11, [11]], [7, []], [9, []], [8, []], [14, [14, 5]], [5, []], [2, [2]], [15, [15]]]], [[[11, [11]]], [[13, [13, 10]]], [[13, [4, 3]]], [[1, [1]]], [[14, [14, 5]]], [[2, [2]]], [[15, [15]]]]], "all_solution": [[[[[0, [11, 9, 8, 7]], [11, []], [8, []], [7, []], [9, []], [14, [14, 5]], [5, []], [2, [2]], [15, [15]]], [[0, [12, 6]], [6, []], [12, []], [13, [13, 3, 4, 10]], [4, []], [10, []], [3, []], [1, [1]]]], [[[13, [3, 4]]], [[13, [13, 10]]], [[14, [14, 5]]], [[2, [2]]], [[1, [1]]], [[15, [15]]]]], [[[[0, [6, 12]], [6, []], [12, [4]], [13, [13, 10, 3]], [4, []], [10, []], [3, []], [1, [1]]], [[0, [8, 11, 7, 9]], [11, []], [7, []], [9, []], [8, []], [14, [14, 5]], [5, []], [2, [2]], [15, [15]]]], [[[12, [4]]], [[13, [10, 3]]], [[13, [13]]], [[14, [14, 5]]], [[1, [1]]], [[2, [2]]], [[15, [15]]]]], [[[[0, [12, 6]], [6, []], [12, []], [13, [13, 4, 10, 3]], [4, []], [10, []], [3, []], [1, [1]]], [[0, [8, 7, 9]], [11, [11]], [7, []], [9, []], [8, []], [14, [14, 5]], [5, []], [2, [2]], [15, [15]]]], [[[11, [11]]], [[13, [13, 10]]], [[13, [4, 3]]], [[1, [1]]], [[14, [14, 5]]], [[2, [2]]], [[15, [15]]]]]], "Numrun": 5, "all_fitness": [213.67656079635, 213.67656079635, 213.67656079635]}
{"file_name": "U_15_1", "number_of_trucks": 2, "drone_capacity": 2, "number_of_drones": 2, "iteration": 4, "best_fitness": 213.67656079635, "runtime": 64.5273084640503, "best_solution": [[[[0, [6, 12]], [12, []], [6, []], [13, [13, 4, 3, 10]], [4, []], [10, []], [3, []], [1, [1]]], [[0, [11, 8, 7, 9]], [11, []], [9, []], [7, []], [8, []], [14, [14, 5]], [5, []], [2, [2]], [15, [15]]]], [[[13, [4, 3]]], [[13, [13, 10]]], [[1, [1]]], [[14, [14, 5]]], [[2, [2]]], [[15, [15]]]]], "all_solution": [[[[[0, [11, 9, 8, 7]], [11, []], [8, []], [7, []], [9, []], [14, [14, 5]], [5, []], [2, [2]], [15, [15]]], [[0, [12, 6]], [6, []], [12, []], [13, [13, 3, 4, 10]], [4, []], [10, []], [3, []], [1, [1]]]], [[[13, [3, 4]]], [[13, [13, 10]]], [[14, [14, 5]]], [[2, [2]]], [[1, [1]]], [[15, [15]]]]], [[[[0, [6, 12]], [6, []], [12, [4]], [13, [13, 10, 3]], [4, []], [10, []], [3, []], [1, [1]]], [[0, [8, 11, 7, 9]], [11, []], [7, []], [9, []], [8, []], [14, [14, 5]], [5, []], [2, [2]], [15, [15]]]], [[[12, [4]]], [[13, [10, 3]]], [[13, [13]]], [[14, [14, 5]]], [[1, [1]]], [[2, [2]]], [[15, [15]]]]], [[[[0, [12, 6]], [6, []], [12, []], [13, [13, 4, 10, 3]], [4, []], [10, []], [3, []], [1, [1]]], [[0, [8, 7, 9]], [11, [11]], [7, []], [9, []], [8, []], [14, [14, 5]], [5, []], [2, [2]], [15, [15]]]], [[[11, [11]]], [[13, [13, 10]]], [[13, [4, 3]]], [[1, [1]]], [[14, [14, 5]]], [[2, [2]]], [[15, [15]]]]], [[[[0, [6, 12]], [12, []], [6, []], [13, [13, 4, 3, 10]], [4, []], [10, []], [3, []], [1, [1]]], [[0, [11, 8, 7, 9]], [11, []], [9, []], [7, []], [8, []], [14, [14, 5]], [5, []], [2, [2]], [15, [15]]]], [[[13, [4, 3]]], [[13, [13, 10]]], [[1, [1]]], [[14, [14, 5]]], [[2, [2]]], [[15, [15]]]]]], "Numrun": 5, "all_fitness": [213.67656079635, 213.67656079635, 213.67656079635, 213.67656079635]}
{"file_name": "U_15_1", "number_of_trucks": 2, "drone_capacity": 2, "number_of_drones": 2, "iteration": 5, "best_fitness": 213.67656079635, "runtime": 80.34126996994019, "best_solution": [[[[0, [6, 12]], [12, []], [6, []], [13, [13, 4, 10, 3]], [4, []], [10, []], [3, []], [1, [1]]], [[0, [11, 7]], [11, []], [8, [8]], [9, [9]], [7, []], [14, [14, 5]], [5, []], [2, [2]], [15, [15]]]], [[[8, [8]]], [[9, [9]]], [[13, [10, 3]]], [[13, [13, 4]]], [[1, [1]]], [[14, [14, 5]]], [[2, [2]]], [[15, [15]]]]], "all_solution": [[[[[0, [11, 9, 8, 7]], [11, []], [8, []], [7, []], [9, []], [14, [14, 5]], [5, []], [2, [2]], [15, [15]]], [[0, [12, 6]], [6, []], [12, []], [13, [13, 3, 4, 10]], [4, []], [10, []], [3, []], [1, [1]]]], [[[13, [3, 4]]], [[13, [13, 10]]], [[14, [14, 5]]], [[2, [2]]], [[1, [1]]], [[15, [15]]]]], [[[[0, [6, 12]], [6, []], [12, [4]], [13, [13, 10, 3]], [4, []], [10, []], [3, []], [1, [1]]], [[0, [8, 11, 7, 9]], [11, []], [7, []], [9, []], [8, []], [14, [14, 5]], [5, []], [2, [2]], [15, [15]]]], [[[12, [4]]], [[13, [10, 3]]], [[13, [13]]], [[14, [14, 5]]], [[1, [1]]], [[2, [2]]], [[15, [15]]]]], [[[[0, [12, 6]], [6, []], [12, []], [13, [13, 4, 10, 3]], [4, []], [10, []], [3, []], [1, [1]]], [[0, [8, 7, 9]], [11, [11]], [7, []], [9, []], [8, []], [14, [14, 5]], [5, []], [2, [2]], [15, [15]]]], [[[11, [11]]], [[13, [13, 10]]], [[13, [4, 3]]], [[1, [1]]], [[14, [14, 5]]], [[2, [2]]], [[15, [15]]]]], [[[[0, [6, 12]], [12, []], [6, []], [13, [13, 4, 3, 10]], [4, []], [10, []], [3, []], [1, [1]]], [[0, [11, 8, 7, 9]], [11, []], [9, []], [7, []], [8, []], [14, [14, 5]], [5, []], [2, [2]], [15, [15]]]], [[[13, [4, 3]]], [[13, [13, 10]]], [[1, [1]]], [[14, [14, 5]]], [[2, [2]]], [[15, [15]]]]], [[[[0, [6, 12]], [12, []], [6, []], [13, [13, 4, 10, 3]], [4, []], [10, []], [3, []], [1, [1]]], [[0, [11, 7]], [11, []], [8, [8]], [9, [9]], [7, []], [14, [14, 5]], [5, []], [2, [2]], [15, [15]]]], [[[8, [8]]], [[9, [9]]], [[13, [10, 3]]], [[13, [13, 4]]], [[1, [1]]], [[14, [14, 5]]], [[2, [2]]], [[15, [15]]]]]], "Numrun": 5, "all_fitness": [213.67656079635, 213.67656079635, 213.67656079635, 213.67656079635, 213.67656079635]}
