{"file_name": "U_15_0", "number_of_trucks": 2, "drone_capacity": 2, "number_of_drones": 2, "iteration": 1, "best_fitness": 176.20000000000002, "runtime": 64.72320079803467, "best_solution": [[[[0, [9, 2, 11, 10, 4]], [11, []], [10, []], [2, []], [9, []], [4, []], [3, [3, 1]], [1, []], [6, [6]]], [[0, []], [13, [13, 5]], [8, [8, 14]], [14, []], [7, [7]], [12, [12, 15]], [5, []], [15, []]]], [[[13, [13, 5]]], [[8, [8, 14]]], [[7, [7]]], [[12, [12, 15]]], [[3, [3, 1]]], [[6, [6]]]]], "all_solution": [[[[[0, [9, 2, 11, 10, 4]], [11, []], [10, []], [2, []], [9, []], [4, []], [3, [3, 1]], [1, []], [6, [6]]], [[0, []], [13, [13, 5]], [8, [8, 14]], [14, []], [7, [7]], [12, [12, 15]], [5, []], [15, []]]], [[[13, [13, 5]]], [[8, [8, 14]]], [[7, [7]]], [[12, [12, 15]]], [[3, [3, 1]]], [[6, [6]]]]]], "Numrun": 5, "all_fitness": [176.20000000000002]}
{"file_name": "U_15_0", "number_of_trucks": 2, "drone_capacity": 2, "number_of_drones": 2, "iteration": 2, "best_fitness": 174.72786064922985, "runtime": 66.49682998657227, "best_solution": [[[[0, []], [13, [5, 13]], [8, [8, 14]], [14, []], [7, [7, 12]], [12, []], [5, []], [15, [15]]], [[0, [10, 9, 4, 11, 2]], [10, []], [2, []], [9, [6, 1]], [4, []], [3, [3]], [1, []], [6, []], [11, []]]], [[[13, [5, 13]]], [[8, [8, 14]]], [[7, [7, 12]]], [[9, [6, 1]]], [[3, [3]]], [[15, [15]]]]], "all_solution": [[[[[0, [9, 2, 11, 10, 4]], [11, []], [10, []], [2, []], [9, []], [4, []], [3, [3, 1]], [1, []], [6, [6]]], [[0, []], [13, [13, 5]], [8, [8, 14]], [14, []], [7, [7]], [12, [12, 15]], [5, []], [15, []]]], [[[13, [13, 5]]], [[8, [8, 14]]], [[7, [7]]], [[12, [12, 15]]], [[3, [3, 1]]], [[6, [6]]]]], [[[[0, []], [13, [5, 13]], [8, [8, 14]], [14, []], [7, [7, 12]], [12, []], [5, []], [15, [15]]], [[0, [10, 9, 4, 11, 2]], [10, []], [2, []], [9, [6, 1]], [4, []], [3, [3]], [1, []], [6, []], [11, []]]], [[[13, [5, 13]]], [[8, [8, 14]]], [[7, [7, 12]]], [[9, [6, 1]]], [[3, [3]]], [[15, [15]]]]]], "Numrun": 5, "all_fitness": [176.20000000000002, 174.72786064922985]}
{"file_name": "U_15_0", "number_of_trucks": 2, "drone_capacity": 2, "number_of_drones": 2, "iteration": 3, "best_fitness": 174.1993314180291, "runtime": 74.02908873558044, "best_solution": [[[[0, [10, 4, 9, 2]], [10, []], [9, []], [2, []], [3, [3, 1, 6, 11]], [4, []], [1, []], [6, []], [11, []]], [[0, [13]], [13, [5]], [8, [8, 14]], [7, [7, 12]], [14, []], [12, []], [5, []], [15, [15]]]], [[[13, [5]]], [[8, [8, 14]]], [[7, [7, 12]]], [[3, [6, 11]]], [[3, [3, 1]]], [[15, [15]]]]], "all_solution": [[[[[0, [9, 2, 11, 10, 4]], [11, []], [10, []], [2, []], [9, []], [4, []], [3, [3, 1]], [1, []], [6, [6]]], [[0, []], [13, [13, 5]], [8, [8, 14]], [14, []], [7, [7]], [12, [12, 15]], [5, []], [15, []]]], [[[13, [13, 5]]], [[8, [8, 14]]], [[7, [7]]], [[12, [12, 15]]], [[3, [3, 1]]], [[6, [6]]]]], [[[[0, []], [13, [5, 13]], [8, [8, 14]], [14, []], [7, [7, 12]], [12, []], [5, []], [15, [15]]], [[0, [10, 9, 4, 11, 2]], [10, []], [2, []], [9, [6, 1]], [4, []], [3, [3]], [1, []], [6, []], [11, []]]], [[[13, [5, 13]]], [[8, [8, 14]]], [[7, [7, 12]]], [[9, [6, 1]]], [[3, [3]]], [[15, [15]]]]], [[[[0, [10, 4, 9, 2]], [10, []], [9, []], [2, []], [3, [3, 1, 6, 11]], [4, []], [1, []], [6, []], [11, []]], [[0, [13]], [13, [5]], [8, [8, 14]], [7, [7, 12]], [14, []], [12, []], [5, []], [15, [15]]]], [[[13, [5]]], [[8, [8, 14]]], [[7, [7, 12]]], [[3, [6, 11]]], [[3, [3, 1]]], [[15, [15]]]]]], "Numrun": 5, "all_fitness": [176.20000000000002, 174.72786064922985, 174.1993314180291]}
{"file_name": "U_15_0", "number_of_trucks": 2, "drone_capacity": 2, "number_of_drones": 2, "iteration": 4, "best_fitness": 177.72, "runtime": 49.78365898132324, "best_solution": [[[[0, [5, 13]], [14, [14, 8]], [8, []], [7, [7, 12, 15]], [13, []], [12, []], [5, []], [15, []]], [[0, [2, 9, 4, 6, 3, 1, 10, 11]], [10, []], [2, []], [9, []], [4, []], [3, []], [1, []], [6, []], [11, []]]], [[[14, [14, 8]]], [[7, [15]]], [[7, [7, 12]]]]], "all_solution": [[[[[0, [9, 2, 11, 10, 4]], [11, []], [10, []], [2, []], [9, []], [4, []], [3, [3, 1]], [1, []], [6, [6]]], [[0, []], [13, [13, 5]], [8, [8, 14]], [14, []], [7, [7]], [12, [12, 15]], [5, []], [15, []]]], [[[13, [13, 5]]], [[8, [8, 14]]], [[7, [7]]], [[12, [12, 15]]], [[3, [3, 1]]], [[6, [6]]]]], [[[[0, []], [13, [5, 13]], [8, [8, 14]], [14, []], [7, [7, 12]], [12, []], [5, []], [15, [15]]], [[0, [10, 9, 4, 11, 2]], [10, []], [2, []], [9, [6, 1]], [4, []], [3, [3]], [1, []], [6, []], [11, []]]], [[[13, [5, 13]]], [[8, [8, 14]]], [[7, [7, 12]]], [[9, [6, 1]]], [[3, [3]]], [[15, [15]]]]], [[[[0, [10, 4, 9, 2]], [10, []], [9, []], [2, []], [3, [3, 1, 6, 11]], [4, []], [1, []], [6, []], [11, []]], [[0, [13]], [13, [5]], [8, [8, 14]], [7, [7, 12]], [14, []], [12, []], [5, []], [15, [15]]]], [[[13, [5]]], [[8, [8, 14]]], [[7, [7, 12]]], [[3, [6, 11]]], [[3, [3, 1]]], [[15, [15]]]]], [[[[0, [5, 13]], [14, [14, 8]], [8, []], [7, [7, 12, 15]], [13, []], [12, []], [5, []], [15, []]], [[0, [2, 9, 4, 6, 3, 1, 10, 11]], [10, []], [2, []], [9, []], [4, []], [3, []], [1, []], [6, []], [11, []]]], [[[14, [14, 8]]], [[7, [15]]], [[7, [7, 12]]]]]], "Numrun": 5, "all_fitness": [176.20000000000002, 174.72786064922985, 174.1993314180291, 177.72]}
{"file_name": "U_15_0", "number_of_trucks": 2, "drone_capacity": 2, "number_of_drones": 2, "iteration": 5, "best_fitness": 173.33505271648875, "runtime": 75.34929633140564, "best_solution": [[[[0, [13, 5]], [8, [8, 14]], [14, []], [7, [7, 12, 15]], [13, []], [12, []], [5, []], [15, []]], [[0, [2, 4, 10, 9]], [10, []], [2, []], [9, []], [4, []], [3, [3, 1]], [1, [6, 11]], [6, []], [11, []]]], [[[8, [8, 14]]], [[7, [12, 15]]], [[7, [7]]], [[3, [3, 1]]], [[1, [6, 11]]]]], "all_solution": [[[[[0, [9, 2, 11, 10, 4]], [11, []], [10, []], [2, []], [9, []], [4, []], [3, [3, 1]], [1, []], [6, [6]]], [[0, []], [13, [13, 5]], [8, [8, 14]], [14, []], [7, [7]], [12, [12, 15]], [5, []], [15, []]]], [[[13, [13, 5]]], [[8, [8, 14]]], [[7, [7]]], [[12, [12, 15]]], [[3, [3, 1]]], [[6, [6]]]]], [[[[0, []], [13, [5, 13]], [8, [8, 14]], [14, []], [7, [7, 12]], [12, []], [5, []], [15, [15]]], [[0, [10, 9, 4, 11, 2]], [10, []], [2, []], [9, [6, 1]], [4, []], [3, [3]], [1, []], [6, []], [11, []]]], [[[13, [5, 13]]], [[8, [8, 14]]], [[7, [7, 12]]], [[9, [6, 1]]], [[3, [3]]], [[15, [15]]]]], [[[[0, [10, 4, 9, 2]], [10, []], [9, []], [2, []], [3, [3, 1, 6, 11]], [4, []], [1, []], [6, []], [11, []]], [[0, [13]], [13, [5]], [8, [8, 14]], [7, [7, 12]], [14, []], [12, []], [5, []], [15, [15]]]], [[[13, [5]]], [[8, [8, 14]]], [[7, [7, 12]]], [[3, [6, 11]]], [[3, [3, 1]]], [[15, [15]]]]], [[[[0, [5, 13]], [14, [14, 8]], [8, []], [7, [7, 12, 15]], [13, []], [12, []], [5, []], [15, []]], [[0, [2, 9, 4, 6, 3, 1, 10, 11]], [10, []], [2, []], [9, []], [4, []], [3, []], [1, []], [6, []], [11, []]]], [[[14, [14, 8]]], [[7, [15]]], [[7, [7, 12]]]]], [[[[0, [13, 5]], [8, [8, 14]], [14, []], [7, [7, 12, 15]], [13, []], [12, []], [5, []], [15, []]], [[0, [2, 4, 10, 9]], [10, []], [2, []], [9, []], [4, []], [3, [3, 1]], [1, [6, 11]], [6, []], [11, []]]], [[[8, [8, 14]]], [[7, [12, 15]]], [[7, [7]]], [[3, [3, 1]]], [[1, [6, 11]]]]]], "Numrun": 5, "all_fitness": [176.20000000000002, 174.72786064922985, 174.1993314180291, 177.72, 173.33505271648875]}
