{"file_name": "U_20_1", "number_of_trucks": 2, "drone_capacity": 2, "number_of_drones": 2, "iteration": 1, "best_fitness": 323.043589209627, "runtime": 149.6022651195526, "best_solution": [[[[0, [6, 8, 1, 19]], [1, []], [15, [15, 17]], [6, []], [8, []], [17, []], [18, [18, 4]], [19, []], [4, []], [2, [2]]], [[0, [7, 13]], [7, []], [13, []], [12, [12, 11]], [11, []], [3, [3]], [9, [9, 5]], [20, [20, 10]], [10, []], [5, []], [14, [14, 16]], [16, []]]], [[[12, [12, 11]]], [[3, [3]]], [[15, [15, 17]]], [[9, [9, 5]]], [[20, [20, 10]]], [[18, [18, 4]]], [[14, [14, 16]]], [[2, [2]]]]], "all_solution": [[[[[0, [6, 8, 1, 19]], [1, []], [15, [15, 17]], [6, []], [8, []], [17, []], [18, [18, 4]], [19, []], [4, []], [2, [2]]], [[0, [7, 13]], [7, []], [13, []], [12, [12, 11]], [11, []], [3, [3]], [9, [9, 5]], [20, [20, 10]], [10, []], [5, []], [14, [14, 16]], [16, []]]], [[[12, [12, 11]]], [[3, [3]]], [[15, [15, 17]]], [[9, [9, 5]]], [[20, [20, 10]]], [[18, [18, 4]]], [[14, [14, 16]]], [[2, [2]]]]]], "Numrun": 5, "all_fitness": [323.043589209627]}
{"file_name": "U_20_1", "number_of_trucks": 2, "drone_capacity": 2, "number_of_drones": 2, "iteration": 2, "best_fitness": 323.043589209627, "runtime": 138.09495544433594, "best_solution": [[[[0, []], [7, [7, 11]], [11, []], [12, [12]], [5, [5]], [9, [9, 3]], [3, []], [10, [10, 20]], [20, []], [14, [14, 16]], [16, []]], [[0, []], [13, [13]], [1, [1, 8]], [8, []], [15, [15, 6]], [17, [17, 19]], [6, []], [19, []], [18, [18, 4]], [4, []], [2, [2]]]], [[[13, [13]]], [[7, [7, 11]]], [[1, [1, 8]]], [[12, [12]]], [[15, [15, 6]]], [[5, [5]]], [[17, [17, 19]]], [[9, [9, 3]]], [[10, [10, 20]]], [[18, [18, 4]]], [[14, [14, 16]]], [[2, [2]]]]], "all_solution": [[[[[0, [6, 8, 1, 19]], [1, []], [15, [15, 17]], [6, []], [8, []], [17, []], [18, [18, 4]], [19, []], [4, []], [2, [2]]], [[0, [7, 13]], [7, []], [13, []], [12, [12, 11]], [11, []], [3, [3]], [9, [9, 5]], [20, [20, 10]], [10, []], [5, []], [14, [14, 16]], [16, []]]], [[[12, [12, 11]]], [[3, [3]]], [[15, [15, 17]]], [[9, [9, 5]]], [[20, [20, 10]]], [[18, [18, 4]]], [[14, [14, 16]]], [[2, [2]]]]], [[[[0, []], [7, [7, 11]], [11, []], [12, [12]], [5, [5]], [9, [9, 3]], [3, []], [10, [10, 20]], [20, []], [14, [14, 16]], [16, []]], [[0, []], [13, [13]], [1, [1, 8]], [8, []], [15, [15, 6]], [17, [17, 19]], [6, []], [19, []], [18, [18, 4]], [4, []], [2, [2]]]], [[[13, [13]]], [[7, [7, 11]]], [[1, [1, 8]]], [[12, [12]]], [[15, [15, 6]]], [[5, [5]]], [[17, [17, 19]]], [[9, [9, 3]]], [[10, [10, 20]]], [[18, [18, 4]]], [[14, [14, 16]]], [[2, [2]]]]]], "Numrun": 5, "all_fitness": [323.043589209627, 323.043589209627]}
{"file_name": "U_20_1", "number_of_trucks": 2, "drone_capacity": 2, "number_of_drones": 2, "iteration": 3, "best_fitness": 323.043589209627, "runtime": 130.5357494354248, "best_solution": [[[[0, [13, 7]], [13, []], [7, []], [8, [8]], [1, [1]], [19, [19, 6]], [6, []], [17, [17, 15]], [15, []], [18, [18, 4]], [4, []], [2, [2]]], [[0, [11]], [11, []], [3, [12, 3]], [12, []], [5, [5, 9]], [9, []], [20, [20, 10]], [10, []], [14, [14]], [16, [16]]]], [[[8, [8]]], [[1, [1]]], [[3, [12, 3]]], [[19, [19, 6]]], [[5, [5, 9]]], [[17, [17, 15]]], [[18, [18, 4]]], [[20, [20, 10]]], [[14, [14]]], [[16, [16]]], [[2, [2]]]]], "all_solution": [[[[[0, [6, 8, 1, 19]], [1, []], [15, [15, 17]], [6, []], [8, []], [17, []], [18, [18, 4]], [19, []], [4, []], [2, [2]]], [[0, [7, 13]], [7, []], [13, []], [12, [12, 11]], [11, []], [3, [3]], [9, [9, 5]], [20, [20, 10]], [10, []], [5, []], [14, [14, 16]], [16, []]]], [[[12, [12, 11]]], [[3, [3]]], [[15, [15, 17]]], [[9, [9, 5]]], [[20, [20, 10]]], [[18, [18, 4]]], [[14, [14, 16]]], [[2, [2]]]]], [[[[0, []], [7, [7, 11]], [11, []], [12, [12]], [5, [5]], [9, [9, 3]], [3, []], [10, [10, 20]], [20, []], [14, [14, 16]], [16, []]], [[0, []], [13, [13]], [1, [1, 8]], [8, []], [15, [15, 6]], [17, [17, 19]], [6, []], [19, []], [18, [18, 4]], [4, []], [2, [2]]]], [[[13, [13]]], [[7, [7, 11]]], [[1, [1, 8]]], [[12, [12]]], [[15, [15, 6]]], [[5, [5]]], [[17, [17, 19]]], [[9, [9, 3]]], [[10, [10, 20]]], [[18, [18, 4]]], [[14, [14, 16]]], [[2, [2]]]]], [[[[0, [13, 7]], [13, []], [7, []], [8, [8]], [1, [1]], [19, [19, 6]], [6, []], [17, [17, 15]], [15, []], [18, [18, 4]], [4, []], [2, [2]]], [[0, [11]], [11, []], [3, [12, 3]], [12, []], [5, [5, 9]], [9, []], [20, [20, 10]], [10, []], [14, [14]], [16, [16]]]], [[[8, [8]]], [[1, [1]]], [[3, [12, 3]]], [[19, [19, 6]]], [[5, [5, 9]]], [[17, [17, 15]]], [[18, [18, 4]]], [[20, [20, 10]]], [[14, [14]]], [[16, [16]]], [[2, [2]]]]]], "Numrun": 5, "all_fitness": [323.043589209627, 323.043589209627, 323.043589209627]}
{"file_name": "U_20_1", "number_of_trucks": 2, "drone_capacity": 2, "number_of_drones": 2, "iteration": 4, "best_fitness": 323.043589209627, "runtime": 140.5281834602356, "best_solution": [[[[0, [6, 1, 8, 19]], [15, [15, 17]], [17, []], [8, []], [1, []], [6, []], [19, []], [18, [18, 4]], [4, []], [16, [16, 14]], [14, []]], [[0, [13, 7, 11]], [7, []], [13, []], [12, [12, 3]], [11, []], [3, []], [9, [9, 5]], [5, []], [10, [10, 20]], [20, []], [2, [2]]]], [[[12, [12, 3]]], [[15, [15, 17]]], [[9, [9, 5]]], [[18, [18, 4]]], [[10, [10, 20]]], [[16, [16, 14]]], [[2, [2]]]]], "all_solution": [[[[[0, [6, 8, 1, 19]], [1, []], [15, [15, 17]], [6, []], [8, []], [17, []], [18, [18, 4]], [19, []], [4, []], [2, [2]]], [[0, [7, 13]], [7, []], [13, []], [12, [12, 11]], [11, []], [3, [3]], [9, [9, 5]], [20, [20, 10]], [10, []], [5, []], [14, [14, 16]], [16, []]]], [[[12, [12, 11]]], [[3, [3]]], [[15, [15, 17]]], [[9, [9, 5]]], [[20, [20, 10]]], [[18, [18, 4]]], [[14, [14, 16]]], [[2, [2]]]]], [[[[0, []], [7, [7, 11]], [11, []], [12, [12]], [5, [5]], [9, [9, 3]], [3, []], [10, [10, 20]], [20, []], [14, [14, 16]], [16, []]], [[0, []], [13, [13]], [1, [1, 8]], [8, []], [15, [15, 6]], [17, [17, 19]], [6, []], [19, []], [18, [18, 4]], [4, []], [2, [2]]]], [[[13, [13]]], [[7, [7, 11]]], [[1, [1, 8]]], [[12, [12]]], [[15, [15, 6]]], [[5, [5]]], [[17, [17, 19]]], [[9, [9, 3]]], [[10, [10, 20]]], [[18, [18, 4]]], [[14, [14, 16]]], [[2, [2]]]]], [[[[0, [13, 7]], [13, []], [7, []], [8, [8]], [1, [1]], [19, [19, 6]], [6, []], [17, [17, 15]], [15, []], [18, [18, 4]], [4, []], [2, [2]]], [[0, [11]], [11, []], [3, [12, 3]], [12, []], [5, [5, 9]], [9, []], [20, [20, 10]], [10, []], [14, [14]], [16, [16]]]], [[[8, [8]]], [[1, [1]]], [[3, [12, 3]]], [[19, [19, 6]]], [[5, [5, 9]]], [[17, [17, 15]]], [[18, [18, 4]]], [[20, [20, 10]]], [[14, [14]]], [[16, [16]]], [[2, [2]]]]], [[[[0, [6, 1, 8, 19]], [15, [15, 17]], [17, []], [8, []], [1, []], [6, []], [19, []], [18, [18, 4]], [4, []], [16, [16, 14]], [14, []]], [[0, [13, 7, 11]], [7, []], [13, []], [12, [12, 3]], [11, []], [3, []], [9, [9, 5]], [5, []], [10, [10, 20]], [20, []], [2, [2]]]], [[[12, [12, 3]]], [[15, [15, 17]]], [[9, [9, 5]]], [[18, [18, 4]]], [[10, [10, 20]]], [[16, [16, 14]]], [[2, [2]]]]]], "Numrun": 5, "all_fitness": [323.043589209627, 323.043589209627, 323.043589209627, 323.043589209627]}
{"file_name": "U_20_1", "number_of_trucks": 2, "drone_capacity": 2, "number_of_drones": 2, "iteration": 5, "best_fitness": 323.043589209627, "runtime": 114.92527556419373, "best_solution": [[[[0, []], [1, [1, 8]], [8, []], [6, [6, 15]], [15, []], [17, [17, 19]], [19, []], [18, [18, 4]], [4, []], [16, [16, 14]], [14, []]], [[0, [13]], [7, [7]], [13, []], [11, [11]], [12, [12, 3]], [3, []], [9, [9, 5]], [5, []], [10, [10, 20]], [20, []], [2, [2]]]], [[[7, [7]]], [[11, [11]]], [[1, [1, 8]]], [[6, [6, 15]]], [[12, [12, 3]]], [[17, [17, 19]]], [[9, [9, 5]]], [[10, [10, 20]]], [[18, [18, 4]]], [[16, [16, 14]]], [[2, [2]]]]],