{"file_name": "U_20_1", "number_of_trucks": 2, "drone_capacity": 2, "number_of_drones": 2, "iteration": 1, "best_fitness": 343.5063789283731, "runtime": 152.6764259338379, "best_solution": [[[[0, [13, 7]], [13, []], [7, []], [6, [6, 19]], [19, []], [5, [5]], [3, [3, 9]], [9, []], [20, [20, 10]], [10, []], [14, [14, 18]], [18, []]], [[0, [11, 12, 1, 8, 17, 15]], [1, []], [8, []], [17, []], [15, []], [4, [4]], [11, []], [12, []], [16, [16]], [2, [2]]]], [[[6, [6, 19]]], [[5, [5]]], [[3, [3, 9]]], [[4, [4]]], [[20, [20, 10]]], [[16, [16]]], [[14, [14, 18]]], [[2, [2]]]]], "all_solution": [[[[[0, [13, 7]], [13, []], [7, []], [6, [6, 19]], [19, []], [5, [5]], [3, [3, 9]], [9, []], [20, [20, 10]], [10, []], [14, [14, 18]], [18, []]], [[0, [11, 12, 1, 8, 17, 15]], [1, []], [8, []], [17, []], [15, []], [4, [4]], [11, []], [12, []], [16, [16]], [2, [2]]]], [[[6, [6, 19]]], [[5, [5]]], [[3, [3, 9]]], [[4, [4]]], [[20, [20, 10]]], [[16, [16]]], [[14, [14, 18]]], [[2, [2]]]]]], "Numrun": 5, "all_fitness": [343.5063789283731]}
{"file_name": "U_20_1", "number_of_trucks": 2, "drone_capacity": 2, "number_of_drones": 2, "iteration": 2, "best_fitness": 340.3063789283731, "runtime": 134.85983681678772, "best_solution": [[[[0, [15, 1, 8, 6, 19]], [8, []], [6, []], [19, []], [1, []], [15, []], [17, [17]], [20, [20, 10]], [10, []], [16, [16, 14]], [14, []]], [[0, []], [7, [7]], [13, [13, 11]], [11, []], [12, [12, 3]], [3, []], [9, [9, 5]], [5, []], [4, [4, 18]], [2, [2]], [18, []]]], [[[7, [7]]], [[13, [13, 11]]], [[12, [12, 3]]], [[17, [17]]], [[9, [9, 5]]], [[20, [20, 10]]], [[4, [4, 18]]], [[16, [16, 14]]], [[2, [2]]]]], "all_solution": [[[[[0, [13, 7]], [13, []], [7, []], [6, [6, 19]], [19, []], [5, [5]], [3, [3, 9]], [9, []], [20, [20, 10]], [10, []], [14, [14, 18]], [18, []]], [[0, [11, 12, 1, 8, 17, 15]], [1, []], [8, []], [17, []], [15, []], [4, [4]], [11, []], [12, []], [16, [16]], [2, [2]]]], [[[6, [6, 19]]], [[5, [5]]], [[3, [3, 9]]], [[4, [4]]], [[20, [20, 10]]], [[16, [16]]], [[14, [14, 18]]], [[2, [2]]]]], [[[[0, [15, 1, 8, 6, 19]], [8, []], [6, []], [19, []], [1, []], [15, []], [17, [17]], [20, [20, 10]], [10, []], [16, [16, 14]], [14, []]], [[0, []], [7, [7]], [13, [13, 11]], [11, []], [12, [12, 3]], [3, []], [9, [9, 5]], [5, []], [4, [4, 18]], [2, [2]], [18, []]]], [[[7, [7]]], [[13, [13, 11]]], [[12, [12, 3]]], [[17, [17]]], [[9, [9, 5]]], [[20, [20, 10]]], [[4, [4, 18]]], [[16, [16, 14]]], [[2, [2]]]]]], "Numrun": 5, "all_fitness": [343.5063789283731, 340.3063789283731]}
{"file_name": "U_20_1", "number_of_trucks": 2, "drone_capacity": 2, "number_of_drones": 2, "iteration": 3, "best_fitness": 340.3063789283731, "runtime": 119.02836394309998, "best_solution": [[[[0, [1, 6, 15]], [1, []], [15, [8, 17]], [6, []], [8, []], [17, []], [18, [18, 19]], [19, [4]], [4, []], [2, [2]]], [[0, [7]], [7, []], [13, [11, 13]], [11, []], [12, [12, 3]], [3, []], [9, [9, 5]], [5, []], [20, [20, 10]], [10, []], [16, [16, 14]], [14, []]]], [[[13, [11, 13]]], [[12, [12, 3]]], [[15, [8, 17]]], [[9, [9, 5]]], [[20, [20, 10]]], [[18, [18, 19]]], [[19, [4]]], [[16, [16, 14]]], [[2, [2]]]]], "all_solution": [[[[[0, [13, 7]], [13, []], [7, []], [6, [6, 19]], [19, []], [5, [5]], [3, [3, 9]], [9, []], [20, [20, 10]], [10, []], [14, [14, 18]], [18, []]], [[0, [11, 12, 1, 8, 17, 15]], [1, []], [8, []], [17, []], [15, []], [4, [4]], [11, []], [12, []], [16, [16]], [2, [2]]]], [[[6, [6, 19]]], [[5, [5]]], [[3, [3, 9]]], [[4, [4]]], [[20, [20, 10]]], [[16, [16]]], [[14, [14, 18]]], [[2, [2]]]]], [[[[0, [15, 1, 8, 6, 19]], [8, []], [6, []], [19, []], [1, []], [15, []], [17, [17]], [20, [20, 10]], [10, []], [16, [16, 14]], [14, []]], [[0, []], [7, [7]], [13, [13, 11]], [11, []], [12, [12, 3]], [3, []], [9, [9, 5]], [5, []], [4, [4, 18]], [2, [2]], [18, []]]], [[[7, [7]]], [[13, [13, 11]]], [[12, [12, 3]]], [[17, [17]]], [[9, [9, 5]]], [[20, [20, 10]]], [[4, [4, 18]]], [[16, [16, 14]]], [[2, [2]]]]], [[[[0, [1, 6, 15]], [1, []], [15, [8, 17]], [6, []], [8, []], [17, []], [18, [18, 19]], [19, [4]], [4, []], [2, [2]]], [[0, [7]], [7, []], [13, [11, 13]], [11, []], [12, [12, 3]], [3, []], [9, [9, 5]], [5, []], [20, [20, 10]], [10, []], [16, [16, 14]], [14, []]]], [[[13, [11, 13]]], [[12, [12, 3]]], [[15, [8, 17]]], [[9, [9, 5]]], [[20, [20, 10]]], [[18, [18, 19]]], [[19, [4]]], [[16, [16, 14]]], [[2, [2]]]]]], "Numrun": 5, "all_fitness": [343.5063789283731, 340.3063789283731, 340.3063789283731]}
{"file_name": "U_20_1", "number_of_trucks": 2, "drone_capacity": 2, "number_of_drones": 2, "iteration": 4, "best_fitness": 340.3063789283731, "runtime": 146.16646885871887, "best_solution": [[[[0, [11, 12, 1, 8, 3, 15]], [8, []], [1, []], [15, []], [3, []], [11, []], [12, []], [4, [4]], [16, [16, 14]], [14, []]], [[0, [7, 13]], [13, []], [7, []], [6, [6, 19]], [19, []], [17, [17, 5]], [9, [9]], [5, []], [10, [10, 20]], [20, []], [2, [2, 18]], [18, []]]], [[[6, [6, 19]]], [[17, [17, 5]]], [[9, [9]]], [[10, [10, 20]]], [[4, [4]]], [[16, [16, 14]]], [[2, [2, 18]]]]], "all_solution": [[[[[0, [13, 7]], [13, []], [7, []], [6, [6, 19]], [19, []], [5, [5]], [3, [3, 9]], [9, []], [20, [20, 10]], [10, []], [14, [14, 18]], [18, []]], [[0, [11, 12, 1, 8, 17, 15]], [1, []], [8, []], [17, []], [15, []], [4, [4]], [11, []], [12, []], [16, [16]], [2, [2]]]], [[[6, [6, 19]]], [[5, [5]]], [[3, [3, 9]]], [[4, [4]]], [[20, [20, 10]]], [[16, [16]]], [[14, [14, 18]]], [[2, [2]]]]], [[[[0, [15, 1, 8, 6, 19]], [8, []], [6, []], [19, []], [1, []], [15, []], [17, [17]], [20, [20, 10]], [10, []], [16, [16, 14]], [14, []]], [[0, []], [7, [7]], [13, [13, 11]], [11, []], [12, [12, 3]], [3, []], [9, [9, 5]], [5, []], [4, [4, 18]], [2, [2]], [18, []]]], [[[7, [7]]], [[13, [13, 11]]], [[12, [12, 3]]], [[17, [17]]], [[9, [9, 5]]], [[20, [20, 10]]], [[4, [4, 18]]], [[16, [16, 14]]], [[2, [2]]]]], [[[[0, [1, 6, 15]], [1, []], [15, [8, 17]], [6, []], [8, []], [17, []], [18, [18, 19]], [19, [4]], [4, []], [2, [2]]], [[0, [7]], [7, []], [13, [11, 13]], [11, []], [12, [12, 3]], [3, []], [9, [9, 5]], [5, []], [20, [20, 10]], [10, []], [16, [16, 14]], [14, []]]], [[[13, [11, 13]]], [[12, [12, 3]]], [[15, [8, 17]]], [[9, [9, 5]]], [[20, [20, 10]]], [[18, [18, 19]]], [[19, [4]]], [[16, [16, 14]]], [[2, [2]]]]], [[[[0, [11, 12, 1, 8, 3, 15]], [8, []], [1, []], [15, []], [3, []], [11, []], [12, []], [4, [4]], [16, [16, 14]], [14, []]], [[0, [7, 13]], [13, []], [7, []], [6, [6, 19]], [19, []], [17, [17, 5]], [9, [9]], [5, []], [10, [10, 20]], [20, []], [2, [2, 18]], [18, []]]], [[[6, [6, 19]]], [[17, [17, 5]]], [[9, [9]]], [[10, [10, 20]]], [[4, [4]]], [[16, [16, 14]]], [[2, [2, 18]]]]]], "Numrun": 5, "all_fitness": [343.5063789283731, 340.3063789283731, 340.3063789283731, 340.3063789283731]}
{"file_name": "U_20_1", "number_of_trucks": 2, "drone_capacity": 2, "number_of_drones": 2, "iteration": 5, "best_fitness": 340.8133521677214, "runtime": 170.94229698181152, "best_solution": [[[[0, [11, 19, 3, 12]], [19, []], [3, []], [11, []], [12, []], [4, [4, 18]], [2, [2]], [18, []]], [[0, [7]], [13, [13]], [7, []], [1, [1, 6]], [8, [8, 15]], [6, []], [15, []], [17, [17]], [9, [9, 5]], [20, [20, 10]], [5, []], [10, []], [16, [16, 14]], [14, []]]], [[[13, [13]]], [[1, [1, 6]]], [[8, [8, 15]]], [[17, [17]]], [[9, [9, 5]]], [[20, [20, 10]]], [[4, [4, 18]]], [[16, [16, 14]]], [[2, [2]]]]],