{"file_name": "U_15_0", "number_of_trucks": 2, "drone_capacity": 2, "number_of_drones": 2, "iteration": 1, "best_fitness": 170.26410322116237, "runtime": 48.81449270248413, "best_solution": [[[[0, [14]], [14, []], [9, [9]], [1, [1, 4, 6]], [4, []], [6, []], [15, [15, 5]], [5, []]], [[0, [8]], [2, [2, 13]], [12, [12, 3]], [3, []], [13, []], [8, []], [7, [7, 11, 10]], [11, []], [10, []]]], [[[9, [9]]], [[2, [2, 13]]], [[12, [12, 3]]], [[1, [6]]], [[1, [1, 4]]], [[7, [10]]], [[7, [7, 11]]], [[15, [15, 5]]]]], "all_solution": [[[[[0, [14]], [14, []], [9, [9]], [1, [1, 4, 6]], [4, []], [6, []], [15, [15, 5]], [5, []]], [[0, [8]], [2, [2, 13]], [12, [12, 3]], [3, []], [13, []], [8, []], [7, [7, 11, 10]], [11, []], [10, []]]], [[[9, [9]]], [[2, [2, 13]]], [[12, [12, 3]]], [[1, [6]]], [[1, [1, 4]]], [[7, [10]]], [[7, [7, 11]]], [[15, [15, 5]]]]]], "Numrun": 5, "all_fitness": [170.26410322116237]}
{"file_name": "U_15_0", "number_of_trucks": 2, "drone_capacity": 2, "number_of_drones": 2, "iteration": 2, "best_fitness": 173.4269342437268, "runtime": 48.093382596969604, "best_solution": [[[[0, [13, 8]], [13, []], [12, [12, 10]], [8, []], [7, [7, 11]], [11, []], [10, []], [6, [6, 15, 3]], [3, []], [15, []]], [[0, [2, 14]], [2, []], [5, [5, 9]], [9, []], [4, [4, 1]], [14, []], [1, []]]], [[[5, [5, 9]]], [[12, [12, 10]]], [[4, [4, 1]]], [[7, [7, 11]]], [[6, [3]]], [[6, [6, 15]]]]], "all_solution": [[[[[0, [14]], [14, []], [9, [9]], [1, [1, 4, 6]], [4, []], [6, []], [15, [15, 5]], [5, []]], [[0, [8]], [2, [2, 13]], [12, [12, 3]], [3, []], [13, []], [8, []], [7, [7, 11, 10]], [11, []], [10, []]]], [[[9, [9]]], [[2, [2, 13]]], [[12, [12, 3]]], [[1, [6]]], [[1, [1, 4]]], [[7, [10]]], [[7, [7, 11]]], [[15, [15, 5]]]]], [[[[0, [13, 8]], [13, []], [12, [12, 10]], [8, []], [7, [7, 11]], [11, []], [10, []], [6, [6, 15, 3]], [3, []], [15, []]], [[0, [2, 14]], [2, []], [5, [5, 9]], [9, []], [4, [4, 1]], [14, []], [1, []]]], [[[5, [5, 9]]], [[12, [12, 10]]], [[4, [4, 1]]], [[7, [7, 11]]], [[6, [3]]], [[6, [6, 15]]]]]], "Numrun": 5, "all_fitness": [170.26410322116237, 173.4269342437268]}
{"file_name": "U_15_0", "number_of_trucks": 2, "drone_capacity": 2, "number_of_drones": 2, "iteration": 3, "best_fitness": 165.7041032211624, "runtime": 85.8989884853363, "best_solution": [[[[0, [14]], [9, [9, 3, 6]], [14, [12]], [1, [1, 4]], [4, []], [12, []], [3, []], [6, []]], [[0, [2, 8, 13]], [2, []], [13, []], [8, []], [7, [7, 11]], [11, []], [10, [10, 5]], [15, [15]], [5, []]]], [[[9, [9, 6]]], [[9, [3]]], [[14, [12]]], [[7, [7, 11]]], [[1, [1, 4]]], [[10, [10, 5]]], [[15, [15]]]]], "all_solution": [[[[[0, [14]], [14, []], [9, [9]], [1, [1, 4, 6]], [4, []], [6, []], [15, [15, 5]], [5, []]], [[0, [8]], [2, [2, 13]], [12, [12, 3]], [3, []], [13, []], [8, []], [7, [7, 11, 10]], [11, []], [10, []]]], [[[9, [9]]], [[2, [2, 13]]], [[12, [12, 3]]], [[1, [6]]], [[1, [1, 4]]], [[7, [10]]], [[7, [7, 11]]], [[15, [15, 5]]]]], [[[[0, [13, 8]], [13, []], [12, [12, 10]], [8, []], [7, [7, 11]], [11, []], [10, []], [6, [6, 15, 3]], [3, []], [15, []]], [[0, [2, 14]], [2, []], [5, [5, 9]], [9, []], [4, [4, 1]], [14, []], [1, []]]], [[[5, [5, 9]]], [[12, [12, 10]]], [[4, [4, 1]]], [[7, [7, 11]]], [[6, [3]]], [[6, [6, 15]]]]], [[[[0, [14]], [9, [9, 3, 6]], [14, [12]], [1, [1, 4]], [4, []], [12, []], [3, []], [6, []]], [[0, [2, 8, 13]], [2, []], [13, []], [8, []], [7, [7, 11]], [11, []], [10, [10, 5]], [15, [15]], [5, []]]], [[[9, [9, 6]]], [[9, [3]]], [[14, [12]]], [[7, [7, 11]]], [[1, [1, 4]]], [[10, [10, 5]]], [[15, [15]]]]]], "Numrun": 5, "all_fitness": [170.26410322116237, 173.4269342437268, 165.7041032211624]}
{"file_name": "U_15_0", "number_of_trucks": 2, "drone_capacity": 2, "number_of_drones": 2, "iteration": 4, "best_fitness": 168.65648003004486, "runtime": 73.75462126731873, "best_solution": [[[[0, [8, 14]], [8, []], [3, [3]], [6, [6, 9]], [4, [4, 1]], [9, []], [14, []], [1, []]], [[0, [13, 2]], [2, []], [13, []], [12, [12, 5]], [15, [15, 7]], [11, [11, 10]], [7, []], [10, []], [5, []]]], [[[3, [3]]], [[6, [6, 9]]], [[12, [12, 5]]], [[15, [15, 7]]], [[4, [4, 1]]], [[11, [11, 10]]]]], "all_solution": [[[[[0, [14]], [14, []], [9, [9]], [1, [1, 4, 6]], [4, []], [6, []], [15, [15, 5]], [5, []]], [[0, [8]], [2, [2, 13]], [12, [12, 3]], [3, []], [13, []], [8, []], [7, [7, 11, 10]], [11, []], [10, []]]], [[[9, [9]]], [[2, [2, 13]]], [[12, [12, 3]]], [[1, [6]]], [[1, [1, 4]]], [[7, [10]]], [[7, [7, 11]]], [[15, [15, 5]]]]], [[[[0, [13, 8]], [13, []], [12, [12, 10]], [8, []], [7, [7, 11]], [11, []], [10, []], [6, [6, 15, 3]], [3, []], [15, []]], [[0, [2, 14]], [2, []], [5, [5, 9]], [9, []], [4, [4, 1]], [14, []], [1, []]]], [[[5, [5, 9]]], [[12, [12, 10]]], [[4, [4, 1]]], [[7, [7, 11]]], [[6, [3]]], [[6, [6, 15]]]]], [[[[0, [14]], [9, [9, 3, 6]], [14, [12]], [1, [1, 4]], [4, []], [12, []], [3, []], [6, []]], [[0, [2, 8, 13]], [2, []], [13, []], [8, []], [7, [7, 11]], [11, []], [10, [10, 5]], [15, [15]], [5, []]]], [[[9, [9, 6]]], [[9, [3]]], [[14, [12]]], [[7, [7, 11]]], [[1, [1, 4]]], [[10, [10, 5]]], [[15, [15]]]]], [[[[0, [8, 14]], [8, []], [3, [3]], [6, [6, 9]], [4, [4, 1]], [9, []], [14, []], [1, []]], [[0, [13, 2]], [2, []], [13, []], [12, [12, 5]], [15, [15, 7]], [11, [11, 10]], [7, []], [10, []], [5, []]]], [[[3, [3]]], [[6, [6, 9]]], [[12, [12, 5]]], [[15, [15, 7]]], [[4, [4, 1]]], [[11, [11, 10]]]]]], "Numrun": 5, "all_fitness": [170.26410322116237, 173.4269342437268, 165.7041032211624, 168.65648003004486]}
{"file_name": "U_15_0", "number_of_trucks": 2, "drone_capacity": 2, "number_of_drones": 2, "iteration": 5, "best_fitness": 172.64000000000001, "runtime": 48.541826248168945, "best_solution": [[[[0, [10, 14, 3]], [10, []], [3, [9]], [4, [4, 1]], [9, []], [14, []], [1, []]], [[0, [8]], [2, [2, 13]], [13, []], [8, []], [7, [7, 11]], [11, []], [12, [12, 15, 6]], [6, []], [15, []], [5, [5]]]], [[[2, [2, 13]]], [[3, [9]]], [[4, [4, 1]]], [[7, [7, 11]]], [[12, [6]]], [[12, [12, 15]]], [[5, [5]]]]], "all_solution": [[[[[0, [14]], [14, []], [9, [9]], [1, [1, 4, 6]], [4, []], [6, []], [15, [15, 5]], [5, []]], [[0, [8]], [2, [2, 13]], [12, [12, 3]], [3, []], [13, []], [8, []], [7, [7, 11, 10]], [11, []], [10, []]]], [[[9, [9]]], [[2, [2, 13]]], [[12, [12, 3]]], [[1, [6]]], [[1, [1, 4]]], [[7, [10]]], [[7, [7, 11]]], [[15, [15, 5]]]]], [[[[0, [13, 8]], [13, []], [12, [12, 10]], [8, []], [7, [7, 11]], [11, []], [10, []], [6, [6, 15, 3]], [3, []], [15, []]], [[0, [2, 14]], [2, []], [5, [5, 9]], [9, []], [4, [4, 1]], [14, []], [1, []]]], [[[5, [5, 9]]], [[12, [12, 10]]], [[4, [4, 1]]], [[7, [7, 11]]], [[6, [3]]], [[6, [6, 15]]]]], [[[[0, [14]], [9, [9, 3, 6]], [14, [12]], [1, [1, 4]], [4, []], [12, []], [3, []], [6, []]], [[0, [2, 8, 13]], [2, []], [13, []], [8, []], [7, [7, 11]], [11, []], [10, [10, 5]], [15, [15]], [5, []]]], [[[9, [9, 6]]], [[9, [3]]], [[14, [12]]], [[7, [7, 11]]], [[1, [1, 4]]], [[10, [10, 5]]], [[15, [15]]]]], [[[[0, [8, 14]], [8, []], [3, [3]], [6, [6, 9]], [4, [4, 1]], [9, []], [14, []], [1, []]], [[0, [13, 2]], [2, []], [13, []], [12, [12, 5]], [15, [15, 7]], [11, [11, 10]], [7, []], [10, []], [5, []]]], [[[3, [3]]], [[6, [6, 9]]], [[12, [12, 5]]], [[15, [15, 7]]], [[4, [4, 1]]], [[11, [11, 10]]]]], [[[[0, [10, 14, 3]], [10, []], [3, [9]], [4, [4, 1]], [9, []], [14, []], [1, []]], [[0, [8]], [2, [2, 13]], [13, []], [8, []], [7, [7, 11]], [11, []], [12, [12, 15, 6]], [6, []], [15, []], [5, [5]]]], [[[2, [2, 13]]], [[3, [9]]], [[4, [4, 1]]], [[7, [7, 11]]], [[12, [6]]], [[12, [12, 15]]], [[5, [5]]]]]], "Numrun": 5, "all_fitness": [170.26410322116237, 173.4269342437268, 165.7041032211624, 168.65648003004486, 172.64000000000001]}
