{"file_name": "U_15_1", "number_of_trucks": 2, "drone_capacity": 2, "number_of_drones": 2, "iteration": 1, "best_fitness": 271.05546246931334, "runtime": 60.3835666179657, "best_solution": [[[[0, [1, 2]], [1, []], [2, []], [6, [6]], [7, [7, 4, 9]], [10, [10]], [9, []], [4, []], [3, [3]]], [[0, [11, 13, 12, 5]], [13, []], [12, []], [5, []], [11, []], [15, [15]], [14, [14, 8]], [8, []]]], [[[6, [6]]], [[7, [9]]], [[7, [7, 4]]], [[10, [10]]], [[15, [15]]], [[14, [14, 8]]], [[3, [3]]]]], "all_solution": [[[[[0, [1, 2]], [1, []], [2, []], [6, [6]], [7, [7, 4, 9]], [10, [10]], [9, []], [4, []], [3, [3]]], [[0, [11, 13, 12, 5]], [13, []], [12, []], [5, []], [11, []], [15, [15]], [14, [14, 8]], [8, []]]], [[[6, [6]]], [[7, [9]]], [[7, [7, 4]]], [[10, [10]]], [[15, [15]]], [[14, [14, 8]]], [[3, [3]]]]]], "Numrun": 5, "all_fitness": [271.05546246931334]}
{"file_name": "U_15_1", "number_of_trucks": 2, "drone_capacity": 2, "number_of_drones": 2, "iteration": 2, "best_fitness": 270.3290778116323, "runtime": 57.494577407836914, "best_solution": [[[[0, [9, 6, 11, 13, 1]], [9, []], [1, []], [6, []], [11, []], [15, [15, 10]], [10, []], [13, []], [14, [14]]], [[0, [12, 5, 2]], [12, []], [5, []], [2, []], [7, [7, 4]], [8, [8]], [4, []], [3, [3]]]], [[[7, [7, 4]]], [[8, [8]]], [[15, [15, 10]]], [[14, [14]]], [[3, [3]]]]], "all_solution": [[[[[0, [1, 2]], [1, []], [2, []], [6, [6]], [7, [7, 4, 9]], [10, [10]], [9, []], [4, []], [3, [3]]], [[0, [11, 13, 12, 5]], [13, []], [12, []], [5, []], [11, []], [15, [15]], [14, [14, 8]], [8, []]]], [[[6, [6]]], [[7, [9]]], [[7, [7, 4]]], [[10, [10]]], [[15, [15]]], [[14, [14, 8]]], [[3, [3]]]]], [[[[0, [9, 6, 11, 13, 1]], [9, []], [1, []], [6, []], [11, []], [15, [15, 10]], [10, []], [13, []], [14, [14]]], [[0, [12, 5, 2]], [12, []], [5, []], [2, []], [7, [7, 4]], [8, [8]], [4, []], [3, [3]]]], [[[7, [7, 4]]], [[8, [8]]], [[15, [15, 10]]], [[14, [14]]], [[3, [3]]]]]], "Numrun": 5, "all_fitness": [271.05546246931334, 270.3290778116323]}
{"file_name": "U_15_1", "number_of_trucks": 2, "drone_capacity": 2, "number_of_drones": 2, "iteration": 3, "best_fitness": 270.3100592298367, "runtime": 55.29582691192627, "best_solution": [[[[0, [12, 5, 2]], [12, []], [5, []], [2, [9, 1]], [9, []], [7, [7]], [8, [8]], [1, []], [3, [3]]], [[0, [11, 6, 13]], [4, [4]], [6, []], [11, []], [15, [15, 10]], [10, []], [13, []], [14, [14]]]], [[[2, [9, 1]]], [[4, [4]]], [[7, [7]]], [[8, [8]]], [[15, [15, 10]]], [[14, [14]]], [[3, [3]]]]], "all_solution": [[[[[0, [1, 2]], [1, []], [2, []], [6, [6]], [7, [7, 4, 9]], [10, [10]], [9, []], [4, []], [3, [3]]], [[0, [11, 13, 12, 5]], [13, []], [12, []], [5, []], [11, []], [15, [15]], [14, [14, 8]], [8, []]]], [[[6, [6]]], [[7, [9]]], [[7, [7, 4]]], [[10, [10]]], [[15, [15]]], [[14, [14, 8]]], [[3, [3]]]]], [[[[0, [9, 6, 11, 13, 1]], [9, []], [1, []], [6, []], [11, []], [15, [15, 10]], [10, []], [13, []], [14, [14]]], [[0, [12, 5, 2]], [12, []], [5, []], [2, []], [7, [7, 4]], [8, [8]], [4, []], [3, [3]]]], [[[7, [7, 4]]], [[8, [8]]], [[15, [15, 10]]], [[14, [14]]], [[3, [3]]]]], [[[[0, [12, 5, 2]], [12, []], [5, []], [2, [9, 1]], [9, []], [7, [7]], [8, [8]], [1, []], [3, [3]]], [[0, [11, 6, 13]], [4, [4]], [6, []], [11, []], [15, [15, 10]], [10, []], [13, []], [14, [14]]]], [[[2, [9, 1]]], [[4, [4]]], [[7, [7]]], [[8, [8]]], [[15, [15, 10]]], [[14, [14]]], [[3, [3]]]]]], "Numrun": 5, "all_fitness": [271.05546246931334, 270.3290778116323, 270.3100592298367]}
{"file_name": "U_15_1", "number_of_trucks": 2, "drone_capacity": 2, "number_of_drones": 2, "iteration": 4, "best_fitness": 270.3100592298367, "runtime": 48.16029143333435, "best_solution": [[[[0, [2, 12, 9, 4, 13, 7, 1]], [12, []], [13, []], [7, []], [2, []], [9, []], [4, []], [1, []], [3, [3]]], [[0, [5, 11, 6]], [6, []], [11, []], [5, []], [15, [15, 8, 10, 14]], [14, []], [8, []], [10, []]]], [[[15, [15, 14]]], [[15, [8, 10]]], [[3, [3]]]]], "all_solution": [[[[[0, [1, 2]], [1, []], [2, []], [6, [6]], [7, [7, 4, 9]], [10, [10]], [9, []], [4, []], [3, [3]]], [[0, [11, 13, 12, 5]], [13, []], [12, []], [5, []], [11, []], [15, [15]], [14, [14, 8]], [8, []]]], [[[6, [6]]], [[7, [9]]], [[7, [7, 4]]], [[10, [10]]], [[15, [15]]], [[14, [14, 8]]], [[3, [3]]]]], [[[[0, [9, 6, 11, 13, 1]], [9, []], [1, []], [6, []], [11, []], [15, [15, 10]], [10, []], [13, []], [14, [14]]], [[0, [12, 5, 2]], [12, []], [5, []], [2, []], [7, [7, 4]], [8, [8]], [4, []], [3, [3]]]], [[[7, [7, 4]]], [[8, [8]]], [[15, [15, 10]]], [[14, [14]]], [[3, [3]]]]], [[[[0, [12, 5, 2]], [12, []], [5, []], [2, [9, 1]], [9, []], [7, [7]], [8, [8]], [1, []], [3, [3]]], [[0, [11, 6, 13]], [4, [4]], [6, []], [11, []], [15, [15, 10]], [10, []], [13, []], [14, [14]]]], [[[2, [9, 1]]], [[4, [4]]], [[7, [7]]], [[8, [8]]], [[15, [15, 10]]], [[14, [14]]], [[3, [3]]]]], [[[[0, [2, 12, 9, 4, 13, 7, 1]], [12, []], [13, []], [7, []], [2, []], [9, []], [4, []], [1, []], [3, [3]]], [[0, [5, 11, 6]], [6, []], [11, []], [5, []], [15, [15, 8, 10, 14]], [14, []], [8, []], [10, []]]], [[[15, [15, 14]]], [[15, [8, 10]]], [[3, [3]]]]]], "Numrun": 5, "all_fitness": [271.05546246931334, 270.3290778116323, 270.3100592298367, 270.3100592298367]}
{"file_name": "U_15_1", "number_of_trucks": 2, "drone_capacity": 2, "number_of_drones": 2, "iteration": 5, "best_fitness": 270.3100592298367, "runtime": 49.75099182128906, "best_solution": [[[[0, [11, 1, 5, 2]], [5, []], [2, []], [11, []], [1, [4, 6]], [4, []], [6, []], [15, [15, 10]], [10, []], [14, [14]]], [[0, [12]], [12, []], [13, [13, 9]], [9, []], [7, [7]], [8, [8]], [3, [3]]]], [[[13, [13, 9]]], [[1, [4, 6]]], [[7, [7]]], [[8, [8]]], [[15, [15, 10]]], [[14, [14]]], [[3, [3]]]]], "all_solution": [[[[[0, [1, 2]], [1, []], [2, []], [6, [6]], [7, [7, 4, 9]], [10, [10]], [9, []], [4, []], [3, [3]]], [[0, [11, 13, 12, 5]], [13, []], [12, []], [5, []], [11, []], [15, [15]], [14, [14, 8]], [8, []]]], [[[6, [6]]], [[7, [9]]], [[7, [7, 4]]], [[10, [10]]], [[15, [15]]], [[14, [14, 8]]], [[3, [3]]]]], [[[[0, [9, 6, 11, 13, 1]], [9, []], [1, []], [6, []], [11, []], [15, [15, 10]], [10, []], [13, []], [14, [14]]], [[0, [12, 5, 2]], [12, []], [5, []], [2, []], [7, [7, 4]], [8, [8]], [4, []], [3, [3]]]], [[[7, [7, 4]]], [[8, [8]]], [[15, [15, 10]]], [[14, [14]]], [[3, [3]]]]], [[[[0, [12, 5, 2]], [12, []], [5, []], [2, [9, 1]], [9, []], [7, [7]], [8, [8]], [1, []], [3, [3]]], [[0, [11, 6, 13]], [4, [4]], [6, []], [11, []], [15, [15, 10]], [10, []], [13, []], [14, [14]]]], [[[2, [9, 1]]], [[4, [4]]], [[7, [7]]], [[8, [8]]], [[15, [15, 10]]], [[14, [14]]], [[3, [3]]]]], [[[[0, [2, 12, 9, 4, 13, 7, 1]], [12, []], [13, []], [7, []], [2, []], [9, []], [4, []], [1, []], [3, [3]]], [[0, [5, 11, 6]], [6, []], [11, []], [5, []], [15, [15, 8, 10, 14]], [14, []], [8, []], [10, []]]], [[[15, [15, 14]]], [[15, [8, 10]]], [[3, [3]]]]], [[[[0, [11, 1, 5, 2]], [5, []], [2, []], [11, []], [1, [4, 6]], [4, []], [6, []], [15, [15, 10]], [10, []], [14, [14]]], [[0, [12]], [12, []], [13, [13, 9]], [9, []], [7, [7]], [8, [8]], [3, [3]]]], [[[13, [13, 9]]], [[1, [4, 6]]], [[7, [7]]], [[8, [8]]], [[15, [15, 10]]], [[14, [14]]], [[3, [3]]]]]], "Numrun": 5, "all_fitness": [271.05546246931334, 270.3290778116323, 270.3100592298367, 270.3100592298367, 270.3100592298367]}
